{"location":{"lat":52.37,"lon":4.89},"timeOffset":2.0,"timestamp":"2020-07-16T15:39:38","altitude":0,"elevation":0,"machinename":"None","elapsedms":0,"pollenindexNowDay":5,"pollenindexNowHour":4,"nowrelevant":{"values":[{"type":"pollenindex","value":5},{"type":"maxtemperature","value":19.7}]},"days":[{"date":"2020-07-16T00:00:00","sunrise":"2020-07-16T05:38:28","sunset":"2020-07-16T21:53:58","evening":{"datetime":"2020-07-16T18:00:00","datetimeutc":"2020-07-16T16:00:00","timetype":"Evening","precipitationmm":0.0,"mintemperature":16.8,"maxtemperature":19.7,"cloudcover":93,"iconcode":"c","iconid":20,"sources":1,"winddirection":"NW","winddirectiondegrees":321,"windspeedms":3.6,"visibility":8485,"precipitation":0,"beaufort":2,"humidity":78,"sunshine":3,"hour":18,"mintemp":16.8,"maxtemp":19.7,"windspeed":13,"sunshinepower":130,"sunpower":130},"hours":[{"datetime":"2020-07-16T18:00:00","datetimeutc":"2020-07-16T16:00:00","timetype":"Hour","precipitationmm":0.0,"temperature":19.7,"feeltemperature":19.7,"cloudcover":100,"iconcode":"c","iconid":20,"sources":3,"winddirection":"NW","winddirectiondegrees":322,"windspeedms":4.6,"visibility":11010,"precipitation":0,"beaufort":3,"humidity":74,"sunshine":0,"hour":18,"pollenindex":4,"windspeed":17,"sunshinepower":343,"sunpower":343},{"datetime":"2020-07-16T19:00:00","datetimeutc":"2020-07-16T17:00:00","timetype":"Hour","precipitationmm":0.0,"temperature":19.3,"feeltemperature":19.3,"cloudcover":92,"iconcode":"c","iconid":20,"sources":3,"winddirection":"NW","winddirectiondegrees":320,"windspeedms":4.4,"visibility":10610,"precipitation":0,"beaufort":3,"humidity":75,"sunshine":0,"hour":19,"pollenindex":4,"windspeed":16,"sunshinepower":255,"sunpower":255},{"datetime":"2020-07-16T20:00:00","datetimeutc":"2020-07-16T18:00:00","timetype":"Hour","precipitationmm":0.0,"temperature":18.8,"feeltemperature":18.8,"cloudcover":80,"iconcode":"r","iconid":20,"sources":2,"winddirection":"NW","winddirectiondegrees":318,"windspeedms":4.1,"visibility":10410,"precipitation":0,"beaufort":3,"humidity":76,"sunshine":1,"hour":20,"pollenindex":4,"windspeed":15,"sunshinepower":137,"sunpower":137},{"datetime":"2020-07-16T21:00:00","datetimeutc":"2020-07-16T19:00:00","timetype":"Hour","precipitationmm":0.0,"temperature":18.0,"feeltemperature":18.0,"cloudcover":90,"iconcode":"c","iconid":20,"sources":2,"winddirection":"NW","winddirectiondegrees":322,"windspeedms":3.5,"visibility":9610,"precipitation":0,"beaufort":2,"humidity":79,"sunshine":15,"hour":21,"pollenindex":3,"windspeed":13,"sunshinepower":45,"sunpower":45},{"datetime":"2020-07-16T22:00:00","datetimeutc":"2020-07-16T20:00:00","timetype":"Hour","precipitationmm":0.0,"temperature":17.3,"feeltemperature":17.3,"cloudcover":98,"iconcode":"cc","iconid":20,"sources":2,"winddirection":"NW","winddirectiondegrees":323,"windspeedms":2.6,"visibility":9020,"precipitation":0,"beaufort":2,"humidity":82,"sunshine":5,"hour":22,"pollenindex":3,"windspeed":9,"sunshinepower":0,"sunpower":0},{"datetime":"2020-07-16T23:00:00","datetimeutc":"2020-07-16T21:00:00","timetype":"Hour","precipitationmm":0.0,"temperature":16.8,"feeltemperature":16.8,"cloudcover":100,"iconcode":"dd","iconid":17,"sources":2,"winddirection":"NW","winddirectiondegrees":327,"windspeedms":2.1,"visibility":250,"precipitation":0,"beaufort":2,"humidity":84,"sunshine":0,"hour":23,"pollenindex":3,"windspeed":8,"sunshinepower":0,"sunpower":0}],"datetime":"2020-07-16T00:00:00","datetimeutc":"2020-07-15T22:00:00","timetype":"Day","precipitationmm":1.5,"mintemperature":16.8,"maxtemperature":19.7,"cloudcover":93,"iconcode":"m","iconid":16,"sources":2,"winddirection":"NW","winddirectiondegrees":315,"windspeedms":3.6,"visibility":8485,"precipitation":0,"beaufort":2,"humidity":78,"sunshine":3,"uvindex":4,"bbqindex":7,"mosquitoindex":7,"pollenindex":5,"mintemp":16.8,"maxtemp":19.7,"windspeed":4,"sunshinepower":130,"sunpower":130},{"date":"2020-07-17T00:00:00","sunrise":"2020-07-17T05:39:45","sunset":"2020-07-17T21:52:49","morning":{"datetime":"2020-07-17T07:00:00","datetimeutc":"2020-07-17T05:00:00","timetype":"Morning","precipitationmm":0.0,"mintemperature":16.0,"maxtemperature":18.7,"cloudcover":98,"iconcode":"d","iconid":17,"sources":1,"winddirection":"Z","winddirectiondegrees":202,"windspeedms":1.3,"visibility":6332,"precipitation":0,"beaufort":1,"humidity":82,"sunshine":0,"hour":7,"mintemp":16.0,"maxtemp":18.7,"windspeed":5,"sunshinepower":223,"sunpower":223},"afternoon":{"datetime":"2020-07-17T12:00:00","datetimeutc":"2020-07-17T10:00:00","timetype":"Afternoon","precipitationmm":0.0,"mintemperature":19.5,"maxtemperature":22.0,"cloudcover":82,"iconcode":"r","iconid":22,"sources":1,"winddirection":"ZW","winddirectiondegrees":243,"windspeedms":2.1,"visibility":16810,"precipitation":0,"beaufort":2,"humidity":68,"sunshine":10,"hour":12,"mintemp":19.5,"maxtemp":22.0,"windspeed":8,"sunshinepower":452,"sunpower":452},"evening":{"datetime":"2020-07-17T18:00:00","datetimeutc":"2020-07-17T16:00:00","timetype":"Evening","precipitationmm":0.0,"mintemperature":18.4,"maxtemperature":22.0,"cloudcover":92,"iconcode":"c","iconid":19,"sources":1,"winddirection":"N","winddirectiondegrees":13,"windspeedms":1.4,"visibility":17325,"precipitation":0,"beaufort":1,"humidity":71,"sunshine":1,"hour":18,"mintemp":18.4,"maxtemp":22.0,"windspeed":5,"sunshinepower":126,"sunpower":126},"night":{"datetime":"2020-07-17T00:00:00","datetimeutc":"2020-07-16T22:00:00","timetype":"Night","precipitationmm":0.0,"mintemperature":15.0,"maxtemperature":16.4,"cloudcover":95,"iconcode":"d","iconid":17,"sources":1,"winddirection":"NW","winddirectiondegrees":303,"windspeedms":1.2,"visibility":244,"precipitation":0,"beaufort":1,"humidity":89,"sunshine":0,"hour":0,"mintemp":15.0,"maxtemp":16.4,"windspeed":4,"sunshinepower":1,"sunpower":1},"hours":[{"datetime":"2020-07-17T00:00:00","datetimeutc":"2020-07-16T22:00:00","timetype":"Hour","precipitationmm":0.0,"temperature":16.4,"feeltemperature":16.4,"cloudcover":99,"iconcode":"dd","iconid":17,"sources":2,"winddirection":"NW","winddirectiondegrees":335,"windspeedms":1.7,"visibility":250,"precipitation":0,"beaufort":1,"humidity":85,"sunshine":0,"hour":0,"pollenindex":3,"windspeed":6,"sunshinepower":0,"sunpower":0},{"datetime":"2020-07-17T01:00:00","datetimeutc":"2020-07-16T23:00:00","timetype":"Hour","precipitationmm":0.0,"temperature":16.1,"feeltemperature":16.1,"cloudcover":94,"iconcode":"dd","iconid":16,"sources":2,"winddirection":"NW","winddirectiondegrees":332,"windspeedms":1.4,"visibility":250,"precipitation":0,"beaufort":1,"humidity":86,"sunshine":0,"hour":1,"pollenindex":3,"windspeed":5,"sunshinepower":0,"sunpower":0},{"datetime":"2020-07-17T02:00:00","datetimeutc":"2020-07-17T00:00:00","timetype":"Hour","precipitationmm":0.0,"temperature":15.8,"feeltemperature":15.8,"cloudcover":90,"iconcode":"dd","iconid":16,"sources":2,"winddirection":"NW","winddirectiondegrees":319,"windspeedms":1.1,"visibility":250,"precipitation":0,"beaufort":1,"humidity":88,"sunshine":0,"hour":2,"pollenindex":3,"windspeed":4,"sunshinepower":0,"sunpower":0},{"datetime":"2020-07-17T03:00:00","datetimeutc":"2020-07-17T01:00:00","timetype":"Hour","precipitationmm":0.0,"temperature":15.4,"feeltemperature":15.4,"cloudcover":92,"iconcode":"dd","iconid":16,"sources":2,"winddirection":"NW","winddirectiondegrees":297,"windspeedms":1.1,"visibility":250,"precipitation":0,"beaufort":1,"humidity":90,"sunshine":0,"hour":3,"pollenindex":3,"windspeed":4,"sunshinepower":0,"sunpower":0},{"datetime":"2020-07-17T04:00:00","datetimeutc":"2020-07-17T02:00:00","timetype":"Hour","precipitationmm":0.0,"temperature":15.1,"feeltemperature":15.1,"cloudcover":97,"iconcode":"dd","iconid":16,"sources":2,"winddirection":"W","winddirectiondegrees":290,"windspeedms":1.1,"visibility":250,"precipitation":0,"beaufort":1,"humidity":91,"sunshine":0,"hour":4,"pollenindex":3,"windspeed":4,"sunshinepower":0,"sunpower":0},{"datetime":"2020-07-17T05:00:00","datetimeutc":"2020-07-17T03:00:00","timetype":"Hour","precipitationmm":0.0,"temperature":15.0,"feeltemperature":15.0,"cloudcover":99,"iconcode":"dd","iconid":17,"sources":2,"winddirection":"W","winddirectiondegrees":280,"windspeedms":1.0,"visibility":240,"precipitation":0,"beaufort":1,"humidity":92,"sunshine":0,"hour":5,"pollenindex":3,"windspeed":4,"sunshinepower":0,"sunpower":0},{"datetime":"2020-07-17T06:00:00","datetimeutc":"2020-07-17T04:00:00","timetype":"Hour","precipitationmm":0.0,"temperature":15.3,"feeltemperature":15.3,"cloudcover":100,"iconcode":"d","iconid":17,"sources":2,"winddirection":"W","winddirectiondegrees":270,"windspeedms":0.8,"visibility":220,"precipitation":0,"beaufort":0,"humidity":91,"sunshine":0,"hour":6,"pollenindex":3,"windspeed":3,"sunshinepower":9,"sunpower":9},{"datetime":"2020-07-17T07:00:00","datetimeutc":"2020-07-17T05:00:00","timetype":"Hour","precipitationmm":0.0,"temperature":16.0,"feeltemperature":16.0,"cloudcover":100,"iconcode":"d","iconid":17,"sources":2,"winddirection":"ZW","winddirectiondegrees":225,"windspeedms":0.8,"visibility":20,"precipitation":0,"beaufort":0,"humidity":88,"sunshine":0,"hour":7,"pollenindex":3,"windspeed":3,"sunshinepower":62,"sunpower":62},{"datetime":"2020-07-17T08:00:00","datetimeutc":"2020-07-17T06:00:00","timetype":"Hour","precipitationmm":0.0,"temperature":16.7,"feeltemperature":16.7,"cloudcover":100,"iconcode":"d","iconid":16,"sources":2,"winddirection":"Z","winddirectiondegrees":198,"windspeedms":0.9,"visibility":410,"precipitation":0,"beaufort":0,"humidity":85,"sunshine":0,"hour":8,"pollenindex":3,"windspeed":3,"sunshinepower":144,"sunpower":144},{"datetime":"2020-07-17T09:00:00","datetimeutc":"2020-07-17T07:00:00","timetype":"Hour","precipitationmm":0.0,"temperature":17.4,"feeltemperature":17.4,"cloudcover":100,"iconcode":"c","iconid":22,"sources":2,"winddirection":"Z","winddirectiondegrees":190,"windspeedms":1.2,"visibility":9010,"precipitation":0,"beaufort":1,"humidity":82,"sunshine":0,"hour":9,"pollenindex":3,"windspeed":4,"sunshinepower":230,"sunpower":230},{"datetime":"2020-07-17T10:00:00","datetimeutc":"2020-07-17T08:00:00","timetype":"Hour","precipitationmm":0.0,"temperature":18.0,"feeltemperature":18.0,"cloudcover":97,"iconcode":"c","iconid":22,"sources":2,"winddirection":"Z","winddirectiondegrees":194,"windspeedms":1.6,"visibility":10410,"precipitation":0,"beaufort":1,"humidity":79,"sunshine":0,"hour":10,"pollenindex":3,"windspeed":6,"sunshinepower":306,"sunpower":306},{"datetime":"2020-07-17T11:00:00","datetimeutc":"2020-07-17T09:00:00","timetype":"Hour","precipitationmm":0.0,"temperature":18.7,"feeltemperature":18.7,"cloudcover":97,"iconcode":"c","iconid":22,"sources":2,"winddirection":"ZW","winddirectiondegrees":205,"windspeedms":1.8,"visibility":11810,"precipitation":0,"beaufort":1,"humidity":76,"sunshine":0,"hour":11,"pollenindex":4,"windspeed":6,"sunshinepower":375,"sunpower":375},{"datetime":"2020-07-17T12:00:00","datetimeutc":"2020-07-17T10:00:00","timetype":"Hour","precipitationmm":0.0,"temperature":19.5,"feeltemperature":19.5,"cloudcover":92,"iconcode":"c","iconid":22,"sources":2,"winddirection":"ZW","winddirectiondegrees":214,"windspeedms":2.0,"visibility":13810,"precipitation":0,"beaufort":2,"humidity":73,"sunshine":0,"hour":12,"pollenindex":4,"windspeed":7,"sunshinepower":428,"sunpower":428},{"datetime":"2020-07-17T13:00:00","datetimeutc":"2020-07-17T11:00:00","timetype":"Hour","precipitationmm":0.0,"temperature":20.2,"feeltemperature":20.2,"cloudcover":81,"iconcode":"r","iconid":19,"sources":2,"winddirection":"ZW","winddirectiondegrees":225,"windspeedms":2.0,"visibility":15410,"precipitation":0,"beaufort":2,"humidity":70,"sunshine":1,"hour":13,"pollenindex":4,"windspeed":7,"sunshinepower":458,"sunpower":458},{"datetime":"2020-07-17T14:00:00","datetimeutc":"2020-07-17T12:00:00","timetype":"Hour","precipitationmm":0.0,"temperature":20.9,"feeltemperature":20.9,"cloudcover":77,"iconcode":"r","iconid":19,"sources":2,"winddirection":"ZW","winddirectiondegrees":233,"windspeedms":1.8,"visibility":17010,"precipitation":0,"beaufort":1,"humidity":68,"sunshine":13,"hour":14,"pollenindex":4,"windspeed":6,"sunshinepower":474,"sunpower":474},{"datetime":"2020-07-17T15:00:00","datetimeutc":"2020-07-17T13:00:00","timetype":"Hour","precipitationmm":0.0,"temperature":21.4,"feeltemperature":21.4,"cloudcover":76,"iconcode":"r","iconid":7,"sources":2,"winddirection":"ZW","winddirectiondegrees":243,"windspeedms":2.1,"visibility":18010,"precipitation":0,"beaufort":2,"humidity":67,"sunshine":18,"hour":15,"pollenindex":4,"windspeed":8,"sunshinepower":477,"sunpower":477},{"datetime":"2020-07-17T16:00:00","datetimeutc":"2020-07-17T14:00:00","timetype":"Hour","precipitationmm":0.0,"temperature":21.9,"feeltemperature":21.9,"cloudcover":80,"iconcode":"r","iconid":19,"sources":2,"winddirection":"W","winddirectiondegrees":266,"windspeedms":2.3,"visibility":18210,"precipitation":0,"beaufort":2,"humidity":66,"sunshine":18,"hour":16,"pollenindex":4,"windspeed":8,"sunshinepower":462,"sunpower":462},{"datetime":"2020-07-17T17:00:00","datetimeutc":"2020-07-17T15:00:00","timetype":"Hour","precipitationmm":0.0,"temperature":22.0,"feeltemperature":24.4,"cloudcover":87,"iconcode":"r","iconid":19,"sources":2,"winddirection":"W","winddirectiondegrees":284,"windspeedms":2.4,"visibility":18410,"precipitation":0,"beaufort":2,"humidity":65,"sunshine":15,"hour":17,"pollenindex":4,"windspeed":9,"sunshinepower":413,"sunpower":413},{"datetime":"2020-07-17T18:00:00","datetimeutc":"2020-07-17T16:00:00","timetype":"Hour","precipitationmm":0.0,"temperature":22.0,"feeltemperature":24.3,"cloudcover":97,"iconcode":"c","iconid":19,"sources":2,"winddirection":"NW","winddirectiondegrees":301,"windspeedms":2.3,"visibility":18810,"precipitation":0,"beaufort":2,"humidity":66,"sunshine":6,"hour":18,"pollenindex":4,"windspeed":8,"sunshinepower":331,"sunpower":331},{"datetime":"2020-07-17T19:00:00","datetimeutc":"2020-07-17T17:00:00","timetype":"Hour","precipitationmm":0.0,"temperature":21.7,"feeltemperature":21.7,"cloudcover":100,"iconcode":"c","iconid":19,"sources":2,"winddirection":"NW","winddirectiondegrees":311,"windspeedms":1.8,"visibility":18810,"precipitation":0,"beaufort":1,"humidity":67,"sunshine":0,"hour":19,"pollenindex":4,"windspeed":6,"sunshinepower":238,"sunpower":238},{"datetime":"2020-07-17T20:00:00","datetimeutc":"2020-07-17T18:00:00","timetype":"Hour","precipitationmm":0.0,"temperature":21.2,"feeltemperature":21.2,"cloudcover":100,"iconcode":"c","iconid":19,"sources":2,"winddirection":"N","winddirectiondegrees":338,"windspeedms":1.3,"visibility":18610,"precipitation":0,"beaufort":1,"humidity":69,"sunshine":0,"hour":20,"pollenindex":4,"windspeed":5,"sunshinepower":140,"sunpower":140},{"datetime":"2020-07-17T21:00:00","datetimeutc":"2020-07-17T19:00:00","timetype":"Hour","precipitationmm":0.0,"temperature":20.3,"feeltemperature":20.3,"cloudcover":99,"iconcode":"c","iconid":19,"sources":2,"winddirection":"NO","winddirectiondegrees":51,"windspeedms":1.1,"visibility":18220,"precipitation":0,"beaufort":1,"humidity":72,"sunshine":0,"hour":21,"pollenindex":4,"windspeed":4,"sunshinepower":49,"sunpower":49},{"datetime":"2020-07-17T22:00:00","datetimeutc":"2020-07-17T20:00:00","timetype":"Hour","precipitationmm":0.0,"temperature":19.3,"feeltemperature":19.3,"cloudcover":87,"iconcode":"rr","iconid":19,"sources":2,"winddirection":"O","winddirectiondegrees":72,"windspeedms":1.0,"visibility":16440,"precipitation":0,"beaufort":1,"humidity":77,"sunshine":0,"hour":22,"pollenindex":4,"windspeed":4,"sunshinepower":0,"sunpower":0},{"datetime":"2020-07-17T23:00:00","datetimeutc":"2020-07-17T21:00:00","timetype":"Hour","precipitationmm":0.0,"temperature":18.4,"feeltemperature":18.4,"cloudcover":73,"iconcode":"rr","iconid":19,"sources":2,"winddirection":"ZO","winddirectiondegrees":119,"windspeedms":0.7,"visibility":13060,"precipitation":0,"beaufort":0,"humidity":80,"sunshine":0,"hour":23,"pollenindex":3,"windspeed":3,"sunshinepower":0,"sunpower":0}],"datetime":"2020-07-17T00:00:00","datetimeutc":"2020-07-16T22:00:00","timetype":"Day","precipitationmm":0.0,"mintemperature":15.0,"maxtemperature":22.0,"cloudcover":92,"iconcode":"c","iconid":4,"sources":2,"winddirection":"ZW","winddirectiondegrees":225,"windspeedms":1.5,"visibility":9924,"precipitation":0,"beaufort":1,"humidity":78,"sunshine":2,"uvindex":5,"bbqindex":8,"mosquitoindex":8,"pollenindex":5,"icescrapeindex":1,"mintemp":15.0,"maxtemp":22.0,"windspeed":2,"sunshinepower":191,"sunpower":191},{"date":"2020-07-18T00:00:00","sunrise":"2020-07-18T05:41:04","sunset":"2020-07-18T21:51:38","morning":{"datetime":"2020-07-18T07:00:00","datetimeutc":"2020-07-18T05:00:00","timetype":"Morning","precipitationmm":0.0,"mintemperature":17.5,"maxtemperature":23.1,"cloudcover":88,"iconcode":"r","iconid":19,"sources":1,"winddirection":"Z","winddirectiondegrees":197,"windspeedms":3.4,"visibility":14896,"precipitation":0,"beaufort":2,"humidity":75,"sunshine":6,"hour":7,"mintemp":17.5,"maxtemp":23.1,"windspeed":12,"sunshinepower":301,"sunpower":301},"afternoon":{"datetime":"2020-07-18T14:00:00","datetimeutc":"2020-07-18T12:00:00","timetype":"Afternoon","precipitationmm":0.0,"mintemperature":23.9,"maxtemperature":25.1,"cloudcover":79,"iconcode":"r","iconid":20,"sources":1,"winddirection":"W","winddirectiondegrees":257,"windspeedms":4.3,"visibility":21715,"precipitation":0,"beaufort":3,"humidity":57,"sunshine":8,"hour":14,"mintemp":23.9,"maxtemp":25.1,"windspeed":15,"sunshinepower":554,"sunpower":554},"evening":{"datetime":"2020-07-18T18:00:00","datetimeutc":"2020-07-18T16:00:00","timetype":"Evening","precipitationmm":0.0,"mintemperature":19.6,"maxtemperature":23.4,"cloudcover":36,"iconcode":"j","iconid":9,"sources":1,"winddirection":"NW","winddirectiondegrees":296,"windspeedms":2.2,"visibility":22121,"precipitation":0,"beaufort":2,"humidity":66,"sunshine":50,"hour":18,"mintemp":19.6,"maxtemp":23.4,"windspeed":8,"sunshinepower":144,"sunpower":144},"night":{"datetime":"2020-07-18T00:00:00","datetimeutc":"2020-07-17T22:00:00","timetype":"Night","precipitationmm":0.0,"mintemperature":15.9,"maxtemperature":17.9,"cloudcover":80,"iconcode":"r","iconid":19,"sources":1,"winddirection":"Z","winddirectiondegrees":170,"windspeedms":1.7,"visibility":10762,"precipitation":0,"beaufort":1,"humidity":89,"sunshine":0,"hour":0,"mintemp":15.9,"maxtemp":17.9,"windspeed":6,"sunshinepower":1,"sunpower":1},"hours":[{"datetime":"2020-07-18T00:00:00","datetimeutc":"2020-07-17T22:00:00","timetype":"Hour","precipitationmm":0.0,"temperature":17.9,"feeltemperature":17.9,"cloudcover":70,"iconcode":"rr","iconid":19,"sources":2,"winddirection":"ZO","winddirectiondegrees":153,"windspeedms":1.0,"visibility":11450,"precipitation":0,"beaufort":1,"humidity":83,"sunshine":0,"hour":0,"pollenindex":3,"windspeed":4,"sunshinepower":0,"sunpower":0},{"datetime":"2020-07-18T01:00:00","datetimeutc":"2020-07-17T23:00:00","timetype":"Hour","precipitationmm":0.0,"temperature":17.4,"feeltemperature":17.4,"cloudcover":71,"iconcode":"rr","iconid":19,"sources":2,"winddirection":"Z","winddirectiondegrees":167,"windspeedms":1.4,"visibility":11060,"precipitation":0,"beaufort":1,"humidity":85,"sunshine":0,"hour":1,"pollenindex":3,"windspeed":5,"sunshinepower":0,"sunpower":0},{"datetime":"2020-07-18T02:00:00","datetimeutc":"2020-07-18T00:00:00","timetype":"Hour","precipitationmm":0.0,"temperature":16.9,"feeltemperature":16.9,"cloudcover":74,"iconcode":"rr","iconid":19,"sources":2,"winddirection":"Z","winddirectiondegrees":168,"windspeedms":1.6,"visibility":11260,"precipitation":0,"beaufort":1,"humidity":88,"sunshine":0,"hour":2,"pollenindex":3,"windspeed":6,"sunshinepower":0,"sunpower":0},{"datetime":"2020-07-18T03:00:00","datetimeutc":"2020-07-18T01:00:00","timetype":"Hour","precipitationmm":0.0,"temperature":16.4,"feeltemperature":16.4,"cloudcover":80,"iconcode":"rr","iconid":19,"sources":2,"winddirection":"Z","winddirectiondegrees":173,"windspeedms":1.9,"visibility":10860,"precipitation":0,"beaufort":1,"humidity":91,"sunshine":0,"hour":3,"pollenindex":3,"windspeed":7,"sunshinepower":0,"sunpower":0},{"datetime":"2020-07-18T04:00:00","datetimeutc":"2020-07-18T02:00:00","timetype":"Hour","precipitationmm":0.0,"temperature":16.1,"feeltemperature":16.1,"cloudcover":87,"iconcode":"rr","iconid":19,"sources":2,"winddirection":"Z","winddirectiondegrees":178,"windspeedms":1.9,"visibility":10460,"precipitation":0,"beaufort":1,"humidity":93,"sunshine":0,"hour":4,"pollenindex":3,"windspeed":7,"sunshinepower":0,"sunpower":0},{"datetime":"2020-07-18T05:00:00","datetimeutc":"2020-07-18T03:00:00","timetype":"Hour","precipitationmm":0.0,"temperature":15.9,"feeltemperature":15.9,"cloudcover":90,"iconcode":"cc","iconid":19,"sources":2,"winddirection":"Z","winddirectiondegrees":180,"windspeedms":2.0,"visibility":10230,"precipitation":0,"beaufort":2,"humidity":95,"sunshine":0,"hour":5,"pollenindex":2,"windspeed":7,"sunshinepower":0,"sunpower":0},{"datetime":"2020-07-18T06:00:00","datetimeutc":"2020-07-18T04:00:00","timetype":"Hour","precipitationmm":0.0,"temperature":16.3,"feeltemperature":16.3,"cloudcover":89,"iconcode":"r","iconid":19,"sources":2,"winddirection":"Z","winddirectiondegrees":176,"windspeedms":2.2,"visibility":10020,"precipitation":0,"beaufort":2,"humidity":93,"sunshine":1,"hour":6,"pollenindex":2,"windspeed":8,"sunshinepower":12,"sunpower":12},{"datetime":"2020-07-18T07:00:00","datetimeutc":"2020-07-18T05:00:00","timetype":"Hour","precipitationmm":0.0,"temperature":17.5,"feeltemperature":17.5,"cloudcover":86,"iconcode":"r","iconid":19,"sources":2,"winddirection":"Z","winddirectiondegrees":180,"windspeedms":2.4,"visibility":10810,"precipitation":0,"beaufort":2,"humidity":88,"sunshine":5,"hour":7,"pollenindex":3,"windspeed":9,"sunshinepower":82,"sunpower":82},{"datetime":"2020-07-18T08:00:00","datetimeutc":"2020-07-18T06:00:00","timetype":"Hour","precipitationmm":0.0,"temperature":19.0,"feeltemperature":19.0,"cloudcover":83,"iconcode":"r","iconid":19,"sources":2,"winddirection":"Z","winddirectiondegrees":189,"windspeedms":3.0,"visibility":12820,"precipitation":0,"beaufort":2,"humidity":81,"sunshine":8,"hour":8,"pollenindex":3,"windspeed":11,"sunshinepower":193,"sunpower":193},{"datetime":"2020-07-18T09:00:00","datetimeutc":"2020-07-18T07:00:00","timetype":"Hour","precipitationmm":0.0,"temperature":20.5,"feeltemperature":20.5,"cloudcover":87,"iconcode":"r","iconid":19,"sources":2,"winddirection":"Z","winddirectiondegrees":195,"windspeedms":3.4,"visibility":14420,"precipitation":0,"beaufort":2,"humidity":75,"sunshine":11,"hour":9,"pollenindex":4,"windspeed":12,"sunshinepower":312,"sunpower":312},{"datetime":"2020-07-18T10:00:00","datetimeutc":"2020-07-18T08:00:00","timetype":"Hour","precipitationmm":0.0,"temperature":21.8,"feeltemperature":21.8,"cloudcover":93,"iconcode":"c","iconid":19,"sources":2,"winddirection":"ZW","winddirectiondegrees":205,"windspeedms":3.9,"visibility":17410,"precipitation":0,"beaufort":2,"humidity":69,"sunshine":8,"hour":10,"pollenindex":4,"windspeed":14,"sunshinepower":417,"sunpower":417},{"datetime":"2020-07-18T11:00:00","datetimeutc":"2020-07-18T09:00:00","timetype":"Hour","precipitationmm":0.0,"temperature":23.1,"feeltemperature":24.9,"cloudcover":95,"iconcode":"c","iconid":19,"sources":2,"winddirection":"ZW","winddirectiondegrees":218,"windspeedms":4.2,"visibility":19020,"precipitation":0,"beaufort":3,"humidity":64,"sunshine":0,"hour":11,"pollenindex":4,"windspeed":15,"sunshinepower":504,"sunpower":504},{"datetime":"2020-07-18T12:00:00","datetimeutc":"2020-07-18T10:00:00","timetype":"Hour","precipitationmm":0.0,"temperature":24.1,"feeltemperature":25.6,"cloudcover":88,"iconcode":"r","iconid":20,"sources":2,"winddirection":"ZW","winddirectiondegrees":233,"windspeedms":4.4,"visibility":22220,"precipitation":0,"beaufort":3,"humidity":60,"sunshine":0,"hour":12,"pollenindex":4,"windspeed":16,"sunshinepower":577,"sunpower":577},{"datetime":"2020-07-18T13:00:00","datetimeutc":"2020-07-18T11:00:00","timetype":"Hour","precipitationmm":0.0,"temperature":24.8,"feeltemperature":26.1,"cloudcover":77,"iconcode":"r","iconid":20,"sources":2,"winddirection":"ZW","winddirectiondegrees":239,"windspeedms":4.5,"visibility":23220,"precipitation":0,"beaufort":3,"humidity":57,"sunshine":6,"hour":13,"pollenindex":5,"windspeed":16,"sunshinepower":621,"sunpower":621},{"datetime":"2020-07-18T14:00:00","datetimeutc":"2020-07-18T12:00:00","timetype":"Hour","precipitationmm":0.0,"temperature":25.1,"feeltemperature":26.3,"cloudcover":67,"iconcode":"b","iconid":20,"sources":1,"winddirection":"ZW","winddirectiondegrees":247,"windspeedms":4.35,"visibility":23410,"precipitation":0,"beaufort":3,"humidity":55,"sunshine":18,"hour":14,"pollenindex":5,"windspeed":16,"sunshinepower":619,"sunpower":619},{"datetime":"2020-07-18T15:00:00","datetimeutc":"2020-07-18T13:00:00","timetype":"Hour","precipitationmm":0.0,"temperature":24.8,"feeltemperature":26.1,"cloudcover":100,"iconcode":"c","iconid":22,"sources":1,"winddirection":"W","winddirectiondegrees":274,"windspeedms":4.33,"visibility":19810,"precipitation":0,"beaufort":3,"humidity":56,"sunshine":28,"hour":15,"pollenindex":5,"windspeed":16,"sunshinepower":572,"sunpower":572},{"datetime":"2020-07-18T16:00:00","datetimeutc":"2020-07-18T14:00:00","timetype":"Hour","precipitationmm":0.0,"temperature":24.4,"feeltemperature":25.9,"cloudcover":95,"iconcode":"c","iconid":19,"sources":1,"winddirection":"W","winddirectiondegrees":275,"windspeedms":4.32,"visibility":20410,"precipitation":0,"beaufort":3,"humidity":57,"sunshine":0,"hour":16,"pollenindex":5,"windspeed":16,"sunshinepower":502,"sunpower":502},{"datetime":"2020-07-18T17:00:00","datetimeutc":"2020-07-18T15:00:00","timetype":"Hour","precipitationmm":0.0,"temperature":23.9,"feeltemperature":25.5,"cloudcover":52,"iconcode":"b","iconid":21,"sources":1,"winddirection":"W","winddirectiondegrees":277,"windspeedms":3.93,"visibility":21220,"precipitation":0,"beaufort":2,"humidity":58,"sunshine":0,"hour":17,"pollenindex":5,"windspeed":14,"sunshinepower":438,"sunpower":438},{"datetime":"2020-07-18T18:00:00","datetimeutc":"2020-07-18T16:00:00","timetype":"Hour","precipitationmm":0.0,"temperature":23.4,"feeltemperature":25.3,"cloudcover":34,"iconcode":"j","iconid":9,"sources":1,"winddirection":"W","winddirectiondegrees":281,"windspeedms":3.42,"visibility":22020,"precipitation":0,"beaufort":2,"humidity":59,"sunshine":45,"hour":18,"pollenindex":5,"windspeed":12,"sunshinepower":369,"sunpower":369},{"datetime":"2020-07-18T19:00:00","datetimeutc":"2020-07-18T17:00:00","timetype":"Hour","precipitationmm":0.0,"temperature":22.8,"feeltemperature":24.9,"cloudcover":30,"iconcode":"j","iconid":8,"sources":1,"winddirection":"W","winddirectiondegrees":285,"windspeedms":2.89,"visibility":22810,"precipitation":0,"beaufort":2,"humidity":62,"sunshine":63,"hour":19,"pollenindex":4,"windspeed":10,"sunshinepower":277,"sunpower":277},{"datetime":"2020-07-18T20:00:00","datetimeutc":"2020-07-18T18:00:00","timetype":"Hour","precipitationmm":0.0,"temperature":22.0,"feeltemperature":24.5,"cloudcover":30,"iconcode":"j","iconid":5,"sources":1,"winddirection":"W","winddirectiondegrees":288,"windspeedms":2.48,"visibility":23810,"precipitation":0,"beaufort":2,"humidity":64,"sunshine":68,"hour":20,"pollenindex":4,"windspeed":9,"sunshinepower":164,"sunpower":164},{"datetime":"2020-07-18T21:00:00","datetimeutc":"2020-07-18T19:00:00","timetype":"Hour","precipitationmm":0.0,"temperature":21.1,"feeltemperature":21.1,"cloudcover":30,"iconcode":"j","iconid":5,"sources":1,"winddirection":"NW","winddirectiondegrees":298,"windspeedms":1.92,"visibility":23410,"precipitation":0,"beaufort":1,"humidity":68,"sunshine":68,"hour":21,"pollenindex":4,"windspeed":7,"sunshinepower":55,"sunpower":55},{"datetime":"2020-07-18T22:00:00","datetimeutc":"2020-07-18T20:00:00","timetype":"Hour","precipitationmm":0.0,"temperature":20.3,"feeltemperature":20.3,"cloudcover":30,"iconcode":"jj","iconid":8,"sources":1,"winddirection":"NW","winddirectiondegrees":308,"windspeedms":1.5,"visibility":21430,"precipitation":0,"beaufort":1,"humidity":71,"sunshine":61,"hour":22,"pollenindex":4,"windspeed":5,"sunshinepower":0,"sunpower":0},{"datetime":"2020-07-18T23:00:00","datetimeutc":"2020-07-18T21:00:00","timetype":"Hour","precipitationmm":0.0,"temperature":19.6,"feeltemperature":19.6,"cloudcover":64,"iconcode":"bb","iconid":21,"sources":1,"winddirection":"NW","winddirectiondegrees":318,"windspeedms":1.18,"visibility":19250,"precipitation":0,"beaufort":1,"humidity":74,"sunshine":0,"hour":23,"pollenindex":4,"windspeed":4,"sunshinepower":0,"sunpower":0}],"datetime":"2020-07-18T00:00:00","datetimeutc":"2020-07-17T22:00:00","timetype":"Day","precipitationmm":0.0,"mintemperature":15.9,"maxtemperature":25.1,"cloudcover":70,"iconcode":"r","iconid":3,"sources":2,"winddirection":"Z","winddirectiondegrees":180,"windspeedms":2.8,"visibility":17201,"precipitation":0,"beaufort":2,"humidity":72,"sunshine":16,"uvindex":5,"bbqindex":9,"mosquitoindex":7,"pollenindex":5,"icescrapeindex":1,"mintemp":15.9,"maxtemp":25.1,"windspeed":3,"sunshinepower":238,"sunpower":238},{"date":"2020-07-19T00:00:00","sunrise":"2020-07-19T05:42:25","sunset":"2020-07-19T21:50:24","hours":[{"datetime":"2020-07-19T00:00:00","datetimeutc":"2020-07-18T22:00:00","timetype":"Hour","precipitationmm":0.0,"temperature":19.2,"feeltemperature":19.2,"cloudcover":73,"iconcode":"rr","iconid":22,"sources":1,"winddirection":"NW","winddirectiondegrees":330,"windspeedms":1.02,"visibility":18040,"precipitation":0,"beaufort":1,"humidity":76,"sunshine":0,"hour":0,"pollenindex":4,"windspeed":4,"sunshinepower":0,"sunpower":0},{"datetime":"2020-07-19T01:00:00","datetimeutc":"2020-07-18T23:00:00","timetype":"Hour","precipitationmm":0.0,"temperature":18.9,"feeltemperature":18.9,"cloudcover":81,"iconcode":"rr","iconid":22,"sources":1,"winddirection":"N","winddirectiondegrees":360,"windspeedms":0.93,"visibility":17650,"precipitation":0,"beaufort":0,"humidity":77,"sunshine":0,"hour":1,"pollenindex":4,"windspeed":3,"sunshinepower":0,"sunpower":0},{"datetime":"2020-07-19T02:00:00","datetimeutc":"2020-07-19T00:00:00","timetype":"Hour","precipitationmm":0.0,"temperature":18.6,"feeltemperature":18.6,"cloudcover":88,"iconcode":"rr","iconid":22,"sources":1,"winddirection":"ZW","winddirectiondegrees":225,"windspeedms":1.03,"visibility":16650,"precipitation":0,"beaufort":1,"humidity":79,"sunshine":0,"hour":2,"pollenindex":3,"windspeed":4,"sunshinepower":0,"sunpower":0},{"datetime":"2020-07-19T03:00:00","datetimeutc":"2020-07-19T01:00:00","timetype":"Hour","precipitationmm":0.0,"temperature":18.2,"feeltemperature":18.2,"cloudcover":90,"iconcode":"cc","iconid":22,"sources":1,"winddirection":"ZW","winddirectiondegrees":222,"windspeedms":1.55,"visibility":11630,"precipitation":0,"beaufort":1,"humidity":81,"sunshine":0,"hour":3,"pollenindex":3,"windspeed":6,"sunshinepower":0,"sunpower":0},{"datetime":"2020-07-19T04:00:00","datetimeutc":"2020-07-19T02:00:00","timetype":"Hour","precipitationmm":0.0,"temperature":17.8,"feeltemperature":17.8,"cloudcover":89,"iconcode":"rr","iconid":22,"sources":1,"winddirection":"ZW","winddirectiondegrees":219,"windspeedms":1.39,"visibility":11610,"precipitation":0,"beaufort":1,"humidity":84,"sunshine":0,"hour":4,"pollenindex":3,"windspeed":5,"sunshinepower":0,"sunpower":0},{"datetime":"2020-07-19T05:00:00","datetimeutc":"2020-07-19T03:00:00","timetype":"Hour","precipitationmm":0.0,"temperature":17.5,"feeltemperature":17.5,"cloudcover":89,"iconcode":"rr","iconid":22,"sources":1,"winddirection":"ZW","winddirectiondegrees":209,"windspeedms":1.62,"visibility":11210,"precipitation":0,"beaufort":1,"humidity":86,"sunshine":0,"hour":5,"pollenindex":3,"windspeed":6,"sunshinepower":0,"sunpower":0},{"datetime":"2020-07-19T06:00:00","datetimeutc":"2020-07-19T04:00:00","timetype":"Hour","precipitationmm":0.0,"temperature":17.7,"feeltemperature":17.7,"cloudcover":95,"iconcode":"c","iconid":22,"sources":1,"winddirection":"ZW","winddirectiondegrees":211,"windspeedms":2.0,"visibility":10210,"precipitation":0,"beaufort":2,"humidity":86,"sunshine":1,"hour":6,"pollenindex":3,"windspeed":7,"sunshinepower":11,"sunpower":11},{"datetime":"2020-07-19T07:00:00","datetimeutc":"2020-07-19T05:00:00","timetype":"Hour","precipitationmm":0.0,"temperature":18.3,"feeltemperature":18.3,"cloudcover":98,"iconcode":"c","iconid":22,"sources":1,"winddirection":"ZW","winddirectiondegrees":216,"windspeedms":2.36,"visibility":10210,"precipitation":0,"beaufort":2,"humidity":84,"sunshine":0,"hour":7,"pollenindex":3,"windspeed":8,"sunshinepower":68,"sunpower":68},{"datetime":"2020-07-19T08:00:00","datetimeutc":"2020-07-19T06:00:00","timetype":"Hour","precipitationmm":0.0,"temperature":19.1,"feeltemperature":19.1,"cloudcover":97,"iconcode":"c","iconid":21,"sources":1,"winddirection":"ZW","winddirectiondegrees":227,"windspeedms":3.0,"visibility":10410,"precipitation":0,"beaufort":2,"humidity":81,"sunshine":0,"hour":8,"pollenindex":3,"windspeed":11,"sunshinepower":157,"sunpower":157},{"datetime":"2020-07-19T09:00:00","datetimeutc":"2020-07-19T07:00:00","timetype":"Hour","precipitationmm":0.0,"temperature":20.0,"feeltemperature":20.0,"cloudcover":30,"iconcode":"j","iconid":21,"sources":1,"winddirection":"ZW","winddirectiondegrees":238,"windspeedms":3.59,"visibility":12000,"precipitation":0,"beaufort":2,"humidity":77,"sunshine":0,"hour":9,"pollenindex":4,"windspeed":13,"sunshinepower":250,"sunpower":250},{"datetime":"2020-07-19T10:00:00","datetimeutc":"2020-07-19T08:00:00","timetype":"Hour","precipitationmm":0.0,"temperature":20.8,"feeltemperature":20.8,"cloudcover":98,"iconcode":"c","iconid":22,"sources":1,"winddirection":"W","winddirectiondegrees":250,"windspeedms":4.1,"visibility":12000,"precipitation":0,"beaufort":3,"humidity":74,"sunshine":68,"hour":10,"pollenindex":4,"windspeed":15,"sunshinepower":318,"sunpower":318},{"datetime":"2020-07-19T11:00:00","datetimeutc":"2020-07-19T09:00:00","timetype":"Hour","precipitationmm":0.0,"temperature":21.5,"feeltemperature":21.5,"cloudcover":97,"iconcode":"c","iconid":19,"sources":1,"winddirection":"W","winddirectiondegrees":266,"windspeedms":4.36,"visibility":10800,"precipitation":1,"beaufort":3,"humidity":71,"sunshine":0,"hour":11,"pollenindex":4,"windspeed":16,"sunshinepower":369,"sunpower":369},{"datetime":"2020-07-19T12:00:00","datetimeutc":"2020-07-19T10:00:00","timetype":"Hour","precipitationmm":0.0,"temperature":21.9,"feeltemperature":21.9,"cloudcover":96,"iconcode":"c","iconid":22,"sources":1,"winddirection":"W","winddirectiondegrees":279,"windspeedms":4.6,"visibility":9000,"precipitation":0,"beaufort":3,"humidity":69,"sunshine":0,"hour":12,"pollenindex":4,"windspeed":17,"sunshinepower":411,"sunpower":411},{"datetime":"2020-07-19T13:00:00","datetimeutc":"2020-07-19T11:00:00","timetype":"Hour","precipitationmm":0.0,"temperature":22.2,"feeltemperature":24.3,"cloudcover":97,"iconcode":"c","iconid":22,"sources":1,"winddirection":"W","winddirectiondegrees":276,"windspeedms":4.58,"visibility":9000,"precipitation":0,"beaufort":3,"humidity":67,"sunshine":0,"hour":13,"pollenindex":4,"windspeed":16,"sunshinepower":433,"sunpower":433},{"datetime":"2020-07-19T14:00:00","datetimeutc":"2020-07-19T12:00:00","timetype":"Hour","precipitationmm":0.0,"temperature":22.5,"feeltemperature":24.5,"cloudcover":98,"iconcode":"c","iconid":22,"sources":1,"winddirection":"W","winddirectiondegrees":273,"windspeedms":4.67,"visibility":11000,"precipitation":0,"beaufort":3,"humidity":65,"sunshine":0,"hour":14,"pollenindex":4,"windspeed":17,"sunshinepower":455,"sunpower":455},{"datetime":"2020-07-19T15:00:00","datetimeutc":"2020-07-19T13:00:00","timetype":"Hour","precipitationmm":0.0,"temperature":22.2,"feeltemperature":24.3,"cloudcover":100,"iconcode":"c","iconid":22,"sources":1,"winddirection":"W","winddirectiondegrees":288,"windspeedms":4.75,"visibility":11000,"precipitation":1,"beaufort":3,"humidity":66,"sunshine":0,"hour":15,"pollenindex":4,"windspeed":17,"sunshinepower":472,"sunpower":472},{"datetime":"2020-07-19T16:00:00","datetimeutc":"2020-07-19T14:00:00","timetype":"Hour","precipitationmm":0.0,"temperature":21.7,"feeltemperature":21.7,"cloudcover":100,"iconcode":"c","iconid":22,"sources":1,"winddirection":"NW","winddirectiondegrees":319,"windspeedms":4.95,"visibility":11800,"precipitation":1,"beaufort":3,"humidity":67,"sunshine":0,"hour":16,"pollenindex":4,"windspeed":18,"sunshinepower":453,"sunpower":453},{"datetime":"2020-07-19T17:00:00","datetimeutc":"2020-07-19T15:00:00","timetype":"Hour","precipitationmm":0.0,"temperature":20.7,"feeltemperature":20.7,"cloudcover":100,"iconcode":"c","iconid":22,"sources":1,"winddirection":"N","winddirectiondegrees":343,"windspeedms":5.27,"visibility":12400,"precipitation":1,"beaufort":3,"humidity":70,"sunshine":0,"hour":17,"pollenindex":4,"windspeed":19,"sunshinepower":384,"sunpower":384},{"datetime":"2020-07-19T18:00:00","datetimeutc":"2020-07-19T16:00:00","timetype":"Hour","precipitationmm":0.0,"temperature":20.0,"feeltemperature":20.0,"cloudcover":100,"iconcode":"c","iconid":22,"sources":1,"winddirection":"N","winddirectiondegrees":350,"windspeedms":5.15,"visibility":12800,"precipitation":1,"beaufort":3,"humidity":72,"sunshine":0,"hour":18,"pollenindex":4,"windspeed":19,"sunshinepower":288,"sunpower":288},{"datetime":"2020-07-19T19:00:00","datetimeutc":"2020-07-19T17:00:00","timetype":"Hour","precipitationmm":0.0,"temperature":19.2,"feeltemperature":19.2,"cloudcover":100,"iconcode":"c","iconid":22,"sources":1,"winddirection":"N","winddirectiondegrees":345,"windspeedms":4.72,"visibility":14600,"precipitation":1,"beaufort":3,"humidity":74,"sunshine":0,"hour":19,"pollenindex":4,"windspeed":17,"sunshinepower":191,"sunpower":191},{"datetime":"2020-07-19T20:00:00","datetimeutc":"2020-07-19T18:00:00","timetype":"Hour","precipitationmm":0.0,"temperature":18.5,"feeltemperature":18.5,"cloudcover":100,"iconcode":"c","iconid":22,"sources":1,"winddirection":"N","winddirectiondegrees":349,"windspeedms":4.3,"visibility":14800,"precipitation":1,"beaufort":3,"humidity":76,"sunshine":0,"hour":20,"pollenindex":4,"windspeed":15,"sunshinepower":103,"sunpower":103},{"datetime":"2020-07-19T21:00:00","datetimeutc":"2020-07-19T19:00:00","timetype":"Hour","precipitationmm":0.0,"temperature":17.6,"feeltemperature":17.6,"cloudcover":100,"iconcode":"c","iconid":22,"sources":1,"winddirection":"N","winddirectiondegrees":2,"windspeedms":4.2,"visibility":13600,"precipitation":1,"beaufort":3,"humidity":78,"sunshine":0,"hour":21,"pollenindex":4,"windspeed":15,"sunshinepower":33,"sunpower":33},{"datetime":"2020-07-19T22:00:00","datetimeutc":"2020-07-19T20:00:00","timetype":"Hour","precipitationmm":0.0,"temperature":16.8,"feeltemperature":16.8,"cloudcover":99,"iconcode":"cc","iconid":22,"sources":1,"winddirection":"N","winddirectiondegrees":6,"windspeedms":4.04,"visibility":12210,"precipitation":1,"beaufort":3,"humidity":80,"sunshine":0,"hour":22,"pollenindex":3,"windspeed":15,"sunshinepower":0,"sunpower":0},{"datetime":"2020-07-19T23:00:00","datetimeutc":"2020-07-19T21:00:00","timetype":"Hour","precipitationmm":0.0,"temperature":16.1,"feeltemperature":16.1,"cloudcover":98,"iconcode":"cc","iconid":19,"sources":1,"winddirection":"N","winddirectiondegrees":359,"windspeedms":3.99,"visibility":11410,"precipitation":1,"beaufort":2,"humidity":82,"sunshine":0,"hour":23,"pollenindex":3,"windspeed":14,"sunshinepower":0,"sunpower":0}],"datetime":"2020-07-19T00:00:00","datetimeutc":"2020-07-18T22:00:00","timetype":"Day","precipitationmm":0.0,"mintemperature":16.1,"maxtemperature":22.5,"cloudcover":90,"iconcode":"c","iconid":4,"sources":1,"winddirection":"ZW","winddirectiondegrees":225,"windspeedms":3.42,"precipitation":1,"beaufort":2,"uvindex":6,"bbqindex":7,"mosquitoindex":8,"pollenindex":5,"icescrapeindex":1,"mintemp":16.1,"maxtemp":22.5,"windspeed":3},{"date":"2020-07-20T00:00:00","sunrise":"2020-07-20T05:43:46","sunset":"2020-07-20T21:49:07","hours":[{"datetime":"2020-07-20T00:00:00","datetimeutc":"2020-07-19T22:00:00","timetype":"Hour","precipitationmm":0.0,"temperature":15.6,"feeltemperature":15.6,"cloudcover":96,"iconcode":"cc","iconid":19,"sources":1,"winddirection":"N","winddirectiondegrees":349,"windspeedms":3.93,"visibility":10810,"precipitation":1,"beaufort":2,"humidity":83,"sunshine":0,"hour":0,"pollenindex":3,"windspeed":14,"sunshinepower":0,"sunpower":0},{"datetime":"2020-07-20T01:00:00","datetimeutc":"2020-07-19T23:00:00","timetype":"Hour","precipitationmm":0.0,"temperature":15.1,"feeltemperature":15.1,"cloudcover":99,"iconcode":"cc","iconid":22,"sources":1,"winddirection":"N","winddirectiondegrees":345,"windspeedms":3.82,"visibility":10410,"precipitation":0,"beaufort":2,"humidity":85,"sunshine":0,"hour":1,"pollenindex":3,"windspeed":14,"sunshinepower":0,"sunpower":0},{"datetime":"2020-07-20T02:00:00","datetimeutc":"2020-07-20T00:00:00","timetype":"Hour","precipitationmm":0.0,"temperature":14.6,"feeltemperature":13.7,"cloudcover":99,"iconcode":"cc","iconid":22,"sources":1,"winddirection":"N","winddirectiondegrees":346,"windspeedms":3.89,"visibility":10410,"precipitation":1,"beaufort":2,"humidity":87,"sunshine":0,"hour":2,"pollenindex":3,"windspeed":14,"sunshinepower":0,"sunpower":0},{"datetime":"2020-07-20T03:00:00","datetimeutc":"2020-07-20T01:00:00","timetype":"Hour","precipitationmm":0.0,"temperature":14.2,"feeltemperature":13.2,"cloudcover":96,"iconcode":"cc","iconid":19,"sources":1,"winddirection":"N","winddirectiondegrees":345,"windspeedms":3.65,"visibility":10610,"precipitation":1,"beaufort":2,"humidity":88,"sunshine":0,"hour":3,"pollenindex":3,"windspeed":13,"sunshinepower":0,"sunpower":0},{"datetime":"2020-07-20T04:00:00","datetimeutc":"2020-07-20T02:00:00","timetype":"Hour","precipitationmm":0.0,"temperature":13.7,"feeltemperature":12.7,"cloudcover":88,"iconcode":"rr","iconid":19,"sources":1,"winddirection":"N","winddirectiondegrees":340,"windspeedms":3.52,"visibility":10800,"precipitation":1,"beaufort":2,"humidity":91,"sunshine":0,"hour":4,"pollenindex":3,"windspeed":13,"sunshinepower":0,"sunpower":0},{"datetime":"2020-07-20T05:00:00","datetimeutc":"2020-07-20T03:00:00","timetype":"Hour","precipitationmm":0.0,"temperature":13.6,"feeltemperature":12.6,"cloudcover":75,"iconcode":"rr","iconid":7,"sources":1,"winddirection":"N","winddirectiondegrees":338,"windspeedms":3.42,"visibility":10600,"precipitation":1,"beaufort":2,"humidity":91,"sunshine":0,"hour":5,"pollenindex":3,"windspeed":12,"sunshinepower":0,"sunpower":0},{"datetime":"2020-07-20T06:00:00","datetimeutc":"2020-07-20T04:00:00","timetype":"Hour","precipitationmm":0.0,"temperature":13.8,"feeltemperature":13.8,"cloudcover":62,"iconcode":"b","iconid":7,"sources":1,"winddirection":"N","winddirectiondegrees":341,"windspeedms":3.13,"visibility":10600,"precipitation":1,"beaufort":2,"humidity":89,"sunshine":6,"hour":6,"pollenindex":3,"windspeed":11,"sunshinepower":12,"sunpower":12},{"datetime":"2020-07-20T07:00:00","datetimeutc":"2020-07-20T05:00:00","timetype":"Hour","precipitationmm":0.0,"temperature":14.4,"feeltemperature":14.4,"cloudcover":61,"iconcode":"b","iconid":7,"sources":1,"winddirection":"N","winddirectiondegrees":340,"windspeedms":3.05,"visibility":10600,"precipitation":0,"beaufort":2,"humidity":85,"sunshine":33,"hour":7,"pollenindex":3,"windspeed":11,"sunshinepower":95,"sunpower":95},{"datetime":"2020-07-20T08:00:00","datetimeutc":"2020-07-20T06:00:00","timetype":"Hour","precipitationmm":0.0,"temperature":15.1,"feeltemperature":15.1,"cloudcover":59,"iconcode":"b","iconid":7,"sources":1,"winddirection":"N","winddirectiondegrees":343,"windspeedms":3.62,"visibility":12800,"precipitation":0,"beaufort":2,"humidity":80,"sunshine":35,"hour":8,"pollenindex":3,"windspeed":13,"sunshinepower":233,"sunpower":233},{"datetime":"2020-07-20T09:00:00","datetimeutc":"2020-07-20T07:00:00","timetype":"Hour","precipitationmm":0.0,"temperature":15.8,"feeltemperature":15.8,"cloudcover":55,"iconcode":"b","iconid":7,"sources":1,"winddirection":"N","winddirectiondegrees":342,"windspeedms":3.93,"visibility":15000,"precipitation":0,"beaufort":2,"humidity":75,"sunshine":36,"hour":9,"pollenindex":4,"windspeed":14,"sunshinepower":379,"sunpower":379},{"datetime":"2020-07-20T10:00:00","datetimeutc":"2020-07-20T08:00:00","timetype":"Hour","precipitationmm":0.0,"temperature":16.3,"feeltemperature":16.3,"cloudcover":50,"iconcode":"b","iconid":7,"sources":1,"winddirection":"N","winddirectiondegrees":338,"windspeedms":4.09,"visibility":16600,"precipitation":0,"beaufort":3,"humidity":70,"sunshine":41,"hour":10,"pollenindex":4,"windspeed":15,"sunshinepower":506,"sunpower":506},{"datetime":"2020-07-20T11:00:00","datetimeutc":"2020-07-20T09:00:00","timetype":"Hour","precipitationmm":0.0,"temperature":17.0,"feeltemperature":17.0,"cloudcover":45,"iconcode":"j","iconid":7,"sources":1,"winddirection":"NW","winddirectiondegrees":333,"windspeedms":4.32,"visibility":16800,"precipitation":0,"beaufort":3,"humidity":66,"sunshine":46,"hour":11,"pollenindex":4,"windspeed":16,"sunshinepower":600,"sunpower":600},{"datetime":"2020-07-20T12:00:00","datetimeutc":"2020-07-20T10:00:00","timetype":"Hour","precipitationmm":0.0,"temperature":17.4,"feeltemperature":17.4,"cloudcover":44,"iconcode":"j","iconid":4,"sources":1,"winddirection":"NW","winddirectiondegrees":327,"windspeedms":4.72,"visibility":16400,"precipitation":0,"beaufort":3,"humidity":62,"sunshine":51,"hour":12,"pollenindex":5,"windspeed":17,"sunshinepower":676,"sunpower":676},{"datetime":"2020-07-20T13:00:00","datetimeutc":"2020-07-20T11:00:00","timetype":"Hour","precipitationmm":0.0,"temperature":17.9,"feeltemperature":17.9,"cloudcover":46,"iconcode":"j","iconid":4,"sources":1,"winddirection":"NW","winddirectiondegrees":326,"windspeedms":5.12,"visibility":16200,"precipitation":1,"beaufort":3,"humidity":60,"sunshine":53,"hour":13,"pollenindex":5,"windspeed":18,"sunshinepower":727,"sunpower":727},{"datetime":"2020-07-20T14:00:00","datetimeutc":"2020-07-20T12:00:00","timetype":"Hour","precipitationmm":0.0,"temperature":18.2,"feeltemperature":18.2,"cloudcover":46,"iconcode":"j","iconid":19,"sources":1,"winddirection":"NW","winddirectiondegrees":327,"windspeedms":5.28,"visibility":16400,"precipitation":1,"beaufort":3,"humidity":58,"sunshine":51,"hour":14,"pollenindex":5,"windspeed":19,"sunshinepower":737,"sunpower":737},{"datetime":"2020-07-20T15:00:00","datetimeutc":"2020-07-20T13:00:00","timetype":"Hour","precipitationmm":0.0,"temperature":18.1,"feeltemperature":18.1,"cloudcover":44,"iconcode":"j","iconid":7,"sources":1,"winddirection":"NW","winddirectiondegrees":330,"windspeedms":5.43,"visibility":16800,"precipitation":1,"beaufort":3,"humidity":59,"sunshine":51,"hour":15,"pollenindex":5,"windspeed":20,"sunshinepower":705,"sunpower":705},{"datetime":"2020-07-20T16:00:00","datetimeutc":"2020-07-20T14:00:00","timetype":"Hour","precipitationmm":0.0,"temperature":18.0,"feeltemperature":18.0,"cloudcover":44,"iconcode":"j","iconid":7,"sources":1,"winddirection":"NW","winddirectiondegrees":333,"windspeedms":5.65,"visibility":17200,"precipitation":0,"beaufort":3,"humidity":59,"sunshine":53,"hour":16,"pollenindex":5,"windspeed":20,"sunshinepower":636,"sunpower":636},{"datetime":"2020-07-20T17:00:00","datetimeutc":"2020-07-20T15:00:00","timetype":"Hour","precipitationmm":0.0,"temperature":17.5,"feeltemperature":17.5,"cloudcover":46,"iconcode":"j","iconid":19,"sources":1,"winddirection":"N","winddirectiondegrees":339,"windspeedms":5.74,"visibility":17200,"precipitation":0,"beaufort":3,"humidity":61,"sunshine":53,"hour":17,"pollenindex":5,"windspeed":21,"sunshinepower":548,"sunpower":548},{"datetime":"2020-07-20T18:00:00","datetimeutc":"2020-07-20T16:00:00","timetype":"Hour","precipitationmm":0.0,"temperature":17.1,"feeltemperature":17.1,"cloudcover":45,"iconcode":"j","iconid":22,"sources":1,"winddirection":"N","winddirectiondegrees":341,"windspeedms":5.5,"visibility":17000,"precipitation":0,"beaufort":3,"humidity":62,"sunshine":50,"hour":18,"pollenindex":5,"windspeed":20,"sunshinepower":445,"sunpower":445},{"datetime":"2020-07-20T19:00:00","datetimeutc":"2020-07-20T17:00:00","timetype":"Hour","precipitationmm":0.0,"temperature":16.5,"feeltemperature":16.5,"cloudcover":42,"iconcode":"j","iconid":7,"sources":1,"winddirection":"NW","winddirectiondegrees":337,"windspeedms":5.08,"visibility":17000,"precipitation":0,"beaufort":3,"humidity":64,"sunshine":51,"hour":19,"pollenindex":4,"windspeed":18,"sunshinepower":319,"sunpower":319},{"datetime":"2020-07-20T20:00:00","datetimeutc":"2020-07-20T18:00:00","timetype":"Hour","precipitationmm":0.0,"temperature":15.7,"feeltemperature":15.7,"cloudcover":41,"iconcode":"j","iconid":7,"sources":1,"winddirection":"NW","winddirectiondegrees":328,"windspeedms":4.55,"visibility":16800,"precipitation":0,"beaufort":3,"humidity":66,"sunshine":55,"hour":20,"pollenindex":4,"windspeed":16,"sunshinepower":182,"sunpower":182},{"datetime":"2020-07-20T21:00:00","datetimeutc":"2020-07-20T19:00:00","timetype":"Hour","precipitationmm":0.0,"temperature":14.8,"feeltemperature":13.9,"cloudcover":45,"iconcode":"j","iconid":7,"sources":1,"winddirection":"NW","winddirectiondegrees":321,"windspeedms":3.91,"visibility":15400,"precipitation":0,"beaufort":2,"humidity":70,"sunshine":56,"hour":21,"pollenindex":4,"windspeed":14,"sunshinepower":60,"sunpower":60},{"datetime":"2020-07-20T22:00:00","datetimeutc":"2020-07-20T20:00:00","timetype":"Hour","precipitationmm":0.0,"temperature":13.8,"feeltemperature":13.8,"cloudcover":51,"iconcode":"bb","iconid":7,"sources":1,"winddirection":"NW","winddirectiondegrees":317,"windspeedms":3.15,"visibility":13210,"precipitation":0,"beaufort":2,"humidity":74,"sunshine":45,"hour":22,"pollenindex":4,"windspeed":11,"sunshinepower":0,"sunpower":0},{"datetime":"2020-07-20T23:00:00","datetimeutc":"2020-07-20T21:00:00","timetype":"Hour","precipitationmm":0.0,"temperature":13.2,"feeltemperature":13.2,"cloudcover":51,"iconcode":"bb","iconid":19,"sources":1,"winddirection":"NW","winddirectiondegrees":317,"windspeedms":2.81,"visibility":13010,"precipitation":0,"beaufort":2,"humidity":77,"sunshine":0,"hour":23,"pollenindex":4,"windspeed":10,"sunshinepower":0,"sunpower":0}],"datetime":"2020-07-20T00:00:00","datetimeutc":"2020-07-19T22:00:00","timetype":"Day","precipitationmm":0.0,"mintemperature":13.2,"maxtemperature":18.2,"cloudcover":25,"iconcode":"j","iconid":2,"sources":1,"winddirection":"N","winddirectiondegrees":0,"windspeedms":4.22,"precipitation":1,"beaufort":3,"uvindex":5,"bbqindex":6,"mosquitoindex":6,"pollenindex":5,"icescrapeindex":1,"mintemp":13.2,"maxtemp":18.2,"windspeed":4},{"date":"2020-07-21T00:00:00","sunrise":"2020-07-21T05:45:10","sunset":"2020-07-21T21:47:49","hours":[{"datetime":"2020-07-21T00:00:00","datetimeutc":"2020-07-20T22:00:00","timetype":"Hour","precipitationmm":0.0,"temperature":12.7,"feeltemperature":12.7,"cloudcover":39,"iconcode":"jj","iconid":4,"sources":1,"winddirection":"NW","winddirectiondegrees":311,"windspeedms":2.64,"visibility":13610,"precipitation":0,"beaufort":2,"humidity":80,"sunshine":0,"hour":0,"pollenindex":3,"windspeed":10,"sunshinepower":0,"sunpower":0},{"datetime":"2020-07-21T01:00:00","datetimeutc":"2020-07-20T23:00:00","timetype":"Hour","precipitationmm":0.0,"temperature":12.2,"feeltemperature":12.2,"cloudcover":39,"iconcode":"jj","iconid":4,"sources":1,"winddirection":"NW","winddirectiondegrees":302,"windspeedms":2.7,"visibility":13220,"precipitation":0,"beaufort":2,"humidity":83,"sunshine":0,"hour":1,"pollenindex":3,"windspeed":10,"sunshinepower":0,"sunpower":0},{"datetime":"2020-07-21T02:00:00","datetimeutc":"2020-07-21T00:00:00","timetype":"Hour","precipitationmm":0.0,"temperature":11.8,"feeltemperature":11.8,"cloudcover":35,"iconcode":"jj","iconid":13,"sources":1,"winddirection":"NW","winddirectiondegrees":301,"windspeedms":2.83,"visibility":12410,"precipitation":0,"beaufort":2,"humidity":85,"sunshine":0,"hour":2,"pollenindex":3,"windspeed":10,"sunshinepower":0,"sunpower":0},{"datetime":"2020-07-21T03:00:00","datetimeutc":"2020-07-21T01:00:00","timetype":"Hour","precipitationmm":0.0,"temperature":11.5,"feeltemperature":11.5,"cloudcover":37,"iconcode":"jj","iconid":13,"sources":1,"winddirection":"NW","winddirectiondegrees":300,"windspeedms":2.94,"visibility":12000,"precipitation":0,"beaufort":2,"humidity":87,"sunshine":0,"hour":3,"pollenindex":3,"windspeed":11,"sunshinepower":0,"sunpower":0},{"datetime":"2020-07-21T04:00:00","datetimeutc":"2020-07-21T02:00:00","timetype":"Hour","precipitationmm":0.0,"temperature":11.2,"feeltemperature":11.2,"cloudcover":37,"iconcode":"jj","iconid":4,"sources":1,"winddirection":"NW","winddirectiondegrees":300,"windspeedms":2.97,"visibility":12000,"precipitation":0,"beaufort":2,"humidity":89,"sunshine":0,"hour":4,"pollenindex":3,"windspeed":11,"sunshinepower":0,"sunpower":0},{"datetime":"2020-07-21T05:00:00","datetimeutc":"2020-07-21T03:00:00","timetype":"Hour","precipitationmm":0.0,"temperature":11.1,"feeltemperature":11.1,"cloudcover":37,"iconcode":"jj","iconid":4,"sources":1,"winddirection":"NW","winddirectiondegrees":300,"windspeedms":2.82,"visibility":12200,"precipitation":0,"beaufort":2,"humidity":90,"sunshine":0,"hour":5,"pollenindex":3,"windspeed":10,"sunshinepower":0,"sunpower":0},{"datetime":"2020-07-21T06:00:00","datetimeutc":"2020-07-21T04:00:00","timetype":"Hour","precipitationmm":0.0,"temperature":11.6,"feeltemperature":11.6,"cloudcover":37,"iconcode":"j","iconid":4,"sources":1,"winddirection":"NW","winddirectiondegrees":304,"windspeedms":2.8,"visibility":11800,"precipitation":0,"beaufort":2,"humidity":88,"sunshine":16,"hour":6,"pollenindex":3,"windspeed":10,"sunshinepower":10,"sunpower":10},{"datetime":"2020-07-21T07:00:00","datetimeutc":"2020-07-21T05:00:00","timetype":"Hour","precipitationmm":0.0,"temperature":12.5,"feeltemperature":12.5,"cloudcover":37,"iconcode":"j","iconid":4,"sources":1,"winddirection":"NW","winddirectiondegrees":308,"windspeedms":3.22,"visibility":12400,"precipitation":0,"beaufort":2,"humidity":83,"sunshine":61,"hour":7,"pollenindex":3,"windspeed":12,"sunshinepower":82,"sunpower":82},{"datetime":"2020-07-21T08:00:00","datetimeutc":"2020-07-21T06:00:00","timetype":"Hour","precipitationmm":0.0,"temperature":13.4,"feeltemperature":12.4,"cloudcover":37,"iconcode":"j","iconid":4,"sources":1,"winddirection":"NW","winddirectiondegrees":308,"windspeedms":3.5,"visibility":13000,"precipitation":0,"beaufort":2,"humidity":78,"sunshine":61,"hour":8,"pollenindex":4,"windspeed":13,"sunshinepower":198,"sunpower":198},{"datetime":"2020-07-21T09:00:00","datetimeutc":"2020-07-21T07:00:00","timetype":"Hour","precipitationmm":0.0,"temperature":14.2,"feeltemperature":13.3,"cloudcover":43,"iconcode":"j","iconid":19,"sources":1,"winddirection":"NW","winddirectiondegrees":307,"windspeedms":3.72,"visibility":13400,"precipitation":0,"beaufort":2,"humidity":73,"sunshine":60,"hour":9,"pollenindex":4,"windspeed":13,"sunshinepower":320,"sunpower":320},{"datetime":"2020-07-21T10:00:00","datetimeutc":"2020-07-21T08:00:00","timetype":"Hour","precipitationmm":0.0,"temperature":14.8,"feeltemperature":13.8,"cloudcover":53,"iconcode":"b","iconid":19,"sources":1,"winddirection":"NW","winddirectiondegrees":306,"windspeedms":4.04,"visibility":13400,"precipitation":0,"beaufort":3,"humidity":70,"sunshine":53,"hour":10,"pollenindex":4,"windspeed":15,"sunshinepower":420,"sunpower":420},{"datetime":"2020-07-21T11:00:00","datetimeutc":"2020-07-21T09:00:00","timetype":"Hour","precipitationmm":0.0,"temperature":15.4,"feeltemperature":15.4,"cloudcover":59,"iconcode":"b","iconid":19,"sources":1,"winddirection":"NW","winddirectiondegrees":304,"windspeedms":4.19,"visibility":13600,"precipitation":1,"beaufort":3,"humidity":67,"sunshine":43,"hour":11,"pollenindex":4,"windspeed":15,"sunshinepower":502,"sunpower":502},{"datetime":"2020-07-21T12:00:00","datetimeutc":"2020-07-21T10:00:00","timetype":"Hour","precipitationmm":0.0,"temperature":15.9,"feeltemperature":15.9,"cloudcover":59,"iconcode":"b","iconid":19,"sources":1,"winddirection":"NW","winddirectiondegrees":301,"windspeedms":4.36,"visibility":14000,"precipitation":1,"beaufort":3,"humidity":64,"sunshine":36,"hour":12,"pollenindex":4,"windspeed":16,"sunshinepower":571,"sunpower":571},{"datetime":"2020-07-21T13:00:00","datetimeutc":"2020-07-21T11:00:00","timetype":"Hour","precipitationmm":0.0,"temperature":16.4,"feeltemperature":16.4,"cloudcover":59,"iconcode":"b","iconid":19,"sources":1,"winddirection":"NW","winddirectiondegrees":298,"windspeedms":4.56,"visibility":14400,"precipitation":1,"beaufort":3,"humidity":62,"sunshine":36,"hour":13,"pollenindex":5,"windspeed":16,"sunshinepower":608,"sunpower":608},{"datetime":"2020-07-21T14:00:00","datetimeutc":"2020-07-21T12:00:00","timetype":"Hour","precipitationmm":0.0,"temperature":16.8,"feeltemperature":16.8,"cloudcover":57,"iconcode":"b","iconid":4,"sources":1,"winddirection":"NW","winddirectiondegrees":305,"windspeedms":4.55,"visibility":14600,"precipitation":1,"beaufort":3,"humidity":60,"sunshine":36,"hour":14,"pollenindex":5,"windspeed":16,"sunshinepower":622,"sunpower":622},{"datetime":"2020-07-21T15:00:00","datetimeutc":"2020-07-21T13:00:00","timetype":"Hour","precipitationmm":0.0,"temperature":16.9,"feeltemperature":16.9,"cloudcover":57,"iconcode":"b","iconid":7,"sources":1,"winddirection":"NW","winddirectiondegrees":316,"windspeedms":4.59,"visibility":14800,"precipitation":1,"beaufort":3,"humidity":60,"sunshine":40,"hour":15,"pollenindex":5,"windspeed":17,"sunshinepower":620,"sunpower":620},{"datetime":"2020-07-21T16:00:00","datetimeutc":"2020-07-21T14:00:00","timetype":"Hour","precipitationmm":0.0,"temperature":16.9,"feeltemperature":16.9,"cloudcover":57,"iconcode":"b","iconid":19,"sources":1,"winddirection":"NW","winddirectiondegrees":325,"windspeedms":4.67,"visibility":14800,"precipitation":1,"beaufort":3,"humidity":61,"sunshine":40,"hour":16,"pollenindex":5,"windspeed":17,"sunshinepower":589,"sunpower":589},{"datetime":"2020-07-21T17:00:00","datetimeutc":"2020-07-21T15:00:00","timetype":"Hour","precipitationmm":0.0,"temperature":16.7,"feeltemperature":16.7,"cloudcover":53,"iconcode":"b","iconid":7,"sources":1,"winddirection":"NW","winddirectiondegrees":331,"windspeedms":4.71,"visibility":14200,"precipitation":1,"beaufort":3,"humidity":62,"sunshine":40,"hour":17,"pollenindex":5,"windspeed":17,"sunshinepower":524,"sunpower":524},{"datetime":"2020-07-21T18:00:00","datetimeutc":"2020-07-21T16:00:00","timetype":"Hour","precipitationmm":0.0,"temperature":16.4,"feeltemperature":16.4,"cloudcover":48,"iconcode":"j","iconid":7,"sources":1,"winddirection":"NW","winddirectiondegrees":335,"windspeedms":4.42,"visibility":14200,"precipitation":1,"beaufort":3,"humidity":62,"sunshine":43,"hour":18,"pollenindex":5,"windspeed":16,"sunshinepower":426,"sunpower":426},{"datetime":"2020-07-21T19:00:00","datetimeutc":"2020-07-21T17:00:00","timetype":"Hour","precipitationmm":0.0,"temperature":16.0,"feeltemperature":16.0,"cloudcover":46,"iconcode":"j","iconid":4,"sources":1,"winddirection":"NW","winddirectiondegrees":337,"windspeedms":4.11,"visibility":14600,"precipitation":0,"beaufort":3,"humidity":64,"sunshine":48,"hour":19,"pollenindex":4,"windspeed":15,"sunshinepower":304,"sunpower":304},{"datetime":"2020-07-21T20:00:00","datetimeutc":"2020-07-21T18:00:00","timetype":"Hour","precipitationmm":0.0,"temperature":15.3,"feeltemperature":15.3,"cloudcover":33,"iconcode":"j","iconid":19,"sources":1,"winddirection":"N","winddirectiondegrees":338,"windspeedms":3.67,"visibility":14400,"precipitation":0,"beaufort":2,"humidity":67,"sunshine":51,"hour":20,"pollenindex":4,"windspeed":13,"sunshinepower":174,"sunpower":174},{"datetime":"2020-07-21T21:00:00","datetimeutc":"2020-07-21T19:00:00","timetype":"Hour","precipitationmm":0.0,"temperature":14.5,"feeltemperature":14.5,"cloudcover":29,"iconcode":"j","iconid":19,"sources":1,"winddirection":"N","winddirectiondegrees":340,"windspeedms":3.17,"visibility":14000,"precipitation":0,"beaufort":2,"humidity":70,"sunshine":65,"hour":21,"pollenindex":4,"windspeed":11,"sunshinepower":57,"sunpower":57},{"datetime":"2020-07-21T22:00:00","datetimeutc":"2020-07-21T20:00:00","timetype":"Hour","precipitationmm":0.0,"temperature":13.9,"feeltemperature":13.9,"cloudcover":27,"iconcode":"jj","iconid":19,"sources":1,"winddirection":"N","winddirectiondegrees":344,"windspeedms":2.46,"visibility":13600,"precipitation":0,"beaufort":2,"humidity":73,"sunshine":58,"hour":22,"pollenindex":4,"windspeed":9,"sunshinepower":0,"sunpower":0},{"datetime":"2020-07-21T23:00:00","datetimeutc":"2020-07-21T21:00:00","timetype":"Hour","precipitationmm":0.0,"temperature":13.4,"feeltemperature":13.4,"cloudcover":24,"iconcode":"jj","iconid":19,"sources":1,"winddirection":"N","winddirectiondegrees":342,"windspeedms":1.96,"visibility":13400,"precipitation":0,"beaufort":1,"humidity":76,"sunshine":0,"hour":23,"pollenindex":4,"windspeed":7,"sunshinepower":0,"sunpower":0}],"datetime":"2020-07-21T00:00:00","datetimeutc":"2020-07-20T22:00:00","timetype":"Day","precipitationmm":0.0,"mintemperature":11.1,"maxtemperature":16.9,"cloudcover":25,"iconcode":"j","iconid":2,"sources":1,"winddirection":"NW","winddirectiondegrees":315,"windspeedms":3.57,"precipitation":1,"beaufort":2,"uvindex":6,"bbqindex":6,"mosquitoindex":6,"pollenindex":5,"icescrapeindex":1,"mintemp":11.1,"maxtemp":16.9,"windspeed":4},{"date":"2020-07-22T00:00:00","sunrise":"2020-07-22T05:46:34","sunset":"2020-07-22T21:46:27","hours":[{"datetime":"2020-07-22T00:00:00","datetimeutc":"2020-07-21T22:00:00","timetype":"Hour","precipitationmm":0.0,"temperature":13.1,"feeltemperature":13.1,"cloudcover":35,"iconcode":"jj","iconid":4,"sources":1,"winddirection":"NW","winddirectiondegrees":330,"windspeedms":1.84,"visibility":12800,"precipitation":0,"beaufort":1,"humidity":77,"sunshine":0,"hour":0,"pollenindex":4,"windspeed":7,"sunshinepower":0,"sunpower":0},{"datetime":"2020-07-22T01:00:00","datetimeutc":"2020-07-21T23:00:00","timetype":"Hour","precipitationmm":0.0,"temperature":12.6,"feeltemperature":12.6,"cloudcover":35,"iconcode":"jj","iconid":7,"sources":1,"winddirection":"NW","winddirectiondegrees":318,"windspeedms":1.73,"visibility":12220,"precipitation":0,"beaufort":1,"humidity":80,"sunshine":0,"hour":1,"pollenindex":3,"windspeed":6,"sunshinepower":0,"sunpower":0},{"datetime":"2020-07-22T02:00:00","datetimeutc":"2020-07-22T00:00:00","timetype":"Hour","precipitationmm":0.0,"temperature":12.0,"feeltemperature":12.0,"cloudcover":35,"iconcode":"jj","iconid":13,"sources":1,"winddirection":"NW","winddirectiondegrees":309,"windspeedms":1.78,"visibility":11220,"precipitation":0,"beaufort":1,"humidity":84,"sunshine":0,"hour":2,"pollenindex":3,"windspeed":6,"sunshinepower":0,"sunpower":0},{"datetime":"2020-07-22T03:00:00","datetimeutc":"2020-07-22T01:00:00","timetype":"Hour","precipitationmm":0.0,"temperature":11.4,"feeltemperature":11.4,"cloudcover":35,"iconcode":"jj","iconid":4,"sources":1,"winddirection":"NW","winddirectiondegrees":302,"windspeedms":1.64,"visibility":10610,"precipitation":0,"beaufort":1,"humidity":87,"sunshine":0,"hour":3,"pollenindex":3,"windspeed":6,"sunshinepower":0,"sunpower":0},{"datetime":"2020-07-22T04:00:00","datetimeutc":"2020-07-22T02:00:00","timetype":"Hour","precipitationmm":0.0,"temperature":11.2,"feeltemperature":11.2,"cloudcover":35,"iconcode":"jj","iconid":4,"sources":1,"winddirection":"NW","winddirectiondegrees":307,"windspeedms":1.82,"visibility":10210,"precipitation":0,"beaufort":1,"humidity":89,"sunshine":0,"hour":4,"pollenindex":3,"windspeed":7,"sunshinepower":0,"sunpower":0},{"datetime":"2020-07-22T05:00:00","datetimeutc":"2020-07-22T03:00:00","timetype":"Hour","precipitationmm":0.0,"temperature":11.3,"feeltemperature":11.3,"cloudcover":35,"iconcode":"jj","iconid":4,"sources":1,"winddirection":"NW","winddirectiondegrees":304,"windspeedms":1.81,"visibility":9800,"precipitation":0,"beaufort":1,"humidity":89,"sunshine":0,"hour":5,"pollenindex":3,"windspeed":7,"sunshinepower":0,"sunpower":0},{"datetime":"2020-07-22T06:00:00","datetimeutc":"2020-07-22T04:00:00","timetype":"Hour","precipitationmm":0.0,"temperature":11.8,"feeltemperature":11.8,"cloudcover":37,"iconcode":"j","iconid":4,"sources":1,"winddirection":"NW","winddirectiondegrees":304,"windspeedms":1.83,"visibility":9400,"precipitation":0,"beaufort":1,"humidity":87,"sunshine":16,"hour":6,"pollenindex":3,"windspeed":7,"sunshinepower":9,"sunpower":9},{"datetime":"2020-07-22T07:00:00","datetimeutc":"2020-07-22T05:00:00","timetype":"Hour","precipitationmm":0.0,"temperature":12.7,"feeltemperature":12.7,"cloudcover":37,"iconcode":"j","iconid":4,"sources":1,"winddirection":"NW","winddirectiondegrees":299,"windspeedms":1.89,"visibility":10400,"precipitation":0,"beaufort":1,"humidity":83,"sunshine":61,"hour":7,"pollenindex":3,"windspeed":7,"sunshinepower":79,"sunpower":79},{"datetime":"2020-07-22T08:00:00","datetimeutc":"2020-07-22T06:00:00","timetype":"Hour","precipitationmm":0.0,"temperature":13.5,"feeltemperature":13.5,"cloudcover":37,"iconcode":"j","iconid":19,"sources":1,"winddirection":"NW","winddirectiondegrees":297,"windspeedms":1.9,"visibility":11800,"precipitation":0,"beaufort":1,"humidity":78,"sunshine":60,"hour":8,"pollenindex":4,"windspeed":7,"sunshinepower":199,"sunpower":199},{"datetime":"2020-07-22T09:00:00","datetimeutc":"2020-07-22T07:00:00","timetype":"Hour","precipitationmm":0.0,"temperature":14.3,"feeltemperature":14.3,"cloudcover":12,"iconcode":"a","iconid":19,"sources":1,"winddirection":"W","winddirectiondegrees":288,"windspeedms":1.9,"visibility":12400,"precipitation":0,"beaufort":1,"humidity":74,"sunshine":60,"hour":9,"pollenindex":4,"windspeed":7,"sunshinepower":326,"sunpower":326},{"datetime":"2020-07-22T10:00:00","datetimeutc":"2020-07-22T08:00:00","timetype":"Hour","precipitationmm":0.0,"temperature":14.9,"feeltemperature":14.9,"cloudcover":43,"iconcode":"j","iconid":22,"sources":1,"winddirection":"W","winddirectiondegrees":275,"windspeedms":1.86,"visibility":12600,"precipitation":0,"beaufort":1,"humidity":70,"sunshine":86,"hour":10,"pollenindex":4,"windspeed":7,"sunshinepower":449,"sunpower":449},{"datetime":"2020-07-22T11:00:00","datetimeutc":"2020-07-22T09:00:00","timetype":"Hour","precipitationmm":0.0,"temperature":15.6,"feeltemperature":15.6,"cloudcover":43,"iconcode":"j","iconid":22,"sources":1,"winddirection":"W","winddirectiondegrees":282,"windspeedms":2.06,"visibility":13200,"precipitation":0,"beaufort":2,"humidity":66,"sunshine":53,"hour":11,"pollenindex":4,"windspeed":7,"sunshinepower":561,"sunpower":561},{"datetime":"2020-07-22T12:00:00","datetimeutc":"2020-07-22T10:00:00","timetype":"Hour","precipitationmm":0.0,"temperature":16.3,"feeltemperature":16.3,"cloudcover":43,"iconcode":"j","iconid":19,"sources":1,"winddirection":"W","winddirectiondegrees":291,"windspeedms":2.36,"visibility":14200,"precipitation":0,"beaufort":2,"humidity":62,"sunshine":53,"hour":12,"pollenindex":5,"windspeed":8,"sunshinepower":648,"sunpower":648},{"datetime":"2020-07-22T13:00:00","datetimeutc":"2020-07-22T11:00:00","timetype":"Hour","precipitationmm":0.0,"temperature":17.0,"feeltemperature":17.0,"cloudcover":21,"iconcode":"j","iconid":19,"sources":1,"winddirection":"NW","winddirectiondegrees":305,"windspeedms":2.82,"visibility":15800,"precipitation":0,"beaufort":2,"humidity":58,"sunshine":53,"hour":13,"pollenindex":5,"windspeed":10,"sunshinepower":707,"sunpower":707},{"datetime":"2020-07-22T14:00:00","datetimeutc":"2020-07-22T12:00:00","timetype":"Hour","precipitationmm":0.0,"temperature":17.5,"feeltemperature":17.5,"cloudcover":18,"iconcode":"j","iconid":22,"sources":1,"winddirection":"NW","winddirectiondegrees":321,"windspeedms":3.15,"visibility":17000,"precipitation":0,"beaufort":2,"humidity":56,"sunshine":76,"hour":14,"pollenindex":5,"windspeed":11,"sunshinepower":727,"sunpower":727},{"datetime":"2020-07-22T15:00:00","datetimeutc":"2020-07-22T13:00:00","timetype":"Hour","precipitationmm":0.0,"temperature":17.7,"feeltemperature":17.7,"cloudcover":24,"iconcode":"j","iconid":22,"sources":1,"winddirection":"NW","winddirectiondegrees":333,"windspeedms":3.46,"visibility":17800,"precipitation":0,"beaufort":2,"humidity":55,"sunshine":81,"hour":15,"pollenindex":5,"windspeed":12,"sunshinepower":697,"sunpower":697},{"datetime":"2020-07-22T16:00:00","datetimeutc":"2020-07-22T14:00:00","timetype":"Hour","precipitationmm":0.0,"temperature":17.7,"feeltemperature":17.7,"cloudcover":35,"iconcode":"j","iconid":19,"sources":1,"winddirection":"N","winddirectiondegrees":338,"windspeedms":3.75,"visibility":17200,"precipitation":0,"beaufort":2,"humidity":55,"sunshine":73,"hour":16,"pollenindex":5,"windspeed":14,"sunshinepower":628,"sunpower":628},{"datetime":"2020-07-22T17:00:00","datetimeutc":"2020-07-22T15:00:00","timetype":"Hour","precipitationmm":0.0,"temperature":17.5,"feeltemperature":17.5,"cloudcover":41,"iconcode":"j","iconid":19,"sources":1,"winddirection":"N","winddirectiondegrees":342,"windspeedms":3.92,"visibility":16600,"precipitation":0,"beaufort":2,"humidity":56,"sunshine":63,"hour":17,"pollenindex":5,"windspeed":14,"sunshinepower":536,"sunpower":536},{"datetime":"2020-07-22T18:00:00","datetimeutc":"2020-07-22T16:00:00","timetype":"Hour","precipitationmm":0.0,"temperature":17.3,"feeltemperature":17.3,"cloudcover":39,"iconcode":"j","iconid":19,"sources":1,"winddirection":"N","winddirectiondegrees":350,"windspeedms":3.72,"visibility":16200,"precipitation":0,"beaufort":2,"humidity":57,"sunshine":56,"hour":18,"pollenindex":5,"windspeed":13,"sunshinepower":426,"sunpower":426},{"datetime":"2020-07-22T19:00:00","datetimeutc":"2020-07-22T17:00:00","timetype":"Hour","precipitationmm":0.0,"temperature":16.9,"feeltemperature":16.9,"cloudcover":37,"iconcode":"j","iconid":4,"sources":1,"winddirection":"N","winddirectiondegrees":360,"windspeedms":3.46,"visibility":16400,"precipitation":0,"beaufort":2,"humidity":59,"sunshine":58,"hour":19,"pollenindex":5,"windspeed":12,"sunshinepower":301,"sunpower":301},{"datetime":"2020-07-22T20:00:00","datetimeutc":"2020-07-22T18:00:00","timetype":"Hour","precipitationmm":0.0,"temperature":16.3,"feeltemperature":16.3,"cloudcover":34,"iconcode":"j","iconid":4,"sources":1,"winddirection":"N","winddirectiondegrees":9,"windspeedms":3.05,"visibility":16800,"precipitation":0,"beaufort":2,"humidity":62,"sunshine":61,"hour":20,"pollenindex":5,"windspeed":11,"sunshinepower":174,"sunpower":174},{"datetime":"2020-07-22T21:00:00","datetimeutc":"2020-07-22T19:00:00","timetype":"Hour","precipitationmm":0.0,"temperature":15.4,"feeltemperature":15.4,"cloudcover":37,"iconcode":"j","iconid":4,"sources":1,"winddirection":"N","winddirectiondegrees":21,"windspeedms":2.34,"visibility":16400,"precipitation":0,"beaufort":2,"humidity":67,"sunshine":63,"hour":21,"pollenindex":4,"windspeed":8,"sunshinepower":58,"sunpower":58},{"datetime":"2020-07-22T22:00:00","datetimeutc":"2020-07-22T20:00:00","timetype":"Hour","precipitationmm":0.0,"temperature":14.5,"feeltemperature":14.5,"cloudcover":30,"iconcode":"jj","iconid":4,"sources":1,"winddirection":"NO","winddirectiondegrees":32,"windspeedms":2.08,"visibility":15010,"precipitation":0,"beaufort":2,"humidity":71,"sunshine":50,"hour":22,"pollenindex":4,"windspeed":7,"sunshinepower":0,"sunpower":0},{"datetime":"2020-07-22T23:00:00","datetimeutc":"2020-07-22T21:00:00","timetype":"Hour","precipitationmm":0.0,"temperature":13.8,"feeltemperature":13.8,"cloudcover":30,"iconcode":"jj","iconid":8,"sources":1,"winddirection":"NO","winddirectiondegrees":43,"windspeedms":1.82,"visibility":13410,"precipitation":0,"beaufort":1,"humidity":75,"sunshine":0,"hour":23,"pollenindex":4,"windspeed":7,"sunshinepower":0,"sunpower":0}],"datetime":"2020-07-22T00:00:00","datetimeutc":"2020-07-21T22:00:00","timetype":"Day","precipitationmm":0.0,"mintemperature":11.2,"maxtemperature":17.7,"cloudcover":25,"iconcode":"j","iconid":2,"sources":1,"winddirection":"NW","winddirectiondegrees":315,"windspeedms":2.42,"precipitation":0,"beaufort":2,"uvindex":6,"bbqindex":8,"mosquitoindex":7,"pollenindex":5,"icescrapeindex":1,"mintemp":11.2,"maxtemp":17.7,"windspeed":2},{"date":"2020-07-23T00:00:00","sunrise":"2020-07-23T05:48:00","sunset":"2020-07-23T21:45:04","hours":[{"datetime":"2020-07-23T00:00:00","datetimeutc":"2020-07-22T22:00:00","timetype":"Hour","precipitationmm":0.0,"temperature":13.3,"feeltemperature":13.3,"cloudcover":30,"iconcode":"jj","iconid":8,"sources":1,"winddirection":"NO","winddirectiondegrees":51,"windspeedms":1.41,"visibility":12420,"precipitation":0,"beaufort":1,"humidity":78,"sunshine":0,"hour":0,"pollenindex":4,"windspeed":5,"sunshinepower":0,"sunpower":0},{"datetime":"2020-07-23T01:00:00","datetimeutc":"2020-07-22T23:00:00","timetype":"Hour","precipitationmm":0.0,"temperature":12.8,"feeltemperature":12.8,"cloudcover":30,"iconcode":"jj","iconid":8,"sources":1,"winddirection":"NO","winddirectiondegrees":45,"windspeedms":1.19,"visibility":11620,"precipitation":0,"beaufort":1,"humidity":80,"sunshine":0,"hour":1,"pollenindex":4,"windspeed":4,"sunshinepower":0,"sunpower":0},{"datetime":"2020-07-23T02:00:00","datetimeutc":"2020-07-23T00:00:00","timetype":"Hour","precipitationmm":0.0,"temperature":12.5,"feeltemperature":12.5,"cloudcover":30,"iconcode":"jj","iconid":20,"sources":1,"winddirection":"NO","winddirectiondegrees":39,"windspeedms":1.0,"visibility":10810,"precipitation":0,"beaufort":1,"humidity":82,"sunshine":0,"hour":2,"pollenindex":3,"windspeed":4,"sunshinepower":0,"sunpower":0},{"datetime":"2020-07-23T03:00:00","datetimeutc":"2020-07-23T01:00:00","timetype":"Hour","precipitationmm":0.0,"temperature":12.3,"feeltemperature":12.3,"cloudcover":30,"iconcode":"jj","iconid":20,"sources":1,"winddirection":"N","winddirectiondegrees":16,"windspeedms":1.08,"visibility":10210,"precipitation":0,"beaufort":1,"humidity":83,"sunshine":0,"hour":3,"pollenindex":3,"windspeed":4,"sunshinepower":0,"sunpower":0},{"datetime":"2020-07-23T04:00:00","datetimeutc":"2020-07-23T02:00:00","timetype":"Hour","precipitationmm":0.0,"temperature":12.2,"feeltemperature":12.2,"cloudcover":30,"iconcode":"jj","iconid":21,"sources":1,"winddirection":"N","winddirectiondegrees":15,"windspeedms":1.27,"visibility":9400,"precipitation":0,"beaufort":1,"humidity":84,"sunshine":0,"hour":4,"pollenindex":3,"windspeed":5,"sunshinepower":0,"sunpower":0},{"datetime":"2020-07-23T05:00:00","datetimeutc":"2020-07-23T03:00:00","timetype":"Hour","precipitationmm":0.0,"temperature":12.1,"feeltemperature":12.1,"cloudcover":30,"iconcode":"jj","iconid":21,"sources":1,"winddirection":"NO","winddirectiondegrees":29,"windspeedms":1.22,"visibility":9010,"precipitation":1,"beaufort":1,"humidity":85,"sunshine":0,"hour":5,"pollenindex":3,"windspeed":4,"sunshinepower":0,"sunpower":0},{"datetime":"2020-07-23T06:00:00","datetimeutc":"2020-07-23T04:00:00","timetype":"Hour","precipitationmm":0.0,"temperature":12.2,"feeltemperature":12.2,"cloudcover":30,"iconcode":"j","iconid":21,"sources":1,"winddirection":"NO","winddirectiondegrees":48,"windspeedms":1.28,"visibility":8410,"precipitation":1,"beaufort":1,"humidity":85,"sunshine":15,"hour":6,"pollenindex":3,"windspeed":5,"sunshinepower":10,"sunpower":10},{"datetime":"2020-07-23T07:00:00","datetimeutc":"2020-07-23T05:00:00","timetype":"Hour","precipitationmm":0.0,"temperature":12.8,"feeltemperature":12.8,"cloudcover":30,"iconcode":"j","iconid":21,"sources":1,"winddirection":"NO","winddirectiondegrees":67,"windspeedms":1.41,"visibility":8600,"precipitation":1,"beaufort":1,"humidity":82,"sunshine":68,"hour":7,"pollenindex":3,"windspeed":5,"sunshinepower":86,"sunpower":86},{"datetime":"2020-07-23T08:00:00","datetimeutc":"2020-07-23T06:00:00","timetype":"Hour","precipitationmm":0.0,"temperature":13.7,"feeltemperature":13.7,"cloudcover":30,"iconcode":"j","iconid":21,"sources":1,"winddirection":"O","winddirectiondegrees":90,"windspeedms":1.41,"visibility":11000,"precipitation":1,"beaufort":1,"humidity":77,"sunshine":68,"hour":8,"pollenindex":4,"windspeed":5,"sunshinepower":215,"sunpower":215},{"datetime":"2020-07-23T09:00:00","datetimeutc":"2020-07-23T07:00:00","timetype":"Hour","precipitationmm":0.0,"temperature":14.8,"feeltemperature":14.8,"cloudcover":37,"iconcode":"j","iconid":20,"sources":1,"winddirection":"O","winddirectiondegrees":111,"windspeedms":1.73,"visibility":13600,"precipitation":1,"beaufort":1,"humidity":72,"sunshine":68,"hour":9,"pollenindex":4,"windspeed":6,"sunshinepower":352,"sunpower":352},{"datetime":"2020-07-23T10:00:00","datetimeutc":"2020-07-23T08:00:00","timetype":"Hour","precipitationmm":0.0,"temperature":15.8,"feeltemperature":15.8,"cloudcover":35,"iconcode":"j","iconid":20,"sources":1,"winddirection":"ZO","winddirectiondegrees":113,"windspeedms":1.53,"visibility":15800,"precipitation":0,"beaufort":1,"humidity":67,"sunshine":61,"hour":10,"pollenindex":4,"windspeed":6,"sunshinepower":483,"sunpower":483},{"datetime":"2020-07-23T11:00:00","datetimeutc":"2020-07-23T09:00:00","timetype":"Hour","precipitationmm":0.0,"temperature":16.8,"feeltemperature":16.8,"cloudcover":33,"iconcode":"j","iconid":19,"sources":1,"winddirection":"O","winddirectiondegrees":94,"windspeedms":1.68,"visibility":18000,"precipitation":0,"beaufort":1,"humidity":62,"sunshine":63,"hour":11,"pollenindex":5,"windspeed":6,"sunshinepower":613,"sunpower":613},{"datetime":"2020-07-23T12:00:00","datetimeutc":"2020-07-23T10:00:00","timetype":"Hour","precipitationmm":0.0,"temperature":17.8,"feeltemperature":17.8,"cloudcover":30,"iconcode":"j","iconid":7,"sources":1,"winddirection":"O","winddirectiondegrees":84,"windspeedms":1.88,"visibility":20400,"precipitation":0,"beaufort":1,"humidity":58,"sunshine":65,"hour":12,"pollenindex":5,"windspeed":7,"sunshinepower":765,"sunpower":765},{"datetime":"2020-07-23T13:00:00","datetimeutc":"2020-07-23T11:00:00","timetype":"Hour","precipitationmm":0.0,"temperature":18.6,"feeltemperature":18.6,"cloudcover":29,"iconcode":"j","iconid":4,"sources":1,"winddirection":"O","winddirectiondegrees":74,"windspeedms":2.19,"visibility":22200,"precipitation":0,"beaufort":2,"humidity":54,"sunshine":68,"hour":13,"pollenindex":5,"windspeed":8,"sunshinepower":587,"sunpower":587},{"datetime":"2020-07-23T14:00:00","datetimeutc":"2020-07-23T12:00:00","timetype":"Hour","precipitationmm":0.0,"temperature":19.3,"feeltemperature":19.3,"cloudcover":1,"iconcode":"a","iconid":2,"sources":1,"winddirection":"NO","winddirectiondegrees":66,"windspeedms":2.63,"visibility":23000,"precipitation":0,"beaufort":2,"humidity":51,"sunshine":68,"hour":14,"pollenindex":5,"windspeed":9,"sunshinepower":14,"sunpower":14}],"datetime":"2020-07-23T00:00:00","datetimeutc":"2020-07-22T22:00:00","timetype":"Day","precipitationmm":0.0,"mintemperature":12.1,"maxtemperature":20.1,"cloudcover":25,"iconcode":"j","iconid":2,"sources":1,"winddirection":"NO","winddirectiondegrees":45,"windspeedms":1.89,"precipitation":1,"beaufort":1,"mosquitoindex":7,"pollenindex":5,"icescrapeindex":1,"mintemp":12.1,"maxtemp":20.1,"windspeed":2},{"date":"2020-07-24T00:00:00","sunrise":"2020-07-24T05:49:27","sunset":"2020-07-24T21:43:38","datetime":"2020-07-24T00:00:00","datetimeutc":"2020-07-23T22:00:00","timetype":"Day","precipitationmm":0.0,"mintemperature":14.2,"maxtemperature":21.1,"cloudcover":25,"iconcode":"j","iconid":2,"sources":1,"winddirection":"ZO","winddirectiondegrees":135,"windspeedms":1.32,"precipitation":1,"beaufort":1,"pollenindex":5,"mintemp":14.2,"maxtemp":21.1,"windspeed":1},{"date":"2020-07-25T00:00:00","sunrise":"2020-07-25T05:50:55","sunset":"2020-07-25T21:42:10","datetime":"2020-07-25T00:00:00","datetimeutc":"2020-07-24T22:00:00","timetype":"Day","precipitationmm":4.3,"mintemperature":16.2,"maxtemperature":21.2,"cloudcover":25,"iconcode":"f","iconid":16,"sources":1,"winddirection":"ZW","winddirectiondegrees":225,"windspeedms":2.94,"precipitation":68,"beaufort":2,"pollenindex":5,"mintemp":16.2,"maxtemp":21.2,"windspeed":3},{"date":"2020-07-26T00:00:00","sunrise":"2020-07-26T05:52:24","sunset":"2020-07-26T21:40:39","datetime":"2020-07-26T00:00:00","datetimeutc":"2020-07-25T22:00:00","timetype":"Day","precipitationmm":5.1,"mintemperature":16.0,"maxtemperature":19.7,"cloudcover":90,"iconcode":"q","iconid":6,"sources":1,"winddirection":"W","winddirectiondegrees":270,"windspeedms":3.51,"precipitation":85,"beaufort":2,"pollenindex":5,"mintemp":16.0,"maxtemp":19.7,"windspeed":4},{"date":"2020-07-27T00:00:00","sunrise":"2020-07-27T05:53:54","sunset":"2020-07-27T21:39:07","datetime":"2020-07-27T00:00:00","datetimeutc":"2020-07-26T22:00:00","timetype":"Day","precipitationmm":3.6,"mintemperature":15.4,"maxtemperature":19.8,"cloudcover":25,"iconcode":"f","iconid":16,"sources":1,"winddirection":"ZW","winddirectiondegrees":225,"windspeedms":3.86,"precipitation":85,"beaufort":2,"pollenindex":5,"mintemp":15.4,"maxtemp":19.8,"windspeed":4},{"date":"2020-07-28T00:00:00","sunrise":"2020-07-28T05:55:25","sunset":"2020-07-28T21:37:32","datetime":"2020-07-28T00:00:00","datetimeutc":"2020-07-27T22:00:00","timetype":"Day","precipitationmm":3.1,"mintemperature":16.0,"maxtemperature":19.7,"cloudcover":25,"iconcode":"f","iconid":16,"sources":1,"winddirection":"ZW","winddirectiondegrees":225,"windspeedms":4.34,"precipitation":57,"beaufort":3,"pollenindex":5,"mintemp":16.0,"maxtemp":19.7,"windspeed":4},{"date":"2020-07-29T00:00:00","sunrise":"2020-07-29T05:56:57","sunset":"2020-07-29T21:35:56","datetime":"2020-07-29T00:00:00","datetimeutc":"2020-07-28T22:00:00","timetype":"Day","precipitationmm":3.6,"mintemperature":15.5,"maxtemperature":19.1,"cloudcover":25,"iconcode":"f","iconid":16,"sources":1,"winddirection":"ZW","winddirectiondegrees":225,"windspeedms":4.79,"precipitation":79,"beaufort":3,"pollenindex":5,"mintemp":15.5,"maxtemp":19.1,"windspeed":5},{"date":"2020-07-30T00:00:00","sunrise":"2020-07-30T05:58:29","sunset":"2020-07-30T21:34:17","datetime":"2020-07-30T00:00:00","datetimeutc":"2020-07-29T22:00:00","timetype":"Day","precipitationmm":5.3,"mintemperature":15.5,"maxtemperature":19.1,"cloudcover":90,"iconcode":"q","iconid":14,"sources":1,"winddirection":"ZW","winddirectiondegrees":225,"windspeedms":4.15,"precipitation":80,"beaufort":3,"pollenindex":5,"mintemp":15.5,"maxtemp":19.1,"windspeed":4},{"date":"2020-07-31T00:00:00","sunrise":"2020-07-31T06:00:02","sunset":"2020-07-31T21:32:37","datetime":"2020-07-31T00:00:00","datetimeutc":"2020-07-30T22:00:00","timetype":"Day","precipitationmm":4.2,"mintemperature":15.6,"maxtemperature":20.4,"cloudcover":25,"iconcode":"f","iconid":16,"sources":1,"winddirection":"ZW","winddirectiondegrees":225,"windspeedms":3.12,"precipitation":85,"beaufort":2,"pollenindex":5,"mintemp":15.6,"maxtemp":20.4,"windspeed":3}]}