{"location":{"lat":52.37,"lon":4.89},"timeOffset":2.0,"timestamp":"2020-07-14T01:44:02","altitude":0,"elevation":0,"machinename":"None","elapsedms":0,"pollenindexNowDay":5,"pollenindexNowHour":3,"nowrelevant":{"values":[{"type":"pollenindex","value":5},{"type":"maxtemperature","value":17.1}]},"days":[{"date":"2020-07-14T00:00:00","sunrise":"2020-07-14T05:35:58","sunset":"2020-07-14T21:56:08","morning":{"datetime":"2020-07-14T07:00:00","datetimeutc":"2020-07-14T05:00:00","timetype":"Morning","precipitationmm":0.9,"mintemperature":16.7,"maxtemperature":17.0,"cloudcover":100,"iconcode":"m","iconid":18,"sources":1,"winddirection":"ZW","winddirectiondegrees":227,"windspeedms":4.1,"visibility":7660,"precipitation":68,"beaufort":3,"humidity":91,"sunshine":0,"hour":7,"mintemp":16.7,"maxtemp":17.0,"windspeed":15,"sunshinepower":75,"sunpower":75},"afternoon":{"datetime":"2020-07-14T12:00:00","datetimeutc":"2020-07-14T10:00:00","timetype":"Afternoon","precipitationmm":2.2,"mintemperature":17.0,"maxtemperature":17.1,"cloudcover":94,"iconcode":"m","iconid":33,"sources":1,"winddirection":"NW","winddirectiondegrees":300,"windspeedms":3.5,"visibility":7920,"precipitation":80,"beaufort":2,"humidity":87,"sunshine":0,"hour":12,"mintemp":17.0,"maxtemp":17.1,"windspeed":13,"sunshinepower":216,"sunpower":216},"evening":{"datetime":"2020-07-14T18:00:00","datetimeutc":"2020-07-14T16:00:00","timetype":"Evening","precipitationmm":0.1,"mintemperature":14.4,"maxtemperature":17.0,"cloudcover":55,"iconcode":"b","iconid":22,"sources":1,"winddirection":"NW","winddirectiondegrees":330,"windspeedms":3.3,"visibility":13326,"precipitation":16,"beaufort":2,"humidity":80,"sunshine":30,"hour":18,"mintemp":14.4,"maxtemp":17.0,"windspeed":12,"sunshinepower":96,"sunpower":96},"night":{"datetime":"2020-07-14T04:00:00","datetimeutc":"2020-07-14T02:00:00","timetype":"Night","precipitationmm":0.6,"mintemperature":16.6,"maxtemperature":17.1,"cloudcover":100,"iconcode":"c","iconid":22,"sources":1,"winddirection":"ZW","winddirectiondegrees":224,"windspeedms":2.8,"visibility":11833,"precipitation":48,"beaufort":2,"humidity":84,"sunshine":0,"hour":4,"mintemp":16.6,"maxtemp":17.1,"windspeed":10,"sunshinepower":2,"sunpower":2},"hours":[{"datetime":"2020-07-14T04:00:00","datetimeutc":"2020-07-14T02:00:00","timetype":"Hour","precipitationmm":0.3,"temperature":17.1,"feeltemperature":17.1,"cloudcover":100,"iconcode":"mm","iconid":22,"sources":3,"winddirection":"ZW","winddirectiondegrees":224,"windspeedms":2.9,"visibility":15460,"precipitation":21,"beaufort":2,"humidity":79,"sunshine":0,"hour":4,"pollenindex":3,"windspeed":10,"sunshinepower":0,"sunpower":0},{"datetime":"2020-07-14T05:00:00","datetimeutc":"2020-07-14T03:00:00","timetype":"Hour","precipitationmm":0.3,"temperature":16.6,"feeltemperature":16.6,"cloudcover":100,"iconcode":"mm","iconid":22,"sources":3,"winddirection":"ZW","winddirectiondegrees":230,"windspeedms":2.7,"visibility":10030,"precipitation":81,"beaufort":2,"humidity":85,"sunshine":0,"hour":5,"pollenindex":3,"windspeed":10,"sunshinepower":0,"sunpower":0},{"datetime":"2020-07-14T06:00:00","datetimeutc":"2020-07-14T04:00:00","timetype":"Hour","precipitationmm":0.0,"temperature":16.6,"feeltemperature":16.6,"cloudcover":100,"iconcode":"c","iconid":22,"sources":2,"winddirection":"ZW","winddirectiondegrees":218,"windspeedms":2.8,"visibility":10010,"precipitation":2,"beaufort":2,"humidity":88,"sunshine":0,"hour":6,"pollenindex":3,"windspeed":10,"sunshinepower":6,"sunpower":6},{"datetime":"2020-07-14T07:00:00","datetimeutc":"2020-07-14T05:00:00","timetype":"Hour","precipitationmm":0.0,"temperature":16.7,"feeltemperature":16.7,"cloudcover":100,"iconcode":"c","iconid":18,"sources":2,"winddirection":"ZW","winddirectiondegrees":219,"windspeedms":3.4,"visibility":9820,"precipitation":3,"beaufort":2,"humidity":90,"sunshine":0,"hour":7,"pollenindex":3,"windspeed":12,"sunshinepower":26,"sunpower":26},{"datetime":"2020-07-14T08:00:00","datetimeutc":"2020-07-14T06:00:00","timetype":"Hour","precipitationmm":0.0,"temperature":17.0,"feeltemperature":17.0,"cloudcover":100,"iconcode":"d","iconid":21,"sources":2,"winddirection":"ZW","winddirectiondegrees":230,"windspeedms":3.8,"visibility":820,"precipitation":3,"beaufort":2,"humidity":91,"sunshine":0,"hour":8,"pollenindex":3,"windspeed":14,"sunshinepower":52,"sunpower":52},{"datetime":"2020-07-14T09:00:00","datetimeutc":"2020-07-14T07:00:00","timetype":"Hour","precipitationmm":0.5,"temperature":17.0,"feeltemperature":17.0,"cloudcover":100,"iconcode":"m","iconid":21,"sources":2,"winddirection":"ZW","winddirectiondegrees":222,"windspeedms":4.1,"visibility":8220,"precipitation":77,"beaufort":3,"humidity":92,"sunshine":0,"hour":9,"pollenindex":3,"windspeed":15,"sunshinepower":78,"sunpower":78},{"datetime":"2020-07-14T10:00:00","datetimeutc":"2020-07-14T08:00:00","timetype":"Hour","precipitationmm":0.3,"temperature":17.0,"feeltemperature":17.0,"cloudcover":100,"iconcode":"m","iconid":33,"sources":2,"winddirection":"ZW","winddirectiondegrees":230,"windspeedms":4.5,"visibility":9620,"precipitation":82,"beaufort":3,"humidity":92,"sunshine":0,"hour":10,"pollenindex":3,"windspeed":16,"sunshinepower":98,"sunpower":98},{"datetime":"2020-07-14T11:00:00","datetimeutc":"2020-07-14T09:00:00","timetype":"Hour","precipitationmm":0.1,"temperature":17.0,"feeltemperature":17.0,"cloudcover":100,"iconcode":"m","iconid":33,"sources":2,"winddirection":"ZW","winddirectiondegrees":239,"windspeedms":4.5,"visibility":9820,"precipitation":78,"beaufort":3,"humidity":92,"sunshine":0,"hour":11,"pollenindex":3,"windspeed":16,"sunshinepower":122,"sunpower":122},{"datetime":"2020-07-14T12:00:00","datetimeutc":"2020-07-14T10:00:00","timetype":"Hour","precipitationmm":0.2,"temperature":17.0,"feeltemperature":17.0,"cloudcover":100,"iconcode":"m","iconid":33,"sources":2,"winddirection":"ZW","winddirectiondegrees":246,"windspeedms":4.3,"visibility":9620,"precipitation":83,"beaufort":3,"humidity":91,"sunshine":0,"hour":12,"pollenindex":3,"windspeed":15,"sunshinepower":151,"sunpower":151},{"datetime":"2020-07-14T13:00:00","datetimeutc":"2020-07-14T11:00:00","timetype":"Hour","precipitationmm":0.3,"temperature":17.0,"feeltemperature":17.0,"cloudcover":100,"iconcode":"m","iconid":33,"sources":2,"winddirection":"W","winddirectiondegrees":260,"windspeedms":3.6,"visibility":8820,"precipitation":81,"beaufort":2,"humidity":90,"sunshine":0,"hour":13,"pollenindex":3,"windspeed":13,"sunshinepower":174,"sunpower":174},{"datetime":"2020-07-14T14:00:00","datetimeutc":"2020-07-14T12:00:00","timetype":"Hour","precipitationmm":0.1,"temperature":17.0,"feeltemperature":17.0,"cloudcover":100,"iconcode":"m","iconid":33,"sources":2,"winddirection":"NW","winddirectiondegrees":320,"windspeedms":3.1,"visibility":220,"precipitation":79,"beaufort":2,"humidity":89,"sunshine":0,"hour":14,"pollenindex":3,"windspeed":11,"sunshinepower":206,"sunpower":206},{"datetime":"2020-07-14T15:00:00","datetimeutc":"2020-07-14T13:00:00","timetype":"Hour","precipitationmm":1.2,"temperature":17.0,"feeltemperature":17.0,"cloudcover":99,"iconcode":"m","iconid":21,"sources":2,"winddirection":"NW","winddirectiondegrees":315,"windspeedms":3.3,"visibility":8820,"precipitation":79,"beaufort":2,"humidity":87,"sunshine":0,"hour":15,"pollenindex":3,"windspeed":12,"sunshinepower":242,"sunpower":242},{"datetime":"2020-07-14T16:00:00","datetimeutc":"2020-07-14T14:00:00","timetype":"Hour","precipitationmm":0.3,"temperature":17.1,"feeltemperature":17.1,"cloudcover":90,"iconcode":"m","iconid":21,"sources":2,"winddirection":"NW","winddirectiondegrees":324,"windspeedms":3.3,"visibility":9620,"precipitation":81,"beaufort":2,"humidity":86,"sunshine":0,"hour":16,"pollenindex":3,"windspeed":12,"sunshinepower":266,"sunpower":266},{"datetime":"2020-07-14T17:00:00","datetimeutc":"2020-07-14T15:00:00","timetype":"Hour","precipitationmm":0.1,"temperature":17.0,"feeltemperature":17.0,"cloudcover":79,"iconcode":"m","iconid":22,"sources":2,"winddirection":"NW","winddirectiondegrees":330,"windspeedms":3.5,"visibility":10420,"precipitation":79,"beaufort":2,"humidity":84,"sunshine":5,"hour":17,"pollenindex":3,"windspeed":13,"sunshinepower":261,"sunpower":261},{"datetime":"2020-07-14T18:00:00","datetimeutc":"2020-07-14T16:00:00","timetype":"Hour","precipitationmm":0.1,"temperature":17.0,"feeltemperature":17.0,"cloudcover":65,"iconcode":"f","iconid":22,"sources":2,"winddirection":"NW","winddirectiondegrees":337,"windspeedms":3.8,"visibility":12420,"precipitation":76,"beaufort":2,"humidity":82,"sunshine":16,"hour":18,"pollenindex":3,"windspeed":14,"sunshinepower":229,"sunpower":229},{"datetime":"2020-07-14T19:00:00","datetimeutc":"2020-07-14T17:00:00","timetype":"Hour","precipitationmm":0.0,"temperature":16.9,"feeltemperature":16.9,"cloudcover":55,"iconcode":"b","iconid":22,"sources":2,"winddirection":"N","winddirectiondegrees":339,"windspeedms":3.9,"visibility":14020,"precipitation":0,"beaufort":2,"humidity":80,"sunshine":30,"hour":19,"pollenindex":3,"windspeed":14,"sunshinepower":184,"sunpower":184},{"datetime":"2020-07-14T20:00:00","datetimeutc":"2020-07-14T18:00:00","timetype":"Hour","precipitationmm":0.0,"temperature":16.6,"feeltemperature":16.6,"cloudcover":49,"iconcode":"j","iconid":22,"sources":2,"winddirection":"NW","winddirectiondegrees":333,"windspeedms":3.7,"visibility":17420,"precipitation":0,"beaufort":2,"humidity":78,"sunshine":41,"hour":20,"pollenindex":4,"windspeed":13,"sunshinepower":119,"sunpower":119},{"datetime":"2020-07-14T21:00:00","datetimeutc":"2020-07-14T19:00:00","timetype":"Hour","precipitationmm":0.0,"temperature":15.9,"feeltemperature":15.9,"cloudcover":50,"iconcode":"b","iconid":22,"sources":2,"winddirection":"NW","winddirectiondegrees":325,"windspeedms":3.3,"visibility":15420,"precipitation":0,"beaufort":2,"humidity":79,"sunshine":48,"hour":21,"pollenindex":3,"windspeed":12,"sunshinepower":48,"sunpower":48},{"datetime":"2020-07-14T22:00:00","datetimeutc":"2020-07-14T20:00:00","timetype":"Hour","precipitationmm":0.0,"temperature":15.1,"feeltemperature":15.1,"cloudcover":55,"iconcode":"bb","iconid":22,"sources":2,"winddirection":"NW","winddirectiondegrees":324,"windspeedms":2.8,"visibility":11020,"precipitation":0,"beaufort":2,"humidity":82,"sunshine":45,"hour":22,"pollenindex":3,"windspeed":10,"sunshinepower":0,"sunpower":0},{"datetime":"2020-07-14T23:00:00","datetimeutc":"2020-07-14T21:00:00","timetype":"Hour","precipitationmm":0.0,"temperature":14.4,"feeltemperature":14.4,"cloudcover":58,"iconcode":"bb","iconid":22,"sources":2,"winddirection":"NW","winddirectiondegrees":326,"windspeedms":2.2,"visibility":9660,"precipitation":0,"beaufort":2,"humidity":84,"sunshine":0,"hour":23,"pollenindex":3,"windspeed":8,"sunshinepower":0,"sunpower":0}],"datetime":"2020-07-14T00:00:00","datetimeutc":"2020-07-13T22:00:00","timetype":"Day","precipitationmm":5.0,"mintemperature":14.4,"maxtemperature":17.1,"cloudcover":85,"iconcode":"q","iconid":14,"sources":2,"winddirection":"ZW","winddirectiondegrees":225,"windspeedms":3.5,"visibility":10064,"precipitation":53,"beaufort":2,"humidity":86,"sunshine":9,"uvindex":2,"bbqindex":5,"mosquitoindex":6,"pollenindex":5,"icescrapeindex":1,"mintemp":14.4,"maxtemp":17.1,"windspeed":4,"sunshinepower":113,"sunpower":113},{"date":"2020-07-15T00:00:00","sunrise":"2020-07-15T05:37:12","sunset":"2020-07-15T21:55:04","morning":{"datetime":"2020-07-15T07:00:00","datetimeutc":"2020-07-15T05:00:00","timetype":"Morning","precipitationmm":0.0,"mintemperature":13.5,"maxtemperature":17.0,"cloudcover":46,"iconcode":"j","iconid":4,"sources":1,"winddirection":"N","winddirectiondegrees":2,"windspeedms":1.6,"visibility":12052,"precipitation":0,"beaufort":1,"humidity":78,"sunshine":63,"hour":7,"mintemp":13.5,"maxtemp":17.0,"windspeed":6,"sunshinepower":313,"sunpower":313},"afternoon":{"datetime":"2020-07-15T12:00:00","datetimeutc":"2020-07-15T10:00:00","timetype":"Afternoon","precipitationmm":0.0,"mintemperature":17.8,"maxtemperature":19.6,"cloudcover":91,"iconcode":"c","iconid":19,"sources":1,"winddirection":"NW","winddirectiondegrees":308,"windspeedms":2.7,"visibility":18410,"precipitation":1,"beaufort":2,"humidity":60,"sunshine":3,"hour":12,"mintemp":17.8,"maxtemp":19.6,"windspeed":10,"sunshinepower":579,"sunpower":579},"evening":{"datetime":"2020-07-15T20:00:00","datetimeutc":"2020-07-15T18:00:00","timetype":"Evening","precipitationmm":0.0,"mintemperature":15.7,"maxtemperature":18.9,"cloudcover":72,"iconcode":"r","iconid":21,"sources":1,"winddirection":"NW","winddirectiondegrees":315,"windspeedms":2.5,"visibility":17151,"precipitation":0,"beaufort":2,"humidity":70,"sunshine":22,"hour":20,"mintemp":15.7,"maxtemp":18.9,"windspeed":9,"sunshinepower":138,"sunpower":138},"night":{"datetime":"2020-07-15T00:00:00","datetimeutc":"2020-07-14T22:00:00","timetype":"Night","precipitationmm":0.0,"mintemperature":11.9,"maxtemperature":13.9,"cloudcover":49,"iconcode":"j","iconid":22,"sources":1,"winddirection":"NW","winddirectiondegrees":326,"windspeedms":1.6,"visibility":9622,"precipitation":0,"beaufort":1,"humidity":91,"sunshine":2,"hour":0,"mintemp":11.9,"maxtemp":13.9,"windspeed":6,"sunshinepower":2,"sunpower":2},"hours":[{"datetime":"2020-07-15T00:00:00","datetimeutc":"2020-07-14T22:00:00","timetype":"Hour","precipitationmm":0.0,"temperature":13.9,"feeltemperature":13.9,"cloudcover":57,"iconcode":"bb","iconid":22,"sources":2,"winddirection":"NW","winddirectiondegrees":321,"windspeedms":1.9,"visibility":10060,"precipitation":0,"beaufort":1,"humidity":86,"sunshine":0,"hour":0,"pollenindex":3,"windspeed":7,"sunshinepower":0,"sunpower":0},{"datetime":"2020-07-15T01:00:00","datetimeutc":"2020-07-14T23:00:00","timetype":"Hour","precipitationmm":0.0,"temperature":13.4,"feeltemperature":13.4,"cloudcover":55,"iconcode":"bb","iconid":22,"sources":2,"winddirection":"NW","winddirectiondegrees":317,"windspeedms":1.7,"visibility":10060,"precipitation":0,"beaufort":1,"humidity":88,"sunshine":0,"hour":1,"pollenindex":3,"windspeed":6,"sunshinepower":0,"sunpower":0},{"datetime":"2020-07-15T02:00:00","datetimeutc":"2020-07-15T00:00:00","timetype":"Hour","precipitationmm":0.0,"temperature":12.8,"feeltemperature":12.8,"cloudcover":53,"iconcode":"bb","iconid":22,"sources":2,"winddirection":"NW","winddirectiondegrees":315,"windspeedms":1.6,"visibility":9460,"precipitation":0,"beaufort":1,"humidity":91,"sunshine":0,"hour":2,"pollenindex":3,"windspeed":6,"sunshinepower":0,"sunpower":0},{"datetime":"2020-07-15T03:00:00","datetimeutc":"2020-07-15T01:00:00","timetype":"Hour","precipitationmm":0.0,"temperature":12.4,"feeltemperature":12.4,"cloudcover":53,"iconcode":"bb","iconid":7,"sources":2,"winddirection":"NW","winddirectiondegrees":313,"windspeedms":1.6,"visibility":9460,"precipitation":0,"beaufort":1,"humidity":93,"sunshine":0,"hour":3,"pollenindex":3,"windspeed":6,"sunshinepower":0,"sunpower":0},{"datetime":"2020-07-15T04:00:00","datetimeutc":"2020-07-15T02:00:00","timetype":"Hour","precipitationmm":0.0,"temperature":12.0,"feeltemperature":12.0,"cloudcover":52,"iconcode":"bb","iconid":7,"sources":2,"winddirection":"NW","winddirectiondegrees":326,"windspeedms":1.6,"visibility":9460,"precipitation":0,"beaufort":1,"humidity":94,"sunshine":0,"hour":4,"pollenindex":2,"windspeed":6,"sunshinepower":0,"sunpower":0},{"datetime":"2020-07-15T05:00:00","datetimeutc":"2020-07-15T03:00:00","timetype":"Hour","precipitationmm":0.0,"temperature":11.9,"feeltemperature":11.9,"cloudcover":47,"iconcode":"jj","iconid":7,"sources":2,"winddirection":"N","winddirectiondegrees":341,"windspeedms":1.6,"visibility":9440,"precipitation":0,"beaufort":1,"humidity":94,"sunshine":0,"hour":5,"pollenindex":2,"windspeed":6,"sunshinepower":0,"sunpower":0},{"datetime":"2020-07-15T06:00:00","datetimeutc":"2020-07-15T04:00:00","timetype":"Hour","precipitationmm":0.0,"temperature":12.5,"feeltemperature":12.5,"cloudcover":32,"iconcode":"j","iconid":4,"sources":2,"winddirection":"N","winddirectiondegrees":353,"windspeedms":1.5,"visibility":9420,"precipitation":0,"beaufort":1,"humidity":92,"sunshine":20,"hour":6,"pollenindex":3,"windspeed":5,"sunshinepower":15,"sunpower":15},{"datetime":"2020-07-15T07:00:00","datetimeutc":"2020-07-15T05:00:00","timetype":"Hour","precipitationmm":0.0,"temperature":13.5,"feeltemperature":13.5,"cloudcover":13,"iconcode":"a","iconid":4,"sources":2,"winddirection":"N","winddirectiondegrees":4,"windspeedms":1.3,"visibility":9020,"precipitation":0,"beaufort":1,"humidity":88,"sunshine":66,"hour":7,"pollenindex":3,"windspeed":5,"sunshinepower":91,"sunpower":91},{"datetime":"2020-07-15T08:00:00","datetimeutc":"2020-07-15T06:00:00","timetype":"Hour","precipitationmm":0.0,"temperature":14.7,"feeltemperature":14.7,"cloudcover":18,"iconcode":"j","iconid":4,"sources":2,"winddirection":"N","winddirectiondegrees":11,"windspeedms":1.6,"visibility":9810,"precipitation":0,"beaufort":1,"humidity":83,"sunshine":86,"hour":8,"pollenindex":3,"windspeed":6,"sunshinepower":203,"sunpower":203},{"datetime":"2020-07-15T09:00:00","datetimeutc":"2020-07-15T07:00:00","timetype":"Hour","precipitationmm":0.0,"temperature":15.5,"feeltemperature":15.5,"cloudcover":41,"iconcode":"j","iconid":19,"sources":2,"winddirection":"N","winddirectiondegrees":3,"windspeedms":2.0,"visibility":12210,"precipitation":0,"beaufort":2,"humidity":78,"sunshine":81,"hour":9,"pollenindex":4,"windspeed":7,"sunshinepower":320,"sunpower":320},{"datetime":"2020-07-15T10:00:00","datetimeutc":"2020-07-15T08:00:00","timetype":"Hour","precipitationmm":0.0,"temperature":16.2,"feeltemperature":16.2,"cloudcover":70,"iconcode":"r","iconid":22,"sources":2,"winddirection":"N","winddirectiondegrees":354,"windspeedms":1.7,"visibility":13810,"precipitation":0,"beaufort":1,"humidity":74,"sunshine":56,"hour":10,"pollenindex":4,"windspeed":6,"sunshinepower":428,"sunpower":428},{"datetime":"2020-07-15T11:00:00","datetimeutc":"2020-07-15T09:00:00","timetype":"Hour","precipitationmm":0.0,"temperature":17.0,"feeltemperature":17.0,"cloudcover":88,"iconcode":"r","iconid":19,"sources":2,"winddirection":"N","winddirectiondegrees":360,"windspeedms":1.6,"visibility":15410,"precipitation":0,"beaufort":1,"humidity":69,"sunshine":26,"hour":11,"pollenindex":4,"windspeed":6,"sunshinepower":524,"sunpower":524},{"datetime":"2020-07-15T12:00:00","datetimeutc":"2020-07-15T10:00:00","timetype":"Hour","precipitationmm":0.0,"temperature":17.8,"feeltemperature":17.8,"cloudcover":91,"iconcode":"c","iconid":19,"sources":2,"winddirection":"W","winddirectiondegrees":284,"windspeedms":1.8,"visibility":17010,"precipitation":0,"beaufort":1,"humidity":65,"sunshine":6,"hour":12,"pollenindex":4,"windspeed":6,"sunshinepower":594,"sunpower":594},{"datetime":"2020-07-15T13:00:00","datetimeutc":"2020-07-15T11:00:00","timetype":"Hour","precipitationmm":0.0,"temperature":18.6,"feeltemperature":18.6,"cloudcover":89,"iconcode":"r","iconid":22,"sources":2,"winddirection":"NW","winddirectiondegrees":310,"windspeedms":2.1,"visibility":18010,"precipitation":1,"beaufort":2,"humidity":61,"sunshine":3,"hour":13,"pollenindex":5,"windspeed":8,"sunshinepower":609,"sunpower":609},{"datetime":"2020-07-15T14:00:00","datetimeutc":"2020-07-15T12:00:00","timetype":"Hour","precipitationmm":0.0,"temperature":19.2,"feeltemperature":19.2,"cloudcover":87,"iconcode":"r","iconid":22,"sources":2,"winddirection":"NW","winddirectiondegrees":312,"windspeedms":2.6,"visibility":18210,"precipitation":1,"beaufort":2,"humidity":59,"sunshine":5,"hour":14,"pollenindex":5,"windspeed":9,"sunshinepower":611,"sunpower":611},{"datetime":"2020-07-15T15:00:00","datetimeutc":"2020-07-15T13:00:00","timetype":"Hour","precipitationmm":0.0,"temperature":19.5,"feeltemperature":19.5,"cloudcover":90,"iconcode":"c","iconid":20,"sources":2,"winddirection":"NW","winddirectiondegrees":311,"windspeedms":3.0,"visibility":18810,"precipitation":1,"beaufort":2,"humidity":58,"sunshine":6,"hour":15,"pollenindex":5,"windspeed":11,"sunshinepower":606,"sunpower":606},{"datetime":"2020-07-15T16:00:00","datetimeutc":"2020-07-15T14:00:00","timetype":"Hour","precipitationmm":0.0,"temperature":19.6,"feeltemperature":19.6,"cloudcover":94,"iconcode":"c","iconid":20,"sources":2,"winddirection":"NW","winddirectiondegrees":318,"windspeedms":3.3,"visibility":19010,"precipitation":1,"beaufort":2,"humidity":58,"sunshine":3,"hour":16,"pollenindex":5,"windspeed":12,"sunshinepower":568,"sunpower":568},{"datetime":"2020-07-15T17:00:00","datetimeutc":"2020-07-15T15:00:00","timetype":"Hour","precipitationmm":0.0,"temperature":19.3,"feeltemperature":19.3,"cloudcover":97,"iconcode":"c","iconid":20,"sources":2,"winddirection":"NW","winddirectiondegrees":318,"windspeedms":3.3,"visibility":19410,"precipitation":1,"beaufort":2,"humidity":59,"sunshine":0,"hour":17,"pollenindex":5,"windspeed":12,"sunshinepower":488,"sunpower":488},{"datetime":"2020-07-15T18:00:00","datetimeutc":"2020-07-15T16:00:00","timetype":"Hour","precipitationmm":0.0,"temperature":18.9,"feeltemperature":18.9,"cloudcover":100,"iconcode":"c","iconid":21,"sources":2,"winddirection":"NW","winddirectiondegrees":312,"windspeedms":3.4,"visibility":19410,"precipitation":0,"beaufort":2,"humidity":62,"sunshine":0,"hour":18,"pollenindex":5,"windspeed":12,"sunshinepower":373,"sunpower":373},{"datetime":"2020-07-15T19:00:00","datetimeutc":"2020-07-15T17:00:00","timetype":"Hour","precipitationmm":0.0,"temperature":18.3,"feeltemperature":18.3,"cloudcover":47,"iconcode":"j","iconid":21,"sources":2,"winddirection":"NW","winddirectiondegrees":312,"windspeedms":3.0,"visibility":19210,"precipitation":0,"beaufort":2,"humidity":65,"sunshine":0,"hour":19,"pollenindex":4,"windspeed":11,"sunshinepower":259,"sunpower":259},{"datetime":"2020-07-15T20:00:00","datetimeutc":"2020-07-15T18:00:00","timetype":"Hour","precipitationmm":0.0,"temperature":17.6,"feeltemperature":17.6,"cloudcover":48,"iconcode":"j","iconid":21,"sources":1,"winddirection":"NW","winddirectiondegrees":312,"windspeedms":2.72,"visibility":19010,"precipitation":0,"beaufort":2,"humidity":69,"sunshine":50,"hour":20,"pollenindex":4,"windspeed":10,"sunshinepower":148,"sunpower":148},{"datetime":"2020-07-15T21:00:00","datetimeutc":"2020-07-15T19:00:00","timetype":"Hour","precipitationmm":0.0,"temperature":16.9,"feeltemperature":16.9,"cloudcover":61,"iconcode":"b","iconid":21,"sources":1,"winddirection":"NW","winddirectiondegrees":319,"windspeedms":2.4,"visibility":17210,"precipitation":0,"beaufort":2,"humidity":72,"sunshine":50,"hour":21,"pollenindex":4,"windspeed":9,"sunshinepower":52,"sunpower":52},{"datetime":"2020-07-15T22:00:00","datetimeutc":"2020-07-15T20:00:00","timetype":"Hour","precipitationmm":0.0,"temperature":16.2,"feeltemperature":16.2,"cloudcover":82,"iconcode":"rr","iconid":21,"sources":1,"winddirection":"NW","winddirectiondegrees":322,"windspeedms":2.07,"visibility":14820,"precipitation":0,"beaufort":2,"humidity":76,"sunshine":33,"hour":22,"pollenindex":4,"windspeed":7,"sunshinepower":0,"sunpower":0},{"datetime":"2020-07-15T23:00:00","datetimeutc":"2020-07-15T21:00:00","timetype":"Hour","precipitationmm":0.0,"temperature":15.7,"feeltemperature":15.7,"cloudcover":98,"iconcode":"cc","iconid":20,"sources":1,"winddirection":"NW","winddirectiondegrees":319,"windspeedms":1.68,"visibility":13250,"precipitation":1,"beaufort":1,"humidity":79,"sunshine":0,"hour":23,"pollenindex":3,"windspeed":6,"sunshinepower":0,"sunpower":0}],"datetime":"2020-07-15T00:00:00","datetimeutc":"2020-07-14T22:00:00","timetype":"Day","precipitationmm":0.0,"mintemperature":11.9,"maxtemperature":19.6,"cloudcover":65,"iconcode":"b","iconid":3,"sources":2,"winddirection":"NW","winddirectiondegrees":315,"windspeedms":2.1,"visibility":14207,"precipitation":0,"beaufort":2,"humidity":75,"sunshine":20,"uvindex":5,"bbqindex":8,"mosquitoindex":7,"pollenindex":5,"icescrapeindex":1,"mintemp":11.9,"maxtemp":19.6,"windspeed":2,"sunshinepower":245,"sunpower":245},{"date":"2020-07-16T00:00:00","sunrise":"2020-07-16T05:38:28","sunset":"2020-07-16T21:53:58","hours":[{"datetime":"2020-07-16T00:00:00","datetimeutc":"2020-07-15T22:00:00","timetype":"Hour","precipitationmm":0.0,"temperature":15.4,"feeltemperature":15.4,"cloudcover":100,"iconcode":"cc","iconid":22,"sources":1,"winddirection":"NW","winddirectiondegrees":315,"windspeedms":1.44,"visibility":12460,"precipitation":1,"beaufort":1,"humidity":82,"sunshine":0,"hour":0,"pollenindex":3,"windspeed":5,"sunshinepower":0,"sunpower":0},{"datetime":"2020-07-16T01:00:00","datetimeutc":"2020-07-15T23:00:00","timetype":"Hour","precipitationmm":0.4,"temperature":15.0,"feeltemperature":15.0,"cloudcover":100,"iconcode":"mm","iconid":33,"sources":1,"winddirection":"W","winddirectiondegrees":288,"windspeedms":1.43,"visibility":12060,"precipitation":28,"beaufort":1,"humidity":85,"sunshine":0,"hour":1,"pollenindex":3,"windspeed":5,"sunshinepower":0,"sunpower":0},{"datetime":"2020-07-16T02:00:00","datetimeutc":"2020-07-16T00:00:00","timetype":"Hour","precipitationmm":0.0,"temperature":14.6,"feeltemperature":14.6,"cloudcover":100,"iconcode":"cc","iconid":22,"sources":1,"winddirection":"W","winddirectiondegrees":264,"windspeedms":1.52,"visibility":11660,"precipitation":1,"beaufort":1,"humidity":88,"sunshine":0,"hour":2,"pollenindex":3,"windspeed":5,"sunshinepower":0,"sunpower":0},{"datetime":"2020-07-16T03:00:00","datetimeutc":"2020-07-16T01:00:00","timetype":"Hour","precipitationmm":1.1,"temperature":14.3,"feeltemperature":14.3,"cloudcover":100,"iconcode":"mm","iconid":33,"sources":1,"winddirection":"ZW","winddirectiondegrees":235,"windspeedms":1.63,"visibility":11260,"precipitation":43,"beaufort":1,"humidity":91,"sunshine":0,"hour":3,"pollenindex":3,"windspeed":6,"sunshinepower":0,"sunpower":0},{"datetime":"2020-07-16T04:00:00","datetimeutc":"2020-07-16T02:00:00","timetype":"Hour","precipitationmm":1.0,"temperature":14.1,"feeltemperature":14.1,"cloudcover":100,"iconcode":"mm","iconid":33,"sources":1,"winddirection":"ZW","winddirectiondegrees":231,"windspeedms":1.7,"visibility":10850,"precipitation":44,"beaufort":1,"humidity":94,"sunshine":0,"hour":4,"pollenindex":2,"windspeed":6,"sunshinepower":0,"sunpower":0},{"datetime":"2020-07-16T05:00:00","datetimeutc":"2020-07-16T03:00:00","timetype":"Hour","precipitationmm":0.0,"temperature":14.1,"feeltemperature":14.1,"cloudcover":100,"iconcode":"cc","iconid":22,"sources":1,"winddirection":"ZW","winddirectiondegrees":210,"windspeedms":1.75,"visibility":10450,"precipitation":1,"beaufort":1,"humidity":96,"sunshine":0,"hour":5,"pollenindex":2,"windspeed":6,"sunshinepower":0,"sunpower":0},{"datetime":"2020-07-16T06:00:00","datetimeutc":"2020-07-16T04:00:00","timetype":"Hour","precipitationmm":0.0,"temperature":14.6,"feeltemperature":14.6,"cloudcover":100,"iconcode":"c","iconid":22,"sources":1,"winddirection":"Z","winddirectiondegrees":189,"windspeedms":2.01,"visibility":10020,"precipitation":1,"beaufort":2,"humidity":95,"sunshine":0,"hour":6,"pollenindex":2,"windspeed":7,"sunshinepower":4,"sunpower":4},{"datetime":"2020-07-16T07:00:00","datetimeutc":"2020-07-16T05:00:00","timetype":"Hour","precipitationmm":0.0,"temperature":15.3,"feeltemperature":15.3,"cloudcover":100,"iconcode":"c","iconid":22,"sources":1,"winddirection":"Z","winddirectiondegrees":185,"windspeedms":2.27,"visibility":9620,"precipitation":1,"beaufort":2,"humidity":92,"sunshine":0,"hour":7,"pollenindex":3,"windspeed":8,"sunshinepower":19,"sunpower":19},{"datetime":"2020-07-16T08:00:00","datetimeutc":"2020-07-16T06:00:00","timetype":"Hour","precipitationmm":0.0,"temperature":15.9,"feeltemperature":15.9,"cloudcover":100,"iconcode":"c","iconid":22,"sources":1,"winddirection":"Z","winddirectiondegrees":176,"windspeedms":2.69,"visibility":9610,"precipitation":1,"beaufort":2,"humidity":91,"sunshine":0,"hour":8,"pollenindex":3,"windspeed":10,"sunshinepower":40,"sunpower":40},{"datetime":"2020-07-16T09:00:00","datetimeutc":"2020-07-16T07:00:00","timetype":"Hour","precipitationmm":0.0,"temperature":16.2,"feeltemperature":16.2,"cloudcover":100,"iconcode":"c","iconid":20,"sources":1,"winddirection":"Z","winddirectiondegrees":182,"windspeedms":2.94,"visibility":9010,"precipitation":2,"beaufort":2,"humidity":90,"sunshine":0,"hour":9,"pollenindex":3,"windspeed":11,"sunshinepower":64,"sunpower":64},{"datetime":"2020-07-16T10:00:00","datetimeutc":"2020-07-16T08:00:00","timetype":"Hour","precipitationmm":0.0,"temperature":16.4,"feeltemperature":16.4,"cloudcover":100,"iconcode":"d","iconid":18,"sources":1,"winddirection":"Z","winddirectiondegrees":190,"windspeedms":3.21,"visibility":210,"precipitation":2,"beaufort":2,"humidity":89,"sunshine":0,"hour":10,"pollenindex":3,"windspeed":12,"sunshinepower":88,"sunpower":88},{"datetime":"2020-07-16T11:00:00","datetimeutc":"2020-07-16T09:00:00","timetype":"Hour","precipitationmm":0.0,"temperature":16.7,"feeltemperature":16.7,"cloudcover":100,"iconcode":"c","iconid":22,"sources":1,"winddirection":"W","winddirectiondegrees":261,"windspeedms":3.62,"visibility":9010,"precipitation":2,"beaufort":2,"humidity":87,"sunshine":0,"hour":11,"pollenindex":3,"windspeed":13,"sunshinepower":121,"sunpower":121},{"datetime":"2020-07-16T12:00:00","datetimeutc":"2020-07-16T10:00:00","timetype":"Hour","precipitationmm":0.0,"temperature":17.0,"feeltemperature":17.0,"cloudcover":100,"iconcode":"c","iconid":22,"sources":1,"winddirection":"NW","winddirectiondegrees":297,"windspeedms":5.1,"visibility":10210,"precipitation":2,"beaufort":3,"humidity":85,"sunshine":0,"hour":12,"pollenindex":3,"windspeed":18,"sunshinepower":161,"sunpower":161},{"datetime":"2020-07-16T13:00:00","datetimeutc":"2020-07-16T11:00:00","timetype":"Hour","precipitationmm":0.0,"temperature":17.4,"feeltemperature":17.4,"cloudcover":100,"iconcode":"c","iconid":22,"sources":1,"winddirection":"NW","winddirectiondegrees":301,"windspeedms":4.84,"visibility":10410,"precipitation":1,"beaufort":3,"humidity":83,"sunshine":0,"hour":13,"pollenindex":3,"windspeed":17,"sunshinepower":192,"sunpower":192},{"datetime":"2020-07-16T14:00:00","datetimeutc":"2020-07-16T12:00:00","timetype":"Hour","precipitationmm":0.0,"temperature":17.6,"feeltemperature":17.6,"cloudcover":100,"iconcode":"c","iconid":22,"sources":1,"winddirection":"NW","winddirectiondegrees":303,"windspeedms":4.81,"visibility":11410,"precipitation":2,"beaufort":3,"humidity":82,"sunshine":0,"hour":14,"pollenindex":3,"windspeed":17,"sunshinepower":228,"sunpower":228},{"datetime":"2020-07-16T15:00:00","datetimeutc":"2020-07-16T13:00:00","timetype":"Hour","precipitationmm":0.0,"temperature":17.7,"feeltemperature":17.7,"cloudcover":100,"iconcode":"c","iconid":22,"sources":1,"winddirection":"NW","winddirectiondegrees":303,"windspeedms":5.03,"visibility":10810,"precipitation":1,"beaufort":3,"humidity":81,"sunshine":0,"hour":15,"pollenindex":3,"windspeed":18,"sunshinepower":273,"sunpower":273},{"datetime":"2020-07-16T16:00:00","datetimeutc":"2020-07-16T14:00:00","timetype":"Hour","precipitationmm":0.0,"temperature":17.8,"feeltemperature":17.8,"cloudcover":100,"iconcode":"c","iconid":22,"sources":1,"winddirection":"NW","winddirectiondegrees":306,"windspeedms":5.13,"visibility":11610,"precipitation":1,"beaufort":3,"humidity":81,"sunshine":0,"hour":16,"pollenindex":3,"windspeed":18,"sunshinepower":302,"sunpower":302},{"datetime":"2020-07-16T17:00:00","datetimeutc":"2020-07-16T15:00:00","timetype":"Hour","precipitationmm":0.0,"temperature":17.8,"feeltemperature":17.8,"cloudcover":100,"iconcode":"c","iconid":22,"sources":1,"winddirection":"NW","winddirectiondegrees":306,"windspeedms":5.15,"visibility":12000,"precipitation":1,"beaufort":3,"humidity":80,"sunshine":0,"hour":17,"pollenindex":3,"windspeed":19,"sunshinepower":294,"sunpower":294},{"datetime":"2020-07-16T18:00:00","datetimeutc":"2020-07-16T16:00:00","timetype":"Hour","precipitationmm":0.0,"temperature":17.6,"feeltemperature":17.6,"cloudcover":100,"iconcode":"c","iconid":19,"sources":1,"winddirection":"NW","winddirectiondegrees":306,"windspeedms":4.96,"visibility":12000,"precipitation":1,"beaufort":3,"humidity":80,"sunshine":0,"hour":18,"pollenindex":3,"windspeed":18,"sunshinepower":251,"sunpower":251},{"datetime":"2020-07-16T19:00:00","datetimeutc":"2020-07-16T17:00:00","timetype":"Hour","precipitationmm":0.0,"temperature":17.4,"feeltemperature":17.4,"cloudcover":100,"iconcode":"c","iconid":22,"sources":1,"winddirection":"NW","winddirectiondegrees":302,"windspeedms":4.68,"visibility":11400,"precipitation":0,"beaufort":3,"humidity":81,"sunshine":0,"hour":19,"pollenindex":3,"windspeed":17,"sunshinepower":193,"sunpower":193},{"datetime":"2020-07-16T20:00:00","datetimeutc":"2020-07-16T18:00:00","timetype":"Hour","precipitationmm":0.0,"temperature":17.1,"feeltemperature":17.1,"cloudcover":100,"iconcode":"c","iconid":22,"sources":1,"winddirection":"NW","winddirectiondegrees":304,"windspeedms":4.29,"visibility":11200,"precipitation":0,"beaufort":3,"humidity":82,"sunshine":0,"hour":20,"pollenindex":3,"windspeed":15,"sunshinepower":120,"sunpower":120},{"datetime":"2020-07-16T21:00:00","datetimeutc":"2020-07-16T19:00:00","timetype":"Hour","precipitationmm":0.0,"temperature":16.6,"feeltemperature":16.6,"cloudcover":100,"iconcode":"c","iconid":22,"sources":1,"winddirection":"NW","winddirectiondegrees":308,"windspeedms":3.78,"visibility":10810,"precipitation":0,"beaufort":2,"humidity":84,"sunshine":0,"hour":21,"pollenindex":3,"windspeed":14,"sunshinepower":43,"sunpower":43},{"datetime":"2020-07-16T22:00:00","datetimeutc":"2020-07-16T20:00:00","timetype":"Hour","precipitationmm":0.0,"temperature":16.1,"feeltemperature":16.1,"cloudcover":100,"iconcode":"cc","iconid":22,"sources":1,"winddirection":"NW","winddirectiondegrees":307,"windspeedms":3.01,"visibility":10210,"precipitation":0,"beaufort":2,"humidity":86,"sunshine":0,"hour":22,"pollenindex":3,"windspeed":11,"sunshinepower":0,"sunpower":0},{"datetime":"2020-07-16T23:00:00","datetimeutc":"2020-07-16T21:00:00","timetype":"Hour","precipitationmm":0.0,"temperature":15.7,"feeltemperature":15.7,"cloudcover":100,"iconcode":"cc","iconid":22,"sources":1,"winddirection":"NW","winddirectiondegrees":306,"windspeedms":2.64,"visibility":9610,"precipitation":0,"beaufort":2,"humidity":88,"sunshine":0,"hour":23,"pollenindex":3,"windspeed":10,"sunshinepower":0,"sunpower":0}],"datetime":"2020-07-16T00:00:00","datetimeutc":"2020-07-15T22:00:00","timetype":"Day","precipitationmm":2.5,"mintemperature":14.1,"maxtemperature":17.8,"cloudcover":90,"iconcode":"m","iconid":12,"sources":1,"winddirection":"NW","winddirectiondegrees":315,"windspeedms":3.32,"precipitation":52,"beaufort":2,"uvindex":2,"bbqindex":7,"mosquitoindex":8,"pollenindex":5,"icescrapeindex":1,"mintemp":14.1,"maxtemp":17.8,"windspeed":3},{"date":"2020-07-17T00:00:00","sunrise":"2020-07-17T05:39:45","sunset":"2020-07-17T21:52:49","hours":[{"datetime":"2020-07-17T00:00:00","datetimeutc":"2020-07-16T22:00:00","timetype":"Hour","precipitationmm":0.0,"temperature":15.4,"feeltemperature":15.4,"cloudcover":100,"iconcode":"cc","iconid":22,"sources":1,"winddirection":"NW","winddirectiondegrees":302,"windspeedms":2.44,"visibility":9220,"precipitation":0,"beaufort":2,"humidity":90,"sunshine":0,"hour":0,"pollenindex":3,"windspeed":9,"sunshinepower":0,"sunpower":0},{"datetime":"2020-07-17T01:00:00","datetimeutc":"2020-07-16T23:00:00","timetype":"Hour","precipitationmm":0.0,"temperature":15.1,"feeltemperature":15.1,"cloudcover":100,"iconcode":"cc","iconid":20,"sources":1,"winddirection":"NW","winddirectiondegrees":300,"windspeedms":2.24,"visibility":8620,"precipitation":0,"beaufort":2,"humidity":92,"sunshine":0,"hour":1,"pollenindex":3,"windspeed":8,"sunshinepower":0,"sunpower":0},{"datetime":"2020-07-17T02:00:00","datetimeutc":"2020-07-17T00:00:00","timetype":"Hour","precipitationmm":0.0,"temperature":14.8,"feeltemperature":14.8,"cloudcover":100,"iconcode":"dd","iconid":16,"sources":1,"winddirection":"NW","winddirectiondegrees":299,"windspeedms":1.97,"visibility":410,"precipitation":0,"beaufort":1,"humidity":94,"sunshine":0,"hour":2,"pollenindex":2,"windspeed":7,"sunshinepower":0,"sunpower":0},{"datetime":"2020-07-17T03:00:00","datetimeutc":"2020-07-17T01:00:00","timetype":"Hour","precipitationmm":0.0,"temperature":14.4,"feeltemperature":14.4,"cloudcover":100,"iconcode":"dd","iconid":16,"sources":1,"winddirection":"NW","winddirectiondegrees":293,"windspeedms":1.71,"visibility":210,"precipitation":0,"beaufort":1,"humidity":97,"sunshine":0,"hour":3,"pollenindex":2,"windspeed":6,"sunshinepower":0,"sunpower":0},{"datetime":"2020-07-17T04:00:00","datetimeutc":"2020-07-17T02:00:00","timetype":"Hour","precipitationmm":0.0,"temperature":14.2,"feeltemperature":14.2,"cloudcover":100,"iconcode":"dd","iconid":22,"sources":1,"winddirection":"W","winddirectiondegrees":286,"windspeedms":1.52,"visibility":210,"precipitation":0,"beaufort":1,"humidity":98,"sunshine":0,"hour":4,"pollenindex":2,"windspeed":5,"sunshinepower":0,"sunpower":0},{"datetime":"2020-07-17T05:00:00","datetimeutc":"2020-07-17T03:00:00","timetype":"Hour","precipitationmm":0.0,"temperature":14.3,"feeltemperature":14.3,"cloudcover":100,"iconcode":"dd","iconid":22,"sources":1,"winddirection":"W","winddirectiondegrees":270,"windspeedms":1.23,"visibility":410,"precipitation":0,"beaufort":1,"humidity":99,"sunshine":0,"hour":5,"pollenindex":2,"windspeed":4,"sunshinepower":0,"sunpower":0},{"datetime":"2020-07-17T06:00:00","datetimeutc":"2020-07-17T04:00:00","timetype":"Hour","precipitationmm":0.0,"temperature":14.7,"feeltemperature":14.7,"cloudcover":100,"iconcode":"c","iconid":22,"sources":1,"winddirection":"ZW","winddirectiondegrees":221,"windspeedms":1.06,"visibility":8400,"precipitation":0,"beaufort":1,"humidity":98,"sunshine":0,"hour":6,"pollenindex":2,"windspeed":4,"sunshinepower":7,"sunpower":7},{"datetime":"2020-07-17T07:00:00","datetimeutc":"2020-07-17T05:00:00","timetype":"Hour","precipitationmm":0.0,"temperature":15.5,"feeltemperature":15.5,"cloudcover":100,"iconcode":"c","iconid":22,"sources":1,"winddirection":"Z","winddirectiondegrees":201,"windspeedms":1.23,"visibility":9000,"precipitation":0,"beaufort":1,"humidity":95,"sunshine":0,"hour":7,"pollenindex":2,"windspeed":4,"sunshinepower":48,"sunpower":48},{"datetime":"2020-07-17T08:00:00","datetimeutc":"2020-07-17T06:00:00","timetype":"Hour","precipitationmm":0.0,"temperature":16.2,"feeltemperature":16.2,"cloudcover":100,"iconcode":"c","iconid":19,"sources":1,"winddirection":"Z","winddirectiondegrees":189,"windspeedms":1.47,"visibility":9200,"precipitation":0,"beaufort":1,"humidity":92,"sunshine":0,"hour":8,"pollenindex":3,"windspeed":5,"sunshinepower":112,"sunpower":112},{"datetime":"2020-07-17T09:00:00","datetimeutc":"2020-07-17T07:00:00","timetype":"Hour","precipitationmm":0.0,"temperature":16.8,"feeltemperature":16.8,"cloudcover":100,"iconcode":"c","iconid":22,"sources":1,"winddirection":"Z","winddirectiondegrees":184,"windspeedms":1.89,"visibility":9400,"precipitation":0,"beaufort":1,"humidity":90,"sunshine":0,"hour":9,"pollenindex":3,"windspeed":7,"sunshinepower":185,"sunpower":185},{"datetime":"2020-07-17T10:00:00","datetimeutc":"2020-07-17T08:00:00","timetype":"Hour","precipitationmm":0.0,"temperature":17.4,"feeltemperature":17.4,"cloudcover":100,"iconcode":"c","iconid":22,"sources":1,"winddirection":"Z","winddirectiondegrees":184,"windspeedms":2.02,"visibility":9000,"precipitation":0,"beaufort":2,"humidity":86,"sunshine":0,"hour":10,"pollenindex":3,"windspeed":7,"sunshinepower":264,"sunpower":264},{"datetime":"2020-07-17T11:00:00","datetimeutc":"2020-07-17T09:00:00","timetype":"Hour","precipitationmm":0.0,"temperature":18.2,"feeltemperature":18.2,"cloudcover":100,"iconcode":"c","iconid":22,"sources":1,"winddirection":"Z","winddirectiondegrees":191,"windspeedms":2.12,"visibility":9200,"precipitation":0,"beaufort":2,"humidity":82,"sunshine":0,"hour":11,"pollenindex":3,"windspeed":8,"sunshinepower":347,"sunpower":347},{"datetime":"2020-07-17T12:00:00","datetimeutc":"2020-07-17T10:00:00","timetype":"Hour","precipitationmm":0.0,"temperature":19.2,"feeltemperature":19.2,"cloudcover":100,"iconcode":"c","iconid":22,"sources":1,"winddirection":"ZW","winddirectiondegrees":207,"windspeedms":2.36,"visibility":10000,"precipitation":0,"beaufort":2,"humidity":78,"sunshine":0,"hour":12,"pollenindex":3,"windspeed":8,"sunshinepower":424,"sunpower":424},{"datetime":"2020-07-17T13:00:00","datetimeutc":"2020-07-17T11:00:00","timetype":"Hour","precipitationmm":0.0,"temperature":20.3,"feeltemperature":20.3,"cloudcover":100,"iconcode":"c","iconid":19,"sources":1,"winddirection":"ZW","winddirectiondegrees":226,"windspeedms":2.41,"visibility":12000,"precipitation":0,"beaufort":2,"humidity":73,"sunshine":0,"hour":13,"pollenindex":4,"windspeed":9,"sunshinepower":468,"sunpower":468},{"datetime":"2020-07-17T14:00:00","datetimeutc":"2020-07-17T12:00:00","timetype":"Hour","precipitationmm":0.0,"temperature":21.2,"feeltemperature":21.2,"cloudcover":100,"iconcode":"c","iconid":19,"sources":1,"winddirection":"W","winddirectiondegrees":253,"windspeedms":2.49,"visibility":15200,"precipitation":0,"beaufort":2,"humidity":69,"sunshine":0,"hour":14,"pollenindex":4,"windspeed":9,"sunshinepower":496,"sunpower":496},{"datetime":"2020-07-17T15:00:00","datetimeutc":"2020-07-17T13:00:00","timetype":"Hour","precipitationmm":0.0,"temperature":21.8,"feeltemperature":21.8,"cloudcover":100,"iconcode":"c","iconid":19,"sources":1,"winddirection":"W","winddirectiondegrees":268,"windspeedms":2.84,"visibility":16000,"precipitation":0,"beaufort":2,"humidity":68,"sunshine":0,"hour":15,"pollenindex":4,"windspeed":10,"sunshinepower":520,"sunpower":520},{"datetime":"2020-07-17T16:00:00","datetimeutc":"2020-07-17T14:00:00","timetype":"Hour","precipitationmm":0.0,"temperature":22.0,"feeltemperature":24.2,"cloudcover":100,"iconcode":"c","iconid":19,"sources":1,"winddirection":"W","winddirectiondegrees":268,"windspeedms":2.84,"visibility":16600,"precipitation":0,"beaufort":2,"humidity":67,"sunshine":0,"hour":16,"pollenindex":4,"windspeed":10,"sunshinepower":510,"sunpower":510},{"datetime":"2020-07-17T17:00:00","datetimeutc":"2020-07-17T15:00:00","timetype":"Hour","precipitationmm":0.0,"temperature":22.0,"feeltemperature":22.0,"cloudcover":100,"iconcode":"c","iconid":19,"sources":1,"winddirection":"W","winddirectiondegrees":264,"windspeedms":2.63,"visibility":17800,"precipitation":0,"beaufort":2,"humidity":67,"sunshine":0,"hour":17,"pollenindex":4,"windspeed":9,"sunshinepower":464,"sunpower":464},{"datetime":"2020-07-17T18:00:00","datetimeutc":"2020-07-17T16:00:00","timetype":"Hour","precipitationmm":0.0,"temperature":21.8,"feeltemperature":21.8,"cloudcover":99,"iconcode":"c","iconid":19,"sources":1,"winddirection":"W","winddirectiondegrees":262,"windspeedms":2.37,"visibility":18200,"precipitation":0,"beaufort":2,"humidity":68,"sunshine":0,"hour":18,"pollenindex":4,"windspeed":9,"sunshinepower":383,"sunpower":383},{"datetime":"2020-07-17T19:00:00","datetimeutc":"2020-07-17T17:00:00","timetype":"Hour","precipitationmm":0.0,"temperature":21.5,"feeltemperature":21.5,"cloudcover":88,"iconcode":"r","iconid":19,"sources":1,"winddirection":"W","winddirectiondegrees":256,"windspeedms":1.91,"visibility":18210,"precipitation":0,"beaufort":1,"humidity":70,"sunshine":0,"hour":19,"pollenindex":4,"windspeed":7,"sunshinepower":281,"sunpower":281},{"datetime":"2020-07-17T20:00:00","datetimeutc":"2020-07-17T18:00:00","timetype":"Hour","precipitationmm":0.0,"temperature":21.0,"feeltemperature":21.0,"cloudcover":75,"iconcode":"r","iconid":19,"sources":1,"winddirection":"ZW","winddirectiondegrees":245,"windspeedms":1.62,"visibility":17800,"precipitation":0,"beaufort":1,"humidity":74,"sunshine":6,"hour":20,"pollenindex":4,"windspeed":6,"sunshinepower":167,"sunpower":167},{"datetime":"2020-07-17T21:00:00","datetimeutc":"2020-07-17T19:00:00","timetype":"Hour","precipitationmm":0.0,"temperature":20.3,"feeltemperature":20.3,"cloudcover":62,"iconcode":"b","iconid":19,"sources":1,"winddirection":"ZW","winddirectiondegrees":229,"windspeedms":1.07,"visibility":17210,"precipitation":0,"beaufort":1,"humidity":76,"sunshine":20,"hour":21,"pollenindex":4,"windspeed":4,"sunshinepower":60,"sunpower":60},{"datetime":"2020-07-17T22:00:00","datetimeutc":"2020-07-17T20:00:00","timetype":"Hour","precipitationmm":0.0,"temperature":19.4,"feeltemperature":19.4,"cloudcover":49,"iconcode":"jj","iconid":19,"sources":1,"winddirection":"Z","winddirectiondegrees":175,"windspeedms":0.84,"visibility":16010,"precipitation":0,"beaufort":0,"humidity":80,"sunshine":31,"hour":22,"pollenindex":3,"windspeed":3,"sunshinepower":0,"sunpower":0},{"datetime":"2020-07-17T23:00:00","datetimeutc":"2020-07-17T21:00:00","timetype":"Hour","precipitationmm":0.0,"temperature":18.6,"feeltemperature":18.6,"cloudcover":42,"iconcode":"jj","iconid":19,"sources":1,"winddirection":"ZO","winddirectiondegrees":156,"windspeedms":1.24,"visibility":14610,"precipitation":0,"beaufort":1,"humidity":84,"sunshine":0,"hour":23,"pollenindex":3,"windspeed":4,"sunshinepower":0,"sunpower":0}],"datetime":"2020-07-17T00:00:00","datetimeutc":"2020-07-16T22:00:00","timetype":"Day","precipitationmm":0.0,"mintemperature":14.2,"maxtemperature":22.0,"cloudcover":90,"iconcode":"c","iconid":4,"sources":1,"winddirection":"W","winddirectiondegrees":270,"windspeedms":1.9,"precipitation":0,"beaufort":1,"uvindex":5,"bbqindex":8,"mosquitoindex":8,"pollenindex":5,"icescrapeindex":1,"mintemp":14.2,"maxtemp":22.0,"windspeed":2},{"date":"2020-07-18T00:00:00","sunrise":"2020-07-18T05:41:04","sunset":"2020-07-18T21:51:38","hours":[{"datetime":"2020-07-18T00:00:00","datetimeutc":"2020-07-17T22:00:00","timetype":"Hour","precipitationmm":0.0,"temperature":17.9,"feeltemperature":17.9,"cloudcover":44,"iconcode":"jj","iconid":19,"sources":1,"winddirection":"Z","winddirectiondegrees":164,"windspeedms":1.88,"visibility":12810,"precipitation":0,"beaufort":1,"humidity":87,"sunshine":0,"hour":0,"pollenindex":3,"windspeed":7,"sunshinepower":0,"sunpower":0},{"datetime":"2020-07-18T01:00:00","datetimeutc":"2020-07-17T23:00:00","timetype":"Hour","precipitationmm":0.0,"temperature":17.2,"feeltemperature":17.2,"cloudcover":52,"iconcode":"bb","iconid":20,"sources":1,"winddirection":"Z","winddirectiondegrees":175,"windspeedms":2.62,"visibility":10020,"precipitation":0,"beaufort":2,"humidity":91,"sunshine":0,"hour":1,"pollenindex":3,"windspeed":9,"sunshinepower":0,"sunpower":0},{"datetime":"2020-07-18T02:00:00","datetimeutc":"2020-07-18T00:00:00","timetype":"Hour","precipitationmm":0.0,"temperature":16.6,"feeltemperature":16.6,"cloudcover":60,"iconcode":"bb","iconid":20,"sources":1,"winddirection":"Z","winddirectiondegrees":180,"windspeedms":3.12,"visibility":10010,"precipitation":0,"beaufort":2,"humidity":94,"sunshine":0,"hour":2,"pollenindex":2,"windspeed":11,"sunshinepower":0,"sunpower":0},{"datetime":"2020-07-18T03:00:00","datetimeutc":"2020-07-18T01:00:00","timetype":"Hour","precipitationmm":0.0,"temperature":16.2,"feeltemperature":16.2,"cloudcover":63,"iconcode":"bb","iconid":19,"sources":1,"winddirection":"Z","winddirectiondegrees":181,"windspeedms":3.06,"visibility":10010,"precipitation":0,"beaufort":2,"humidity":96,"sunshine":0,"hour":3,"pollenindex":2,"windspeed":11,"sunshinepower":0,"sunpower":0},{"datetime":"2020-07-18T04:00:00","datetimeutc":"2020-07-18T02:00:00","timetype":"Hour","precipitationmm":0.0,"temperature":15.8,"feeltemperature":15.8,"cloudcover":66,"iconcode":"bb","iconid":7,"sources":1,"winddirection":"Z","winddirectiondegrees":181,"windspeedms":2.96,"visibility":10010,"precipitation":0,"beaufort":2,"humidity":97,"sunshine":0,"hour":4,"pollenindex":2,"windspeed":11,"sunshinepower":0,"sunpower":0},{"datetime":"2020-07-18T05:00:00","datetimeutc":"2020-07-18T03:00:00","timetype":"Hour","precipitationmm":0.0,"temperature":15.6,"feeltemperature":15.6,"cloudcover":70,"iconcode":"rr","iconid":7,"sources":1,"winddirection":"Z","winddirectiondegrees":181,"windspeedms":2.97,"visibility":10000,"precipitation":0,"beaufort":2,"humidity":98,"sunshine":0,"hour":5,"pollenindex":2,"windspeed":11,"sunshinepower":0,"sunpower":0},{"datetime":"2020-07-18T06:00:00","datetimeutc":"2020-07-18T04:00:00","timetype":"Hour","precipitationmm":0.0,"temperature":15.8,"feeltemperature":15.8,"cloudcover":76,"iconcode":"r","iconid":20,"sources":1,"winddirection":"Z","winddirectiondegrees":181,"windspeedms":2.98,"visibility":10000,"precipitation":0,"beaufort":2,"humidity":97,"sunshine":8,"hour":6,"pollenindex":2,"windspeed":11,"sunshinepower":15,"sunpower":15},{"datetime":"2020-07-18T07:00:00","datetimeutc":"2020-07-18T05:00:00","timetype":"Hour","precipitationmm":0.0,"temperature":16.6,"feeltemperature":16.6,"cloudcover":82,"iconcode":"r","iconid":20,"sources":1,"winddirection":"Z","winddirectiondegrees":190,"windspeedms":3.29,"visibility":9000,"precipitation":0,"beaufort":2,"humidity":94,"sunshine":20,"hour":7,"pollenindex":2,"windspeed":12,"sunshinepower":92,"sunpower":92},{"datetime":"2020-07-18T08:00:00","datetimeutc":"2020-07-18T06:00:00","timetype":"Hour","precipitationmm":0.0,"temperature":17.8,"feeltemperature":17.8,"cloudcover":83,"iconcode":"r","iconid":21,"sources":1,"winddirection":"ZW","winddirectiondegrees":209,"windspeedms":3.54,"visibility":9400,"precipitation":0,"beaufort":2,"humidity":90,"sunshine":11,"hour":8,"pollenindex":3,"windspeed":13,"sunshinepower":207,"sunpower":207},{"datetime":"2020-07-18T09:00:00","datetimeutc":"2020-07-18T07:00:00","timetype":"Hour","precipitationmm":0.0,"temperature":19.0,"feeltemperature":19.0,"cloudcover":72,"iconcode":"r","iconid":21,"sources":1,"winddirection":"ZW","winddirectiondegrees":224,"windspeedms":3.96,"visibility":11000,"precipitation":0,"beaufort":2,"humidity":86,"sunshine":11,"hour":9,"pollenindex":3,"windspeed":14,"sunshinepower":327,"sunpower":327},{"datetime":"2020-07-18T10:00:00","datetimeutc":"2020-07-18T08:00:00","timetype":"Hour","precipitationmm":0.0,"temperature":20.1,"feeltemperature":20.1,"cloudcover":55,"iconcode":"b","iconid":21,"sources":1,"winddirection":"ZW","winddirectiondegrees":227,"windspeedms":4.35,"visibility":12200,"precipitation":0,"beaufort":3,"humidity":80,"sunshine":23,"hour":10,"pollenindex":3,"windspeed":16,"sunshinepower":434,"sunpower":434},{"datetime":"2020-07-18T11:00:00","datetimeutc":"2020-07-18T09:00:00","timetype":"Hour","precipitationmm":0.0,"temperature":21.3,"feeltemperature":21.3,"cloudcover":44,"iconcode":"j","iconid":21,"sources":1,"winddirection":"ZW","winddirectiondegrees":234,"windspeedms":4.73,"visibility":13000,"precipitation":0,"beaufort":3,"humidity":73,"sunshine":41,"hour":11,"pollenindex":4,"windspeed":17,"sunshinepower":533,"sunpower":533},{"datetime":"2020-07-18T12:00:00","datetimeutc":"2020-07-18T10:00:00","timetype":"Hour","precipitationmm":0.0,"temperature":22.5,"feeltemperature":24.4,"cloudcover":44,"iconcode":"j","iconid":21,"sources":1,"winddirection":"ZW","winddirectiondegrees":243,"windspeedms":4.89,"visibility":14400,"precipitation":0,"beaufort":3,"humidity":67,"sunshine":53,"hour":12,"pollenindex":4,"windspeed":18,"sunshinepower":619,"sunpower":619},{"datetime":"2020-07-18T13:00:00","datetimeutc":"2020-07-18T11:00:00","timetype":"Hour","precipitationmm":0.0,"temperature":23.2,"feeltemperature":25.0,"cloudcover":50,"iconcode":"b","iconid":9,"sources":1,"winddirection":"W","winddirectiondegrees":251,"windspeedms":4.92,"visibility":15800,"precipitation":0,"beaufort":3,"humidity":63,"sunshine":53,"hour":13,"pollenindex":4,"windspeed":18,"sunshinepower":674,"sunpower":674},{"datetime":"2020-07-18T14:00:00","datetimeutc":"2020-07-18T12:00:00","timetype":"Hour","precipitationmm":0.0,"temperature":23.8,"feeltemperature":25.4,"cloudcover":54,"iconcode":"b","iconid":9,"sources":1,"winddirection":"W","winddirectiondegrees":258,"windspeedms":4.96,"visibility":16800,"precipitation":0,"beaufort":3,"humidity":61,"sunshine":46,"hour":14,"pollenindex":4,"windspeed":18,"sunshinepower":695,"sunpower":695},{"datetime":"2020-07-18T15:00:00","datetimeutc":"2020-07-18T13:00:00","timetype":"Hour","precipitationmm":0.0,"temperature":23.8,"feeltemperature":25.5,"cloudcover":53,"iconcode":"b","iconid":9,"sources":1,"winddirection":"W","winddirectiondegrees":262,"windspeedms":5.16,"visibility":16200,"precipitation":0,"beaufort":3,"humidity":60,"sunshine":43,"hour":15,"pollenindex":4,"windspeed":19,"sunshinepower":680,"sunpower":680},{"datetime":"2020-07-18T16:00:00","datetimeutc":"2020-07-18T14:00:00","timetype":"Hour","precipitationmm":0.0,"temperature":23.7,"feeltemperature":25.3,"cloudcover":49,"iconcode":"j","iconid":9,"sources":1,"winddirection":"W","winddirectiondegrees":266,"windspeedms":4.98,"visibility":15000,"precipitation":0,"beaufort":3,"humidity":61,"sunshine":43,"hour":16,"pollenindex":4,"windspeed":18,"sunshinepower":633,"sunpower":633},{"datetime":"2020-07-18T17:00:00","datetimeutc":"2020-07-18T15:00:00","timetype":"Hour","precipitationmm":0.0,"temperature":23.1,"feeltemperature":25.0,"cloudcover":44,"iconcode":"j","iconid":9,"sources":1,"winddirection":"W","winddirectiondegrees":270,"windspeedms":4.74,"visibility":14000,"precipitation":0,"beaufort":3,"humidity":62,"sunshine":48,"hour":17,"pollenindex":4,"windspeed":17,"sunshinepower":553,"sunpower":553},{"datetime":"2020-07-18T18:00:00","datetimeutc":"2020-07-18T16:00:00","timetype":"Hour","precipitationmm":0.0,"temperature":22.4,"feeltemperature":24.5,"cloudcover":35,"iconcode":"j","iconid":8,"sources":1,"winddirection":"W","winddirectiondegrees":275,"windspeedms":4.29,"visibility":12800,"precipitation":0,"beaufort":3,"humidity":65,"sunshine":53,"hour":18,"pollenindex":4,"windspeed":15,"sunshinepower":445,"sunpower":445},{"datetime":"2020-07-18T19:00:00","datetimeutc":"2020-07-18T17:00:00","timetype":"Hour","precipitationmm":0.0,"temperature":21.5,"feeltemperature":21.5,"cloudcover":30,"iconcode":"j","iconid":8,"sources":1,"winddirection":"W","winddirectiondegrees":279,"windspeedms":3.69,"visibility":11800,"precipitation":0,"beaufort":2,"humidity":69,"sunshine":61,"hour":19,"pollenindex":4,"windspeed":13,"sunshinepower":322,"sunpower":322},{"datetime":"2020-07-18T20:00:00","datetimeutc":"2020-07-18T18:00:00","timetype":"Hour","precipitationmm":0.0,"temperature":20.4,"feeltemperature":20.4,"cloudcover":30,"iconcode":"j","iconid":7,"sources":1,"winddirection":"W","winddirectiondegrees":285,"windspeedms":2.99,"visibility":11200,"precipitation":0,"beaufort":2,"humidity":74,"sunshine":68,"hour":20,"pollenindex":4,"windspeed":11,"sunshinepower":188,"sunpower":188},{"datetime":"2020-07-18T21:00:00","datetimeutc":"2020-07-18T19:00:00","timetype":"Hour","precipitationmm":0.0,"temperature":19.1,"feeltemperature":19.1,"cloudcover":30,"iconcode":"j","iconid":19,"sources":1,"winddirection":"W","winddirectiondegrees":282,"windspeedms":2.2,"visibility":10400,"precipitation":0,"beaufort":2,"humidity":79,"sunshine":68,"hour":21,"pollenindex":3,"windspeed":8,"sunshinepower":64,"sunpower":64},{"datetime":"2020-07-18T22:00:00","datetimeutc":"2020-07-18T20:00:00","timetype":"Hour","precipitationmm":0.0,"temperature":17.9,"feeltemperature":17.9,"cloudcover":30,"iconcode":"jj","iconid":8,"sources":1,"winddirection":"W","winddirectiondegrees":279,"windspeedms":1.7,"visibility":9810,"precipitation":0,"beaufort":1,"humidity":85,"sunshine":61,"hour":22,"pollenindex":3,"windspeed":6,"sunshinepower":0,"sunpower":0},{"datetime":"2020-07-18T23:00:00","datetimeutc":"2020-07-18T21:00:00","timetype":"Hour","precipitationmm":0.0,"temperature":17.1,"feeltemperature":17.1,"cloudcover":30,"iconcode":"jj","iconid":5,"sources":1,"winddirection":"W","winddirectiondegrees":281,"windspeedms":1.53,"visibility":9410,"precipitation":0,"beaufort":1,"humidity":89,"sunshine":0,"hour":23,"pollenindex":3,"windspeed":6,"sunshinepower":0,"sunpower":0}],"datetime":"2020-07-18T00:00:00","datetimeutc":"2020-07-17T22:00:00","timetype":"Day","precipitationmm":0.0,"mintemperature":15.6,"maxtemperature":23.8,"cloudcover":75,"iconcode":"r","iconid":3,"sources":1,"winddirection":"W","winddirectiondegrees":270,"windspeedms":3.56,"precipitation":0,"beaufort":2,"uvindex":6,"bbqindex":8,"mosquitoindex":7,"pollenindex":5,"icescrapeindex":1,"mintemp":15.6,"maxtemp":23.8,"windspeed":4},{"date":"2020-07-19T00:00:00","sunrise":"2020-07-19T05:42:25","sunset":"2020-07-19T21:50:24","hours":[{"datetime":"2020-07-19T00:00:00","datetimeutc":"2020-07-18T22:00:00","timetype":"Hour","precipitationmm":0.0,"temperature":16.7,"feeltemperature":16.7,"cloudcover":30,"iconcode":"jj","iconid":5,"sources":1,"winddirection":"W","winddirectiondegrees":270,"windspeedms":1.57,"visibility":8810,"precipitation":0,"beaufort":1,"humidity":91,"sunshine":0,"hour":0,"pollenindex":3,"windspeed":6,"sunshinepower":0,"sunpower":0},{"datetime":"2020-07-19T01:00:00","datetimeutc":"2020-07-18T23:00:00","timetype":"Hour","precipitationmm":0.0,"temperature":16.4,"feeltemperature":16.4,"cloudcover":30,"iconcode":"jj","iconid":5,"sources":1,"winddirection":"ZW","winddirectiondegrees":247,"windspeedms":1.51,"visibility":8410,"precipitation":0,"beaufort":1,"humidity":93,"sunshine":0,"hour":1,"pollenindex":2,"windspeed":5,"sunshinepower":0,"sunpower":0},{"datetime":"2020-07-19T02:00:00","datetimeutc":"2020-07-19T00:00:00","timetype":"Hour","precipitationmm":0.0,"temperature":16.1,"feeltemperature":16.1,"cloudcover":30,"iconcode":"jj","iconid":5,"sources":1,"winddirection":"ZW","winddirectiondegrees":212,"windspeedms":1.53,"visibility":8210,"precipitation":0,"beaufort":1,"humidity":94,"sunshine":0,"hour":2,"pollenindex":2,"windspeed":6,"sunshinepower":0,"sunpower":0},{"datetime":"2020-07-19T03:00:00","datetimeutc":"2020-07-19T01:00:00","timetype":"Hour","precipitationmm":0.0,"temperature":15.7,"feeltemperature":15.7,"cloudcover":30,"iconcode":"jj","iconid":8,"sources":1,"winddirection":"Z","winddirectiondegrees":196,"windspeedms":1.76,"visibility":8210,"precipitation":0,"beaufort":1,"humidity":95,"sunshine":0,"hour":3,"pollenindex":2,"windspeed":6,"sunshinepower":0,"sunpower":0},{"datetime":"2020-07-19T04:00:00","datetimeutc":"2020-07-19T02:00:00","timetype":"Hour","precipitationmm":0.0,"temperature":15.4,"feeltemperature":15.4,"cloudcover":30,"iconcode":"jj","iconid":8,"sources":1,"winddirection":"Z","winddirectiondegrees":197,"windspeedms":1.91,"visibility":8210,"precipitation":0,"beaufort":1,"humidity":97,"sunshine":0,"hour":4,"pollenindex":2,"windspeed":7,"sunshinepower":0,"sunpower":0},{"datetime":"2020-07-19T05:00:00","datetimeutc":"2020-07-19T03:00:00","timetype":"Hour","precipitationmm":0.0,"temperature":15.2,"feeltemperature":15.2,"cloudcover":87,"iconcode":"dd","iconid":21,"sources":1,"winddirection":"Z","winddirectiondegrees":199,"windspeedms":2.1,"visibility":400,"precipitation":0,"beaufort":2,"humidity":97,"sunshine":0,"hour":5,"pollenindex":2,"windspeed":8,"sunshinepower":0,"sunpower":0},{"datetime":"2020-07-19T06:00:00","datetimeutc":"2020-07-19T04:00:00","timetype":"Hour","precipitationmm":0.0,"temperature":15.4,"feeltemperature":15.4,"cloudcover":92,"iconcode":"d","iconid":21,"sources":1,"winddirection":"Z","winddirectiondegrees":202,"windspeedms":2.23,"visibility":10,"precipitation":0,"beaufort":2,"humidity":97,"sunshine":3,"hour":6,"pollenindex":2,"windspeed":8,"sunshinepower":12,"sunpower":12},{"datetime":"2020-07-19T07:00:00","datetimeutc":"2020-07-19T05:00:00","timetype":"Hour","precipitationmm":0.0,"temperature":16.2,"feeltemperature":16.2,"cloudcover":93,"iconcode":"d","iconid":21,"sources":1,"winddirection":"ZW","winddirectiondegrees":213,"windspeedms":2.25,"visibility":210,"precipitation":0,"beaufort":2,"humidity":94,"sunshine":1,"hour":7,"pollenindex":2,"windspeed":8,"sunshinepower":81,"sunpower":81},{"datetime":"2020-07-19T08:00:00","datetimeutc":"2020-07-19T06:00:00","timetype":"Hour","precipitationmm":0.0,"temperature":17.4,"feeltemperature":17.4,"cloudcover":92,"iconcode":"c","iconid":20,"sources":1,"winddirection":"ZW","winddirectiondegrees":234,"windspeedms":2.72,"visibility":4210,"precipitation":0,"beaufort":2,"humidity":91,"sunshine":1,"hour":8,"pollenindex":3,"windspeed":10,"sunshinepower":186,"sunpower":186},{"datetime":"2020-07-19T09:00:00","datetimeutc":"2020-07-19T07:00:00","timetype":"Hour","precipitationmm":0.0,"temperature":18.7,"feeltemperature":18.7,"cloudcover":91,"iconcode":"d","iconid":19,"sources":1,"winddirection":"W","winddirectiondegrees":250,"windspeedms":3.16,"visibility":200,"precipitation":1,"beaufort":2,"humidity":87,"sunshine":1,"hour":9,"pollenindex":3,"windspeed":11,"sunshinepower":292,"sunpower":292},{"datetime":"2020-07-19T10:00:00","datetimeutc":"2020-07-19T08:00:00","timetype":"Hour","precipitationmm":0.0,"temperature":19.9,"feeltemperature":19.9,"cloudcover":89,"iconcode":"r","iconid":19,"sources":1,"winddirection":"W","winddirectiondegrees":257,"windspeedms":3.3,"visibility":1600,"precipitation":1,"beaufort":2,"humidity":83,"sunshine":3,"hour":10,"pollenindex":3,"windspeed":12,"sunshinepower":380,"sunpower":380},{"datetime":"2020-07-19T11:00:00","datetimeutc":"2020-07-19T09:00:00","timetype":"Hour","precipitationmm":0.0,"temperature":20.9,"feeltemperature":20.9,"cloudcover":87,"iconcode":"r","iconid":19,"sources":1,"winddirection":"W","winddirectiondegrees":269,"windspeedms":3.5,"visibility":9800,"precipitation":1,"beaufort":2,"humidity":77,"sunshine":5,"hour":11,"pollenindex":3,"windspeed":13,"sunshinepower":449,"sunpower":449},{"datetime":"2020-07-19T12:00:00","datetimeutc":"2020-07-19T10:00:00","timetype":"Hour","precipitationmm":0.0,"temperature":21.7,"feeltemperature":21.7,"cloudcover":40,"iconcode":"j","iconid":19,"sources":1,"winddirection":"W","winddirectiondegrees":286,"windspeedms":3.7,"visibility":11200,"precipitation":1,"beaufort":2,"humidity":72,"sunshine":8,"hour":12,"pollenindex":4,"windspeed":13,"sunshinepower":496,"sunpower":496},{"datetime":"2020-07-19T13:00:00","datetimeutc":"2020-07-19T11:00:00","timetype":"Hour","precipitationmm":0.2,"temperature":22.2,"feeltemperature":24.2,"cloudcover":83,"iconcode":"s","iconid":28,"sources":1,"winddirection":"NW","winddirectiondegrees":301,"windspeedms":3.74,"visibility":12000,"precipitation":50,"beaufort":2,"humidity":67,"sunshine":56,"hour":13,"pollenindex":4,"windspeed":13,"sunshinepower":516,"sunpower":516},{"datetime":"2020-07-19T14:00:00","datetimeutc":"2020-07-19T12:00:00","timetype":"Hour","precipitationmm":0.0,"temperature":22.6,"feeltemperature":24.7,"cloudcover":79,"iconcode":"r","iconid":22,"sources":1,"winddirection":"NW","winddirectiondegrees":309,"windspeedms":3.62,"visibility":13400,"precipitation":1,"beaufort":2,"humidity":64,"sunshine":11,"hour":14,"pollenindex":4,"windspeed":13,"sunshinepower":527,"sunpower":527},{"datetime":"2020-07-19T15:00:00","datetimeutc":"2020-07-19T13:00:00","timetype":"Hour","precipitationmm":0.0,"temperature":23.0,"feeltemperature":25.0,"cloudcover":80,"iconcode":"r","iconid":19,"sources":1,"winddirection":"NW","winddirectiondegrees":313,"windspeedms":3.27,"visibility":13800,"precipitation":1,"beaufort":2,"humidity":61,"sunshine":16,"hour":15,"pollenindex":5,"windspeed":12,"sunshinepower":538,"sunpower":538},{"datetime":"2020-07-19T16:00:00","datetimeutc":"2020-07-19T14:00:00","timetype":"Hour","precipitationmm":0.0,"temperature":23.2,"feeltemperature":25.2,"cloudcover":78,"iconcode":"r","iconid":7,"sources":1,"winddirection":"NW","winddirectiondegrees":324,"windspeedms":3.31,"visibility":15200,"precipitation":1,"beaufort":2,"humidity":59,"sunshine":15,"hour":16,"pollenindex":5,"windspeed":12,"sunshinepower":528,"sunpower":528},{"datetime":"2020-07-19T17:00:00","datetimeutc":"2020-07-19T15:00:00","timetype":"Hour","precipitationmm":0.0,"temperature":23.0,"feeltemperature":25.1,"cloudcover":75,"iconcode":"r","iconid":7,"sources":1,"winddirection":"NW","winddirectiondegrees":328,"windspeedms":3.38,"visibility":16000,"precipitation":1,"beaufort":2,"humidity":58,"sunshine":16,"hour":17,"pollenindex":5,"windspeed":12,"sunshinepower":479,"sunpower":479},{"datetime":"2020-07-19T18:00:00","datetimeutc":"2020-07-19T16:00:00","timetype":"Hour","precipitationmm":0.0,"temperature":22.3,"feeltemperature":24.8,"cloudcover":74,"iconcode":"r","iconid":8,"sources":1,"winddirection":"NW","winddirectiondegrees":333,"windspeedms":3.52,"visibility":16600,"precipitation":1,"beaufort":2,"humidity":61,"sunshine":20,"hour":18,"pollenindex":5,"windspeed":13,"sunshinepower":395,"sunpower":395},{"datetime":"2020-07-19T19:00:00","datetimeutc":"2020-07-19T17:00:00","timetype":"Hour","precipitationmm":0.0,"temperature":21.3,"feeltemperature":21.3,"cloudcover":72,"iconcode":"r","iconid":8,"sources":1,"winddirection":"NW","winddirectiondegrees":337,"windspeedms":3.74,"visibility":17400,"precipitation":1,"beaufort":2,"humidity":66,"sunshine":21,"hour":19,"pollenindex":4,"windspeed":13,"sunshinepower":289,"sunpower":289},{"datetime":"2020-07-19T20:00:00","datetimeutc":"2020-07-19T18:00:00","timetype":"Hour","precipitationmm":1.4,"temperature":20.0,"feeltemperature":20.0,"cloudcover":71,"iconcode":"g","iconid":28,"sources":1,"winddirection":"N","winddirectiondegrees":345,"windspeedms":3.75,"visibility":17600,"precipitation":40,"beaufort":2,"humidity":73,"sunshine":23,"hour":20,"pollenindex":4,"windspeed":14,"sunshinepower":170,"sunpower":170},{"datetime":"2020-07-19T21:00:00","datetimeutc":"2020-07-19T19:00:00","timetype":"Hour","precipitationmm":0.0,"temperature":18.5,"feeltemperature":18.5,"cloudcover":70,"iconcode":"r","iconid":20,"sources":1,"winddirection":"N","winddirectiondegrees":357,"windspeedms":3.31,"visibility":17200,"precipitation":1,"beaufort":2,"humidity":79,"sunshine":25,"hour":21,"pollenindex":3,"windspeed":12,"sunshinepower":58,"sunpower":58},{"datetime":"2020-07-19T22:00:00","datetimeutc":"2020-07-19T20:00:00","timetype":"Hour","precipitationmm":0.0,"temperature":17.3,"feeltemperature":17.3,"cloudcover":68,"iconcode":"bb","iconid":20,"sources":1,"winddirection":"N","winddirectiondegrees":6,"windspeedms":3.0,"visibility":15010,"precipitation":1,"beaufort":2,"humidity":83,"sunshine":23,"hour":22,"pollenindex":3,"windspeed":11,"sunshinepower":0,"sunpower":0},{"datetime":"2020-07-19T23:00:00","datetimeutc":"2020-07-19T21:00:00","timetype":"Hour","precipitationmm":0.0,"temperature":16.4,"feeltemperature":16.4,"cloudcover":70,"iconcode":"rr","iconid":20,"sources":1,"winddirection":"N","winddirectiondegrees":13,"windspeedms":2.8,"visibility":13410,"precipitation":1,"beaufort":2,"humidity":86,"sunshine":0,"hour":23,"pollenindex":3,"windspeed":10,"sunshinepower":0,"sunpower":0}],"datetime":"2020-07-19T00:00:00","datetimeutc":"2020-07-18T22:00:00","timetype":"Day","precipitationmm":1.6,"mintemperature":15.2,"maxtemperature":23.2,"cloudcover":50,"iconcode":"g","iconid":8,"sources":1,"winddirection":"NW","winddirectiondegrees":315,"windspeedms":2.86,"precipitation":27,"beaufort":2,"uvindex":7,"bbqindex":6,"mosquitoindex":6,"pollenindex":5,"icescrapeindex":1,"mintemp":15.2,"maxtemp":23.2,"windspeed":3},{"date":"2020-07-20T00:00:00","sunrise":"2020-07-20T05:43:46","sunset":"2020-07-20T21:49:07","hours":[{"datetime":"2020-07-20T00:00:00","datetimeutc":"2020-07-19T22:00:00","timetype":"Hour","precipitationmm":1.4,"temperature":15.9,"feeltemperature":15.9,"cloudcover":85,"iconcode":"mm","iconid":33,"sources":1,"winddirection":"N","winddirectiondegrees":11,"windspeedms":2.6,"visibility":13210,"precipitation":44,"beaufort":2,"humidity":87,"sunshine":0,"hour":0,"pollenindex":3,"windspeed":9,"sunshinepower":0,"sunpower":0},{"datetime":"2020-07-20T01:00:00","datetimeutc":"2020-07-19T23:00:00","timetype":"Hour","precipitationmm":0.0,"temperature":15.5,"feeltemperature":15.5,"cloudcover":89,"iconcode":"rr","iconid":21,"sources":1,"winddirection":"N","winddirectiondegrees":6,"windspeedms":2.43,"visibility":13210,"precipitation":1,"beaufort":2,"humidity":88,"sunshine":0,"hour":1,"pollenindex":3,"windspeed":9,"sunshinepower":0,"sunpower":0},{"datetime":"2020-07-20T02:00:00","datetimeutc":"2020-07-20T00:00:00","timetype":"Hour","precipitationmm":0.0,"temperature":15.2,"feeltemperature":15.2,"cloudcover":97,"iconcode":"cc","iconid":21,"sources":1,"winddirection":"N","winddirectiondegrees":360,"windspeedms":2.28,"visibility":12620,"precipitation":1,"beaufort":2,"humidity":90,"sunshine":0,"hour":2,"pollenindex":3,"windspeed":8,"sunshinepower":0,"sunpower":0},{"datetime":"2020-07-20T03:00:00","datetimeutc":"2020-07-20T01:00:00","timetype":"Hour","precipitationmm":1.3,"temperature":14.9,"feeltemperature":14.9,"cloudcover":98,"iconcode":"mm","iconid":33,"sources":1,"winddirection":"N","winddirectiondegrees":346,"windspeedms":2.26,"visibility":12020,"precipitation":33,"beaufort":2,"humidity":91,"sunshine":0,"hour":3,"pollenindex":3,"windspeed":8,"sunshinepower":0,"sunpower":0},{"datetime":"2020-07-20T04:00:00","datetimeutc":"2020-07-20T02:00:00","timetype":"Hour","precipitationmm":0.0,"temperature":14.5,"feeltemperature":14.5,"cloudcover":97,"iconcode":"cc","iconid":21,"sources":1,"winddirection":"NW","winddirectiondegrees":319,"windspeedms":2.56,"visibility":11000,"precipitation":1,"beaufort":2,"humidity":93,"sunshine":0,"hour":4,"pollenindex":2,"windspeed":9,"sunshinepower":0,"sunpower":0},{"datetime":"2020-07-20T05:00:00","datetimeutc":"2020-07-20T03:00:00","timetype":"Hour","precipitationmm":0.0,"temperature":14.2,"feeltemperature":14.2,"cloudcover":96,"iconcode":"cc","iconid":21,"sources":1,"winddirection":"NW","winddirectiondegrees":295,"windspeedms":2.83,"visibility":10210,"precipitation":0,"beaufort":2,"humidity":94,"sunshine":0,"hour":5,"pollenindex":2,"windspeed":10,"sunshinepower":0,"sunpower":0},{"datetime":"2020-07-20T06:00:00","datetimeutc":"2020-07-20T04:00:00","timetype":"Hour","precipitationmm":0.0,"temperature":14.3,"feeltemperature":14.3,"cloudcover":96,"iconcode":"c","iconid":21,"sources":1,"winddirection":"W","winddirectiondegrees":289,"windspeedms":3.1,"visibility":9800,"precipitation":0,"beaufort":2,"humidity":93,"sunshine":0,"hour":6,"pollenindex":2,"windspeed":11,"sunshinepower":12,"sunpower":12},{"datetime":"2020-07-20T07:00:00","datetimeutc":"2020-07-20T05:00:00","timetype":"Hour","precipitationmm":0.0,"temperature":15.1,"feeltemperature":15.1,"cloudcover":95,"iconcode":"c","iconid":21,"sources":1,"winddirection":"W","winddirectiondegrees":285,"windspeedms":3.47,"visibility":10400,"precipitation":0,"beaufort":2,"humidity":90,"sunshine":0,"hour":7,"pollenindex":3,"windspeed":12,"sunshinepower":78,"sunpower":78},{"datetime":"2020-07-20T08:00:00","datetimeutc":"2020-07-20T06:00:00","timetype":"Hour","precipitationmm":0.0,"temperature":16.2,"feeltemperature":16.2,"cloudcover":99,"iconcode":"c","iconid":21,"sources":1,"winddirection":"NW","winddirectiondegrees":297,"windspeedms":3.83,"visibility":14000,"precipitation":0,"beaufort":2,"humidity":85,"sunshine":0,"hour":8,"pollenindex":3,"windspeed":14,"sunshinepower":182,"sunpower":182},{"datetime":"2020-07-20T09:00:00","datetimeutc":"2020-07-20T07:00:00","timetype":"Hour","precipitationmm":0.0,"temperature":17.2,"feeltemperature":17.2,"cloudcover":98,"iconcode":"c","iconid":19,"sources":1,"winddirection":"NW","winddirectiondegrees":301,"windspeedms":4.29,"visibility":15800,"precipitation":0,"beaufort":3,"humidity":80,"sunshine":0,"hour":9,"pollenindex":3,"windspeed":15,"sunshinepower":292,"sunpower":292},{"datetime":"2020-07-20T10:00:00","datetimeutc":"2020-07-20T08:00:00","timetype":"Hour","precipitationmm":0.0,"temperature":18.0,"feeltemperature":18.0,"cloudcover":86,"iconcode":"r","iconid":21,"sources":1,"winddirection":"NW","winddirectiondegrees":299,"windspeedms":4.48,"visibility":16600,"precipitation":0,"beaufort":3,"humidity":75,"sunshine":0,"hour":10,"pollenindex":4,"windspeed":16,"sunshinepower":396,"sunpower":396},{"datetime":"2020-07-20T11:00:00","datetimeutc":"2020-07-20T09:00:00","timetype":"Hour","precipitationmm":0.0,"temperature":18.6,"feeltemperature":18.6,"cloudcover":76,"iconcode":"r","iconid":9,"sources":1,"winddirection":"NW","winddirectiondegrees":299,"windspeedms":4.91,"visibility":18600,"precipitation":0,"beaufort":3,"humidity":69,"sunshine":8,"hour":11,"pollenindex":4,"windspeed":18,"sunshinepower":485,"sunpower":485},{"datetime":"2020-07-20T12:00:00","datetimeutc":"2020-07-20T10:00:00","timetype":"Hour","precipitationmm":0.0,"temperature":19.2,"feeltemperature":19.2,"cloudcover":84,"iconcode":"r","iconid":20,"sources":1,"winddirection":"NW","winddirectiondegrees":298,"windspeedms":5.15,"visibility":20000,"precipitation":0,"beaufort":3,"humidity":65,"sunshine":20,"hour":12,"pollenindex":4,"windspeed":19,"sunshinepower":564,"sunpower":564},{"datetime":"2020-07-20T13:00:00","datetimeutc":"2020-07-20T11:00:00","timetype":"Hour","precipitationmm":0.0,"temperature":19.5,"feeltemperature":19.5,"cloudcover":95,"iconcode":"c","iconid":20,"sources":1,"winddirection":"NW","winddirectiondegrees":301,"windspeedms":5.22,"visibility":19600,"precipitation":1,"beaufort":3,"humidity":61,"sunshine":11,"hour":13,"pollenindex":5,"windspeed":19,"sunshinepower":633,"sunpower":633},{"datetime":"2020-07-20T14:00:00","datetimeutc":"2020-07-20T12:00:00","timetype":"Hour","precipitationmm":0.0,"temperature":19.4,"feeltemperature":19.4,"cloudcover":97,"iconcode":"c","iconid":19,"sources":1,"winddirection":"NW","winddirectiondegrees":307,"windspeedms":5.12,"visibility":19600,"precipitation":1,"beaufort":3,"humidity":61,"sunshine":0,"hour":14,"pollenindex":5,"windspeed":18,"sunshinepower":661,"sunpower":661},{"datetime":"2020-07-20T15:00:00","datetimeutc":"2020-07-20T13:00:00","timetype":"Hour","precipitationmm":0.0,"temperature":19.2,"feeltemperature":19.2,"cloudcover":96,"iconcode":"c","iconid":19,"sources":1,"winddirection":"NW","winddirectiondegrees":314,"windspeedms":5.14,"visibility":20200,"precipitation":1,"beaufort":3,"humidity":61,"sunshine":0,"hour":15,"pollenindex":5,"windspeed":19,"sunshinepower":643,"sunpower":643},{"datetime":"2020-07-20T16:00:00","datetimeutc":"2020-07-20T14:00:00","timetype":"Hour","precipitationmm":0.0,"temperature":18.8,"feeltemperature":18.8,"cloudcover":90,"iconcode":"c","iconid":19,"sources":1,"winddirection":"NW","winddirectiondegrees":319,"windspeedms":5.34,"visibility":20800,"precipitation":1,"beaufort":3,"humidity":63,"sunshine":0,"hour":16,"pollenindex":4,"windspeed":19,"sunshinepower":598,"sunpower":598},{"datetime":"2020-07-20T17:00:00","datetimeutc":"2020-07-20T15:00:00","timetype":"Hour","precipitationmm":0.0,"temperature":18.6,"feeltemperature":18.6,"cloudcover":85,"iconcode":"r","iconid":19,"sources":1,"winddirection":"NW","winddirectiondegrees":321,"windspeedms":5.27,"visibility":21000,"precipitation":1,"beaufort":3,"humidity":63,"sunshine":5,"hour":17,"pollenindex":4,"windspeed":19,"sunshinepower":518,"sunpower":518},{"datetime":"2020-07-20T18:00:00","datetimeutc":"2020-07-20T16:00:00","timetype":"Hour","precipitationmm":0.0,"temperature":18.3,"feeltemperature":18.3,"cloudcover":93,"iconcode":"c","iconid":19,"sources":1,"winddirection":"NW","winddirectiondegrees":329,"windspeedms":5.07,"visibility":21200,"precipitation":1,"beaufort":3,"humidity":63,"sunshine":8,"hour":18,"pollenindex":4,"windspeed":18,"sunshinepower":408,"sunpower":408},{"datetime":"2020-07-20T19:00:00","datetimeutc":"2020-07-20T17:00:00","timetype":"Hour","precipitationmm":0.0,"temperature":17.8,"feeltemperature":17.8,"cloudcover":100,"iconcode":"c","iconid":19,"sources":1,"winddirection":"NW","winddirectiondegrees":337,"windspeedms":4.52,"visibility":21000,"precipitation":1,"beaufort":3,"humidity":65,"sunshine":1,"hour":19,"pollenindex":4,"windspeed":16,"sunshinepower":285,"sunpower":285},{"datetime":"2020-07-20T20:00:00","datetimeutc":"2020-07-20T18:00:00","timetype":"Hour","precipitationmm":0.0,"temperature":16.9,"feeltemperature":16.9,"cloudcover":100,"iconcode":"c","iconid":19,"sources":1,"winddirection":"N","winddirectiondegrees":344,"windspeedms":4.01,"visibility":20400,"precipitation":1,"beaufort":3,"humidity":68,"sunshine":0,"hour":20,"pollenindex":4,"windspeed":14,"sunshinepower":161,"sunpower":161},{"datetime":"2020-07-20T21:00:00","datetimeutc":"2020-07-20T19:00:00","timetype":"Hour","precipitationmm":0.0,"temperature":15.8,"feeltemperature":15.8,"cloudcover":99,"iconcode":"c","iconid":19,"sources":1,"winddirection":"N","winddirectiondegrees":349,"windspeedms":3.16,"visibility":18800,"precipitation":1,"beaufort":2,"humidity":72,"sunshine":0,"hour":21,"pollenindex":4,"windspeed":11,"sunshinepower":53,"sunpower":53},{"datetime":"2020-07-20T22:00:00","datetimeutc":"2020-07-20T20:00:00","timetype":"Hour","precipitationmm":0.0,"temperature":14.6,"feeltemperature":14.6,"cloudcover":79,"iconcode":"rr","iconid":7,"sources":1,"winddirection":"N","winddirectiondegrees":354,"windspeedms":2.73,"visibility":16400,"precipitation":1,"beaufort":2,"humidity":77,"sunshine":0,"hour":22,"pollenindex":4,"windspeed":10,"sunshinepower":0,"sunpower":0},{"datetime":"2020-07-20T23:00:00","datetimeutc":"2020-07-20T21:00:00","timetype":"Hour","precipitationmm":0.0,"temperature":13.6,"feeltemperature":13.6,"cloudcover":61,"iconcode":"bb","iconid":7,"sources":1,"winddirection":"N","winddirectiondegrees":2,"windspeedms":2.43,"visibility":15000,"precipitation":0,"beaufort":2,"humidity":81,"sunshine":0,"hour":23,"pollenindex":3,"windspeed":9,"sunshinepower":0,"sunpower":0}],"datetime":"2020-07-20T00:00:00","datetimeutc":"2020-07-19T22:00:00","timetype":"Day","precipitationmm":2.7,"mintemperature":13.6,"maxtemperature":19.5,"cloudcover":90,"iconcode":"m","iconid":12,"sources":1,"winddirection":"NW","winddirectiondegrees":315,"windspeedms":3.84,"precipitation":44,"beaufort":2,"uvindex":6,"bbqindex":6,"mosquitoindex":6,"pollenindex":5,"icescrapeindex":1,"mintemp":13.6,"maxtemp":19.5,"windspeed":4},{"date":"2020-07-21T00:00:00","sunrise":"2020-07-21T05:45:10","sunset":"2020-07-21T21:47:49","hours":[{"datetime":"2020-07-21T00:00:00","datetimeutc":"2020-07-20T22:00:00","timetype":"Hour","precipitationmm":0.0,"temperature":13.0,"feeltemperature":13.0,"cloudcover":50,"iconcode":"bb","iconid":7,"sources":1,"winddirection":"N","winddirectiondegrees":9,"windspeedms":2.29,"visibility":13610,"precipitation":0,"beaufort":2,"humidity":84,"sunshine":0,"hour":0,"pollenindex":3,"windspeed":8,"sunshinepower":0,"sunpower":0},{"datetime":"2020-07-21T01:00:00","datetimeutc":"2020-07-20T23:00:00","timetype":"Hour","precipitationmm":0.0,"temperature":12.3,"feeltemperature":12.3,"cloudcover":41,"iconcode":"jj","iconid":7,"sources":1,"winddirection":"N","winddirectiondegrees":9,"windspeedms":2.12,"visibility":12420,"precipitation":0,"beaufort":2,"humidity":87,"sunshine":0,"hour":1,"pollenindex":3,"windspeed":8,"sunshinepower":0,"sunpower":0},{"datetime":"2020-07-21T02:00:00","datetimeutc":"2020-07-21T00:00:00","timetype":"Hour","precipitationmm":0.0,"temperature":11.7,"feeltemperature":11.7,"cloudcover":36,"iconcode":"jj","iconid":7,"sources":1,"winddirection":"N","winddirectiondegrees":13,"windspeedms":2.02,"visibility":11420,"precipitation":0,"beaufort":2,"humidity":90,"sunshine":0,"hour":2,"pollenindex":3,"windspeed":7,"sunshinepower":0,"sunpower":0}],"datetime":"2020-07-21T00:00:00","datetimeutc":"2020-07-20T22:00:00","timetype":"Day","precipitationmm":0.0,"mintemperature":11.7,"maxtemperature":18.9,"cloudcover":25,"iconcode":"j","iconid":2,"sources":1,"winddirection":"N","winddirectiondegrees":0,"windspeedms":3.49,"precipitation":1,"beaufort":2,"pollenindex":5,"icescrapeindex":1,"mintemp":11.7,"maxtemp":18.9,"windspeed":3},{"date":"2020-07-22T00:00:00","sunrise":"2020-07-22T05:46:34","sunset":"2020-07-22T21:46:27","datetime":"2020-07-22T00:00:00","datetimeutc":"2020-07-21T22:00:00","timetype":"Day","precipitationmm":0.0,"mintemperature":13.4,"maxtemperature":18.3,"cloudcover":25,"iconcode":"j","iconid":2,"sources":1,"winddirection":"N","winddirectiondegrees":0,"windspeedms":3.33,"precipitation":1,"beaufort":2,"pollenindex":5,"mintemp":13.4,"maxtemp":18.3,"windspeed":3},{"date":"2020-07-23T00:00:00","sunrise":"2020-07-23T05:48:00","sunset":"2020-07-23T21:45:04","datetime":"2020-07-23T00:00:00","datetimeutc":"2020-07-22T22:00:00","timetype":"Day","precipitationmm":0.0,"mintemperature":13.4,"maxtemperature":18.7,"cloudcover":75,"iconcode":"r","iconid":3,"sources":1,"winddirection":"N","winddirectiondegrees":0,"windspeedms":2.46,"precipitation":1,"beaufort":2,"pollenindex":5,"mintemp":13.4,"maxtemp":18.7,"windspeed":2},{"date":"2020-07-24T00:00:00","sunrise":"2020-07-24T05:49:27","sunset":"2020-07-24T21:43:38","datetime":"2020-07-24T00:00:00","datetimeutc":"2020-07-23T22:00:00","timetype":"Day","precipitationmm":0.0,"mintemperature":13.8,"maxtemperature":19.3,"cloudcover":25,"iconcode":"j","iconid":2,"sources":1,"winddirection":"N","winddirectiondegrees":0,"windspeedms":2.16,"precipitation":1,"beaufort":2,"pollenindex":5,"mintemp":13.8,"maxtemp":19.3,"windspeed":2},{"date":"2020-07-25T00:00:00","sunrise":"2020-07-25T05:50:55","sunset":"2020-07-25T21:42:10","datetime":"2020-07-25T00:00:00","datetimeutc":"2020-07-24T22:00:00","timetype":"Day","precipitationmm":0.0,"mintemperature":15.0,"maxtemperature":20.9,"cloudcover":25,"iconcode":"j","iconid":2,"sources":1,"winddirection":"NW","winddirectiondegrees":315,"windspeedms":1.49,"precipitation":1,"beaufort":1,"pollenindex":5,"mintemp":15.0,"maxtemp":20.9,"windspeed":1},{"date":"2020-07-26T00:00:00","sunrise":"2020-07-26T05:52:24","sunset":"2020-07-26T21:40:39","datetime":"2020-07-26T00:00:00","datetimeutc":"2020-07-25T22:00:00","timetype":"Day","precipitationmm":0.0,"mintemperature":15.7,"maxtemperature":20.9,"cloudcover":75,"iconcode":"r","iconid":3,"sources":1,"winddirection":"W","winddirectiondegrees":270,"windspeedms":1.82,"precipitation":2,"beaufort":1,"pollenindex":5,"mintemp":15.7,"maxtemp":20.9,"windspeed":2},{"date":"2020-07-27T00:00:00","sunrise":"2020-07-27T05:53:54","sunset":"2020-07-27T21:39:07","datetime":"2020-07-27T00:00:00","datetimeutc":"2020-07-26T22:00:00","timetype":"Day","precipitationmm":0.0,"mintemperature":15.9,"maxtemperature":21.3,"cloudcover":25,"iconcode":"j","iconid":2,"sources":1,"winddirection":"NW","winddirectiondegrees":315,"windspeedms":1.73,"precipitation":2,"beaufort":1,"pollenindex":5,"mintemp":15.9,"maxtemp":21.3,"windspeed":2},{"date":"2020-07-28T00:00:00","sunrise":"2020-07-28T05:55:25","sunset":"2020-07-28T21:37:32","datetime":"2020-07-28T00:00:00","datetimeutc":"2020-07-27T22:00:00","timetype":"Day","precipitationmm":0.0,"mintemperature":15.9,"maxtemperature":21.8,"cloudcover":75,"iconcode":"r","iconid":3,"sources":1,"winddirection":"NW","winddirectiondegrees":315,"windspeedms":1.28,"precipitation":1,"beaufort":1,"pollenindex":5,"mintemp":15.9,"maxtemp":21.8,"windspeed":1}]}