{"location":{"lat":52.37,"lon":4.89},"timeOffset":2.0,"timestamp":"2020-07-04T14:07:54","altitude":0,"elevation":0,"machinename":"None","elapsedms":0,"pollenindexNowDay":5,"pollenindexNowHour":4,"nowrelevant":{"values":[{"type":"pollenindex","value":5},{"type":"maxtemperature","value":18.3}]},"days":[{"date":"2020-07-04T00:00:00","sunrise":"2020-07-04T05:25:27","sunset":"2020-07-04T22:04:03","afternoon":{"datetime":"2020-07-04T17:00:00","datetimeutc":"2020-07-04T15:00:00","timetype":"Afternoon","precipitationmm":0.0,"mintemperature":17.4,"maxtemperature":17.4,"cloudcover":100,"iconcode":"c","iconid":22,"sources":1,"winddirection":"ZW","winddirectiondegrees":239,"windspeedms":9.0,"visibility":10610,"precipitation":2,"beaufort":5,"humidity":90,"sunshine":0,"hour":17,"mintemp":17.4,"maxtemp":17.4,"windspeed":32,"sunshinepower":145,"sunpower":145},"evening":{"datetime":"2020-07-04T18:00:00","datetimeutc":"2020-07-04T16:00:00","timetype":"Evening","precipitationmm":0.0,"mintemperature":17.8,"maxtemperature":18.3,"cloudcover":100,"iconcode":"c","iconid":22,"sources":1,"winddirection":"ZW","winddirectiondegrees":240,"windspeedms":8.2,"visibility":10725,"precipitation":1,"beaufort":4,"humidity":89,"sunshine":0,"hour":18,"mintemp":17.8,"maxtemp":18.3,"windspeed":30,"sunshinepower":54,"sunpower":54},"hours":[{"datetime":"2020-07-04T17:00:00","datetimeutc":"2020-07-04T15:00:00","timetype":"Hour","precipitationmm":0.0,"temperature":17.4,"feeltemperature":16.1,"cloudcover":100,"iconcode":"c","iconid":22,"sources":3,"winddirection":"ZW","winddirectiondegrees":239,"windspeedms":9.0,"visibility":10610,"precipitation":2,"beaufort":5,"humidity":90,"sunshine":0,"hour":17,"pollenindex":5,"windspeed":32,"sunshinepower":145,"sunpower":145},{"datetime":"2020-07-04T18:00:00","datetimeutc":"2020-07-04T16:00:00","timetype":"Hour","precipitationmm":0.0,"temperature":17.8,"feeltemperature":16.7,"cloudcover":100,"iconcode":"c","iconid":22,"sources":2,"winddirection":"ZW","winddirectiondegrees":241,"windspeedms":8.8,"visibility":11010,"precipitation":2,"beaufort":4,"humidity":89,"sunshine":0,"hour":18,"pollenindex":5,"windspeed":32,"sunshinepower":152,"sunpower":152},{"datetime":"2020-07-04T19:00:00","datetimeutc":"2020-07-04T17:00:00","timetype":"Hour","precipitationmm":0.0,"temperature":18.1,"feeltemperature":17.1,"cloudcover":100,"iconcode":"c","iconid":22,"sources":2,"winddirection":"ZW","winddirectiondegrees":241,"windspeedms":8.7,"visibility":11210,"precipitation":1,"beaufort":4,"humidity":89,"sunshine":0,"hour":19,"pollenindex":4,"windspeed":31,"sunshinepower":97,"sunpower":97},{"datetime":"2020-07-04T20:00:00","datetimeutc":"2020-07-04T18:00:00","timetype":"Hour","precipitationmm":0.0,"temperature":18.1,"feeltemperature":17.1,"cloudcover":100,"iconcode":"c","iconid":22,"sources":2,"winddirection":"ZW","winddirectiondegrees":240,"windspeedms":8.3,"visibility":11220,"precipitation":1,"beaufort":4,"humidity":90,"sunshine":0,"hour":20,"pollenindex":4,"windspeed":30,"sunshinepower":52,"sunpower":52},{"datetime":"2020-07-04T21:00:00","datetimeutc":"2020-07-04T19:00:00","timetype":"Hour","precipitationmm":0.0,"temperature":18.1,"feeltemperature":17.2,"cloudcover":100,"iconcode":"c","iconid":22,"sources":2,"winddirection":"ZW","winddirectiondegrees":242,"windspeedms":8.0,"visibility":10820,"precipitation":1,"beaufort":4,"humidity":90,"sunshine":0,"hour":21,"pollenindex":4,"windspeed":29,"sunshinepower":23,"sunpower":23},{"datetime":"2020-07-04T22:00:00","datetimeutc":"2020-07-04T20:00:00","timetype":"Hour","precipitationmm":0.0,"temperature":18.1,"feeltemperature":18.1,"cloudcover":100,"iconcode":"c","iconid":22,"sources":2,"winddirection":"ZW","winddirectiondegrees":240,"windspeedms":7.7,"visibility":10030,"precipitation":1,"beaufort":4,"humidity":90,"sunshine":0,"hour":22,"pollenindex":4,"windspeed":28,"sunshinepower":0,"sunpower":0},{"datetime":"2020-07-04T23:00:00","datetimeutc":"2020-07-04T21:00:00","timetype":"Hour","precipitationmm":0.0,"temperature":18.3,"feeltemperature":18.3,"cloudcover":100,"iconcode":"cc","iconid":22,"sources":2,"winddirection":"ZW","winddirectiondegrees":237,"windspeedms":7.6,"visibility":10060,"precipitation":1,"beaufort":4,"humidity":90,"sunshine":0,"hour":23,"pollenindex":4,"windspeed":27,"sunshinepower":0,"sunpower":0}],"datetime":"2020-07-04T00:00:00","datetimeutc":"2020-07-03T22:00:00","timetype":"Day","precipitationmm":0.5,"mintemperature":17.4,"maxtemperature":18.3,"cloudcover":100,"iconcode":"m","iconid":12,"sources":2,"winddirection":"ZW","winddirectiondegrees":225,"windspeedms":8.3,"visibility":10708,"precipitation":25,"beaufort":4,"humidity":89,"sunshine":0,"uvindex":1,"bbqindex":6,"mosquitoindex":8,"pollenindex":5,"mintemp":17.4,"maxtemp":18.3,"windspeed":8,"sunshinepower":67,"sunpower":67},{"date":"2020-07-05T00:00:00","sunrise":"2020-07-05T05:26:20","sunset":"2020-07-05T22:03:29","morning":{"datetime":"2020-07-05T07:00:00","datetimeutc":"2020-07-05T05:00:00","timetype":"Morning","precipitationmm":0.0,"mintemperature":17.0,"maxtemperature":18.1,"cloudcover":100,"iconcode":"d","iconid":22,"sources":1,"winddirection":"ZW","winddirectiondegrees":237,"windspeedms":9.8,"visibility":6180,"precipitation":1,"beaufort":5,"humidity":89,"sunshine":0,"hour":7,"mintemp":17.0,"maxtemp":18.1,"windspeed":35,"sunshinepower":114,"sunpower":114},"afternoon":{"datetime":"2020-07-05T12:00:00","datetimeutc":"2020-07-05T10:00:00","timetype":"Afternoon","precipitationmm":0.1,"mintemperature":18.6,"maxtemperature":20.3,"cloudcover":89,"iconcode":"r","iconid":22,"sources":1,"winddirection":"W","winddirectiondegrees":251,"windspeedms":10.5,"visibility":12146,"precipitation":31,"beaufort":5,"humidity":73,"sunshine":3,"hour":12,"mintemp":18.6,"maxtemp":20.3,"windspeed":38,"sunshinepower":349,"sunpower":349},"evening":{"datetime":"2020-07-05T18:00:00","datetimeutc":"2020-07-05T16:00:00","timetype":"Evening","precipitationmm":0.0,"mintemperature":17.0,"maxtemperature":20.2,"cloudcover":67,"iconcode":"b","iconid":7,"sources":1,"winddirection":"W","winddirectiondegrees":253,"windspeedms":7.9,"visibility":14561,"precipitation":0,"beaufort":4,"humidity":66,"sunshine":26,"hour":18,"mintemp":17.0,"maxtemp":20.2,"windspeed":28,"sunshinepower":145,"sunpower":145},"night":{"datetime":"2020-07-05T00:00:00","datetimeutc":"2020-07-04T22:00:00","timetype":"Night","precipitationmm":0.0,"mintemperature":17.1,"maxtemperature":18.3,"cloudcover":100,"iconcode":"d","iconid":22,"sources":1,"winddirection":"ZW","winddirectiondegrees":236,"windspeedms":7.7,"visibility":1680,"precipitation":0,"beaufort":4,"humidity":92,"sunshine":0,"hour":0,"mintemp":17.1,"maxtemp":18.3,"windspeed":28,"sunshinepower":1,"sunpower":1},"hours":[{"datetime":"2020-07-05T00:00:00","datetimeutc":"2020-07-04T22:00:00","timetype":"Hour","precipitationmm":0.0,"temperature":18.3,"feeltemperature":18.3,"cloudcover":100,"iconcode":"cc","iconid":22,"sources":2,"winddirection":"ZW","winddirectiondegrees":237,"windspeedms":7.5,"visibility":10060,"precipitation":1,"beaufort":4,"humidity":90,"sunshine":0,"hour":0,"pollenindex":4,"windspeed":27,"sunshinepower":0,"sunpower":0},{"datetime":"2020-07-05T01:00:00","datetimeutc":"2020-07-04T23:00:00","timetype":"Hour","precipitationmm":0.0,"temperature":18.1,"feeltemperature":18.1,"cloudcover":100,"iconcode":"dd","iconid":22,"sources":2,"winddirection":"ZW","winddirectiondegrees":237,"windspeedms":7.5,"visibility":460,"precipitation":0,"beaufort":4,"humidity":91,"sunshine":0,"hour":1,"pollenindex":4,"windspeed":27,"sunshinepower":0,"sunpower":0},{"datetime":"2020-07-05T02:00:00","datetimeutc":"2020-07-05T00:00:00","timetype":"Hour","precipitationmm":0.0,"temperature":17.8,"feeltemperature":17.8,"cloudcover":100,"iconcode":"dd","iconid":16,"sources":2,"winddirection":"ZW","winddirectiondegrees":237,"windspeedms":7.6,"visibility":260,"precipitation":0,"beaufort":4,"humidity":92,"sunshine":0,"hour":2,"pollenindex":4,"windspeed":27,"sunshinepower":0,"sunpower":0},{"datetime":"2020-07-05T03:00:00","datetimeutc":"2020-07-05T01:00:00","timetype":"Hour","precipitationmm":0.0,"temperature":17.6,"feeltemperature":17.6,"cloudcover":100,"iconcode":"dd","iconid":16,"sources":2,"winddirection":"ZW","winddirectiondegrees":237,"windspeedms":7.7,"visibility":260,"precipitation":0,"beaufort":4,"humidity":93,"sunshine":0,"hour":3,"pollenindex":3,"windspeed":28,"sunshinepower":0,"sunpower":0},{"datetime":"2020-07-05T04:00:00","datetimeutc":"2020-07-05T02:00:00","timetype":"Hour","precipitationmm":0.0,"temperature":17.4,"feeltemperature":17.4,"cloudcover":100,"iconcode":"dd","iconid":16,"sources":2,"winddirection":"ZW","winddirectiondegrees":237,"windspeedms":7.7,"visibility":260,"precipitation":0,"beaufort":4,"humidity":93,"sunshine":0,"hour":4,"pollenindex":3,"windspeed":28,"sunshinepower":0,"sunpower":0},{"datetime":"2020-07-05T05:00:00","datetimeutc":"2020-07-05T03:00:00","timetype":"Hour","precipitationmm":0.0,"temperature":17.3,"feeltemperature":16.1,"cloudcover":100,"iconcode":"dd","iconid":16,"sources":2,"winddirection":"ZW","winddirectiondegrees":236,"windspeedms":8.0,"visibility":240,"precipitation":0,"beaufort":4,"humidity":92,"sunshine":0,"hour":5,"pollenindex":4,"windspeed":29,"sunshinepower":0,"sunpower":0},{"datetime":"2020-07-05T06:00:00","datetimeutc":"2020-07-05T04:00:00","timetype":"Hour","precipitationmm":0.0,"temperature":17.1,"feeltemperature":15.9,"cloudcover":100,"iconcode":"d","iconid":16,"sources":2,"winddirection":"ZW","winddirectiondegrees":234,"windspeedms":8.2,"visibility":220,"precipitation":0,"beaufort":4,"humidity":93,"sunshine":0,"hour":6,"pollenindex":3,"windspeed":30,"sunshinepower":10,"sunpower":10},{"datetime":"2020-07-05T07:00:00","datetimeutc":"2020-07-05T05:00:00","timetype":"Hour","precipitationmm":0.0,"temperature":17.0,"feeltemperature":15.7,"cloudcover":100,"iconcode":"d","iconid":22,"sources":2,"winddirection":"ZW","winddirectiondegrees":232,"windspeedms":8.7,"visibility":220,"precipitation":0,"beaufort":4,"humidity":93,"sunshine":0,"hour":7,"pollenindex":3,"windspeed":31,"sunshinepower":44,"sunpower":44},{"datetime":"2020-07-05T08:00:00","datetimeutc":"2020-07-05T06:00:00","timetype":"Hour","precipitationmm":0.0,"temperature":17.0,"feeltemperature":15.5,"cloudcover":100,"iconcode":"d","iconid":22,"sources":2,"winddirection":"ZW","winddirectiondegrees":236,"windspeedms":9.6,"visibility":620,"precipitation":1,"beaufort":5,"humidity":92,"sunshine":0,"hour":8,"pollenindex":4,"windspeed":35,"sunshinepower":84,"sunpower":84},{"datetime":"2020-07-05T09:00:00","datetimeutc":"2020-07-05T07:00:00","timetype":"Hour","precipitationmm":0.0,"temperature":17.2,"feeltemperature":15.7,"cloudcover":100,"iconcode":"c","iconid":22,"sources":2,"winddirection":"ZW","winddirectiondegrees":238,"windspeedms":10.0,"visibility":10020,"precipitation":1,"beaufort":5,"humidity":90,"sunshine":0,"hour":9,"pollenindex":4,"windspeed":36,"sunshinepower":118,"sunpower":118},{"datetime":"2020-07-05T10:00:00","datetimeutc":"2020-07-05T08:00:00","timetype":"Hour","precipitationmm":0.0,"temperature":17.6,"feeltemperature":16.2,"cloudcover":100,"iconcode":"c","iconid":22,"sources":2,"winddirection":"ZW","winddirectiondegrees":239,"windspeedms":10.4,"visibility":10020,"precipitation":1,"beaufort":5,"humidity":88,"sunshine":0,"hour":10,"pollenindex":5,"windspeed":37,"sunshinepower":145,"sunpower":145},{"datetime":"2020-07-05T11:00:00","datetimeutc":"2020-07-05T09:00:00","timetype":"Hour","precipitationmm":0.0,"temperature":18.1,"feeltemperature":16.9,"cloudcover":100,"iconcode":"c","iconid":33,"sources":2,"winddirection":"ZW","winddirectiondegrees":243,"windspeedms":10.5,"visibility":10020,"precipitation":2,"beaufort":5,"humidity":85,"sunshine":0,"hour":11,"pollenindex":5,"windspeed":38,"sunshinepower":181,"sunpower":181},{"datetime":"2020-07-05T12:00:00","datetimeutc":"2020-07-05T10:00:00","timetype":"Hour","precipitationmm":0.0,"temperature":18.6,"feeltemperature":17.5,"cloudcover":100,"iconcode":"c","iconid":22,"sources":2,"winddirection":"ZW","winddirectiondegrees":246,"windspeedms":10.7,"visibility":10020,"precipitation":1,"beaufort":5,"humidity":82,"sunshine":0,"hour":12,"pollenindex":5,"windspeed":39,"sunshinepower":226,"sunpower":226},{"datetime":"2020-07-05T13:00:00","datetimeutc":"2020-07-05T11:00:00","timetype":"Hour","precipitationmm":0.0,"temperature":19.2,"feeltemperature":19.2,"cloudcover":100,"iconcode":"c","iconid":19,"sources":2,"winddirection":"W","winddirectiondegrees":248,"windspeedms":10.8,"visibility":11010,"precipitation":1,"beaufort":5,"humidity":78,"sunshine":0,"hour":13,"pollenindex":5,"windspeed":39,"sunshinepower":265,"sunpower":265},{"datetime":"2020-07-05T14:00:00","datetimeutc":"2020-07-05T12:00:00","timetype":"Hour","precipitationmm":0.0,"temperature":19.6,"feeltemperature":19.6,"cloudcover":100,"iconcode":"c","iconid":19,"sources":2,"winddirection":"W","winddirectiondegrees":251,"windspeedms":10.9,"visibility":11210,"precipitation":1,"beaufort":5,"humidity":75,"sunshine":0,"hour":14,"pollenindex":6,"windspeed":39,"sunshinepower":324,"sunpower":324},{"datetime":"2020-07-05T15:00:00","datetimeutc":"2020-07-05T13:00:00","timetype":"Hour","precipitationmm":0.1,"temperature":20.0,"feeltemperature":20.0,"cloudcover":100,"iconcode":"m","iconid":19,"sources":2,"winddirection":"W","winddirectiondegrees":254,"windspeedms":10.6,"visibility":11410,"precipitation":83,"beaufort":5,"humidity":71,"sunshine":0,"hour":15,"pollenindex":6,"windspeed":38,"sunshinepower":399,"sunpower":399},{"datetime":"2020-07-05T16:00:00","datetimeutc":"2020-07-05T14:00:00","timetype":"Hour","precipitationmm":0.0,"temperature":20.2,"feeltemperature":20.2,"cloudcover":76,"iconcode":"r","iconid":7,"sources":2,"winddirection":"W","winddirectiondegrees":255,"windspeedms":10.2,"visibility":13610,"precipitation":1,"beaufort":5,"humidity":68,"sunshine":0,"hour":16,"pollenindex":6,"windspeed":37,"sunshinepower":449,"sunpower":449},{"datetime":"2020-07-05T17:00:00","datetimeutc":"2020-07-05T15:00:00","timetype":"Hour","precipitationmm":0.0,"temperature":20.3,"feeltemperature":20.3,"cloudcover":58,"iconcode":"b","iconid":7,"sources":2,"winddirection":"W","winddirectiondegrees":255,"windspeedms":9.9,"visibility":15620,"precipitation":1,"beaufort":5,"humidity":66,"sunshine":20,"hour":17,"pollenindex":6,"windspeed":36,"sunshinepower":433,"sunpower":433},{"datetime":"2020-07-05T18:00:00","datetimeutc":"2020-07-05T16:00:00","timetype":"Hour","precipitationmm":0.0,"temperature":20.2,"feeltemperature":20.2,"cloudcover":59,"iconcode":"b","iconid":7,"sources":2,"winddirection":"W","winddirectiondegrees":253,"windspeedms":9.3,"visibility":16020,"precipitation":1,"beaufort":5,"humidity":65,"sunshine":38,"hour":18,"pollenindex":6,"windspeed":33,"sunshinepower":362,"sunpower":362},{"datetime":"2020-07-05T19:00:00","datetimeutc":"2020-07-05T17:00:00","timetype":"Hour","precipitationmm":0.0,"temperature":19.5,"feeltemperature":19.5,"cloudcover":69,"iconcode":"b","iconid":7,"sources":2,"winddirection":"W","winddirectiondegrees":257,"windspeedms":8.8,"visibility":13220,"precipitation":1,"beaufort":4,"humidity":65,"sunshine":36,"hour":19,"pollenindex":5,"windspeed":32,"sunshinepower":280,"sunpower":280},{"datetime":"2020-07-05T20:00:00","datetimeutc":"2020-07-05T18:00:00","timetype":"Hour","precipitationmm":0.0,"temperature":18.7,"feeltemperature":18.7,"cloudcover":73,"iconcode":"r","iconid":7,"sources":2,"winddirection":"W","winddirectiondegrees":253,"windspeedms":7.8,"visibility":12620,"precipitation":0,"beaufort":4,"humidity":66,"sunshine":26,"hour":20,"pollenindex":5,"windspeed":28,"sunshinepower":170,"sunpower":170},{"datetime":"2020-07-05T21:00:00","datetimeutc":"2020-07-05T19:00:00","timetype":"Hour","precipitationmm":0.0,"temperature":18.0,"feeltemperature":18.0,"cloudcover":62,"iconcode":"b","iconid":7,"sources":2,"winddirection":"W","winddirectiondegrees":258,"windspeedms":7.4,"visibility":16820,"precipitation":0,"beaufort":4,"humidity":67,"sunshine":23,"hour":21,"pollenindex":5,"windspeed":27,"sunshinepower":61,"sunpower":61},{"datetime":"2020-07-05T22:00:00","datetimeutc":"2020-07-05T20:00:00","timetype":"Hour","precipitationmm":0.0,"temperature":17.5,"feeltemperature":17.5,"cloudcover":68,"iconcode":"b","iconid":7,"sources":2,"winddirection":"W","winddirectiondegrees":251,"windspeedms":7.2,"visibility":14640,"precipitation":0,"beaufort":4,"humidity":67,"sunshine":33,"hour":22,"pollenindex":5,"windspeed":26,"sunshinepower":0,"sunpower":0},{"datetime":"2020-07-05T23:00:00","datetimeutc":"2020-07-05T21:00:00","timetype":"Hour","precipitationmm":0.0,"temperature":17.0,"feeltemperature":17.0,"cloudcover":75,"iconcode":"rr","iconid":22,"sources":2,"winddirection":"W","winddirectiondegrees":248,"windspeedms":6.9,"visibility":14050,"precipitation":0,"beaufort":4,"humidity":67,"sunshine":3,"hour":23,"pollenindex":5,"windspeed":25,"sunshinepower":0,"sunpower":0}],"datetime":"2020-07-05T00:00:00","datetimeutc":"2020-07-04T22:00:00","timetype":"Day","precipitationmm":0.2,"mintemperature":17.0,"maxtemperature":20.3,"cloudcover":89,"iconcode":"m","iconid":12,"sources":2,"winddirection":"ZW","winddirectiondegrees":225,"windspeedms":8.9,"visibility":8454,"precipitation":15,"beaufort":4,"humidity":80,"sunshine":7,"uvindex":5,"bbqindex":6,"mosquitoindex":7,"pollenindex":5,"icescrapeindex":1,"mintemp":17.0,"maxtemp":20.3,"windspeed":9,"sunshinepower":147,"sunpower":147},{"date":"2020-07-06T00:00:00","sunrise":"2020-07-06T05:27:15","sunset":"2020-07-06T22:02:52","morning":{"datetime":"2020-07-06T08:00:00","datetimeutc":"2020-07-06T06:00:00","timetype":"Morning","precipitationmm":0.0,"mintemperature":14.9,"maxtemperature":15.7,"cloudcover":75,"iconcode":"r","iconid":19,"sources":1,"winddirection":"W","winddirectiondegrees":283,"windspeedms":8.2,"visibility":13538,"precipitation":2,"beaufort":4,"humidity":69,"sunshine":20,"hour":8,"mintemp":14.9,"maxtemp":15.7,"windspeed":30,"sunshinepower":276,"sunpower":276},"afternoon":{"datetime":"2020-07-06T12:00:00","datetimeutc":"2020-07-06T10:00:00","timetype":"Afternoon","precipitationmm":3.4,"mintemperature":15.8,"maxtemperature":15.9,"cloudcover":64,"iconcode":"f","iconid":22,"sources":1,"winddirection":"W","winddirectiondegrees":288,"windspeedms":7.7,"visibility":13913,"precipitation":74,"beaufort":4,"humidity":69,"sunshine":31,"hour":12,"mintemp":15.8,"maxtemp":15.9,"windspeed":28,"sunshinepower":521,"sunpower":521},"evening":{"datetime":"2020-07-06T18:00:00","datetimeutc":"2020-07-06T16:00:00","timetype":"Evening","precipitationmm":0.0,"mintemperature":13.7,"maxtemperature":16.0,"cloudcover":63,"iconcode":"b","iconid":7,"sources":1,"winddirection":"NW","winddirectiondegrees":313,"windspeedms":5.4,"visibility":13855,"precipitation":2,"beaufort":3,"humidity":74,"sunshine":21,"hour":18,"mintemp":13.7,"maxtemp":16.0,"windspeed":19,"sunshinepower":135,"sunpower":135},"night":{"datetime":"2020-07-06T00:00:00","datetimeutc":"2020-07-05T22:00:00","timetype":"Night","precipitationmm":0.0,"mintemperature":15.0,"maxtemperature":16.5,"cloudcover":53,"iconcode":"b","iconid":7,"sources":1,"winddirection":"W","winddirectiondegrees":276,"windspeedms":8.0,"visibility":17075,"precipitation":0,"beaufort":4,"humidity":67,"sunshine":3,"hour":0,"mintemp":15.0,"maxtemp":16.5,"windspeed":29,"sunshinepower":2,"sunpower":2},"hours":[{"datetime":"2020-07-06T00:00:00","datetimeutc":"2020-07-05T22:00:00","timetype":"Hour","precipitationmm":0.0,"temperature":16.5,"feeltemperature":16.5,"cloudcover":48,"iconcode":"jj","iconid":7,"sources":2,"winddirection":"W","winddirectiondegrees":273,"windspeedms":7.4,"visibility":17850,"precipitation":0,"beaufort":4,"humidity":67,"sunshine":0,"hour":0,"pollenindex":5,"windspeed":27,"sunshinepower":0,"sunpower":0},{"datetime":"2020-07-06T01:00:00","datetimeutc":"2020-07-05T23:00:00","timetype":"Hour","precipitationmm":0.0,"temperature":16.4,"feeltemperature":16.4,"cloudcover":53,"iconcode":"bb","iconid":7,"sources":2,"winddirection":"W","winddirectiondegrees":275,"windspeedms":7.6,"visibility":18050,"precipitation":0,"beaufort":4,"humidity":66,"sunshine":0,"hour":1,"pollenindex":5,"windspeed":27,"sunshinepower":0,"sunpower":0},{"datetime":"2020-07-06T02:00:00","datetimeutc":"2020-07-06T00:00:00","timetype":"Hour","precipitationmm":0.0,"temperature":16.3,"feeltemperature":14.8,"cloudcover":51,"iconcode":"bb","iconid":22,"sources":2,"winddirection":"W","winddirectiondegrees":274,"windspeedms":8.0,"visibility":18260,"precipitation":0,"beaufort":4,"humidity":65,"sunshine":0,"hour":2,"pollenindex":5,"windspeed":29,"sunshinepower":0,"sunpower":0},{"datetime":"2020-07-06T03:00:00","datetimeutc":"2020-07-06T01:00:00","timetype":"Hour","precipitationmm":0.0,"temperature":16.1,"feeltemperature":14.6,"cloudcover":48,"iconcode":"jj","iconid":19,"sources":2,"winddirection":"W","winddirectiondegrees":278,"windspeedms":8.2,"visibility":17850,"precipitation":0,"beaufort":4,"humidity":65,"sunshine":0,"hour":3,"pollenindex":5,"windspeed":30,"sunshinepower":0,"sunpower":0},{"datetime":"2020-07-06T04:00:00","datetimeutc":"2020-07-06T02:00:00","timetype":"Hour","precipitationmm":0.0,"temperature":15.6,"feeltemperature":13.9,"cloudcover":47,"iconcode":"jj","iconid":22,"sources":2,"winddirection":"W","winddirectiondegrees":277,"windspeedms":8.2,"visibility":17460,"precipitation":0,"beaufort":4,"humidity":67,"sunshine":0,"hour":4,"pollenindex":5,"windspeed":30,"sunshinepower":0,"sunpower":0},{"datetime":"2020-07-06T05:00:00","datetimeutc":"2020-07-06T03:00:00","timetype":"Hour","precipitationmm":0.0,"temperature":15.2,"feeltemperature":13.4,"cloudcover":59,"iconcode":"bb","iconid":7,"sources":2,"winddirection":"W","winddirectiondegrees":278,"windspeedms":8.1,"visibility":15840,"precipitation":1,"beaufort":4,"humidity":69,"sunshine":0,"hour":5,"pollenindex":5,"windspeed":29,"sunshinepower":0,"sunpower":0},{"datetime":"2020-07-06T06:00:00","datetimeutc":"2020-07-06T04:00:00","timetype":"Hour","precipitationmm":0.0,"temperature":15.0,"feeltemperature":13.1,"cloudcover":67,"iconcode":"b","iconid":7,"sources":2,"winddirection":"W","winddirectiondegrees":279,"windspeedms":8.2,"visibility":14220,"precipitation":1,"beaufort":4,"humidity":71,"sunshine":21,"hour":6,"pollenindex":5,"windspeed":30,"sunshinepower":19,"sunpower":19},{"datetime":"2020-07-06T07:00:00","datetimeutc":"2020-07-06T05:00:00","timetype":"Hour","precipitationmm":0.0,"temperature":14.9,"feeltemperature":13.0,"cloudcover":74,"iconcode":"r","iconid":7,"sources":2,"winddirection":"W","winddirectiondegrees":282,"windspeedms":8.2,"visibility":14020,"precipitation":1,"beaufort":4,"humidity":71,"sunshine":28,"hour":7,"pollenindex":5,"windspeed":30,"sunshinepower":92,"sunpower":92},{"datetime":"2020-07-06T08:00:00","datetimeutc":"2020-07-06T06:00:00","timetype":"Hour","precipitationmm":0.0,"temperature":15.0,"feeltemperature":13.1,"cloudcover":78,"iconcode":"r","iconid":19,"sources":1,"winddirection":"W","winddirectiondegrees":285,"windspeedms":8.27,"visibility":13610,"precipitation":1,"beaufort":4,"humidity":71,"sunshine":21,"hour":8,"pollenindex":5,"windspeed":30,"sunshinepower":190,"sunpower":190},{"datetime":"2020-07-06T09:00:00","datetimeutc":"2020-07-06T07:00:00","timetype":"Hour","precipitationmm":0.0,"temperature":15.1,"feeltemperature":13.3,"cloudcover":78,"iconcode":"r","iconid":22,"sources":1,"winddirection":"W","winddirectiondegrees":287,"windspeedms":8.14,"visibility":13220,"precipitation":2,"beaufort":4,"humidity":70,"sunshine":16,"hour":9,"pollenindex":5,"windspeed":29,"sunshinepower":283,"sunpower":283},{"datetime":"2020-07-06T10:00:00","datetimeutc":"2020-07-06T08:00:00","timetype":"Hour","precipitationmm":0.0,"temperature":15.4,"feeltemperature":13.7,"cloudcover":76,"iconcode":"r","iconid":22,"sources":1,"winddirection":"W","winddirectiondegrees":283,"windspeedms":8.09,"visibility":13220,"precipitation":2,"beaufort":4,"humidity":69,"sunshine":16,"hour":10,"pollenindex":6,"windspeed":29,"sunshinepower":367,"sunpower":367},{"datetime":"2020-07-06T11:00:00","datetimeutc":"2020-07-06T09:00:00","timetype":"Hour","precipitationmm":0.0,"temperature":15.7,"feeltemperature":14.0,"cloudcover":72,"iconcode":"r","iconid":19,"sources":1,"winddirection":"W","winddirectiondegrees":281,"windspeedms":8.18,"visibility":13620,"precipitation":2,"beaufort":4,"humidity":68,"sunshine":20,"hour":11,"pollenindex":6,"windspeed":29,"sunshinepower":451,"sunpower":451},{"datetime":"2020-07-06T12:00:00","datetimeutc":"2020-07-06T10:00:00","timetype":"Hour","precipitationmm":0.0,"temperature":15.8,"feeltemperature":14.2,"cloudcover":66,"iconcode":"b","iconid":22,"sources":1,"winddirection":"W","winddirectiondegrees":282,"windspeedms":8.18,"visibility":13410,"precipitation":3,"beaufort":4,"humidity":68,"sunshine":23,"hour":12,"pollenindex":6,"windspeed":29,"sunshinepower":530,"sunpower":530},{"datetime":"2020-07-06T13:00:00","datetimeutc":"2020-07-06T11:00:00","timetype":"Hour","precipitationmm":1.3,"temperature":15.9,"feeltemperature":14.3,"cloudcover":60,"iconcode":"f","iconid":33,"sources":1,"winddirection":"W","winddirectiondegrees":287,"windspeedms":8.06,"visibility":14010,"precipitation":75,"beaufort":4,"humidity":68,"sunshine":30,"hour":13,"pollenindex":6,"windspeed":29,"sunshinepower":585,"sunpower":585},{"datetime":"2020-07-06T14:00:00","datetimeutc":"2020-07-06T12:00:00","timetype":"Hour","precipitationmm":0.0,"temperature":15.9,"feeltemperature":15.9,"cloudcover":56,"iconcode":"b","iconid":7,"sources":1,"winddirection":"W","winddirectiondegrees":286,"windspeedms":7.98,"visibility":14210,"precipitation":3,"beaufort":4,"humidity":69,"sunshine":36,"hour":14,"pollenindex":6,"windspeed":29,"sunshinepower":589,"sunpower":589},{"datetime":"2020-07-06T15:00:00","datetimeutc":"2020-07-06T13:00:00","timetype":"Hour","precipitationmm":1.1,"temperature":15.8,"feeltemperature":15.8,"cloudcover":61,"iconcode":"f","iconid":33,"sources":1,"winddirection":"W","winddirectiondegrees":287,"windspeedms":7.74,"visibility":14210,"precipitation":88,"beaufort":4,"humidity":70,"sunshine":40,"hour":15,"pollenindex":6,"windspeed":28,"sunshinepower":541,"sunpower":541},{"datetime":"2020-07-06T16:00:00","datetimeutc":"2020-07-06T14:00:00","timetype":"Hour","precipitationmm":1.1,"temperature":15.8,"feeltemperature":15.8,"cloudcover":69,"iconcode":"m","iconid":33,"sources":1,"winddirection":"NW","winddirectiondegrees":293,"windspeedms":7.45,"visibility":13620,"precipitation":94,"beaufort":4,"humidity":70,"sunshine":35,"hour":16,"pollenindex":6,"windspeed":27,"sunshinepower":473,"sunpower":473},{"datetime":"2020-07-06T17:00:00","datetimeutc":"2020-07-06T15:00:00","timetype":"Hour","precipitationmm":0.0,"temperature":15.9,"feeltemperature":15.9,"cloudcover":72,"iconcode":"r","iconid":7,"sources":1,"winddirection":"NW","winddirectiondegrees":298,"windspeedms":6.98,"visibility":14020,"precipitation":3,"beaufort":4,"humidity":70,"sunshine":26,"hour":17,"pollenindex":6,"windspeed":25,"sunshinepower":410,"sunpower":410},{"datetime":"2020-07-06T18:00:00","datetimeutc":"2020-07-06T16:00:00","timetype":"Hour","precipitationmm":0.0,"temperature":16.0,"feeltemperature":16.0,"cloudcover":73,"iconcode":"r","iconid":7,"sources":1,"winddirection":"NW","winddirectiondegrees":303,"windspeedms":6.6,"visibility":14810,"precipitation":2,"beaufort":4,"humidity":70,"sunshine":23,"hour":18,"pollenindex":6,"windspeed":24,"sunshinepower":341,"sunpower":341},{"datetime":"2020-07-06T19:00:00","datetimeutc":"2020-07-06T17:00:00","timetype":"Hour","precipitationmm":0.0,"temperature":15.9,"feeltemperature":15.9,"cloudcover":72,"iconcode":"r","iconid":7,"sources":1,"winddirection":"NW","winddirectiondegrees":309,"windspeedms":6.3,"visibility":16210,"precipitation":2,"beaufort":4,"humidity":70,"sunshine":21,"hour":19,"pollenindex":5,"windspeed":23,"sunshinepower":252,"sunpower":252},{"datetime":"2020-07-06T20:00:00","datetimeutc":"2020-07-06T18:00:00","timetype":"Hour","precipitationmm":0.0,"temperature":15.4,"feeltemperature":15.4,"cloudcover":69,"iconcode":"b","iconid":19,"sources":1,"winddirection":"NW","winddirectiondegrees":314,"windspeedms":6.03,"visibility":14010,"precipitation":2,"beaufort":4,"humidity":72,"sunshine":23,"hour":20,"pollenindex":5,"windspeed":22,"sunshinepower":155,"sunpower":155},{"datetime":"2020-07-06T21:00:00","datetimeutc":"2020-07-06T19:00:00","timetype":"Hour","precipitationmm":0.0,"temperature":14.8,"feeltemperature":13.5,"cloudcover":63,"iconcode":"b","iconid":19,"sources":1,"winddirection":"NW","winddirectiondegrees":319,"windspeedms":5.35,"visibility":12410,"precipitation":2,"beaufort":3,"humidity":75,"sunshine":26,"hour":21,"pollenindex":5,"windspeed":19,"sunshinepower":63,"sunpower":63},{"datetime":"2020-07-06T22:00:00","datetimeutc":"2020-07-06T20:00:00","timetype":"Hour","precipitationmm":0.0,"temperature":14.2,"feeltemperature":13.0,"cloudcover":54,"iconcode":"b","iconid":7,"sources":1,"winddirection":"NW","winddirectiondegrees":319,"windspeedms":4.28,"visibility":12840,"precipitation":1,"beaufort":3,"humidity":78,"sunshine":33,"hour":22,"pollenindex":5,"windspeed":15,"sunshinepower":0,"sunpower":0},{"datetime":"2020-07-06T23:00:00","datetimeutc":"2020-07-06T21:00:00","timetype":"Hour","precipitationmm":0.0,"temperature":13.7,"feeltemperature":12.7,"cloudcover":49,"iconcode":"jj","iconid":7,"sources":1,"winddirection":"NW","winddirectiondegrees":316,"windspeedms":3.55,"visibility":12850,"precipitation":1,"beaufort":2,"humidity":80,"sunshine":3,"hour":23,"pollenindex":4,"windspeed":13,"sunshinepower":0,"sunpower":0}],"datetime":"2020-07-06T00:00:00","datetimeutc":"2020-07-05T22:00:00","timetype":"Day","precipitationmm":3.4,"mintemperature":13.7,"maxtemperature":16.5,"cloudcover":63,"iconcode":"f","iconid":16,"sources":2,"winddirection":"W","winddirectiondegrees":270,"windspeedms":7.3,"visibility":14742,"precipitation":35,"beaufort":4,"humidity":69,"sunshine":18,"uvindex":4,"bbqindex":4,"mosquitoindex":6,"pollenindex":4,"icescrapeindex":1,"mintemp":13.7,"maxtemp":16.5,"windspeed":7,"sunshinepower":222,"sunpower":222},{"date":"2020-07-07T00:00:00","sunrise":"2020-07-07T05:28:13","sunset":"2020-07-07T22:02:12","hours":[{"datetime":"2020-07-07T00:00:00","datetimeutc":"2020-07-06T22:00:00","timetype":"Hour","precipitationmm":0.0,"temperature":13.2,"feeltemperature":12.1,"cloudcover":50,"iconcode":"bb","iconid":7,"sources":1,"winddirection":"NW","winddirectiondegrees":317,"windspeedms":3.62,"visibility":14050,"precipitation":1,"beaufort":2,"humidity":82,"sunshine":0,"hour":0,"pollenindex":4,"windspeed":13,"sunshinepower":0,"sunpower":0},{"datetime":"2020-07-07T01:00:00","datetimeutc":"2020-07-06T23:00:00","timetype":"Hour","precipitationmm":0.0,"temperature":12.9,"feeltemperature":12.9,"cloudcover":55,"iconcode":"bb","iconid":7,"sources":1,"winddirection":"NW","winddirectiondegrees":316,"windspeedms":3.15,"visibility":13050,"precipitation":0,"beaufort":2,"humidity":83,"sunshine":0,"hour":1,"pollenindex":4,"windspeed":11,"sunshinepower":0,"sunpower":0},{"datetime":"2020-07-07T02:00:00","datetimeutc":"2020-07-07T00:00:00","timetype":"Hour","precipitationmm":0.0,"temperature":12.5,"feeltemperature":12.5,"cloudcover":60,"iconcode":"bb","iconid":7,"sources":1,"winddirection":"NW","winddirectiondegrees":308,"windspeedms":2.73,"visibility":13850,"precipitation":0,"beaufort":2,"humidity":84,"sunshine":0,"hour":2,"pollenindex":4,"windspeed":10,"sunshinepower":0,"sunpower":0},{"datetime":"2020-07-07T03:00:00","datetimeutc":"2020-07-07T01:00:00","timetype":"Hour","precipitationmm":0.0,"temperature":12.1,"feeltemperature":12.1,"cloudcover":64,"iconcode":"bb","iconid":7,"sources":1,"winddirection":"NW","winddirectiondegrees":303,"windspeedms":2.72,"visibility":13620,"precipitation":0,"beaufort":2,"humidity":86,"sunshine":0,"hour":3,"pollenindex":4,"windspeed":10,"sunshinepower":0,"sunpower":0},{"datetime":"2020-07-07T04:00:00","datetimeutc":"2020-07-07T02:00:00","timetype":"Hour","precipitationmm":0.0,"temperature":11.8,"feeltemperature":11.8,"cloudcover":68,"iconcode":"bb","iconid":7,"sources":1,"winddirection":"W","winddirectiondegrees":287,"windspeedms":2.49,"visibility":11810,"precipitation":0,"beaufort":2,"humidity":87,"sunshine":0,"hour":4,"pollenindex":4,"windspeed":9,"sunshinepower":0,"sunpower":0},{"datetime":"2020-07-07T05:00:00","datetimeutc":"2020-07-07T03:00:00","timetype":"Hour","precipitationmm":0.0,"temperature":11.7,"feeltemperature":11.7,"cloudcover":69,"iconcode":"bb","iconid":7,"sources":1,"winddirection":"W","winddirectiondegrees":273,"windspeedms":2.34,"visibility":10810,"precipitation":0,"beaufort":2,"humidity":88,"sunshine":0,"hour":5,"pollenindex":4,"windspeed":8,"sunshinepower":0,"sunpower":0},{"datetime":"2020-07-07T06:00:00","datetimeutc":"2020-07-07T04:00:00","timetype":"Hour","precipitationmm":0.0,"temperature":12.0,"feeltemperature":12.0,"cloudcover":60,"iconcode":"b","iconid":7,"sources":1,"winddirection":"W","winddirectiondegrees":266,"windspeedms":2.32,"visibility":10200,"precipitation":0,"beaufort":2,"humidity":87,"sunshine":15,"hour":6,"pollenindex":4,"windspeed":8,"sunshinepower":23,"sunpower":23},{"datetime":"2020-07-07T07:00:00","datetimeutc":"2020-07-07T05:00:00","timetype":"Hour","precipitationmm":0.0,"temperature":12.9,"feeltemperature":12.9,"cloudcover":64,"iconcode":"b","iconid":7,"sources":1,"winddirection":"W","winddirectiondegrees":252,"windspeedms":2.36,"visibility":10400,"precipitation":0,"beaufort":2,"humidity":83,"sunshine":36,"hour":7,"pollenindex":4,"windspeed":8,"sunshinepower":113,"sunpower":113},{"datetime":"2020-07-07T08:00:00","datetimeutc":"2020-07-07T06:00:00","timetype":"Hour","precipitationmm":0.0,"temperature":13.9,"feeltemperature":13.9,"cloudcover":73,"iconcode":"r","iconid":19,"sources":1,"winddirection":"W","winddirectiondegrees":271,"windspeedms":3.11,"visibility":13400,"precipitation":0,"beaufort":2,"humidity":78,"sunshine":31,"hour":8,"pollenindex":4,"windspeed":11,"sunshinepower":230,"sunpower":230},{"datetime":"2020-07-07T09:00:00","datetimeutc":"2020-07-07T07:00:00","timetype":"Hour","precipitationmm":0.0,"temperature":14.8,"feeltemperature":14.0,"cloudcover":77,"iconcode":"r","iconid":22,"sources":1,"winddirection":"W","winddirectiondegrees":267,"windspeedms":3.75,"visibility":13200,"precipitation":0,"beaufort":2,"humidity":74,"sunshine":21,"hour":9,"pollenindex":5,"windspeed":14,"sunshinepower":332,"sunpower":332},{"datetime":"2020-07-07T10:00:00","datetimeutc":"2020-07-07T08:00:00","timetype":"Hour","precipitationmm":0.0,"temperature":15.7,"feeltemperature":15.7,"cloudcover":78,"iconcode":"r","iconid":19,"sources":1,"winddirection":"W","winddirectiondegrees":255,"windspeedms":4.42,"visibility":14200,"precipitation":0,"beaufort":3,"humidity":70,"sunshine":18,"hour":10,"pollenindex":6,"windspeed":16,"sunshinepower":397,"sunpower":397},{"datetime":"2020-07-07T11:00:00","datetimeutc":"2020-07-07T09:00:00","timetype":"Hour","precipitationmm":0.0,"temperature":16.6,"feeltemperature":16.6,"cloudcover":71,"iconcode":"r","iconid":22,"sources":1,"winddirection":"W","winddirectiondegrees":255,"windspeedms":5.3,"visibility":15000,"precipitation":0,"beaufort":3,"humidity":66,"sunshine":16,"hour":11,"pollenindex":6,"windspeed":19,"sunshinepower":460,"sunpower":460},{"datetime":"2020-07-07T12:00:00","datetimeutc":"2020-07-07T10:00:00","timetype":"Hour","precipitationmm":0.0,"temperature":17.3,"feeltemperature":17.3,"cloudcover":65,"iconcode":"b","iconid":22,"sources":1,"winddirection":"W","winddirectiondegrees":262,"windspeedms":5.79,"visibility":15200,"precipitation":1,"beaufort":3,"humidity":63,"sunshine":23,"hour":12,"pollenindex":6,"windspeed":21,"sunshinepower":540,"sunpower":540},{"datetime":"2020-07-07T13:00:00","datetimeutc":"2020-07-07T11:00:00","timetype":"Hour","precipitationmm":0.0,"temperature":17.8,"feeltemperature":17.8,"cloudcover":57,"iconcode":"b","iconid":19,"sources":1,"winddirection":"W","winddirectiondegrees":274,"windspeedms":6.11,"visibility":16400,"precipitation":1,"beaufort":4,"humidity":61,"sunshine":30,"hour":13,"pollenindex":6,"windspeed":22,"sunshinepower":589,"sunpower":589},{"datetime":"2020-07-07T14:00:00","datetimeutc":"2020-07-07T12:00:00","timetype":"Hour","precipitationmm":0.0,"temperature":17.9,"feeltemperature":17.9,"cloudcover":50,"iconcode":"b","iconid":7,"sources":1,"winddirection":"W","winddirectiondegrees":280,"windspeedms":6.32,"visibility":15400,"precipitation":2,"beaufort":4,"humidity":60,"sunshine":40,"hour":14,"pollenindex":7,"windspeed":23,"sunshinepower":625,"sunpower":625},{"datetime":"2020-07-07T15:00:00","datetimeutc":"2020-07-07T13:00:00","timetype":"Hour","precipitationmm":0.0,"temperature":17.8,"feeltemperature":17.8,"cloudcover":51,"iconcode":"b","iconid":7,"sources":1,"winddirection":"W","winddirectiondegrees":287,"windspeedms":6.34,"visibility":14800,"precipitation":2,"beaufort":4,"humidity":60,"sunshine":46,"hour":15,"pollenindex":7,"windspeed":23,"sunshinepower":644,"sunpower":644},{"datetime":"2020-07-07T16:00:00","datetimeutc":"2020-07-07T14:00:00","timetype":"Hour","precipitationmm":0.0,"temperature":17.6,"feeltemperature":17.6,"cloudcover":55,"iconcode":"b","iconid":7,"sources":1,"winddirection":"NW","winddirectiondegrees":299,"windspeedms":6.45,"visibility":13800,"precipitation":2,"beaufort":4,"humidity":60,"sunshine":45,"hour":16,"pollenindex":7,"windspeed":23,"sunshinepower":625,"sunpower":625},{"datetime":"2020-07-07T17:00:00","datetimeutc":"2020-07-07T15:00:00","timetype":"Hour","precipitationmm":0.0,"temperature":17.3,"feeltemperature":17.3,"cloudcover":53,"iconcode":"b","iconid":7,"sources":1,"winddirection":"NW","winddirectiondegrees":302,"windspeedms":6.18,"visibility":14000,"precipitation":1,"beaufort":4,"humidity":61,"sunshine":41,"hour":17,"pollenindex":7,"windspeed":22,"sunshinepower":562,"sunpower":562},{"datetime":"2020-07-07T18:00:00","datetimeutc":"2020-07-07T16:00:00","timetype":"Hour","precipitationmm":0.0,"temperature":16.9,"feeltemperature":16.9,"cloudcover":39,"iconcode":"j","iconid":7,"sources":1,"winddirection":"NW","winddirectiondegrees":297,"windspeedms":5.77,"visibility":14800,"precipitation":1,"beaufort":3,"humidity":61,"sunshine":43,"hour":18,"pollenindex":7,"windspeed":21,"sunshinepower":465,"sunpower":465},{"datetime":"2020-07-07T19:00:00","datetimeutc":"2020-07-07T17:00:00","timetype":"Hour","precipitationmm":0.0,"temperature":16.4,"feeltemperature":16.4,"cloudcover":33,"iconcode":"j","iconid":4,"sources":1,"winddirection":"NW","winddirectiondegrees":296,"windspeedms":5.02,"visibility":16200,"precipitation":0,"beaufort":3,"humidity":63,"sunshine":58,"hour":19,"pollenindex":6,"windspeed":18,"sunshinepower":348,"sunpower":348},{"datetime":"2020-07-07T20:00:00","datetimeutc":"2020-07-07T18:00:00","timetype":"Hour","precipitationmm":0.0,"temperature":15.6,"feeltemperature":15.6,"cloudcover":33,"iconcode":"j","iconid":4,"sources":1,"winddirection":"NW","winddirectiondegrees":297,"windspeedms":4.24,"visibility":16000,"precipitation":0,"beaufort":3,"humidity":66,"sunshine":65,"hour":20,"pollenindex":5,"windspeed":15,"sunshinepower":212,"sunpower":212},{"datetime":"2020-07-07T21:00:00","datetimeutc":"2020-07-07T19:00:00","timetype":"Hour","precipitationmm":0.0,"temperature":14.6,"feeltemperature":14.6,"cloudcover":33,"iconcode":"j","iconid":7,"sources":1,"winddirection":"NW","winddirectiondegrees":296,"windspeedms":3.33,"visibility":15010,"precipitation":0,"beaufort":2,"humidity":70,"sunshine":65,"hour":21,"pollenindex":5,"windspeed":12,"sunshinepower":83,"sunpower":83},{"datetime":"2020-07-07T22:00:00","datetimeutc":"2020-07-07T20:00:00","timetype":"Hour","precipitationmm":0.0,"temperature":13.8,"feeltemperature":13.8,"cloudcover":30,"iconcode":"j","iconid":8,"sources":1,"winddirection":"W","winddirectiondegrees":276,"windspeedms":2.48,"visibility":13610,"precipitation":0,"beaufort":2,"humidity":73,"sunshine":65,"hour":22,"pollenindex":5,"windspeed":9,"sunshinepower":0,"sunpower":0},{"datetime":"2020-07-07T23:00:00","datetimeutc":"2020-07-07T21:00:00","timetype":"Hour","precipitationmm":0.0,"temperature":13.3,"feeltemperature":13.3,"cloudcover":30,"iconcode":"jj","iconid":8,"sources":1,"winddirection":"W","winddirectiondegrees":248,"windspeedms":2.21,"visibility":12620,"precipitation":0,"beaufort":2,"humidity":76,"sunshine":5,"hour":23,"pollenindex":5,"windspeed":8,"sunshinepower":0,"sunpower":0}],"datetime":"2020-07-07T00:00:00","datetimeutc":"2020-07-06T22:00:00","timetype":"Day","precipitationmm":0.0,"mintemperature":11.7,"maxtemperature":17.9,"cloudcover":75,"iconcode":"r","iconid":3,"sources":1,"winddirection":"W","winddirectiondegrees":270,"windspeedms":4.11,"precipitation":2,"beaufort":3,"uvindex":4,"bbqindex":6,"mosquitoindex":7,"pollenindex":5,"icescrapeindex":1,"mintemp":11.7,"maxtemp":17.9,"windspeed":4},{"date":"2020-07-08T00:00:00","sunrise":"2020-07-08T05:29:13","sunset":"2020-07-08T22:01:29","hours":[{"datetime":"2020-07-08T00:00:00","datetimeutc":"2020-07-07T22:00:00","timetype":"Hour","precipitationmm":0.0,"temperature":12.9,"feeltemperature":12.9,"cloudcover":89,"iconcode":"rr","iconid":20,"sources":1,"winddirection":"ZW","winddirectiondegrees":226,"windspeedms":2.36,"visibility":12010,"precipitation":0,"beaufort":2,"humidity":77,"sunshine":0,"hour":0,"pollenindex":5,"windspeed":8,"sunshinepower":0,"sunpower":0},{"datetime":"2020-07-08T01:00:00","datetimeutc":"2020-07-07T23:00:00","timetype":"Hour","precipitationmm":0.0,"temperature":12.5,"feeltemperature":12.5,"cloudcover":100,"iconcode":"cc","iconid":20,"sources":1,"winddirection":"ZW","winddirectiondegrees":217,"windspeedms":2.69,"visibility":11420,"precipitation":0,"beaufort":2,"humidity":79,"sunshine":0,"hour":1,"pollenindex":4,"windspeed":10,"sunshinepower":0,"sunpower":0},{"datetime":"2020-07-08T02:00:00","datetimeutc":"2020-07-08T00:00:00","timetype":"Hour","precipitationmm":0.0,"temperature":12.1,"feeltemperature":12.1,"cloudcover":100,"iconcode":"cc","iconid":20,"sources":1,"winddirection":"ZW","winddirectiondegrees":209,"windspeedms":3.2,"visibility":12010,"precipitation":0,"beaufort":2,"humidity":81,"sunshine":0,"hour":2,"pollenindex":4,"windspeed":12,"sunshinepower":0,"sunpower":0},{"datetime":"2020-07-08T03:00:00","datetimeutc":"2020-07-08T01:00:00","timetype":"Hour","precipitationmm":0.0,"temperature":11.9,"feeltemperature":10.4,"cloudcover":100,"iconcode":"cc","iconid":20,"sources":1,"winddirection":"ZW","winddirectiondegrees":204,"windspeedms":3.79,"visibility":11810,"precipitation":0,"beaufort":2,"humidity":82,"sunshine":0,"hour":3,"pollenindex":4,"windspeed":14,"sunshinepower":0,"sunpower":0},{"datetime":"2020-07-08T04:00:00","datetimeutc":"2020-07-08T02:00:00","timetype":"Hour","precipitationmm":0.0,"temperature":11.7,"feeltemperature":9.9,"cloudcover":100,"iconcode":"cc","iconid":20,"sources":1,"winddirection":"ZW","winddirectiondegrees":203,"windspeedms":4.41,"visibility":13410,"precipitation":0,"beaufort":3,"humidity":83,"sunshine":0,"hour":4,"pollenindex":4,"windspeed":16,"sunshinepower":0,"sunpower":0},{"datetime":"2020-07-08T05:00:00","datetimeutc":"2020-07-08T03:00:00","timetype":"Hour","precipitationmm":0.0,"temperature":11.8,"feeltemperature":9.8,"cloudcover":99,"iconcode":"cc","iconid":21,"sources":1,"winddirection":"ZW","winddirectiondegrees":207,"windspeedms":4.99,"visibility":14200,"precipitation":0,"beaufort":3,"humidity":83,"sunshine":0,"hour":5,"pollenindex":4,"windspeed":18,"sunshinepower":0,"sunpower":0},{"datetime":"2020-07-08T06:00:00","datetimeutc":"2020-07-08T04:00:00","timetype":"Hour","precipitationmm":0.0,"temperature":12.3,"feeltemperature":10.3,"cloudcover":97,"iconcode":"c","iconid":21,"sources":1,"winddirection":"ZW","winddirectiondegrees":209,"windspeedms":5.61,"visibility":14200,"precipitation":0,"beaufort":3,"humidity":82,"sunshine":0,"hour":6,"pollenindex":4,"windspeed":20,"sunshinepower":21,"sunpower":21},{"datetime":"2020-07-08T07:00:00","datetimeutc":"2020-07-08T05:00:00","timetype":"Hour","precipitationmm":0.0,"temperature":13.5,"feeltemperature":11.6,"cloudcover":96,"iconcode":"c","iconid":21,"sources":1,"winddirection":"ZW","winddirectiondegrees":216,"windspeedms":6.32,"visibility":14800,"precipitation":1,"beaufort":4,"humidity":78,"sunshine":0,"hour":7,"pollenindex":4,"windspeed":23,"sunshinepower":95,"sunpower":95},{"datetime":"2020-07-08T08:00:00","datetimeutc":"2020-07-08T06:00:00","timetype":"Hour","precipitationmm":0.0,"temperature":14.9,"feeltemperature":13.3,"cloudcover":88,"iconcode":"r","iconid":20,"sources":1,"winddirection":"ZW","winddirectiondegrees":224,"windspeedms":6.96,"visibility":15000,"precipitation":1,"beaufort":4,"humidity":73,"sunshine":0,"hour":8,"pollenindex":5,"windspeed":25,"sunshinepower":197,"sunpower":197},{"datetime":"2020-07-08T09:00:00","datetimeutc":"2020-07-08T07:00:00","timetype":"Hour","precipitationmm":0.0,"temperature":16.3,"feeltemperature":16.3,"cloudcover":95,"iconcode":"c","iconid":20,"sources":1,"winddirection":"ZW","winddirectiondegrees":228,"windspeedms":7.46,"visibility":15800,"precipitation":1,"beaufort":4,"humidity":69,"sunshine":6,"hour":9,"pollenindex":5,"windspeed":27,"sunshinepower":302,"sunpower":302},{"datetime":"2020-07-08T10:00:00","datetimeutc":"2020-07-08T08:00:00","timetype":"Hour","precipitationmm":0.0,"temperature":17.5,"feeltemperature":17.5,"cloudcover":100,"iconcode":"c","iconid":20,"sources":1,"winddirection":"ZW","winddirectiondegrees":233,"windspeedms":7.99,"visibility":16000,"precipitation":1,"beaufort":4,"humidity":65,"sunshine":0,"hour":10,"pollenindex":6,"windspeed":29,"sunshinepower":404,"sunpower":404},{"datetime":"2020-07-08T11:00:00","datetimeutc":"2020-07-08T09:00:00","timetype":"Hour","precipitationmm":0.0,"temperature":18.5,"feeltemperature":17.7,"cloudcover":100,"iconcode":"c","iconid":20,"sources":1,"winddirection":"ZW","winddirectiondegrees":237,"windspeedms":8.56,"visibility":18200,"precipitation":1,"beaufort":4,"humidity":62,"sunshine":0,"hour":11,"pollenindex":6,"windspeed":31,"sunshinepower":470,"sunpower":470},{"datetime":"2020-07-08T12:00:00","datetimeutc":"2020-07-08T10:00:00","timetype":"Hour","precipitationmm":0.0,"temperature":19.4,"feeltemperature":19.4,"cloudcover":100,"iconcode":"c","iconid":19,"sources":1,"winddirection":"ZW","winddirectiondegrees":241,"windspeedms":8.93,"visibility":20200,"precipitation":1,"beaufort":4,"humidity":59,"sunshine":0,"hour":12,"pollenindex":7,"windspeed":32,"sunshinepower":475,"sunpower":475},{"datetime":"2020-07-08T13:00:00","datetimeutc":"2020-07-08T11:00:00","timetype":"Hour","precipitationmm":0.0,"temperature":20.2,"feeltemperature":20.2,"cloudcover":100,"iconcode":"c","iconid":22,"sources":1,"winddirection":"ZW","winddirectiondegrees":244,"windspeedms":8.86,"visibility":19200,"precipitation":1,"beaufort":4,"humidity":57,"sunshine":0,"hour":13,"pollenindex":7,"windspeed":32,"sunshinepower":434,"sunpower":434},{"datetime":"2020-07-08T14:00:00","datetimeutc":"2020-07-08T12:00:00","timetype":"Hour","precipitationmm":0.0,"temperature":20.5,"feeltemperature":20.5,"cloudcover":100,"iconcode":"c","iconid":22,"sources":1,"winddirection":"ZW","winddirectiondegrees":247,"windspeedms":9.0,"visibility":20400,"precipitation":1,"beaufort":5,"humidity":56,"sunshine":0,"hour":14,"pollenindex":7,"windspeed":32,"sunshinepower":412,"sunpower":412},{"datetime":"2020-07-08T15:00:00","datetimeutc":"2020-07-08T13:00:00","timetype":"Hour","precipitationmm":0.0,"temperature":20.6,"feeltemperature":20.6,"cloudcover":100,"iconcode":"c","iconid":22,"sources":1,"winddirection":"W","winddirectiondegrees":255,"windspeedms":8.89,"visibility":22200,"precipitation":1,"beaufort":4,"humidity":56,"sunshine":0,"hour":15,"pollenindex":7,"windspeed":32,"sunshinepower":419,"sunpower":419},{"datetime":"2020-07-08T16:00:00","datetimeutc":"2020-07-08T14:00:00","timetype":"Hour","precipitationmm":0.0,"temperature":20.4,"feeltemperature":20.4,"cloudcover":98,"iconcode":"c","iconid":22,"sources":1,"winddirection":"W","winddirectiondegrees":258,"windspeedms":8.89,"visibility":21400,"precipitation":1,"beaufort":4,"humidity":57,"sunshine":0,"hour":16,"pollenindex":7,"windspeed":32,"sunshinepower":393,"sunpower":393},{"datetime":"2020-07-08T17:00:00","datetimeutc":"2020-07-08T15:00:00","timetype":"Hour","precipitationmm":0.0,"temperature":20.1,"feeltemperature":20.1,"cloudcover":92,"iconcode":"c","iconid":22,"sources":1,"winddirection":"W","winddirectiondegrees":261,"windspeedms":8.51,"visibility":20000,"precipitation":1,"beaufort":4,"humidity":60,"sunshine":0,"hour":17,"pollenindex":6,"windspeed":31,"sunshinepower":335,"sunpower":335},{"datetime":"2020-07-08T18:00:00","datetimeutc":"2020-07-08T16:00:00","timetype":"Hour","precipitationmm":0.0,"temperature":19.3,"feeltemperature":19.3,"cloudcover":85,"iconcode":"r","iconid":22,"sources":1,"winddirection":"W","winddirectiondegrees":271,"windspeedms":7.96,"visibility":14200,"precipitation":1,"beaufort":4,"humidity":64,"sunshine":1,"hour":18,"pollenindex":6,"windspeed":29,"sunshinepower":267,"sunpower":267},{"datetime":"2020-07-08T19:00:00","datetimeutc":"2020-07-08T17:00:00","timetype":"Hour","precipitationmm":0.0,"temperature":18.3,"feeltemperature":18.3,"cloudcover":79,"iconcode":"r","iconid":7,"sources":1,"winddirection":"W","winddirectiondegrees":273,"windspeedms":7.02,"visibility":9600,"precipitation":2,"beaufort":4,"humidity":69,"sunshine":10,"hour":19,"pollenindex":5,"windspeed":25,"sunshinepower":194,"sunpower":194},{"datetime":"2020-07-08T20:00:00","datetimeutc":"2020-07-08T18:00:00","timetype":"Hour","precipitationmm":1.8,"temperature":17.3,"feeltemperature":17.3,"cloudcover":73,"iconcode":"m","iconid":33,"sources":1,"winddirection":"W","winddirectiondegrees":273,"windspeedms":6.46,"visibility":8200,"precipitation":46,"beaufort":4,"humidity":75,"sunshine":15,"hour":20,"pollenindex":5,"windspeed":23,"sunshinepower":113,"sunpower":113},{"datetime":"2020-07-08T21:00:00","datetimeutc":"2020-07-08T19:00:00","timetype":"Hour","precipitationmm":1.6,"temperature":16.7,"feeltemperature":16.7,"cloudcover":74,"iconcode":"m","iconid":33,"sources":1,"winddirection":"W","winddirectiondegrees":281,"windspeedms":6.09,"visibility":8800,"precipitation":45,"beaufort":4,"humidity":78,"sunshine":21,"hour":21,"pollenindex":4,"windspeed":22,"sunshinepower":41,"sunpower":41},{"datetime":"2020-07-08T22:00:00","datetimeutc":"2020-07-08T20:00:00","timetype":"Hour","precipitationmm":0.0,"temperature":16.6,"feeltemperature":16.6,"cloudcover":78,"iconcode":"r","iconid":7,"sources":1,"winddirection":"W","winddirectiondegrees":286,"windspeedms":5.51,"visibility":9610,"precipitation":2,"beaufort":3,"humidity":79,"sunshine":21,"hour":22,"pollenindex":4,"windspeed":20,"sunshinepower":0,"sunpower":0},{"datetime":"2020-07-08T23:00:00","datetimeutc":"2020-07-08T21:00:00","timetype":"Hour","precipitationmm":0.0,"temperature":16.5,"feeltemperature":16.5,"cloudcover":72,"iconcode":"rr","iconid":22,"sources":1,"winddirection":"W","winddirectiondegrees":283,"windspeedms":4.76,"visibility":9810,"precipitation":1,"beaufort":3,"humidity":80,"sunshine":1,"hour":23,"pollenindex":4,"windspeed":17,"sunshinepower":0,"sunpower":0}],"datetime":"2020-07-08T00:00:00","datetimeutc":"2020-07-07T22:00:00","timetype":"Day","precipitationmm":3.4,"mintemperature":11.7,"maxtemperature":20.6,"cloudcover":90,"iconcode":"m","iconid":12,"sources":1,"winddirection":"ZW","winddirectiondegrees":225,"windspeedms":6.47,"precipitation":46,"beaufort":4,"uvindex":2,"bbqindex":4,"mosquitoindex":6,"pollenindex":5,"icescrapeindex":1,"mintemp":11.7,"maxtemp":20.6,"windspeed":6},{"date":"2020-07-09T00:00:00","sunrise":"2020-07-09T05:30:15","sunset":"2020-07-09T22:00:42","hours":[{"datetime":"2020-07-09T00:00:00","datetimeutc":"2020-07-08T22:00:00","timetype":"Hour","precipitationmm":0.0,"temperature":16.3,"feeltemperature":16.3,"cloudcover":50,"iconcode":"bb","iconid":22,"sources":1,"winddirection":"W","winddirectiondegrees":291,"windspeedms":4.29,"visibility":10010,"precipitation":1,"beaufort":3,"humidity":80,"sunshine":0,"hour":0,"pollenindex":4,"windspeed":15,"sunshinepower":0,"sunpower":0},{"datetime":"2020-07-09T01:00:00","datetimeutc":"2020-07-08T23:00:00","timetype":"Hour","precipitationmm":0.0,"temperature":15.9,"feeltemperature":15.9,"cloudcover":33,"iconcode":"jj","iconid":22,"sources":1,"winddirection":"NW","winddirectiondegrees":305,"windspeedms":3.94,"visibility":10810,"precipitation":1,"beaufort":2,"humidity":82,"sunshine":0,"hour":1,"pollenindex":4,"windspeed":14,"sunshinepower":0,"sunpower":0},{"datetime":"2020-07-09T02:00:00","datetimeutc":"2020-07-09T00:00:00","timetype":"Hour","precipitationmm":0.0,"temperature":15.5,"feeltemperature":15.5,"cloudcover":50,"iconcode":"bb","iconid":7,"sources":1,"winddirection":"NW","winddirectiondegrees":311,"windspeedms":3.56,"visibility":11410,"precipitation":2,"beaufort":2,"humidity":84,"sunshine":0,"hour":2,"pollenindex":4,"windspeed":13,"sunshinepower":0,"sunpower":0},{"datetime":"2020-07-09T03:00:00","datetimeutc":"2020-07-09T01:00:00","timetype":"Hour","precipitationmm":1.8,"temperature":15.3,"feeltemperature":15.3,"cloudcover":61,"iconcode":"ff","iconid":33,"sources":1,"winddirection":"NW","winddirectiondegrees":310,"windspeedms":3.32,"visibility":11410,"precipitation":39,"beaufort":2,"humidity":86,"sunshine":0,"hour":3,"pollenindex":4,"windspeed":12,"sunshinepower":0,"sunpower":0},{"datetime":"2020-07-09T04:00:00","datetimeutc":"2020-07-09T02:00:00","timetype":"Hour","precipitationmm":1.4,"temperature":15.2,"feeltemperature":15.2,"cloudcover":68,"iconcode":"mm","iconid":33,"sources":1,"winddirection":"NW","winddirectiondegrees":305,"windspeedms":3.2,"visibility":11000,"precipitation":41,"beaufort":2,"humidity":86,"sunshine":0,"hour":4,"pollenindex":4,"windspeed":12,"sunshinepower":0,"sunpower":0},{"datetime":"2020-07-09T05:00:00","datetimeutc":"2020-07-09T03:00:00","timetype":"Hour","precipitationmm":0.0,"temperature":15.2,"feeltemperature":15.2,"cloudcover":68,"iconcode":"bb","iconid":21,"sources":1,"winddirection":"NW","winddirectiondegrees":301,"windspeedms":3.09,"visibility":10800,"precipitation":2,"beaufort":2,"humidity":86,"sunshine":0,"hour":5,"pollenindex":4,"windspeed":11,"sunshinepower":0,"sunpower":0},{"datetime":"2020-07-09T06:00:00","datetimeutc":"2020-07-09T04:00:00","timetype":"Hour","precipitationmm":0.0,"temperature":15.1,"feeltemperature":15.1,"cloudcover":55,"iconcode":"b","iconid":22,"sources":1,"winddirection":"NW","winddirectiondegrees":297,"windspeedms":2.77,"visibility":10610,"precipitation":2,"beaufort":2,"humidity":86,"sunshine":15,"hour":6,"pollenindex":4,"windspeed":10,"sunshinepower":18,"sunpower":18},{"datetime":"2020-07-09T07:00:00","datetimeutc":"2020-07-09T05:00:00","timetype":"Hour","precipitationmm":0.0,"temperature":15.2,"feeltemperature":15.2,"cloudcover":33,"iconcode":"j","iconid":22,"sources":1,"winddirection":"NW","winddirectiondegrees":294,"windspeedms":2.63,"visibility":10000,"precipitation":2,"beaufort":2,"humidity":84,"sunshine":41,"hour":7,"pollenindex":4,"windspeed":9,"sunshinepower":85,"sunpower":85},{"datetime":"2020-07-09T08:00:00","datetimeutc":"2020-07-09T06:00:00","timetype":"Hour","precipitationmm":0.0,"temperature":15.3,"feeltemperature":15.3,"cloudcover":17,"iconcode":"j","iconid":22,"sources":1,"winddirection":"NW","winddirectiondegrees":306,"windspeedms":2.66,"visibility":9800,"precipitation":2,"beaufort":2,"humidity":82,"sunshine":65,"hour":8,"pollenindex":4,"windspeed":10,"sunshinepower":175,"sunpower":175},{"datetime":"2020-07-09T09:00:00","datetimeutc":"2020-07-09T07:00:00","timetype":"Hour","precipitationmm":0.0,"temperature":15.6,"feeltemperature":15.6,"cloudcover":41,"iconcode":"j","iconid":22,"sources":1,"winddirection":"NW","winddirectiondegrees":322,"windspeedms":2.96,"visibility":13200,"precipitation":2,"beaufort":2,"humidity":78,"sunshine":81,"hour":9,"pollenindex":5,"windspeed":11,"sunshinepower":260,"sunpower":260},{"datetime":"2020-07-09T10:00:00","datetimeutc":"2020-07-09T08:00:00","timetype":"Hour","precipitationmm":0.0,"temperature":16.1,"feeltemperature":16.1,"cloudcover":47,"iconcode":"j","iconid":22,"sources":1,"winddirection":"NW","winddirectiondegrees":326,"windspeedms":2.63,"visibility":14400,"precipitation":1,"beaufort":2,"humidity":74,"sunshine":56,"hour":10,"pollenindex":6,"windspeed":9,"sunshinepower":326,"sunpower":326},{"datetime":"2020-07-09T11:00:00","datetimeutc":"2020-07-09T09:00:00","timetype":"Hour","precipitationmm":0.0,"temperature":16.6,"feeltemperature":16.6,"cloudcover":67,"iconcode":"b","iconid":22,"sources":1,"winddirection":"NW","winddirectiondegrees":320,"windspeedms":2.44,"visibility":15400,"precipitation":2,"beaufort":2,"humidity":70,"sunshine":50,"hour":11,"pollenindex":6,"windspeed":9,"sunshinepower":378,"sunpower":378},{"datetime":"2020-07-09T12:00:00","datetimeutc":"2020-07-09T10:00:00","timetype":"Hour","precipitationmm":0.0,"temperature":17.1,"feeltemperature":17.1,"cloudcover":71,"iconcode":"r","iconid":22,"sources":1,"winddirection":"NW","winddirectiondegrees":300,"windspeedms":2.37,"visibility":16800,"precipitation":2,"beaufort":2,"humidity":66,"sunshine":28,"hour":12,"pollenindex":6,"windspeed":9,"sunshinepower":430,"sunpower":430},{"datetime":"2020-07-09T13:00:00","datetimeutc":"2020-07-09T11:00:00","timetype":"Hour","precipitationmm":0.0,"temperature":17.6,"feeltemperature":17.6,"cloudcover":68,"iconcode":"b","iconid":22,"sources":1,"winddirection":"NW","winddirectiondegrees":302,"windspeedms":2.41,"visibility":17600,"precipitation":2,"beaufort":2,"humidity":63,"sunshine":23,"hour":13,"pollenindex":7,"windspeed":9,"sunshinepower":468,"sunpower":468},{"datetime":"2020-07-09T14:00:00","datetimeutc":"2020-07-09T12:00:00","timetype":"Hour","precipitationmm":0.0,"temperature":17.9,"feeltemperature":17.9,"cloudcover":65,"iconcode":"b","iconid":22,"sources":1,"winddirection":"NW","winddirectiondegrees":312,"windspeedms":2.5,"visibility":18210,"precipitation":2,"beaufort":2,"humidity":61,"sunshine":26,"hour":14,"pollenindex":7,"windspeed":9,"sunshinepower":480,"sunpower":480},{"datetime":"2020-07-09T15:00:00","datetimeutc":"2020-07-09T13:00:00","timetype":"Hour","precipitationmm":0.0,"temperature":18.2,"feeltemperature":18.2,"cloudcover":69,"iconcode":"b","iconid":22,"sources":1,"winddirection":"NW","winddirectiondegrees":326,"windspeedms":2.35,"visibility":18800,"precipitation":2,"beaufort":2,"humidity":60,"sunshine":31,"hour":15,"pollenindex":7,"windspeed":8,"sunshinepower":489,"sunpower":489},{"datetime":"2020-07-09T16:00:00","datetimeutc":"2020-07-09T14:00:00","timetype":"Hour","precipitationmm":0.0,"temperature":18.3,"feeltemperature":18.3,"cloudcover":69,"iconcode":"b","iconid":19,"sources":1,"winddirection":"N","winddirectiondegrees":348,"windspeedms":2.63,"visibility":19800,"precipitation":2,"beaufort":2,"humidity":59,"sunshine":26,"hour":16,"pollenindex":7,"windspeed":9,"sunshinepower":470,"sunpower":470},{"datetime":"2020-07-09T17:00:00","datetimeutc":"2020-07-09T15:00:00","timetype":"Hour","precipitationmm":0.0,"temperature":18.2,"feeltemperature":18.2,"cloudcover":91,"iconcode":"c","iconid":19,"sources":1,"winddirection":"N","winddirectiondegrees":360,"windspeedms":2.87,"visibility":20200,"precipitation":1,"beaufort":2,"humidity":60,"sunshine":26,"hour":17,"pollenindex":7,"windspeed":10,"sunshinepower":404,"sunpower":404},{"datetime":"2020-07-09T18:00:00","datetimeutc":"2020-07-09T16:00:00","timetype":"Hour","precipitationmm":0.0,"temperature":17.9,"feeltemperature":17.9,"cloudcover":98,"iconcode":"c","iconid":20,"sources":1,"winddirection":"N","winddirectiondegrees":12,"windspeedms":2.9,"visibility":20600,"precipitation":1,"beaufort":2,"humidity":61,"sunshine":3,"hour":18,"pollenindex":7,"windspeed":10,"sunshinepower":315,"sunpower":315},{"datetime":"2020-07-09T19:00:00","datetimeutc":"2020-07-09T17:00:00","timetype":"Hour","precipitationmm":0.0,"temperature":17.4,"feeltemperature":17.4,"cloudcover":36,"iconcode":"j","iconid":20,"sources":1,"winddirection":"NO","winddirectiondegrees":23,"windspeedms":2.92,"visibility":20600,"precipitation":1,"beaufort":2,"humidity":63,"sunshine":0,"hour":19,"pollenindex":6,"windspeed":11,"sunshinepower":221,"sunpower":221},{"datetime":"2020-07-09T20:00:00","datetimeutc":"2020-07-09T18:00:00","timetype":"Hour","precipitationmm":0.0,"temperature":16.6,"feeltemperature":16.6,"cloudcover":36,"iconcode":"j","iconid":21,"sources":1,"winddirection":"NO","winddirectiondegrees":30,"windspeedms":2.81,"visibility":19800,"precipitation":1,"beaufort":2,"humidity":67,"sunshine":61,"hour":20,"pollenindex":5,"windspeed":10,"sunshinepower":133,"sunpower":133},{"datetime":"2020-07-09T21:00:00","datetimeutc":"2020-07-09T19:00:00","timetype":"Hour","precipitationmm":0.0,"temperature":15.7,"feeltemperature":15.7,"cloudcover":30,"iconcode":"j","iconid":21,"sources":1,"winddirection":"NO","winddirectiondegrees":34,"windspeedms":2.57,"visibility":17810,"precipitation":1,"beaufort":2,"humidity":71,"sunshine":61,"hour":21,"pollenindex":5,"windspeed":9,"sunshinepower":52,"sunpower":52},{"datetime":"2020-07-09T22:00:00","datetimeutc":"2020-07-09T20:00:00","timetype":"Hour","precipitationmm":0.0,"temperature":14.9,"feeltemperature":14.9,"cloudcover":32,"iconcode":"j","iconid":21,"sources":1,"winddirection":"NO","winddirectiondegrees":42,"windspeedms":2.39,"visibility":14210,"precipitation":1,"beaufort":2,"humidity":75,"sunshine":68,"hour":22,"pollenindex":5,"windspeed":9,"sunshinepower":0,"sunpower":0},{"datetime":"2020-07-09T23:00:00","datetimeutc":"2020-07-09T21:00:00","timetype":"Hour","precipitationmm":0.0,"temperature":14.4,"feeltemperature":14.4,"cloudcover":30,"iconcode":"jj","iconid":20,"sources":1,"winddirection":"NO","winddirectiondegrees":46,"windspeedms":2.53,"visibility":12610,"precipitation":1,"beaufort":2,"humidity":78,"sunshine":3,"hour":23,"pollenindex":5,"windspeed":9,"sunshinepower":0,"sunpower":0}],"datetime":"2020-07-09T00:00:00","datetimeutc":"2020-07-08T22:00:00","timetype":"Day","precipitationmm":3.1,"mintemperature":14.4,"maxtemperature":18.3,"cloudcover":25,"iconcode":"f","iconid":16,"sources":1,"winddirection":"NW","winddirectiondegrees":315,"windspeedms":2.86,"precipitation":42,"beaufort":2,"uvindex":6,"bbqindex":6,"mosquitoindex":8,"pollenindex":5,"icescrapeindex":1,"mintemp":14.4,"maxtemp":18.3,"windspeed":3},{"date":"2020-07-10T00:00:00","sunrise":"2020-07-10T05:31:20","sunset":"2020-07-10T21:59:53","hours":[{"datetime":"2020-07-10T00:00:00","datetimeutc":"2020-07-09T22:00:00","timetype":"Hour","precipitationmm":1.2,"temperature":14.0,"feeltemperature":14.0,"cloudcover":100,"iconcode":"mm","iconid":33,"sources":1,"winddirection":"NO","winddirectiondegrees":57,"windspeedms":2.36,"visibility":13210,"precipitation":41,"beaufort":2,"humidity":81,"sunshine":0,"hour":0,"pollenindex":4,"windspeed":8,"sunshinepower":0,"sunpower":0},{"datetime":"2020-07-10T01:00:00","datetimeutc":"2020-07-09T23:00:00","timetype":"Hour","precipitationmm":0.0,"temperature":13.8,"feeltemperature":13.8,"cloudcover":30,"iconcode":"jj","iconid":20,"sources":1,"winddirection":"O","winddirectiondegrees":80,"windspeedms":2.67,"visibility":14210,"precipitation":1,"beaufort":2,"humidity":82,"sunshine":0,"hour":1,"pollenindex":4,"windspeed":10,"sunshinepower":0,"sunpower":0},{"datetime":"2020-07-10T02:00:00","datetimeutc":"2020-07-10T00:00:00","timetype":"Hour","precipitationmm":0.0,"temperature":13.5,"feeltemperature":13.5,"cloudcover":30,"iconcode":"jj","iconid":7,"sources":1,"winddirection":"O","winddirectiondegrees":91,"windspeedms":2.98,"visibility":13830,"precipitation":1,"beaufort":2,"humidity":84,"sunshine":0,"hour":2,"pollenindex":4,"windspeed":11,"sunshinepower":0,"sunpower":0},{"datetime":"2020-07-10T03:00:00","datetimeutc":"2020-07-10T01:00:00","timetype":"Hour","precipitationmm":1.2,"temperature":13.2,"feeltemperature":13.2,"cloudcover":81,"iconcode":"mm","iconid":33,"sources":1,"winddirection":"O","winddirectiondegrees":97,"windspeedms":3.07,"visibility":12610,"precipitation":27,"beaufort":2,"humidity":86,"sunshine":0,"hour":3,"pollenindex":4,"windspeed":11,"sunshinepower":0,"sunpower":0},{"datetime":"2020-07-10T04:00:00","datetimeutc":"2020-07-10T02:00:00","timetype":"Hour","precipitationmm":0.0,"temperature":13.0,"feeltemperature":13.0,"cloudcover":30,"iconcode":"jj","iconid":19,"sources":1,"winddirection":"O","winddirectiondegrees":98,"windspeedms":3.06,"visibility":11010,"precipitation":1,"beaufort":2,"humidity":88,"sunshine":0,"hour":4,"pollenindex":4,"windspeed":11,"sunshinepower":0,"sunpower":0},{"datetime":"2020-07-10T05:00:00","datetimeutc":"2020-07-10T03:00:00","timetype":"Hour","precipitationmm":0.0,"temperature":12.8,"feeltemperature":12.8,"cloudcover":30,"iconcode":"jj","iconid":19,"sources":1,"winddirection":"O","winddirectiondegrees":102,"windspeedms":3.04,"visibility":9810,"precipitation":1,"beaufort":2,"humidity":89,"sunshine":0,"hour":5,"pollenindex":4,"windspeed":11,"sunshinepower":0,"sunpower":0},{"datetime":"2020-07-10T06:00:00","datetimeutc":"2020-07-10T04:00:00","timetype":"Hour","precipitationmm":0.0,"temperature":13.0,"feeltemperature":13.0,"cloudcover":95,"iconcode":"c","iconid":20,"sources":1,"winddirection":"O","winddirectiondegrees":108,"windspeedms":3.24,"visibility":9000,"precipitation":1,"beaufort":2,"humidity":89,"sunshine":35,"hour":6,"pollenindex":4,"windspeed":12,"sunshinepower":18,"sunpower":18},{"datetime":"2020-07-10T07:00:00","datetimeutc":"2020-07-10T05:00:00","timetype":"Hour","precipitationmm":0.0,"temperature":13.5,"feeltemperature":12.5,"cloudcover":94,"iconcode":"c","iconid":22,"sources":1,"winddirection":"O","winddirectiondegrees":112,"windspeedms":3.46,"visibility":11200,"precipitation":1,"beaufort":2,"humidity":87,"sunshine":0,"hour":7,"pollenindex":4,"windspeed":12,"sunshinepower":94,"sunpower":94},{"datetime":"2020-07-10T08:00:00","datetimeutc":"2020-07-10T06:00:00","timetype":"Hour","precipitationmm":1.5,"temperature":14.2,"feeltemperature":14.2,"cloudcover":93,"iconcode":"m","iconid":33,"sources":1,"winddirection":"O","winddirectiondegrees":112,"windspeedms":3.32,"visibility":12800,"precipitation":40,"beaufort":2,"humidity":84,"sunshine":0,"hour":8,"pollenindex":4,"windspeed":12,"sunshinepower":201,"sunpower":201},{"datetime":"2020-07-10T09:00:00","datetimeutc":"2020-07-10T07:00:00","timetype":"Hour","precipitationmm":0.0,"temperature":15.1,"feeltemperature":15.1,"cloudcover":90,"iconcode":"c","iconid":22,"sources":1,"winddirection":"ZO","winddirectiondegrees":121,"windspeedms":3.59,"visibility":13600,"precipitation":1,"beaufort":2,"humidity":80,"sunshine":1,"hour":9,"pollenindex":4,"windspeed":13,"sunshinepower":302,"sunpower":302},{"datetime":"2020-07-10T10:00:00","datetimeutc":"2020-07-10T08:00:00","timetype":"Hour","precipitationmm":0.0,"temperature":16.2,"feeltemperature":16.2,"cloudcover":84,"iconcode":"r","iconid":22,"sources":1,"winddirection":"ZO","winddirectiondegrees":134,"windspeedms":3.9,"visibility":17000,"precipitation":1,"beaufort":2,"humidity":75,"sunshine":5,"hour":10,"pollenindex":6,"windspeed":14,"sunshinepower":383,"sunpower":383},{"datetime":"2020-07-10T11:00:00","datetimeutc":"2020-07-10T09:00:00","timetype":"Hour","precipitationmm":0.0,"temperature":17.4,"feeltemperature":17.4,"cloudcover":82,"iconcode":"r","iconid":22,"sources":1,"winddirection":"ZO","winddirectiondegrees":139,"windspeedms":4.32,"visibility":19800,"precipitation":1,"beaufort":3,"humidity":69,"sunshine":10,"hour":11,"pollenindex":6,"windspeed":16,"sunshinepower":430,"sunpower":430},{"datetime":"2020-07-10T12:00:00","datetimeutc":"2020-07-10T10:00:00","timetype":"Hour","precipitationmm":0.0,"temperature":18.4,"feeltemperature":18.4,"cloudcover":86,"iconcode":"r","iconid":22,"sources":1,"winddirection":"ZO","winddirectiondegrees":145,"windspeedms":4.6,"visibility":21400,"precipitation":1,"beaufort":3,"humidity":65,"sunshine":13,"hour":12,"pollenindex":6,"windspeed":17,"sunshinepower":447,"sunpower":447},{"datetime":"2020-07-10T13:00:00","datetimeutc":"2020-07-10T11:00:00","timetype":"Hour","precipitationmm":0.0,"temperature":19.0,"feeltemperature":19.0,"cloudcover":88,"iconcode":"r","iconid":22,"sources":1,"winddirection":"ZO","winddirectiondegrees":140,"windspeedms":4.51,"visibility":18800,"precipitation":1,"beaufort":3,"humidity":63,"sunshine":8,"hour":13,"pollenindex":6,"windspeed":16,"sunshinepower":448,"sunpower":448},{"datetime":"2020-07-10T14:00:00","datetimeutc":"2020-07-10T12:00:00","timetype":"Hour","precipitationmm":0.0,"temperature":19.1,"feeltemperature":19.1,"cloudcover":90,"iconcode":"c","iconid":22,"sources":1,"winddirection":"ZO","winddirectiondegrees":134,"windspeedms":4.6,"visibility":14800,"precipitation":2,"beaufort":3,"humidity":63,"sunshine":6,"hour":14,"pollenindex":6,"windspeed":17,"sunshinepower":421,"sunpower":421},{"datetime":"2020-07-10T15:00:00","datetimeutc":"2020-07-10T13:00:00","timetype":"Hour","precipitationmm":0.0,"temperature":19.0,"feeltemperature":19.0,"cloudcover":98,"iconcode":"c","iconid":22,"sources":1,"winddirection":"ZO","winddirectiondegrees":138,"windspeedms":4.59,"visibility":11000,"precipitation":2,"beaufort":3,"humidity":65,"sunshine":3,"hour":15,"pollenindex":6,"windspeed":17,"sunshinepower":369,"sunpower":369},{"datetime":"2020-07-10T16:00:00","datetimeutc":"2020-07-10T14:00:00","timetype":"Hour","precipitationmm":0.0,"temperature":18.6,"feeltemperature":18.6,"cloudcover":100,"iconcode":"c","iconid":20,"sources":1,"winddirection":"ZO","winddirectiondegrees":154,"windspeedms":4.59,"visibility":8800,"precipitation":2,"beaufort":3,"humidity":67,"sunshine":0,"hour":16,"pollenindex":6,"windspeed":17,"sunshinepower":302,"sunpower":302},{"datetime":"2020-07-10T17:00:00","datetimeutc":"2020-07-10T15:00:00","timetype":"Hour","precipitationmm":2.3,"temperature":18.3,"feeltemperature":18.3,"cloudcover":100,"iconcode":"m","iconid":33,"sources":1,"winddirection":"Z","winddirectiondegrees":180,"windspeedms":4.24,"visibility":200,"precipitation":63,"beaufort":3,"humidity":69,"sunshine":0,"hour":17,"pollenindex":6,"windspeed":15,"sunshinepower":243,"sunpower":243},{"datetime":"2020-07-10T18:00:00","datetimeutc":"2020-07-10T16:00:00","timetype":"Hour","precipitationmm":0.0,"temperature":18.1,"feeltemperature":18.1,"cloudcover":100,"iconcode":"d","iconid":21,"sources":1,"winddirection":"ZW","winddirectiondegrees":207,"windspeedms":4.31,"visibility":400,"precipitation":3,"beaufort":3,"humidity":71,"sunshine":0,"hour":18,"pollenindex":6,"windspeed":16,"sunshinepower":196,"sunpower":196},{"datetime":"2020-07-10T19:00:00","datetimeutc":"2020-07-10T17:00:00","timetype":"Hour","precipitationmm":0.0,"temperature":17.7,"feeltemperature":17.7,"cloudcover":100,"iconcode":"d","iconid":21,"sources":1,"winddirection":"ZW","winddirectiondegrees":227,"windspeedms":4.28,"visibility":200,"precipitation":2,"beaufort":3,"humidity":73,"sunshine":0,"hour":19,"pollenindex":5,"windspeed":15,"sunshinepower":141,"sunpower":141},{"datetime":"2020-07-10T20:00:00","datetimeutc":"2020-07-10T18:00:00","timetype":"Hour","precipitationmm":0.0,"temperature":17.0,"feeltemperature":17.0,"cloudcover":94,"iconcode":"d","iconid":21,"sources":1,"winddirection":"ZW","winddirectiondegrees":247,"windspeedms":4.43,"visibility":200,"precipitation":2,"beaufort":3,"humidity":75,"sunshine":0,"hour":20,"pollenindex":5,"windspeed":16,"sunshinepower":86,"sunpower":86},{"datetime":"2020-07-10T21:00:00","datetimeutc":"2020-07-10T19:00:00","timetype":"Hour","precipitationmm":0.0,"temperature":16.1,"feeltemperature":16.1,"cloudcover":75,"iconcode":"n","iconid":9,"sources":1,"winddirection":"W","winddirectiondegrees":262,"windspeedms":4.56,"visibility":200,"precipitation":1,"beaufort":3,"humidity":79,"sunshine":0,"hour":21,"pollenindex":4,"windspeed":16,"sunshinepower":34,"sunpower":34},{"datetime":"2020-07-10T22:00:00","datetimeutc":"2020-07-10T20:00:00","timetype":"Hour","precipitationmm":0.0,"temperature":15.4,"feeltemperature":15.4,"cloudcover":95,"iconcode":"dd","iconid":16,"sources":1,"winddirection":"W","winddirectiondegrees":275,"windspeedms":4.94,"visibility":410,"precipitation":1,"beaufort":3,"humidity":82,"sunshine":20,"hour":22,"pollenindex":4,"windspeed":18,"sunshinepower":0,"sunpower":0},{"datetime":"2020-07-10T23:00:00","datetimeutc":"2020-07-10T21:00:00","timetype":"Hour","precipitationmm":0.0,"temperature":15.0,"feeltemperature":14.0,"cloudcover":100,"iconcode":"dd","iconid":16,"sources":1,"winddirection":"NW","winddirectiondegrees":299,"windspeedms":4.45,"visibility":210,"precipitation":1,"beaufort":3,"humidity":83,"sunshine":0,"hour":23,"pollenindex":4,"windspeed":16,"sunshinepower":0,"sunpower":0}],"datetime":"2020-07-10T00:00:00","datetimeutc":"2020-07-09T22:00:00","timetype":"Day","precipitationmm":6.1,"mintemperature":12.8,"maxtemperature":19.1,"cloudcover":90,"iconcode":"q","iconid":12,"sources":1,"winddirection":"O","winddirectiondegrees":90,"windspeedms":3.88,"precipitation":63,"beaufort":2,"uvindex":5,"bbqindex":4,"mosquitoindex":6,"pollenindex":5,"icescrapeindex":1,"mintemp":12.8,"maxtemp":19.1,"windspeed":4},{"date":"2020-07-11T00:00:00","sunrise":"2020-07-11T05:32:26","sunset":"2020-07-11T21:59:01","hours":[{"datetime":"2020-07-11T00:00:00","datetimeutc":"2020-07-10T22:00:00","timetype":"Hour","precipitationmm":0.0,"temperature":14.6,"feeltemperature":13.2,"cloudcover":100,"iconcode":"dd","iconid":16,"sources":1,"winddirection":"N","winddirectiondegrees":356,"windspeedms":5.69,"visibility":210,"precipitation":1,"beaufort":3,"humidity":84,"sunshine":0,"hour":0,"pollenindex":4,"windspeed":20,"sunshinepower":0,"sunpower":0},{"datetime":"2020-07-11T01:00:00","datetimeutc":"2020-07-10T23:00:00","timetype":"Hour","precipitationmm":0.0,"temperature":14.2,"feeltemperature":13.0,"cloudcover":81,"iconcode":"dd","iconid":16,"sources":1,"winddirection":"N","winddirectiondegrees":20,"windspeedms":4.54,"visibility":410,"precipitation":1,"beaufort":3,"humidity":85,"sunshine":0,"hour":1,"pollenindex":4,"windspeed":16,"sunshinepower":0,"sunpower":0},{"datetime":"2020-07-11T02:00:00","datetimeutc":"2020-07-11T00:00:00","timetype":"Hour","precipitationmm":0.0,"temperature":13.8,"feeltemperature":12.6,"cloudcover":84,"iconcode":"rr","iconid":22,"sources":1,"winddirection":"N","winddirectiondegrees":19,"windspeedms":3.91,"visibility":8230,"precipitation":1,"beaufort":2,"humidity":85,"sunshine":0,"hour":2,"pollenindex":4,"windspeed":14,"sunshinepower":0,"sunpower":0},{"datetime":"2020-07-11T03:00:00","datetimeutc":"2020-07-11T01:00:00","timetype":"Hour","precipitationmm":0.0,"temperature":13.2,"feeltemperature":12.2,"cloudcover":62,"iconcode":"bb","iconid":8,"sources":1,"winddirection":"N","winddirectiondegrees":11,"windspeedms":3.51,"visibility":9220,"precipitation":1,"beaufort":2,"humidity":86,"sunshine":0,"hour":3,"pollenindex":4,"windspeed":13,"sunshinepower":0,"sunpower":0},{"datetime":"2020-07-11T04:00:00","datetimeutc":"2020-07-11T02:00:00","timetype":"Hour","precipitationmm":0.0,"temperature":12.9,"feeltemperature":12.9,"cloudcover":35,"iconcode":"jj","iconid":5,"sources":1,"winddirection":"N","winddirectiondegrees":351,"windspeedms":2.94,"visibility":9010,"precipitation":1,"beaufort":2,"humidity":87,"sunshine":0,"hour":4,"pollenindex":4,"windspeed":11,"sunshinepower":0,"sunpower":0},{"datetime":"2020-07-11T05:00:00","datetimeutc":"2020-07-11T03:00:00","timetype":"Hour","precipitationmm":0.0,"temperature":12.8,"feeltemperature":12.8,"cloudcover":0,"iconcode":"aa","iconid":13,"sources":1,"winddirection":"NW","winddirectiondegrees":327,"windspeedms":2.61,"visibility":8600,"precipitation":1,"beaufort":2,"humidity":87,"sunshine":0,"hour":5,"pollenindex":4,"windspeed":9,"sunshinepower":0,"sunpower":0},{"datetime":"2020-07-11T06:00:00","datetimeutc":"2020-07-11T04:00:00","timetype":"Hour","precipitationmm":0.0,"temperature":13.1,"feeltemperature":13.1,"cloudcover":0,"iconcode":"a","iconid":13,"sources":1,"winddirection":"NW","winddirectiondegrees":324,"windspeedms":2.73,"visibility":9200,"precipitation":1,"beaufort":2,"humidity":84,"sunshine":50,"hour":6,"pollenindex":4,"windspeed":10,"sunshinepower":22,"sunpower":22},{"datetime":"2020-07-11T07:00:00","datetimeutc":"2020-07-11T05:00:00","timetype":"Hour","precipitationmm":0.0,"temperature":13.7,"feeltemperature":13.7,"cloudcover":0,"iconcode":"a","iconid":13,"sources":1,"winddirection":"NW","winddirectiondegrees":332,"windspeedms":2.71,"visibility":9600,"precipitation":1,"beaufort":2,"humidity":81,"sunshine":100,"hour":7,"pollenindex":4,"windspeed":10,"sunshinepower":118,"sunpower":118},{"datetime":"2020-07-11T08:00:00","datetimeutc":"2020-07-11T06:00:00","timetype":"Hour","precipitationmm":0.0,"temperature":14.4,"feeltemperature":14.4,"cloudcover":32,"iconcode":"j","iconid":13,"sources":1,"winddirection":"N","winddirectiondegrees":340,"windspeedms":3.15,"visibility":10600,"precipitation":1,"beaufort":2,"humidity":77,"sunshine":100,"hour":8,"pollenindex":5,"windspeed":11,"sunshinepower":259,"sunpower":259},{"datetime":"2020-07-11T09:00:00","datetimeutc":"2020-07-11T07:00:00","timetype":"Hour","precipitationmm":0.0,"temperature":15.2,"feeltemperature":15.2,"cloudcover":42,"iconcode":"j","iconid":5,"sources":1,"winddirection":"NW","winddirectiondegrees":335,"windspeedms":3.48,"visibility":13400,"precipitation":1,"beaufort":2,"humidity":73,"sunshine":66,"hour":9,"pollenindex":5,"windspeed":13,"sunshinepower":406,"sunpower":406},{"datetime":"2020-07-11T10:00:00","datetimeutc":"2020-07-11T08:00:00","timetype":"Hour","precipitationmm":0.0,"temperature":16.0,"feeltemperature":16.0,"cloudcover":43,"iconcode":"j","iconid":5,"sources":1,"winddirection":"NW","winddirectiondegrees":324,"windspeedms":3.64,"visibility":14600,"precipitation":1,"beaufort":2,"humidity":68,"sunshine":55,"hour":10,"pollenindex":6,"windspeed":13,"sunshinepower":540,"sunpower":540},{"datetime":"2020-07-11T11:00:00","datetimeutc":"2020-07-11T09:00:00","timetype":"Hour","precipitationmm":0.0,"temperature":16.6,"feeltemperature":16.6,"cloudcover":40,"iconcode":"j","iconid":9,"sources":1,"winddirection":"NW","winddirectiondegrees":323,"windspeedms":3.93,"visibility":16000,"precipitation":2,"beaufort":2,"humidity":64,"sunshine":53,"hour":11,"pollenindex":7,"windspeed":14,"sunshinepower":647,"sunpower":647},{"datetime":"2020-07-11T12:00:00","datetimeutc":"2020-07-11T10:00:00","timetype":"Hour","precipitationmm":0.0,"temperature":17.0,"feeltemperature":17.0,"cloudcover":44,"iconcode":"j","iconid":9,"sources":1,"winddirection":"NW","winddirectiondegrees":321,"windspeedms":4.2,"visibility":16600,"precipitation":2,"beaufort":3,"humidity":61,"sunshine":56,"hour":12,"pollenindex":7,"windspeed":15,"sunshinepower":746,"sunpower":746},{"datetime":"2020-07-11T13:00:00","datetimeutc":"2020-07-11T11:00:00","timetype":"Hour","precipitationmm":0.0,"temperature":17.1,"feeltemperature":17.1,"cloudcover":44,"iconcode":"j","iconid":8,"sources":1,"winddirection":"NW","winddirectiondegrees":323,"windspeedms":4.46,"visibility":17000,"precipitation":2,"beaufort":3,"humidity":59,"sunshine":53,"hour":13,"pollenindex":7,"windspeed":16,"sunshinepower":522,"sunpower":522},{"datetime":"2020-07-11T14:00:00","datetimeutc":"2020-07-11T12:00:00","timetype":"Hour","precipitationmm":0.0,"temperature":17.3,"feeltemperature":17.3,"cloudcover":43,"iconcode":"j","iconid":8,"sources":1,"winddirection":"NW","winddirectiondegrees":325,"windspeedms":4.58,"visibility":18000,"precipitation":2,"beaufort":3,"humidity":58,"sunshine":53,"hour":14,"pollenindex":7,"windspeed":16,"sunshinepower":0,"sunpower":0}],"datetime":"2020-07-11T00:00:00","datetimeutc":"2020-07-10T22:00:00","timetype":"Day","precipitationmm":1.0,"mintemperature":12.8,"maxtemperature":18.1,"cloudcover":25,"iconcode":"f","iconid":16,"sources":1,"winddirection":"NW","winddirectiondegrees":315,"windspeedms":4.03,"precipitation":74,"beaufort":3,"mosquitoindex":7,"pollenindex":5,"icescrapeindex":1,"mintemp":12.8,"maxtemp":18.1,"windspeed":4},{"date":"2020-07-12T00:00:00","sunrise":"2020-07-12T05:33:35","sunset":"2020-07-12T21:58:06","datetime":"2020-07-12T00:00:00","datetimeutc":"2020-07-11T22:00:00","timetype":"Day","precipitationmm":1.8,"mintemperature":13.5,"maxtemperature":17.8,"cloudcover":25,"iconcode":"f","iconid":16,"sources":1,"winddirection":"N","winddirectiondegrees":0,"windspeedms":3.9,"precipitation":80,"beaufort":2,"pollenindex":5,"mintemp":13.5,"maxtemp":17.8,"windspeed":4},{"date":"2020-07-13T00:00:00","sunrise":"2020-07-13T05:34:45","sunset":"2020-07-13T21:57:08","datetime":"2020-07-13T00:00:00","datetimeutc":"2020-07-12T22:00:00","timetype":"Day","precipitationmm":0.0,"mintemperature":13.4,"maxtemperature":18.2,"cloudcover":25,"iconcode":"j","iconid":2,"sources":1,"winddirection":"N","winddirectiondegrees":0,"windspeedms":3.04,"precipitation":1,"beaufort":2,"pollenindex":5,"mintemp":13.4,"maxtemp":18.2,"windspeed":3},{"date":"2020-07-14T00:00:00","sunrise":"2020-07-14T05:35:58","sunset":"2020-07-14T21:56:08","datetime":"2020-07-14T00:00:00","datetimeutc":"2020-07-13T22:00:00","timetype":"Day","precipitationmm":0.0,"mintemperature":13.8,"maxtemperature":18.9,"cloudcover":25,"iconcode":"j","iconid":2,"sources":1,"winddirection":"NO","winddirectiondegrees":45,"windspeedms":3.66,"precipitation":2,"beaufort":2,"pollenindex":5,"mintemp":13.8,"maxtemp":18.9,"windspeed":4},{"date":"2020-07-15T00:00:00","sunrise":"2020-07-15T05:37:12","sunset":"2020-07-15T21:55:04","datetime":"2020-07-15T00:00:00","datetimeutc":"2020-07-14T22:00:00","timetype":"Day","precipitationmm":0.0,"mintemperature":14.6,"maxtemperature":20.0,"cloudcover":25,"iconcode":"j","iconid":2,"sources":1,"winddirection":"NO","winddirectiondegrees":45,"windspeedms":4.08,"precipitation":2,"beaufort":3,"pollenindex":5,"mintemp":14.6,"maxtemp":20.0,"windspeed":4},{"date":"2020-07-16T00:00:00","sunrise":"2020-07-16T05:38:28","sunset":"2020-07-16T21:53:58","datetime":"2020-07-16T00:00:00","datetimeutc":"2020-07-15T22:00:00","timetype":"Day","precipitationmm":0.0,"mintemperature":15.2,"maxtemperature":20.9,"cloudcover":0,"iconcode":"a","iconid":1,"sources":1,"winddirection":"NO","winddirectiondegrees":45,"windspeedms":3.42,"precipitation":2,"beaufort":2,"pollenindex":5,"mintemp":15.2,"maxtemp":20.9,"windspeed":3},{"date":"2020-07-17T00:00:00","sunrise":"2020-07-17T05:39:45","sunset":"2020-07-17T21:52:49","datetime":"2020-07-17T00:00:00","datetimeutc":"2020-07-16T22:00:00","timetype":"Day","precipitationmm":2.5,"mintemperature":15.7,"maxtemperature":20.2,"cloudcover":50,"iconcode":"g","iconid":8,"sources":1,"winddirection":"NW","winddirectiondegrees":315,"windspeedms":1.81,"precipitation":57,"beaufort":1,"pollenindex":5,"mintemp":15.7,"maxtemp":20.2,"windspeed":2},{"date":"2020-07-18T00:00:00","sunrise":"2020-07-18T05:41:04","sunset":"2020-07-18T21:51:38","datetime":"2020-07-18T00:00:00","datetimeutc":"2020-07-17T22:00:00","timetype":"Day","precipitationmm":0.0,"mintemperature":15.7,"maxtemperature":20.0,"cloudcover":25,"iconcode":"j","iconid":2,"sources":1,"winddirection":"N","winddirectiondegrees":0,"windspeedms":1.87,"precipitation":2,"beaufort":1,"pollenindex":5,"mintemp":15.7,"maxtemp":20.0,"windspeed":2},{"date":"2020-07-19T00:00:00","sunrise":"2020-07-19T05:42:25","sunset":"2020-07-19T21:50:24","datetime":"2020-07-19T00:00:00","datetimeutc":"2020-07-18T22:00:00","timetype":"Day","precipitationmm":0.0,"mintemperature":15.6,"maxtemperature":19.4,"cloudcover":75,"iconcode":"r","iconid":3,"sources":1,"winddirection":"N","winddirectiondegrees":0,"windspeedms":1.95,"precipitation":2,"beaufort":1,"pollenindex":5,"mintemp":15.6,"maxtemp":19.4,"windspeed":2}]}