{"location":{"lat":52.37,"lon":4.89},"timeOffset":2.0,"timestamp":"2020-07-07T04:10:41","altitude":0,"elevation":0,"machinename":"None","elapsedms":0,"pollenindexNowDay":5,"pollenindexNowHour":5,"nowrelevant":{"values":[{"type":"pollenindex","value":5},{"type":"uvindex","value":6}]},"days":[{"date":"2020-07-07T00:00:00","sunrise":"2020-07-07T05:28:13","sunset":"2020-07-07T22:02:12","morning":{"datetime":"2020-07-07T07:00:00","datetimeutc":"2020-07-07T05:00:00","timetype":"Morning","precipitationmm":0.0,"mintemperature":13.0,"maxtemperature":16.8,"cloudcover":62,"iconcode":"b","iconid":33,"sources":1,"winddirection":"ZW","winddirectiondegrees":232,"windspeedms":4.1,"visibility":15450,"precipitation":1,"beaufort":3,"humidity":77,"sunshine":33,"hour":7,"mintemp":13.0,"maxtemp":16.8,"windspeed":15,"sunshinepower":331,"sunpower":331},"afternoon":{"datetime":"2020-07-07T12:00:00","datetimeutc":"2020-07-07T10:00:00","timetype":"Afternoon","precipitationmm":0.0,"mintemperature":17.1,"maxtemperature":17.7,"cloudcover":53,"iconcode":"b","iconid":7,"sources":1,"winddirection":"W","winddirectiondegrees":287,"windspeedms":6.8,"visibility":18715,"precipitation":0,"beaufort":4,"humidity":59,"sunshine":38,"hour":12,"mintemp":17.1,"maxtemp":17.7,"windspeed":24,"sunshinepower":661,"sunpower":661},"evening":{"datetime":"2020-07-07T18:00:00","datetimeutc":"2020-07-07T16:00:00","timetype":"Evening","precipitationmm":0.3,"mintemperature":14.2,"maxtemperature":16.7,"cloudcover":99,"iconcode":"c","iconid":22,"sources":1,"winddirection":"ZW","winddirectiondegrees":229,"windspeedms":2.9,"visibility":13421,"precipitation":49,"beaufort":2,"humidity":73,"sunshine":7,"hour":18,"mintemp":14.2,"maxtemp":16.7,"windspeed":10,"sunshinepower":100,"sunpower":100},"hours":[{"datetime":"2020-07-07T07:00:00","datetimeutc":"2020-07-07T05:00:00","timetype":"Hour","precipitationmm":0.0,"temperature":13.0,"feeltemperature":13.0,"cloudcover":63,"iconcode":"b","iconid":33,"sources":3,"winddirection":"ZW","winddirectiondegrees":205,"windspeedms":2.2,"visibility":11010,"precipitation":4,"beaufort":2,"humidity":84,"sunshine":15,"hour":7,"pollenindex":4,"windspeed":8,"sunshinepower":106,"sunpower":106},{"datetime":"2020-07-07T08:00:00","datetimeutc":"2020-07-07T06:00:00","timetype":"Hour","precipitationmm":0.0,"temperature":14.1,"feeltemperature":14.1,"cloudcover":52,"iconcode":"b","iconid":22,"sources":2,"winddirection":"ZW","winddirectiondegrees":215,"windspeedms":3.0,"visibility":15010,"precipitation":1,"beaufort":2,"humidity":82,"sunshine":33,"hour":8,"pollenindex":4,"windspeed":11,"sunshinepower":224,"sunpower":224},{"datetime":"2020-07-07T09:00:00","datetimeutc":"2020-07-07T07:00:00","timetype":"Hour","precipitationmm":0.0,"temperature":15.1,"feeltemperature":15.1,"cloudcover":57,"iconcode":"b","iconid":20,"sources":2,"winddirection":"ZW","winddirectiondegrees":226,"windspeedms":4.1,"visibility":18410,"precipitation":1,"beaufort":3,"humidity":78,"sunshine":45,"hour":9,"pollenindex":4,"windspeed":15,"sunshinepower":338,"sunpower":338},{"datetime":"2020-07-07T10:00:00","datetimeutc":"2020-07-07T08:00:00","timetype":"Hour","precipitationmm":0.0,"temperature":16.0,"feeltemperature":16.0,"cloudcover":61,"iconcode":"b","iconid":7,"sources":2,"winddirection":"ZW","winddirectiondegrees":246,"windspeedms":5.2,"visibility":14210,"precipitation":0,"beaufort":3,"humidity":75,"sunshine":40,"hour":10,"pollenindex":6,"windspeed":19,"sunshinepower":438,"sunpower":438},{"datetime":"2020-07-07T11:00:00","datetimeutc":"2020-07-07T09:00:00","timetype":"Hour","precipitationmm":0.0,"temperature":16.8,"feeltemperature":16.8,"cloudcover":78,"iconcode":"r","iconid":33,"sources":2,"winddirection":"W","winddirectiondegrees":270,"windspeedms":6.1,"visibility":18610,"precipitation":2,"beaufort":4,"humidity":68,"sunshine":35,"hour":11,"pollenindex":6,"windspeed":22,"sunshinepower":553,"sunpower":553},{"datetime":"2020-07-07T12:00:00","datetimeutc":"2020-07-07T10:00:00","timetype":"Hour","precipitationmm":0.0,"temperature":17.2,"feeltemperature":17.2,"cloudcover":65,"iconcode":"b","iconid":7,"sources":2,"winddirection":"W","winddirectiondegrees":292,"windspeedms":6.4,"visibility":19020,"precipitation":0,"beaufort":4,"humidity":64,"sunshine":16,"hour":12,"pollenindex":6,"windspeed":23,"sunshinepower":671,"sunpower":671},{"datetime":"2020-07-07T13:00:00","datetimeutc":"2020-07-07T11:00:00","timetype":"Hour","precipitationmm":0.0,"temperature":17.6,"feeltemperature":17.6,"cloudcover":57,"iconcode":"b","iconid":7,"sources":2,"winddirection":"W","winddirectiondegrees":286,"windspeedms":6.8,"visibility":20010,"precipitation":0,"beaufort":4,"humidity":59,"sunshine":31,"hour":13,"pollenindex":7,"windspeed":24,"sunshinepower":730,"sunpower":730},{"datetime":"2020-07-07T14:00:00","datetimeutc":"2020-07-07T12:00:00","timetype":"Hour","precipitationmm":0.0,"temperature":17.7,"feeltemperature":17.7,"cloudcover":51,"iconcode":"b","iconid":7,"sources":2,"winddirection":"W","winddirectiondegrees":286,"windspeedms":7.2,"visibility":18410,"precipitation":0,"beaufort":4,"humidity":57,"sunshine":40,"hour":14,"pollenindex":7,"windspeed":26,"sunshinepower":728,"sunpower":728},{"datetime":"2020-07-07T15:00:00","datetimeutc":"2020-07-07T13:00:00","timetype":"Hour","precipitationmm":0.0,"temperature":17.7,"feeltemperature":17.7,"cloudcover":48,"iconcode":"j","iconid":7,"sources":2,"winddirection":"W","winddirectiondegrees":288,"windspeedms":7.3,"visibility":18220,"precipitation":0,"beaufort":4,"humidity":58,"sunshine":46,"hour":15,"pollenindex":7,"windspeed":26,"sunshinepower":699,"sunpower":699},{"datetime":"2020-07-07T16:00:00","datetimeutc":"2020-07-07T14:00:00","timetype":"Hour","precipitationmm":0.0,"temperature":17.5,"feeltemperature":17.5,"cloudcover":47,"iconcode":"j","iconid":19,"sources":2,"winddirection":"W","winddirectiondegrees":288,"windspeedms":6.9,"visibility":18220,"precipitation":0,"beaufort":4,"humidity":58,"sunshine":50,"hour":16,"pollenindex":7,"windspeed":25,"sunshinepower":640,"sunpower":640},{"datetime":"2020-07-07T17:00:00","datetimeutc":"2020-07-07T15:00:00","timetype":"Hour","precipitationmm":0.0,"temperature":17.1,"feeltemperature":17.1,"cloudcover":51,"iconcode":"b","iconid":19,"sources":2,"winddirection":"W","winddirectiondegrees":285,"windspeedms":6.3,"visibility":18410,"precipitation":0,"beaufort":4,"humidity":58,"sunshine":50,"hour":17,"pollenindex":7,"windspeed":23,"sunshinepower":501,"sunpower":501},{"datetime":"2020-07-07T18:00:00","datetimeutc":"2020-07-07T16:00:00","timetype":"Hour","precipitationmm":0.0,"temperature":16.7,"feeltemperature":16.7,"cloudcover":99,"iconcode":"c","iconid":22,"sources":2,"winddirection":"W","winddirectiondegrees":286,"windspeedms":5.1,"visibility":17810,"precipitation":0,"beaufort":3,"humidity":60,"sunshine":45,"hour":18,"pollenindex":7,"windspeed":18,"sunshinepower":318,"sunpower":318},{"datetime":"2020-07-07T19:00:00","datetimeutc":"2020-07-07T17:00:00","timetype":"Hour","precipitationmm":0.0,"temperature":16.1,"feeltemperature":16.1,"cloudcover":100,"iconcode":"c","iconid":22,"sources":2,"winddirection":"W","winddirectiondegrees":288,"windspeedms":3.8,"visibility":16810,"precipitation":1,"beaufort":2,"humidity":65,"sunshine":0,"hour":19,"pollenindex":5,"windspeed":14,"sunshinepower":171,"sunpower":171},{"datetime":"2020-07-07T20:00:00","datetimeutc":"2020-07-07T18:00:00","timetype":"Hour","precipitationmm":0.1,"temperature":15.5,"feeltemperature":15.5,"cloudcover":100,"iconcode":"m","iconid":20,"sources":2,"winddirection":"W","winddirectiondegrees":279,"windspeedms":2.7,"visibility":13810,"precipitation":83,"beaufort":2,"humidity":70,"sunshine":0,"hour":20,"pollenindex":5,"windspeed":10,"sunshinepower":83,"sunpower":83},{"datetime":"2020-07-07T21:00:00","datetimeutc":"2020-07-07T19:00:00","timetype":"Hour","precipitationmm":0.2,"temperature":14.9,"feeltemperature":14.9,"cloudcover":100,"iconcode":"m","iconid":20,"sources":2,"winddirection":"Z","winddirectiondegrees":191,"windspeedms":1.7,"visibility":12010,"precipitation":77,"beaufort":1,"humidity":76,"sunshine":0,"hour":21,"pollenindex":5,"windspeed":6,"sunshinepower":30,"sunpower":30},{"datetime":"2020-07-07T22:00:00","datetimeutc":"2020-07-07T20:00:00","timetype":"Hour","precipitationmm":0.0,"temperature":14.5,"feeltemperature":14.5,"cloudcover":100,"iconcode":"c","iconid":20,"sources":2,"winddirection":"Z","winddirectiondegrees":159,"windspeedms":1.8,"visibility":10840,"precipitation":3,"beaufort":1,"humidity":82,"sunshine":0,"hour":22,"pollenindex":4,"windspeed":6,"sunshinepower":0,"sunpower":0},{"datetime":"2020-07-07T23:00:00","datetimeutc":"2020-07-07T21:00:00","timetype":"Hour","precipitationmm":0.0,"temperature":14.2,"feeltemperature":14.2,"cloudcover":100,"iconcode":"cc","iconid":21,"sources":2,"winddirection":"Z","winddirectiondegrees":169,"windspeedms":2.4,"visibility":9250,"precipitation":3,"beaufort":2,"humidity":87,"sunshine":0,"hour":23,"pollenindex":4,"windspeed":9,"sunshinepower":0,"sunpower":0}],"datetime":"2020-07-07T00:00:00","datetimeutc":"2020-07-06T22:00:00","timetype":"Day","precipitationmm":0.5,"mintemperature":13.0,"maxtemperature":17.7,"cloudcover":72,"iconcode":"m","iconid":16,"sources":2,"winddirection":"W","winddirectiondegrees":270,"windspeedms":4.6,"visibility":15886,"precipitation":28,"beaufort":3,"humidity":69,"sunshine":26,"uvindex":6,"bbqindex":3,"mosquitoindex":7,"pollenindex":5,"icescrapeindex":1,"mintemp":13.0,"maxtemp":17.7,"windspeed":5,"sunshinepower":366,"sunpower":366},{"date":"2020-07-08T00:00:00","sunrise":"2020-07-08T05:29:13","sunset":"2020-07-08T22:01:29","morning":{"datetime":"2020-07-08T07:00:00","datetimeutc":"2020-07-08T05:00:00","timetype":"Morning","precipitationmm":3.8,"mintemperature":13.6,"maxtemperature":15.4,"cloudcover":100,"iconcode":"m","iconid":33,"sources":1,"winddirection":"NW","winddirectiondegrees":334,"windspeedms":3.1,"visibility":7334,"precipitation":80,"beaufort":2,"humidity":92,"sunshine":0,"hour":7,"mintemp":13.6,"maxtemp":15.4,"windspeed":11,"sunshinepower":83,"sunpower":83},"afternoon":{"datetime":"2020-07-08T12:00:00","datetimeutc":"2020-07-08T10:00:00","timetype":"Afternoon","precipitationmm":0.5,"mintemperature":15.9,"maxtemperature":16.3,"cloudcover":100,"iconcode":"m","iconid":22,"sources":1,"winddirection":"N","winddirectiondegrees":14,"windspeedms":3.1,"visibility":14748,"precipitation":57,"beaufort":2,"humidity":79,"sunshine":0,"hour":12,"mintemp":15.9,"maxtemp":16.3,"windspeed":11,"sunshinepower":306,"sunpower":306},"evening":{"datetime":"2020-07-08T18:00:00","datetimeutc":"2020-07-08T16:00:00","timetype":"Evening","precipitationmm":0.0,"mintemperature":14.0,"maxtemperature":16.0,"cloudcover":88,"iconcode":"r","iconid":19,"sources":1,"winddirection":"N","winddirectiondegrees":14,"windspeedms":3.1,"visibility":18985,"precipitation":1,"beaufort":2,"humidity":80,"sunshine":1,"hour":18,"mintemp":14.0,"maxtemp":16.0,"windspeed":11,"sunshinepower":122,"sunpower":122},"night":{"datetime":"2020-07-08T00:00:00","datetimeutc":"2020-07-07T22:00:00","timetype":"Night","precipitationmm":4.2,"mintemperature":13.3,"maxtemperature":14.0,"cloudcover":100,"iconcode":"m","iconid":33,"sources":1,"winddirection":"ZW","winddirectiondegrees":210,"windspeedms":3.5,"visibility":5960,"precipitation":79,"beaufort":2,"humidity":94,"sunshine":0,"hour":0,"mintemp":13.3,"maxtemp":14.0,"windspeed":13,"sunshinepower":1,"sunpower":1},"hours":[{"datetime":"2020-07-08T00:00:00","datetimeutc":"2020-07-07T22:00:00","timetype":"Hour","precipitationmm":0.3,"temperature":14.0,"feeltemperature":14.0,"cloudcover":100,"iconcode":"mm","iconid":33,"sources":2,"winddirection":"Z","winddirectiondegrees":174,"windspeedms":3.0,"visibility":9250,"precipitation":82,"beaufort":2,"humidity":89,"sunshine":0,"hour":0,"pollenindex":4,"windspeed":11,"sunshinepower":0,"sunpower":0},{"datetime":"2020-07-08T01:00:00","datetimeutc":"2020-07-07T23:00:00","timetype":"Hour","precipitationmm":0.8,"temperature":13.8,"feeltemperature":12.9,"cloudcover":100,"iconcode":"mm","iconid":33,"sources":2,"winddirection":"Z","winddirectiondegrees":184,"windspeedms":3.4,"visibility":9850,"precipitation":77,"beaufort":2,"humidity":91,"sunshine":0,"hour":1,"pollenindex":4,"windspeed":12,"sunshinepower":0,"sunpower":0},{"datetime":"2020-07-08T02:00:00","datetimeutc":"2020-07-08T00:00:00","timetype":"Hour","precipitationmm":0.5,"temperature":13.5,"feeltemperature":12.3,"cloudcover":100,"iconcode":"mm","iconid":33,"sources":2,"winddirection":"Z","winddirectiondegrees":202,"windspeedms":4.0,"visibility":10050,"precipitation":80,"beaufort":3,"humidity":94,"sunshine":0,"hour":2,"pollenindex":3,"windspeed":14,"sunshinepower":0,"sunpower":0},{"datetime":"2020-07-08T03:00:00","datetimeutc":"2020-07-08T01:00:00","timetype":"Hour","precipitationmm":0.5,"temperature":13.4,"feeltemperature":12.1,"cloudcover":100,"iconcode":"mm","iconid":33,"sources":2,"winddirection":"ZW","winddirectiondegrees":215,"windspeedms":4.3,"visibility":10060,"precipitation":85,"beaufort":3,"humidity":95,"sunshine":0,"hour":3,"pollenindex":3,"windspeed":15,"sunshinepower":0,"sunpower":0},{"datetime":"2020-07-08T04:00:00","datetimeutc":"2020-07-08T02:00:00","timetype":"Hour","precipitationmm":1.0,"temperature":13.3,"feeltemperature":12.0,"cloudcover":100,"iconcode":"mm","iconid":33,"sources":2,"winddirection":"ZW","winddirectiondegrees":214,"windspeedms":4.0,"visibility":1260,"precipitation":78,"beaufort":3,"humidity":96,"sunshine":0,"hour":4,"pollenindex":3,"windspeed":14,"sunshinepower":0,"sunpower":0},{"datetime":"2020-07-08T05:00:00","datetimeutc":"2020-07-08T03:00:00","timetype":"Hour","precipitationmm":0.3,"temperature":13.3,"feeltemperature":13.3,"cloudcover":100,"iconcode":"mm","iconid":33,"sources":2,"winddirection":"ZW","winddirectiondegrees":233,"windspeedms":3.0,"visibility":440,"precipitation":78,"beaufort":2,"humidity":96,"sunshine":0,"hour":5,"pollenindex":3,"windspeed":11,"sunshinepower":0,"sunpower":0},{"datetime":"2020-07-08T06:00:00","datetimeutc":"2020-07-08T04:00:00","timetype":"Hour","precipitationmm":0.8,"temperature":13.4,"feeltemperature":13.4,"cloudcover":100,"iconcode":"m","iconid":33,"sources":2,"winddirection":"W","winddirectiondegrees":255,"windspeedms":3.0,"visibility":810,"precipitation":78,"beaufort":2,"humidity":97,"sunshine":0,"hour":6,"pollenindex":3,"windspeed":11,"sunshinepower":7,"sunpower":7},{"datetime":"2020-07-08T07:00:00","datetimeutc":"2020-07-08T05:00:00","timetype":"Hour","precipitationmm":1.5,"temperature":13.6,"feeltemperature":13.6,"cloudcover":100,"iconcode":"m","iconid":33,"sources":2,"winddirection":"W","winddirectiondegrees":271,"windspeedms":3.2,"visibility":410,"precipitation":76,"beaufort":2,"humidity":95,"sunshine":0,"hour":7,"pollenindex":3,"windspeed":12,"sunshinepower":25,"sunpower":25},{"datetime":"2020-07-08T08:00:00","datetimeutc":"2020-07-08T06:00:00","timetype":"Hour","precipitationmm":0.2,"temperature":13.8,"feeltemperature":13.8,"cloudcover":100,"iconcode":"m","iconid":22,"sources":2,"winddirection":"NW","winddirectiondegrees":297,"windspeedms":3.2,"visibility":8210,"precipitation":77,"beaufort":2,"humidity":95,"sunshine":0,"hour":8,"pollenindex":3,"windspeed":12,"sunshinepower":45,"sunpower":45},{"datetime":"2020-07-08T09:00:00","datetimeutc":"2020-07-08T07:00:00","timetype":"Hour","precipitationmm":0.8,"temperature":14.2,"feeltemperature":14.2,"cloudcover":100,"iconcode":"m","iconid":22,"sources":2,"winddirection":"N","winddirectiondegrees":350,"windspeedms":3.0,"visibility":8810,"precipitation":78,"beaufort":2,"humidity":95,"sunshine":0,"hour":9,"pollenindex":3,"windspeed":11,"sunshinepower":71,"sunpower":71},{"datetime":"2020-07-08T10:00:00","datetimeutc":"2020-07-08T08:00:00","timetype":"Hour","precipitationmm":0.5,"temperature":14.8,"feeltemperature":14.8,"cloudcover":100,"iconcode":"m","iconid":22,"sources":2,"winddirection":"N","winddirectiondegrees":9,"windspeedms":3.2,"visibility":9020,"precipitation":85,"beaufort":2,"humidity":91,"sunshine":0,"hour":10,"pollenindex":5,"windspeed":12,"sunshinepower":110,"sunpower":110},{"datetime":"2020-07-08T11:00:00","datetimeutc":"2020-07-08T09:00:00","timetype":"Hour","precipitationmm":0.8,"temperature":15.4,"feeltemperature":15.4,"cloudcover":100,"iconcode":"m","iconid":22,"sources":2,"winddirection":"N","winddirectiondegrees":16,"windspeedms":3.1,"visibility":10220,"precipitation":86,"beaufort":2,"humidity":87,"sunshine":0,"hour":11,"pollenindex":5,"windspeed":11,"sunshinepower":165,"sunpower":165},{"datetime":"2020-07-08T12:00:00","datetimeutc":"2020-07-08T10:00:00","timetype":"Hour","precipitationmm":0.3,"temperature":15.9,"feeltemperature":15.9,"cloudcover":100,"iconcode":"m","iconid":22,"sources":2,"winddirection":"N","winddirectiondegrees":7,"windspeedms":3.1,"visibility":11810,"precipitation":82,"beaufort":2,"humidity":83,"sunshine":0,"hour":12,"pollenindex":5,"windspeed":11,"sunshinepower":224,"sunpower":224},{"datetime":"2020-07-08T13:00:00","datetimeutc":"2020-07-08T11:00:00","timetype":"Hour","precipitationmm":0.1,"temperature":16.2,"feeltemperature":16.2,"cloudcover":100,"iconcode":"m","iconid":22,"sources":2,"winddirection":"N","winddirectiondegrees":9,"windspeedms":2.8,"visibility":11820,"precipitation":76,"beaufort":2,"humidity":81,"sunshine":0,"hour":13,"pollenindex":5,"windspeed":10,"sunshinepower":280,"sunpower":280},{"datetime":"2020-07-08T14:00:00","datetimeutc":"2020-07-08T12:00:00","timetype":"Hour","precipitationmm":0.0,"temperature":16.3,"feeltemperature":16.3,"cloudcover":100,"iconcode":"c","iconid":22,"sources":2,"winddirection":"N","winddirectiondegrees":21,"windspeedms":2.9,"visibility":12410,"precipitation":2,"beaufort":2,"humidity":78,"sunshine":0,"hour":14,"pollenindex":6,"windspeed":10,"sunshinepower":323,"sunpower":323},{"datetime":"2020-07-08T15:00:00","datetimeutc":"2020-07-08T13:00:00","timetype":"Hour","precipitationmm":0.0,"temperature":16.3,"feeltemperature":16.3,"cloudcover":100,"iconcode":"c","iconid":33,"sources":2,"winddirection":"N","winddirectiondegrees":20,"windspeedms":3.0,"visibility":16820,"precipitation":2,"beaufort":2,"humidity":79,"sunshine":0,"hour":15,"pollenindex":5,"windspeed":11,"sunshinepower":343,"sunpower":343},{"datetime":"2020-07-08T16:00:00","datetimeutc":"2020-07-08T14:00:00","timetype":"Hour","precipitationmm":0.1,"temperature":16.3,"feeltemperature":16.3,"cloudcover":100,"iconcode":"m","iconid":33,"sources":2,"winddirection":"N","winddirectiondegrees":17,"windspeedms":3.1,"visibility":17420,"precipitation":85,"beaufort":2,"humidity":79,"sunshine":0,"hour":16,"pollenindex":5,"windspeed":11,"sunshinepower":341,"sunpower":341},{"datetime":"2020-07-08T17:00:00","datetimeutc":"2020-07-08T15:00:00","timetype":"Hour","precipitationmm":0.0,"temperature":16.1,"feeltemperature":16.1,"cloudcover":100,"iconcode":"c","iconid":22,"sources":2,"winddirection":"N","winddirectiondegrees":14,"windspeedms":3.4,"visibility":18210,"precipitation":1,"beaufort":2,"humidity":79,"sunshine":0,"hour":17,"pollenindex":5,"windspeed":12,"sunshinepower":325,"sunpower":325},{"datetime":"2020-07-08T18:00:00","datetimeutc":"2020-07-08T16:00:00","timetype":"Hour","precipitationmm":0.0,"temperature":16.0,"feeltemperature":16.0,"cloudcover":100,"iconcode":"c","iconid":19,"sources":2,"winddirection":"N","winddirectiondegrees":2,"windspeedms":3.4,"visibility":20210,"precipitation":1,"beaufort":2,"humidity":78,"sunshine":0,"hour":18,"pollenindex":6,"windspeed":12,"sunshinepower":294,"sunpower":294},{"datetime":"2020-07-08T19:00:00","datetimeutc":"2020-07-08T17:00:00","timetype":"Hour","precipitationmm":0.0,"temperature":15.8,"feeltemperature":15.8,"cloudcover":100,"iconcode":"c","iconid":19,"sources":2,"winddirection":"N","winddirectiondegrees":360,"windspeedms":3.5,"visibility":21610,"precipitation":1,"beaufort":2,"humidity":80,"sunshine":0,"hour":19,"pollenindex":4,"windspeed":13,"sunshinepower":232,"sunpower":232},{"datetime":"2020-07-08T20:00:00","datetimeutc":"2020-07-08T18:00:00","timetype":"Hour","precipitationmm":0.0,"temperature":15.5,"feeltemperature":15.5,"cloudcover":99,"iconcode":"c","iconid":19,"sources":2,"winddirection":"N","winddirectiondegrees":4,"windspeedms":3.3,"visibility":21410,"precipitation":1,"beaufort":2,"humidity":80,"sunshine":0,"hour":20,"pollenindex":4,"windspeed":12,"sunshinepower":148,"sunpower":148},{"datetime":"2020-07-08T21:00:00","datetimeutc":"2020-07-08T19:00:00","timetype":"Hour","precipitationmm":0.0,"temperature":14.9,"feeltemperature":14.9,"cloudcover":89,"iconcode":"r","iconid":19,"sources":2,"winddirection":"N","winddirectiondegrees":14,"windspeedms":3.0,"visibility":20210,"precipitation":1,"beaufort":2,"humidity":80,"sunshine":0,"hour":21,"pollenindex":4,"windspeed":11,"sunshinepower":61,"sunpower":61},{"datetime":"2020-07-08T22:00:00","datetimeutc":"2020-07-08T20:00:00","timetype":"Hour","precipitationmm":0.0,"temperature":14.3,"feeltemperature":14.3,"cloudcover":74,"iconcode":"r","iconid":19,"sources":2,"winddirection":"NO","winddirectiondegrees":31,"windspeedms":2.8,"visibility":16820,"precipitation":0,"beaufort":2,"humidity":82,"sunshine":5,"hour":22,"pollenindex":4,"windspeed":10,"sunshinepower":0,"sunpower":0},{"datetime":"2020-07-08T23:00:00","datetimeutc":"2020-07-08T21:00:00","timetype":"Hour","precipitationmm":0.0,"temperature":14.0,"feeltemperature":14.0,"cloudcover":67,"iconcode":"bb","iconid":19,"sources":2,"winddirection":"NO","winddirectiondegrees":35,"windspeedms":2.6,"visibility":13650,"precipitation":0,"beaufort":2,"humidity":82,"sunshine":1,"hour":23,"pollenindex":4,"windspeed":9,"sunshinepower":0,"sunpower":0}],"datetime":"2020-07-08T00:00:00","datetimeutc":"2020-07-07T22:00:00","timetype":"Day","precipitationmm":11.3,"mintemperature":13.3,"maxtemperature":16.3,"cloudcover":97,"iconcode":"q","iconid":12,"sources":2,"winddirection":"N","winddirectiondegrees":0,"windspeedms":3.2,"visibility":11699,"precipitation":58,"beaufort":2,"humidity":86,"sunshine":0,"uvindex":4,"bbqindex":6,"mosquitoindex":7,"pollenindex":5,"icescrapeindex":1,"mintemp":13.3,"maxtemp":16.3,"windspeed":3,"sunshinepower":124,"sunpower":124},{"date":"2020-07-09T00:00:00","sunrise":"2020-07-09T05:30:15","sunset":"2020-07-09T22:00:42","morning":{"datetime":"2020-07-09T07:00:00","datetimeutc":"2020-07-09T05:00:00","timetype":"Morning","precipitationmm":1.4,"mintemperature":13.4,"maxtemperature":16.8,"cloudcover":74,"iconcode":"m","iconid":33,"sources":1,"winddirection":"ZO","winddirectiondegrees":152,"windspeedms":3.8,"visibility":15056,"precipitation":18,"beaufort":2,"humidity":80,"sunshine":27,"hour":7,"mintemp":13.4,"maxtemp":16.8,"windspeed":14,"sunshinepower":246,"sunpower":246},"afternoon":{"datetime":"2020-07-09T12:00:00","datetimeutc":"2020-07-09T10:00:00","timetype":"Afternoon","precipitationmm":0.0,"mintemperature":17.7,"maxtemperature":20.3,"cloudcover":86,"iconcode":"r","iconid":22,"sources":1,"winddirection":"ZW","winddirectiondegrees":208,"windspeedms":5.2,"visibility":20043,"precipitation":1,"beaufort":3,"humidity":68,"sunshine":8,"hour":12,"mintemp":17.7,"maxtemp":20.3,"windspeed":19,"sunshinepower":391,"sunpower":391},"evening":{"datetime":"2020-07-09T18:00:00","datetimeutc":"2020-07-09T16:00:00","timetype":"Evening","precipitationmm":2.0,"mintemperature":17.6,"maxtemperature":20.5,"cloudcover":100,"iconcode":"m","iconid":33,"sources":1,"winddirection":"ZW","winddirectiondegrees":230,"windspeedms":6.0,"visibility":19008,"precipitation":37,"beaufort":4,"humidity":72,"sunshine":3,"hour":18,"mintemp":17.6,"maxtemp":20.5,"windspeed":22,"sunshinepower":101,"sunpower":101},"night":{"datetime":"2020-07-09T02:00:00","datetimeutc":"2020-07-09T00:00:00","timetype":"Night","precipitationmm":0.1,"mintemperature":12.9,"maxtemperature":13.8,"cloudcover":76,"iconcode":"r","iconid":19,"sources":1,"winddirection":"O","winddirectiondegrees":89,"windspeedms":2.6,"visibility":12101,"precipitation":26,"beaufort":2,"humidity":85,"sunshine":2,"hour":2,"mintemp":12.9,"maxtemp":13.8,"windspeed":9,"sunshinepower":2,"sunpower":2},"hours":[{"datetime":"2020-07-09T00:00:00","datetimeutc":"2020-07-08T22:00:00","timetype":"Hour","precipitationmm":0.1,"temperature":13.8,"feeltemperature":13.8,"cloudcover":76,"iconcode":"mm","iconid":19,"sources":2,"winddirection":"NO","winddirectiondegrees":37,"windspeedms":2.4,"visibility":12450,"precipitation":78,"beaufort":2,"humidity":82,"sunshine":0,"hour":0,"pollenindex":4,"windspeed":9,"sunshinepower":0,"sunpower":0},{"datetime":"2020-07-09T01:00:00","datetimeutc":"2020-07-08T23:00:00","timetype":"Hour","precipitationmm":0.0,"temperature":13.7,"feeltemperature":13.7,"cloudcover":91,"iconcode":"cc","iconid":20,"sources":2,"winddirection":"NO","winddirectiondegrees":35,"windspeedms":2.2,"visibility":11650,"precipitation":1,"beaufort":2,"humidity":83,"sunshine":0,"hour":1,"pollenindex":4,"windspeed":8,"sunshinepower":0,"sunpower":0},{"datetime":"2020-07-09T02:00:00","datetimeutc":"2020-07-09T00:00:00","timetype":"Hour","precipitationmm":0.0,"temperature":13.5,"feeltemperature":13.5,"cloudcover":98,"iconcode":"cc","iconid":19,"sources":1,"winddirection":"O","winddirectiondegrees":72,"windspeedms":1.96,"visibility":11650,"precipitation":1,"beaufort":1,"humidity":84,"sunshine":0,"hour":2,"pollenindex":4,"windspeed":7,"sunshinepower":0,"sunpower":0},{"datetime":"2020-07-09T03:00:00","datetimeutc":"2020-07-09T01:00:00","timetype":"Hour","precipitationmm":0.0,"temperature":13.3,"feeltemperature":13.3,"cloudcover":85,"iconcode":"rr","iconid":19,"sources":1,"winddirection":"ZO","winddirectiondegrees":117,"windspeedms":2.57,"visibility":12250,"precipitation":1,"beaufort":2,"humidity":85,"sunshine":0,"hour":3,"pollenindex":4,"windspeed":9,"sunshinepower":0,"sunpower":0},{"datetime":"2020-07-09T04:00:00","datetimeutc":"2020-07-09T02:00:00","timetype":"Hour","precipitationmm":0.0,"temperature":13.1,"feeltemperature":13.1,"cloudcover":63,"iconcode":"bb","iconid":7,"sources":1,"winddirection":"O","winddirectiondegrees":108,"windspeedms":2.97,"visibility":12450,"precipitation":1,"beaufort":2,"humidity":87,"sunshine":0,"hour":4,"pollenindex":4,"windspeed":11,"sunshinepower":0,"sunpower":0},{"datetime":"2020-07-09T05:00:00","datetimeutc":"2020-07-09T03:00:00","timetype":"Hour","precipitationmm":0.0,"temperature":12.9,"feeltemperature":12.9,"cloudcover":69,"iconcode":"bb","iconid":22,"sources":1,"winddirection":"ZO","winddirectiondegrees":120,"windspeedms":3.08,"visibility":12440,"precipitation":1,"beaufort":2,"humidity":87,"sunshine":0,"hour":5,"pollenindex":4,"windspeed":11,"sunshinepower":0,"sunpower":0},{"datetime":"2020-07-09T06:00:00","datetimeutc":"2020-07-09T04:00:00","timetype":"Hour","precipitationmm":0.0,"temperature":13.0,"feeltemperature":13.0,"cloudcover":55,"iconcode":"b","iconid":20,"sources":1,"winddirection":"ZO","winddirectiondegrees":127,"windspeedms":3.11,"visibility":11820,"precipitation":1,"beaufort":2,"humidity":87,"sunshine":15,"hour":6,"pollenindex":4,"windspeed":11,"sunshinepower":19,"sunpower":19},{"datetime":"2020-07-09T07:00:00","datetimeutc":"2020-07-09T05:00:00","timetype":"Hour","precipitationmm":1.4,"temperature":13.4,"feeltemperature":13.4,"cloudcover":68,"iconcode":"m","iconid":33,"sources":1,"winddirection":"ZO","winddirectiondegrees":131,"windspeedms":3.34,"visibility":11620,"precipitation":31,"beaufort":2,"humidity":85,"sunshine":41,"hour":7,"pollenindex":4,"windspeed":12,"sunshinepower":87,"sunpower":87},{"datetime":"2020-07-09T08:00:00","datetimeutc":"2020-07-09T06:00:00","timetype":"Hour","precipitationmm":0.0,"temperature":14.1,"feeltemperature":13.2,"cloudcover":77,"iconcode":"r","iconid":7,"sources":1,"winddirection":"ZO","winddirectiondegrees":139,"windspeedms":3.55,"visibility":13020,"precipitation":1,"beaufort":2,"humidity":83,"sunshine":26,"hour":8,"pollenindex":4,"windspeed":13,"sunshinepower":178,"sunpower":178},{"datetime":"2020-07-09T09:00:00","datetimeutc":"2020-07-09T07:00:00","timetype":"Hour","precipitationmm":0.0,"temperature":15.0,"feeltemperature":14.2,"cloudcover":70,"iconcode":"r","iconid":8,"sources":1,"winddirection":"ZO","winddirectiondegrees":144,"windspeedms":3.8,"visibility":15210,"precipitation":1,"beaufort":2,"humidity":82,"sunshine":18,"hour":9,"pollenindex":4,"windspeed":14,"sunshinepower":266,"sunpower":266},{"datetime":"2020-07-09T10:00:00","datetimeutc":"2020-07-09T08:00:00","timetype":"Hour","precipitationmm":0.0,"temperature":15.9,"feeltemperature":15.9,"cloudcover":71,"iconcode":"r","iconid":21,"sources":1,"winddirection":"Z","winddirectiondegrees":164,"windspeedms":4.08,"visibility":17010,"precipitation":1,"beaufort":3,"humidity":79,"sunshine":25,"hour":10,"pollenindex":5,"windspeed":15,"sunshinepower":330,"sunpower":330},{"datetime":"2020-07-09T11:00:00","datetimeutc":"2020-07-09T09:00:00","timetype":"Hour","precipitationmm":0.0,"temperature":16.8,"feeltemperature":16.8,"cloudcover":88,"iconcode":"r","iconid":22,"sources":1,"winddirection":"Z","winddirectiondegrees":184,"windspeedms":4.21,"visibility":18420,"precipitation":1,"beaufort":3,"humidity":75,"sunshine":25,"hour":11,"pollenindex":6,"windspeed":15,"sunshinepower":372,"sunpower":372},{"datetime":"2020-07-09T12:00:00","datetimeutc":"2020-07-09T10:00:00","timetype":"Hour","precipitationmm":0.0,"temperature":17.7,"feeltemperature":17.7,"cloudcover":95,"iconcode":"c","iconid":22,"sources":1,"winddirection":"Z","winddirectiondegrees":195,"windspeedms":4.44,"visibility":20220,"precipitation":0,"beaufort":3,"humidity":72,"sunshine":6,"hour":12,"pollenindex":6,"windspeed":16,"sunshinepower":403,"sunpower":403},{"datetime":"2020-07-09T13:00:00","datetimeutc":"2020-07-09T11:00:00","timetype":"Hour","precipitationmm":0.0,"temperature":18.8,"feeltemperature":18.8,"cloudcover":99,"iconcode":"c","iconid":22,"sources":1,"winddirection":"ZW","winddirectiondegrees":208,"windspeedms":4.72,"visibility":19820,"precipitation":0,"beaufort":3,"humidity":69,"sunshine":0,"hour":13,"pollenindex":6,"windspeed":17,"sunshinepower":408,"sunpower":408},{"datetime":"2020-07-09T14:00:00","datetimeutc":"2020-07-09T12:00:00","timetype":"Hour","precipitationmm":0.0,"temperature":19.4,"feeltemperature":19.4,"cloudcover":100,"iconcode":"c","iconid":22,"sources":1,"winddirection":"ZW","winddirectiondegrees":209,"windspeedms":5.08,"visibility":19810,"precipitation":1,"beaufort":3,"humidity":68,"sunshine":0,"hour":14,"pollenindex":6,"windspeed":18,"sunshinepower":413,"sunpower":413},{"datetime":"2020-07-09T15:00:00","datetimeutc":"2020-07-09T13:00:00","timetype":"Hour","precipitationmm":0.0,"temperature":19.9,"feeltemperature":19.9,"cloudcover":100,"iconcode":"c","iconid":22,"sources":1,"winddirection":"ZW","winddirectiondegrees":204,"windspeedms":5.57,"visibility":19410,"precipitation":1,"beaufort":3,"humidity":67,"sunshine":0,"hour":15,"pollenindex":6,"windspeed":20,"sunshinepower":418,"sunpower":418},{"datetime":"2020-07-09T16:00:00","datetimeutc":"2020-07-09T14:00:00","timetype":"Hour","precipitationmm":0.0,"temperature":20.0,"feeltemperature":20.0,"cloudcover":50,"iconcode":"b","iconid":20,"sources":1,"winddirection":"ZW","winddirectiondegrees":211,"windspeedms":5.65,"visibility":19400,"precipitation":1,"beaufort":3,"humidity":68,"sunshine":0,"hour":16,"pollenindex":6,"windspeed":20,"sunshinepower":381,"sunpower":381},{"datetime":"2020-07-09T17:00:00","datetimeutc":"2020-07-09T15:00:00","timetype":"Hour","precipitationmm":0.0,"temperature":20.3,"feeltemperature":20.3,"cloudcover":74,"iconcode":"r","iconid":19,"sources":1,"winddirection":"ZW","winddirectiondegrees":224,"windspeedms":5.75,"visibility":21600,"precipitation":1,"beaufort":3,"humidity":66,"sunshine":46,"hour":17,"pollenindex":6,"windspeed":21,"sunshinepower":323,"sunpower":323},{"datetime":"2020-07-09T18:00:00","datetimeutc":"2020-07-09T16:00:00","timetype":"Hour","precipitationmm":2.0,"temperature":20.5,"feeltemperature":20.5,"cloudcover":100,"iconcode":"m","iconid":33,"sources":1,"winddirection":"ZW","winddirectiondegrees":229,"windspeedms":5.73,"visibility":22800,"precipitation":45,"beaufort":3,"humidity":66,"sunshine":21,"hour":18,"pollenindex":6,"windspeed":21,"sunshinepower":257,"sunpower":257},{"datetime":"2020-07-09T19:00:00","datetimeutc":"2020-07-09T17:00:00","timetype":"Hour","precipitationmm":0.0,"temperature":20.2,"feeltemperature":20.2,"cloudcover":100,"iconcode":"c","iconid":19,"sources":1,"winddirection":"ZW","winddirectiondegrees":229,"windspeedms":5.91,"visibility":22010,"precipitation":2,"beaufort":3,"humidity":69,"sunshine":0,"hour":19,"pollenindex":5,"windspeed":21,"sunshinepower":185,"sunpower":185},{"datetime":"2020-07-09T20:00:00","datetimeutc":"2020-07-09T18:00:00","timetype":"Hour","precipitationmm":0.0,"temperature":19.6,"feeltemperature":19.6,"cloudcover":100,"iconcode":"c","iconid":19,"sources":1,"winddirection":"ZW","winddirectiondegrees":231,"windspeedms":5.74,"visibility":18810,"precipitation":2,"beaufort":3,"humidity":72,"sunshine":0,"hour":20,"pollenindex":5,"windspeed":21,"sunshinepower":118,"sunpower":118},{"datetime":"2020-07-09T21:00:00","datetimeutc":"2020-07-09T19:00:00","timetype":"Hour","precipitationmm":0.0,"temperature":18.8,"feeltemperature":18.8,"cloudcover":100,"iconcode":"c","iconid":19,"sources":1,"winddirection":"ZW","winddirectiondegrees":232,"windspeedms":6.03,"visibility":17610,"precipitation":2,"beaufort":4,"humidity":75,"sunshine":0,"hour":21,"pollenindex":5,"windspeed":22,"sunshinepower":49,"sunpower":49},{"datetime":"2020-07-09T22:00:00","datetimeutc":"2020-07-09T20:00:00","timetype":"Hour","precipitationmm":0.0,"temperature":18.2,"feeltemperature":18.2,"cloudcover":100,"iconcode":"c","iconid":22,"sources":1,"winddirection":"ZW","winddirectiondegrees":231,"windspeedms":6.23,"visibility":16810,"precipitation":2,"beaufort":4,"humidity":77,"sunshine":0,"hour":22,"pollenindex":4,"windspeed":22,"sunshinepower":0,"sunpower":0},{"datetime":"2020-07-09T23:00:00","datetimeutc":"2020-07-09T21:00:00","timetype":"Hour","precipitationmm":0.0,"temperature":17.6,"feeltemperature":17.6,"cloudcover":100,"iconcode":"cc","iconid":22,"sources":1,"winddirection":"ZW","winddirectiondegrees":233,"windspeedms":6.43,"visibility":16010,"precipitation":2,"beaufort":4,"humidity":78,"sunshine":0,"hour":23,"pollenindex":4,"windspeed":23,"sunshinepower":0,"sunpower":0}],"datetime":"2020-07-09T00:00:00","datetimeutc":"2020-07-08T22:00:00","timetype":"Day","precipitationmm":3.4,"mintemperature":12.9,"maxtemperature":20.5,"cloudcover":84,"iconcode":"m","iconid":16,"sources":2,"winddirection":"ZW","winddirectiondegrees":225,"windspeedms":4.4,"visibility":16429,"precipitation":25,"beaufort":3,"humidity":76,"sunshine":9,"uvindex":1,"bbqindex":4,"mosquitoindex":7,"pollenindex":5,"icescrapeindex":1,"mintemp":12.9,"maxtemp":20.5,"windspeed":4,"sunshinepower":175,"sunpower":175},{"date":"2020-07-10T00:00:00","sunrise":"2020-07-10T05:31:20","sunset":"2020-07-10T21:59:53","hours":[{"datetime":"2020-07-10T00:00:00","datetimeutc":"2020-07-09T22:00:00","timetype":"Hour","precipitationmm":0.0,"temperature":17.2,"feeltemperature":17.2,"cloudcover":100,"iconcode":"cc","iconid":21,"sources":1,"winddirection":"ZW","winddirectiondegrees":242,"windspeedms":6.59,"visibility":12610,"precipitation":2,"beaufort":4,"humidity":80,"sunshine":0,"hour":0,"pollenindex":4,"windspeed":24,"sunshinepower":0,"sunpower":0},{"datetime":"2020-07-10T01:00:00","datetimeutc":"2020-07-09T23:00:00","timetype":"Hour","precipitationmm":4.2,"temperature":16.8,"feeltemperature":16.8,"cloudcover":100,"iconcode":"qq","iconid":23,"sources":1,"winddirection":"W","winddirectiondegrees":250,"windspeedms":6.68,"visibility":9210,"precipitation":49,"beaufort":4,"humidity":82,"sunshine":0,"hour":1,"pollenindex":4,"windspeed":24,"sunshinepower":0,"sunpower":0},{"datetime":"2020-07-10T02:00:00","datetimeutc":"2020-07-10T00:00:00","timetype":"Hour","precipitationmm":0.0,"temperature":16.4,"feeltemperature":16.4,"cloudcover":100,"iconcode":"cc","iconid":22,"sources":1,"winddirection":"W","winddirectiondegrees":257,"windspeedms":6.77,"visibility":9010,"precipitation":2,"beaufort":4,"humidity":86,"sunshine":0,"hour":2,"pollenindex":4,"windspeed":24,"sunshinepower":0,"sunpower":0},{"datetime":"2020-07-10T03:00:00","datetimeutc":"2020-07-10T01:00:00","timetype":"Hour","precipitationmm":0.0,"temperature":16.0,"feeltemperature":16.0,"cloudcover":100,"iconcode":"cc","iconid":19,"sources":1,"winddirection":"W","winddirectiondegrees":268,"windspeedms":7.28,"visibility":12210,"precipitation":2,"beaufort":4,"humidity":86,"sunshine":0,"hour":3,"pollenindex":4,"windspeed":26,"sunshinepower":0,"sunpower":0},{"datetime":"2020-07-10T04:00:00","datetimeutc":"2020-07-10T02:00:00","timetype":"Hour","precipitationmm":0.0,"temperature":15.6,"feeltemperature":15.6,"cloudcover":100,"iconcode":"cc","iconid":19,"sources":1,"winddirection":"W","winddirectiondegrees":274,"windspeedms":7.62,"visibility":13810,"precipitation":2,"beaufort":4,"humidity":86,"sunshine":0,"hour":4,"pollenindex":4,"windspeed":27,"sunshinepower":0,"sunpower":0},{"datetime":"2020-07-10T05:00:00","datetimeutc":"2020-07-10T03:00:00","timetype":"Hour","precipitationmm":0.0,"temperature":15.3,"feeltemperature":15.3,"cloudcover":100,"iconcode":"cc","iconid":19,"sources":1,"winddirection":"W","winddirectiondegrees":274,"windspeedms":7.87,"visibility":12800,"precipitation":2,"beaufort":4,"humidity":85,"sunshine":0,"hour":5,"pollenindex":4,"windspeed":28,"sunshinepower":0,"sunpower":0},{"datetime":"2020-07-10T06:00:00","datetimeutc":"2020-07-10T04:00:00","timetype":"Hour","precipitationmm":0.0,"temperature":14.8,"feeltemperature":12.8,"cloudcover":100,"iconcode":"c","iconid":19,"sources":1,"winddirection":"W","winddirectiondegrees":278,"windspeedms":8.47,"visibility":12610,"precipitation":2,"beaufort":4,"humidity":86,"sunshine":0,"hour":6,"pollenindex":4,"windspeed":30,"sunshinepower":12,"sunpower":12},{"datetime":"2020-07-10T07:00:00","datetimeutc":"2020-07-10T05:00:00","timetype":"Hour","precipitationmm":0.0,"temperature":14.6,"feeltemperature":12.5,"cloudcover":98,"iconcode":"c","iconid":22,"sources":1,"winddirection":"W","winddirectiondegrees":280,"windspeedms":8.91,"visibility":12400,"precipitation":2,"beaufort":4,"humidity":86,"sunshine":0,"hour":7,"pollenindex":4,"windspeed":32,"sunshinepower":64,"sunpower":64},{"datetime":"2020-07-10T08:00:00","datetimeutc":"2020-07-10T06:00:00","timetype":"Hour","precipitationmm":2.3,"temperature":14.5,"feeltemperature":12.3,"cloudcover":90,"iconcode":"m","iconid":33,"sources":1,"winddirection":"W","winddirectiondegrees":282,"windspeedms":9.46,"visibility":12200,"precipitation":55,"beaufort":5,"humidity":86,"sunshine":0,"hour":8,"pollenindex":4,"windspeed":34,"sunshinepower":145,"sunpower":145},{"datetime":"2020-07-10T09:00:00","datetimeutc":"2020-07-10T07:00:00","timetype":"Hour","precipitationmm":0.0,"temperature":14.7,"feeltemperature":12.4,"cloudcover":95,"iconcode":"c","iconid":19,"sources":1,"winddirection":"W","winddirectiondegrees":283,"windspeedms":9.8,"visibility":13200,"precipitation":2,"beaufort":5,"humidity":85,"sunshine":5,"hour":9,"pollenindex":4,"windspeed":35,"sunshinepower":251,"sunpower":251},{"datetime":"2020-07-10T10:00:00","datetimeutc":"2020-07-10T08:00:00","timetype":"Hour","precipitationmm":0.0,"temperature":14.9,"feeltemperature":12.7,"cloudcover":97,"iconcode":"c","iconid":19,"sources":1,"winddirection":"W","winddirectiondegrees":284,"windspeedms":9.93,"visibility":14000,"precipitation":2,"beaufort":5,"humidity":82,"sunshine":0,"hour":10,"pollenindex":5,"windspeed":36,"sunshinepower":372,"sunpower":372},{"datetime":"2020-07-10T11:00:00","datetimeutc":"2020-07-10T09:00:00","timetype":"Hour","precipitationmm":2.9,"temperature":15.2,"feeltemperature":13.2,"cloudcover":94,"iconcode":"m","iconid":23,"sources":1,"winddirection":"W","winddirectiondegrees":286,"windspeedms":9.69,"visibility":14200,"precipitation":51,"beaufort":5,"humidity":80,"sunshine":0,"hour":11,"pollenindex":5,"windspeed":35,"sunshinepower":460,"sunpower":460},{"datetime":"2020-07-10T12:00:00","datetimeutc":"2020-07-10T10:00:00","timetype":"Hour","precipitationmm":0.0,"temperature":15.6,"feeltemperature":13.8,"cloudcover":98,"iconcode":"c","iconid":19,"sources":1,"winddirection":"W","winddirectiondegrees":290,"windspeedms":9.51,"visibility":14400,"precipitation":2,"beaufort":5,"humidity":77,"sunshine":0,"hour":12,"pollenindex":5,"windspeed":34,"sunshinepower":511,"sunpower":511},{"datetime":"2020-07-10T13:00:00","datetimeutc":"2020-07-10T11:00:00","timetype":"Hour","precipitationmm":0.0,"temperature":16.0,"feeltemperature":14.2,"cloudcover":97,"iconcode":"c","iconid":19,"sources":1,"winddirection":"NW","winddirectiondegrees":293,"windspeedms":9.39,"visibility":14800,"precipitation":2,"beaufort":5,"humidity":75,"sunshine":0,"hour":13,"pollenindex":6,"windspeed":34,"sunshinepower":539,"sunpower":539},{"datetime":"2020-07-10T14:00:00","datetimeutc":"2020-07-10T12:00:00","timetype":"Hour","precipitationmm":0.4,"temperature":16.2,"feeltemperature":14.6,"cloudcover":89,"iconcode":"m","iconid":33,"sources":1,"winddirection":"NW","winddirectiondegrees":293,"windspeedms":9.09,"visibility":15200,"precipitation":42,"beaufort":5,"humidity":73,"sunshine":0,"hour":14,"pollenindex":6,"windspeed":33,"sunshinepower":567,"sunpower":567},{"datetime":"2020-07-10T15:00:00","datetimeutc":"2020-07-10T13:00:00","timetype":"Hour","precipitationmm":0.0,"temperature":16.4,"feeltemperature":14.7,"cloudcover":85,"iconcode":"r","iconid":19,"sources":1,"winddirection":"NW","winddirectiondegrees":294,"windspeedms":9.3,"visibility":14400,"precipitation":1,"beaufort":5,"humidity":69,"sunshine":5,"hour":15,"pollenindex":6,"windspeed":33,"sunshinepower":584,"sunpower":584},{"datetime":"2020-07-10T16:00:00","datetimeutc":"2020-07-10T14:00:00","timetype":"Hour","precipitationmm":0.0,"temperature":16.4,"feeltemperature":14.8,"cloudcover":75,"iconcode":"r","iconid":7,"sources":1,"winddirection":"NW","winddirectiondegrees":297,"windspeedms":8.97,"visibility":14600,"precipitation":1,"beaufort":4,"humidity":68,"sunshine":10,"hour":16,"pollenindex":6,"windspeed":32,"sunshinepower":546,"sunpower":546},{"datetime":"2020-07-10T17:00:00","datetimeutc":"2020-07-10T15:00:00","timetype":"Hour","precipitationmm":0.0,"temperature":16.2,"feeltemperature":14.7,"cloudcover":67,"iconcode":"b","iconid":7,"sources":1,"winddirection":"NW","winddirectiondegrees":299,"windspeedms":8.53,"visibility":13800,"precipitation":1,"beaufort":4,"humidity":67,"sunshine":20,"hour":17,"pollenindex":6,"windspeed":31,"sunshinepower":477,"sunpower":477},{"datetime":"2020-07-10T18:00:00","datetimeutc":"2020-07-10T16:00:00","timetype":"Hour","precipitationmm":0.0,"temperature":16.0,"feeltemperature":16.0,"cloudcover":60,"iconcode":"b","iconid":7,"sources":1,"winddirection":"NW","winddirectiondegrees":300,"windspeedms":7.87,"visibility":13800,"precipitation":1,"beaufort":4,"humidity":67,"sunshine":30,"hour":18,"pollenindex":6,"windspeed":28,"sunshinepower":398,"sunpower":398},{"datetime":"2020-07-10T19:00:00","datetimeutc":"2020-07-10T17:00:00","timetype":"Hour","precipitationmm":0.0,"temperature":15.6,"feeltemperature":15.6,"cloudcover":54,"iconcode":"b","iconid":19,"sources":1,"winddirection":"NW","winddirectiondegrees":299,"windspeedms":7.36,"visibility":14600,"precipitation":1,"beaufort":4,"humidity":72,"sunshine":36,"hour":19,"pollenindex":5,"windspeed":26,"sunshinepower":309,"sunpower":309},{"datetime":"2020-07-10T20:00:00","datetimeutc":"2020-07-10T18:00:00","timetype":"Hour","precipitationmm":0.0,"temperature":15.1,"feeltemperature":15.1,"cloudcover":49,"iconcode":"j","iconid":7,"sources":1,"winddirection":"NW","winddirectiondegrees":302,"windspeedms":6.69,"visibility":14800,"precipitation":1,"beaufort":4,"humidity":73,"sunshine":41,"hour":20,"pollenindex":5,"windspeed":24,"sunshinepower":194,"sunpower":194},{"datetime":"2020-07-10T21:00:00","datetimeutc":"2020-07-10T19:00:00","timetype":"Hour","precipitationmm":0.0,"temperature":14.5,"feeltemperature":13.0,"cloudcover":44,"iconcode":"j","iconid":7,"sources":1,"winddirection":"NW","winddirectiondegrees":301,"windspeedms":5.83,"visibility":14600,"precipitation":1,"beaufort":3,"humidity":75,"sunshine":48,"hour":21,"pollenindex":5,"windspeed":21,"sunshinepower":71,"sunpower":71},{"datetime":"2020-07-10T22:00:00","datetimeutc":"2020-07-10T20:00:00","timetype":"Hour","precipitationmm":0.0,"temperature":14.0,"feeltemperature":12.8,"cloudcover":40,"iconcode":"jj","iconid":4,"sources":1,"winddirection":"NW","winddirectiondegrees":296,"windspeedms":4.55,"visibility":13810,"precipitation":1,"beaufort":3,"humidity":78,"sunshine":53,"hour":22,"pollenindex":5,"windspeed":16,"sunshinepower":0,"sunpower":0},{"datetime":"2020-07-10T23:00:00","datetimeutc":"2020-07-10T21:00:00","timetype":"Hour","precipitationmm":0.0,"temperature":13.7,"feeltemperature":12.6,"cloudcover":37,"iconcode":"jj","iconid":4,"sources":1,"winddirection":"W","winddirectiondegrees":279,"windspeedms":3.68,"visibility":11610,"precipitation":1,"beaufort":2,"humidity":79,"sunshine":1,"hour":23,"pollenindex":4,"windspeed":13,"sunshinepower":0,"sunpower":0}],"datetime":"2020-07-10T00:00:00","datetimeutc":"2020-07-09T22:00:00","timetype":"Day","precipitationmm":9.7,"mintemperature":13.7,"maxtemperature":17.2,"cloudcover":90,"iconcode":"q","iconid":14,"sources":1,"winddirection":"W","winddirectiondegrees":270,"windspeedms":7.91,"precipitation":55,"beaufort":4,"uvindex":5,"bbqindex":4,"mosquitoindex":6,"pollenindex":4,"icescrapeindex":1,"mintemp":13.7,"maxtemp":17.2,"windspeed":8},{"date":"2020-07-11T00:00:00","sunrise":"2020-07-11T05:32:26","sunset":"2020-07-11T21:59:01","hours":[{"datetime":"2020-07-11T00:00:00","datetimeutc":"2020-07-10T22:00:00","timetype":"Hour","precipitationmm":0.0,"temperature":13.3,"feeltemperature":12.2,"cloudcover":37,"iconcode":"jj","iconid":4,"sources":1,"winddirection":"W","winddirectiondegrees":265,"windspeedms":3.58,"visibility":10410,"precipitation":1,"beaufort":2,"humidity":81,"sunshine":0,"hour":0,"pollenindex":4,"windspeed":13,"sunshinepower":0,"sunpower":0},{"datetime":"2020-07-11T01:00:00","datetimeutc":"2020-07-10T23:00:00","timetype":"Hour","precipitationmm":0.0,"temperature":12.9,"feeltemperature":11.7,"cloudcover":38,"iconcode":"jj","iconid":4,"sources":1,"winddirection":"W","winddirectiondegrees":254,"windspeedms":3.64,"visibility":10010,"precipitation":1,"beaufort":2,"humidity":82,"sunshine":0,"hour":1,"pollenindex":4,"windspeed":13,"sunshinepower":0,"sunpower":0},{"datetime":"2020-07-11T02:00:00","datetimeutc":"2020-07-11T00:00:00","timetype":"Hour","precipitationmm":0.0,"temperature":12.6,"feeltemperature":11.2,"cloudcover":39,"iconcode":"jj","iconid":4,"sources":1,"winddirection":"W","winddirectiondegrees":250,"windspeedms":4.05,"visibility":11820,"precipitation":1,"beaufort":3,"humidity":85,"sunshine":0,"hour":2,"pollenindex":4,"windspeed":15,"sunshinepower":0,"sunpower":0},{"datetime":"2020-07-11T03:00:00","datetimeutc":"2020-07-11T01:00:00","timetype":"Hour","precipitationmm":0.0,"temperature":12.6,"feeltemperature":11.1,"cloudcover":39,"iconcode":"jj","iconid":19,"sources":1,"winddirection":"W","winddirectiondegrees":253,"windspeedms":4.43,"visibility":12820,"precipitation":1,"beaufort":3,"humidity":86,"sunshine":0,"hour":3,"pollenindex":4,"windspeed":16,"sunshinepower":0,"sunpower":0},{"datetime":"2020-07-11T04:00:00","datetimeutc":"2020-07-11T02:00:00","timetype":"Hour","precipitationmm":0.0,"temperature":12.7,"feeltemperature":11.2,"cloudcover":38,"iconcode":"jj","iconid":22,"sources":1,"winddirection":"W","winddirectiondegrees":267,"windspeedms":4.36,"visibility":13210,"precipitation":1,"beaufort":3,"humidity":87,"sunshine":0,"hour":4,"pollenindex":4,"windspeed":16,"sunshinepower":0,"sunpower":0},{"datetime":"2020-07-11T05:00:00","datetimeutc":"2020-07-11T03:00:00","timetype":"Hour","precipitationmm":0.0,"temperature":13.1,"feeltemperature":11.5,"cloudcover":38,"iconcode":"jj","iconid":22,"sources":1,"winddirection":"W","winddirectiondegrees":290,"windspeedms":4.69,"visibility":13600,"precipitation":1,"beaufort":3,"humidity":85,"sunshine":0,"hour":5,"pollenindex":4,"windspeed":17,"sunshinepower":0,"sunpower":0},{"datetime":"2020-07-11T06:00:00","datetimeutc":"2020-07-11T04:00:00","timetype":"Hour","precipitationmm":0.0,"temperature":13.4,"feeltemperature":11.9,"cloudcover":40,"iconcode":"j","iconid":22,"sources":1,"winddirection":"NW","winddirectiondegrees":294,"windspeedms":4.67,"visibility":12000,"precipitation":0,"beaufort":3,"humidity":86,"sunshine":30,"hour":6,"pollenindex":4,"windspeed":17,"sunshinepower":16,"sunpower":16},{"datetime":"2020-07-11T07:00:00","datetimeutc":"2020-07-11T05:00:00","timetype":"Hour","precipitationmm":0.0,"temperature":13.8,"feeltemperature":12.4,"cloudcover":44,"iconcode":"j","iconid":22,"sources":1,"winddirection":"W","winddirectiondegrees":291,"windspeedms":4.76,"visibility":11600,"precipitation":1,"beaufort":3,"humidity":84,"sunshine":56,"hour":7,"pollenindex":4,"windspeed":17,"sunshinepower":91,"sunpower":91},{"datetime":"2020-07-11T08:00:00","datetimeutc":"2020-07-11T06:00:00","timetype":"Hour","precipitationmm":0.0,"temperature":14.3,"feeltemperature":13.0,"cloudcover":48,"iconcode":"j","iconid":22,"sources":1,"winddirection":"NW","winddirectiondegrees":299,"windspeedms":4.95,"visibility":12000,"precipitation":1,"beaufort":3,"humidity":82,"sunshine":53,"hour":8,"pollenindex":4,"windspeed":18,"sunshinepower":207,"sunpower":207},{"datetime":"2020-07-11T09:00:00","datetimeutc":"2020-07-11T07:00:00","timetype":"Hour","precipitationmm":0.0,"temperature":14.9,"feeltemperature":13.6,"cloudcover":54,"iconcode":"b","iconid":22,"sources":1,"winddirection":"NW","winddirectiondegrees":298,"windspeedms":5.39,"visibility":12810,"precipitation":1,"beaufort":3,"humidity":79,"sunshine":50,"hour":9,"pollenindex":4,"windspeed":19,"sunshinepower":328,"sunpower":328},{"datetime":"2020-07-11T10:00:00","datetimeutc":"2020-07-11T08:00:00","timetype":"Hour","precipitationmm":0.0,"temperature":15.5,"feeltemperature":15.5,"cloudcover":62,"iconcode":"b","iconid":22,"sources":1,"winddirection":"W","winddirectiondegrees":292,"windspeedms":5.83,"visibility":12400,"precipitation":1,"beaufort":3,"humidity":74,"sunshine":41,"hour":10,"pollenindex":6,"windspeed":21,"sunshinepower":437,"sunpower":437},{"datetime":"2020-07-11T11:00:00","datetimeutc":"2020-07-11T09:00:00","timetype":"Hour","precipitationmm":0.0,"temperature":16.2,"feeltemperature":16.2,"cloudcover":67,"iconcode":"b","iconid":22,"sources":1,"winddirection":"W","winddirectiondegrees":291,"windspeedms":6.14,"visibility":12200,"precipitation":1,"beaufort":4,"humidity":70,"sunshine":33,"hour":11,"pollenindex":6,"windspeed":22,"sunshinepower":536,"sunpower":536},{"datetime":"2020-07-11T12:00:00","datetimeutc":"2020-07-11T10:00:00","timetype":"Hour","precipitationmm":0.0,"temperature":16.9,"feeltemperature":16.9,"cloudcover":65,"iconcode":"b","iconid":22,"sources":1,"winddirection":"W","winddirectiondegrees":291,"windspeedms":6.5,"visibility":13200,"precipitation":1,"beaufort":4,"humidity":64,"sunshine":30,"hour":12,"pollenindex":6,"windspeed":23,"sunshinepower":621,"sunpower":621},{"datetime":"2020-07-11T13:00:00","datetimeutc":"2020-07-11T11:00:00","timetype":"Hour","precipitationmm":0.0,"temperature":17.3,"feeltemperature":17.3,"cloudcover":60,"iconcode":"b","iconid":22,"sources":1,"winddirection":"NW","winddirectiondegrees":293,"windspeedms":6.82,"visibility":13400,"precipitation":1,"beaufort":4,"humidity":61,"sunshine":31,"hour":13,"pollenindex":7,"windspeed":25,"sunshinepower":668,"sunpower":668},{"datetime":"2020-07-11T14:00:00","datetimeutc":"2020-07-11T12:00:00","timetype":"Hour","precipitationmm":0.0,"temperature":17.3,"feeltemperature":17.3,"cloudcover":55,"iconcode":"b","iconid":22,"sources":1,"winddirection":"NW","winddirectiondegrees":296,"windspeedms":6.99,"visibility":13200,"precipitation":2,"beaufort":4,"humidity":59,"sunshine":36,"hour":14,"pollenindex":7,"windspeed":25,"sunshinepower":677,"sunpower":677},{"datetime":"2020-07-11T15:00:00","datetimeutc":"2020-07-11T13:00:00","timetype":"Hour","precipitationmm":0.0,"temperature":16.9,"feeltemperature":16.9,"cloudcover":51,"iconcode":"b","iconid":22,"sources":1,"winddirection":"NW","winddirectiondegrees":299,"windspeedms":6.94,"visibility":13600,"precipitation":1,"beaufort":4,"humidity":62,"sunshine":41,"hour":15,"pollenindex":7,"windspeed":25,"sunshinepower":657,"sunpower":657},{"datetime":"2020-07-11T16:00:00","datetimeutc":"2020-07-11T14:00:00","timetype":"Hour","precipitationmm":0.0,"temperature":16.5,"feeltemperature":16.5,"cloudcover":47,"iconcode":"j","iconid":22,"sources":1,"winddirection":"NW","winddirectiondegrees":303,"windspeedms":6.9,"visibility":13600,"precipitation":1,"beaufort":4,"humidity":64,"sunshine":46,"hour":16,"pollenindex":6,"windspeed":25,"sunshinepower":603,"sunpower":603},{"datetime":"2020-07-11T17:00:00","datetimeutc":"2020-07-11T15:00:00","timetype":"Hour","precipitationmm":0.0,"temperature":16.2,"feeltemperature":16.2,"cloudcover":43,"iconcode":"j","iconid":22,"sources":1,"winddirection":"NW","winddirectiondegrees":308,"windspeedms":6.52,"visibility":13600,"precipitation":1,"beaufort":4,"humidity":64,"sunshine":50,"hour":17,"pollenindex":6,"windspeed":23,"sunshinepower":522,"sunpower":522},{"datetime":"2020-07-11T18:00:00","datetimeutc":"2020-07-11T16:00:00","timetype":"Hour","precipitationmm":0.0,"temperature":16.0,"feeltemperature":16.0,"cloudcover":40,"iconcode":"j","iconid":19,"sources":1,"winddirection":"NW","winddirectiondegrees":312,"windspeedms":6.04,"visibility":13800,"precipitation":1,"beaufort":4,"humidity":64,"sunshine":53,"hour":18,"pollenindex":6,"windspeed":22,"sunshinepower":420,"sunpower":420},{"datetime":"2020-07-11T19:00:00","datetimeutc":"2020-07-11T17:00:00","timetype":"Hour","precipitationmm":0.0,"temperature":15.5,"feeltemperature":15.5,"cloudcover":38,"iconcode":"j","iconid":22,"sources":1,"winddirection":"NW","winddirectiondegrees":314,"windspeedms":5.54,"visibility":14000,"precipitation":1,"beaufort":3,"humidity":67,"sunshine":56,"hour":19,"pollenindex":5,"windspeed":20,"sunshinepower":304,"sunpower":304},{"datetime":"2020-07-11T20:00:00","datetimeutc":"2020-07-11T18:00:00","timetype":"Hour","precipitationmm":0.0,"temperature":14.9,"feeltemperature":13.7,"cloudcover":33,"iconcode":"j","iconid":22,"sources":1,"winddirection":"NW","winddirectiondegrees":316,"windspeedms":5.1,"visibility":13800,"precipitation":0,"beaufort":3,"humidity":69,"sunshine":60,"hour":20,"pollenindex":5,"windspeed":18,"sunshinepower":181,"sunpower":181},{"datetime":"2020-07-11T21:00:00","datetimeutc":"2020-07-11T19:00:00","timetype":"Hour","precipitationmm":0.0,"temperature":14.1,"feeltemperature":12.9,"cloudcover":22,"iconcode":"j","iconid":19,"sources":1,"winddirection":"NW","winddirectiondegrees":319,"windspeedms":4.45,"visibility":13200,"precipitation":0,"beaufort":3,"humidity":72,"sunshine":65,"hour":21,"pollenindex":5,"windspeed":16,"sunshinepower":68,"sunpower":68},{"datetime":"2020-07-11T22:00:00","datetimeutc":"2020-07-11T20:00:00","timetype":"Hour","precipitationmm":0.0,"temperature":13.4,"feeltemperature":12.4,"cloudcover":35,"iconcode":"jj","iconid":7,"sources":1,"winddirection":"NW","winddirectiondegrees":322,"windspeedms":3.48,"visibility":12610,"precipitation":0,"beaufort":2,"humidity":76,"sunshine":76,"hour":22,"pollenindex":5,"windspeed":13,"sunshinepower":0,"sunpower":0},{"datetime":"2020-07-11T23:00:00","datetimeutc":"2020-07-11T21:00:00","timetype":"Hour","precipitationmm":0.0,"temperature":12.9,"feeltemperature":12.9,"cloudcover":0,"iconcode":"aa","iconid":13,"sources":1,"winddirection":"NW","winddirectiondegrees":322,"windspeedms":2.87,"visibility":11610,"precipitation":0,"beaufort":2,"humidity":78,"sunshine":1,"hour":23,"pollenindex":5,"windspeed":10,"sunshinepower":0,"sunpower":0}],"datetime":"2020-07-11T00:00:00","datetimeutc":"2020-07-10T22:00:00","timetype":"Day","precipitationmm":0.0,"mintemperature":12.6,"maxtemperature":17.3,"cloudcover":25,"iconcode":"j","iconid":2,"sources":1,"winddirection":"NW","winddirectiondegrees":315,"windspeedms":5.19,"precipitation":2,"beaufort":3,"uvindex":5,"bbqindex":6,"mosquitoindex":7,"pollenindex":5,"icescrapeindex":1,"mintemp":12.6,"maxtemp":17.3,"windspeed":5},{"date":"2020-07-12T00:00:00","sunrise":"2020-07-12T05:33:35","sunset":"2020-07-12T21:58:06","hours":[{"datetime":"2020-07-12T00:00:00","datetimeutc":"2020-07-11T22:00:00","timetype":"Hour","precipitationmm":0.0,"temperature":12.6,"feeltemperature":12.6,"cloudcover":0,"iconcode":"aa","iconid":4,"sources":1,"winddirection":"NW","winddirectiondegrees":311,"windspeedms":2.59,"visibility":11210,"precipitation":0,"beaufort":2,"humidity":80,"sunshine":0,"hour":0,"pollenindex":4,"windspeed":9,"sunshinepower":0,"sunpower":0},{"datetime":"2020-07-12T01:00:00","datetimeutc":"2020-07-11T23:00:00","timetype":"Hour","precipitationmm":0.0,"temperature":12.3,"feeltemperature":12.3,"cloudcover":0,"iconcode":"aa","iconid":4,"sources":1,"winddirection":"NW","winddirectiondegrees":305,"windspeedms":2.37,"visibility":10810,"precipitation":0,"beaufort":2,"humidity":83,"sunshine":0,"hour":1,"pollenindex":4,"windspeed":9,"sunshinepower":0,"sunpower":0},{"datetime":"2020-07-12T02:00:00","datetimeutc":"2020-07-12T00:00:00","timetype":"Hour","precipitationmm":0.0,"temperature":12.0,"feeltemperature":12.0,"cloudcover":0,"iconcode":"aa","iconid":13,"sources":1,"winddirection":"NW","winddirectiondegrees":299,"windspeedms":2.11,"visibility":10410,"precipitation":0,"beaufort":2,"humidity":86,"sunshine":0,"hour":2,"pollenindex":4,"windspeed":8,"sunshinepower":0,"sunpower":0},{"datetime":"2020-07-12T03:00:00","datetimeutc":"2020-07-12T01:00:00","timetype":"Hour","precipitationmm":0.0,"temperature":11.8,"feeltemperature":11.8,"cloudcover":0,"iconcode":"aa","iconid":13,"sources":1,"winddirection":"W","winddirectiondegrees":285,"windspeedms":1.86,"visibility":9810,"precipitation":0,"beaufort":1,"humidity":87,"sunshine":0,"hour":3,"pollenindex":4,"windspeed":7,"sunshinepower":0,"sunpower":0},{"datetime":"2020-07-12T04:00:00","datetimeutc":"2020-07-12T02:00:00","timetype":"Hour","precipitationmm":0.0,"temperature":11.6,"feeltemperature":11.6,"cloudcover":0,"iconcode":"aa","iconid":13,"sources":1,"winddirection":"W","winddirectiondegrees":270,"windspeedms":1.79,"visibility":9210,"precipitation":0,"beaufort":1,"humidity":88,"sunshine":0,"hour":4,"pollenindex":4,"windspeed":6,"sunshinepower":0,"sunpower":0},{"datetime":"2020-07-12T05:00:00","datetimeutc":"2020-07-12T03:00:00","timetype":"Hour","precipitationmm":0.0,"temperature":11.6,"feeltemperature":11.6,"cloudcover":0,"iconcode":"aa","iconid":13,"sources":1,"winddirection":"W","winddirectiondegrees":262,"windspeedms":1.84,"visibility":8600,"precipitation":0,"beaufort":1,"humidity":87,"sunshine":0,"hour":5,"pollenindex":4,"windspeed":7,"sunshinepower":0,"sunpower":0},{"datetime":"2020-07-12T06:00:00","datetimeutc":"2020-07-12T04:00:00","timetype":"Hour","precipitationmm":0.0,"temperature":11.8,"feeltemperature":11.8,"cloudcover":35,"iconcode":"j","iconid":13,"sources":1,"winddirection":"W","winddirectiondegrees":251,"windspeedms":1.92,"visibility":2810,"precipitation":0,"beaufort":1,"humidity":85,"sunshine":46,"hour":6,"pollenindex":4,"windspeed":7,"sunshinepower":19,"sunpower":19},{"datetime":"2020-07-12T07:00:00","datetimeutc":"2020-07-12T05:00:00","timetype":"Hour","precipitationmm":0.0,"temperature":12.4,"feeltemperature":12.4,"cloudcover":39,"iconcode":"j","iconid":13,"sources":1,"winddirection":"ZW","winddirectiondegrees":243,"windspeedms":1.82,"visibility":5410,"precipitation":0,"beaufort":1,"humidity":81,"sunshine":63,"hour":7,"pollenindex":4,"windspeed":7,"sunshinepower":105,"sunpower":105},{"datetime":"2020-07-12T08:00:00","datetimeutc":"2020-07-12T06:00:00","timetype":"Hour","precipitationmm":0.0,"temperature":13.2,"feeltemperature":13.2,"cloudcover":39,"iconcode":"j","iconid":13,"sources":1,"winddirection":"W","winddirectiondegrees":267,"windspeedms":2.05,"visibility":11210,"precipitation":0,"beaufort":2,"humidity":78,"sunshine":58,"hour":8,"pollenindex":5,"windspeed":7,"sunshinepower":231,"sunpower":231},{"datetime":"2020-07-12T09:00:00","datetimeutc":"2020-07-12T07:00:00","timetype":"Hour","precipitationmm":0.0,"temperature":14.2,"feeltemperature":14.2,"cloudcover":41,"iconcode":"j","iconid":20,"sources":1,"winddirection":"W","winddirectiondegrees":272,"windspeedms":2.26,"visibility":13400,"precipitation":0,"beaufort":2,"humidity":74,"sunshine":58,"hour":9,"pollenindex":5,"windspeed":8,"sunshinepower":357,"sunpower":357},{"datetime":"2020-07-12T10:00:00","datetimeutc":"2020-07-12T08:00:00","timetype":"Hour","precipitationmm":0.0,"temperature":15.2,"feeltemperature":15.2,"cloudcover":39,"iconcode":"j","iconid":22,"sources":1,"winddirection":"W","winddirectiondegrees":266,"windspeedms":2.35,"visibility":13800,"precipitation":0,"beaufort":2,"humidity":69,"sunshine":56,"hour":10,"pollenindex":6,"windspeed":8,"sunshinepower":470,"sunpower":470},{"datetime":"2020-07-12T11:00:00","datetimeutc":"2020-07-12T09:00:00","timetype":"Hour","precipitationmm":0.0,"temperature":16.2,"feeltemperature":16.2,"cloudcover":49,"iconcode":"j","iconid":22,"sources":1,"winddirection":"W","winddirectiondegrees":261,"windspeedms":2.63,"visibility":14400,"precipitation":0,"beaufort":2,"humidity":65,"sunshine":58,"hour":11,"pollenindex":6,"windspeed":9,"sunshinepower":563,"sunpower":563},{"datetime":"2020-07-12T12:00:00","datetimeutc":"2020-07-12T10:00:00","timetype":"Hour","precipitationmm":0.0,"temperature":17.1,"feeltemperature":17.1,"cloudcover":55,"iconcode":"b","iconid":22,"sources":1,"winddirection":"W","winddirectiondegrees":258,"windspeedms":3.09,"visibility":15200,"precipitation":0,"beaufort":2,"humidity":61,"sunshine":48,"hour":12,"pollenindex":7,"windspeed":11,"sunshinepower":634,"sunpower":634},{"datetime":"2020-07-12T13:00:00","datetimeutc":"2020-07-12T11:00:00","timetype":"Hour","precipitationmm":0.0,"temperature":17.7,"feeltemperature":17.7,"cloudcover":56,"iconcode":"b","iconid":20,"sources":1,"winddirection":"W","winddirectiondegrees":264,"windspeedms":3.49,"visibility":15400,"precipitation":0,"beaufort":2,"humidity":59,"sunshine":41,"hour":13,"pollenindex":7,"windspeed":13,"sunshinepower":682,"sunpower":682},{"datetime":"2020-07-12T14:00:00","datetimeutc":"2020-07-12T12:00:00","timetype":"Hour","precipitationmm":0.0,"temperature":18.0,"feeltemperature":18.0,"cloudcover":43,"iconcode":"j","iconid":7,"sources":1,"winddirection":"W","winddirectiondegrees":270,"windspeedms":3.78,"visibility":15400,"precipitation":0,"beaufort":2,"humidity":58,"sunshine":40,"hour":14,"pollenindex":7,"windspeed":14,"sunshinepower":719,"sunpower":719},{"datetime":"2020-07-12T15:00:00","datetimeutc":"2020-07-12T13:00:00","timetype":"Hour","precipitationmm":0.0,"temperature":18.2,"feeltemperature":18.2,"cloudcover":39,"iconcode":"j","iconid":7,"sources":1,"winddirection":"W","winddirectiondegrees":277,"windspeedms":3.85,"visibility":16400,"precipitation":0,"beaufort":2,"humidity":59,"sunshine":55,"hour":15,"pollenindex":7,"windspeed":14,"sunshinepower":744,"sunpower":744},{"datetime":"2020-07-12T16:00:00","datetimeutc":"2020-07-12T14:00:00","timetype":"Hour","precipitationmm":0.0,"temperature":18.2,"feeltemperature":18.2,"cloudcover":35,"iconcode":"j","iconid":7,"sources":1,"winddirection":"W","winddirectiondegrees":288,"windspeedms":3.86,"visibility":17600,"precipitation":0,"beaufort":2,"humidity":58,"sunshine":58,"hour":16,"pollenindex":7,"windspeed":14,"sunshinepower":718,"sunpower":718},{"datetime":"2020-07-12T17:00:00","datetimeutc":"2020-07-12T15:00:00","timetype":"Hour","precipitationmm":0.0,"temperature":18.2,"feeltemperature":18.2,"cloudcover":35,"iconcode":"j","iconid":7,"sources":1,"winddirection":"NW","winddirectiondegrees":300,"windspeedms":3.93,"visibility":18400,"precipitation":0,"beaufort":2,"humidity":57,"sunshine":63,"hour":17,"pollenindex":7,"windspeed":14,"sunshinepower":631,"sunpower":631},{"datetime":"2020-07-12T18:00:00","datetimeutc":"2020-07-12T16:00:00","timetype":"Hour","precipitationmm":0.0,"temperature":18.0,"feeltemperature":18.0,"cloudcover":30,"iconcode":"j","iconid":4,"sources":1,"winddirection":"NW","winddirectiondegrees":306,"windspeedms":3.84,"visibility":19400,"precipitation":0,"beaufort":2,"humidity":58,"sunshine":63,"hour":18,"pollenindex":7,"windspeed":14,"sunshinepower":504,"sunpower":504},{"datetime":"2020-07-12T19:00:00","datetimeutc":"2020-07-12T17:00:00","timetype":"Hour","precipitationmm":0.0,"temperature":17.6,"feeltemperature":17.6,"cloudcover":28,"iconcode":"j","iconid":4,"sources":1,"winddirection":"NW","winddirectiondegrees":304,"windspeedms":3.55,"visibility":20200,"precipitation":0,"beaufort":2,"humidity":61,"sunshine":68,"hour":19,"pollenindex":6,"windspeed":13,"sunshinepower":357,"sunpower":357},{"datetime":"2020-07-12T20:00:00","datetimeutc":"2020-07-12T18:00:00","timetype":"Hour","precipitationmm":0.0,"temperature":16.7,"feeltemperature":16.7,"cloudcover":3,"iconcode":"a","iconid":5,"sources":1,"winddirection":"NW","winddirectiondegrees":311,"windspeedms":3.44,"visibility":20200,"precipitation":0,"beaufort":2,"humidity":65,"sunshine":70,"hour":20,"pollenindex":5,"windspeed":12,"sunshinepower":209,"sunpower":209},{"datetime":"2020-07-12T21:00:00","datetimeutc":"2020-07-12T19:00:00","timetype":"Hour","precipitationmm":0.0,"temperature":15.6,"feeltemperature":15.6,"cloudcover":2,"iconcode":"a","iconid":5,"sources":1,"winddirection":"NW","winddirectiondegrees":320,"windspeedms":2.91,"visibility":18610,"precipitation":0,"beaufort":2,"humidity":70,"sunshine":96,"hour":21,"pollenindex":5,"windspeed":10,"sunshinepower":79,"sunpower":79},{"datetime":"2020-07-12T22:00:00","datetimeutc":"2020-07-12T20:00:00","timetype":"Hour","precipitationmm":0.0,"temperature":14.5,"feeltemperature":14.5,"cloudcover":1,"iconcode":"aa","iconid":5,"sources":1,"winddirection":"NW","winddirectiondegrees":332,"windspeedms":2.33,"visibility":15610,"precipitation":0,"beaufort":2,"humidity":74,"sunshine":98,"hour":22,"pollenindex":5,"windspeed":8,"sunshinepower":0,"sunpower":0},{"datetime":"2020-07-12T23:00:00","datetimeutc":"2020-07-12T21:00:00","timetype":"Hour","precipitationmm":0.0,"temperature":13.5,"feeltemperature":13.5,"cloudcover":0,"iconcode":"aa","iconid":2,"sources":1,"winddirection":"N","winddirectiondegrees":348,"windspeedms":2.16,"visibility":14010,"precipitation":0,"beaufort":2,"humidity":79,"sunshine":1,"hour":23,"pollenindex":5,"windspeed":8,"sunshinepower":0,"sunpower":0}],"datetime":"2020-07-12T00:00:00","datetimeutc":"2020-07-11T22:00:00","timetype":"Day","precipitationmm":0.0,"mintemperature":11.6,"maxtemperature":18.2,"cloudcover":25,"iconcode":"j","iconid":2,"sources":1,"winddirection":"W","winddirectiondegrees":270,"windspeedms":2.74,"precipitation":0,"beaufort":2,"uvindex":6,"bbqindex":8,"mosquitoindex":7,"pollenindex":5,"icescrapeindex":1,"mintemp":11.6,"maxtemp":18.2,"windspeed":3},{"date":"2020-07-13T00:00:00","sunrise":"2020-07-13T05:34:45","sunset":"2020-07-13T21:57:08","hours":[{"datetime":"2020-07-13T00:00:00","datetimeutc":"2020-07-12T22:00:00","timetype":"Hour","precipitationmm":0.0,"temperature":12.9,"feeltemperature":12.9,"cloudcover":4,"iconcode":"aa","iconid":2,"sources":1,"winddirection":"N","winddirectiondegrees":354,"windspeedms":2.01,"visibility":13020,"precipitation":0,"beaufort":2,"humidity":82,"sunshine":0,"hour":0,"pollenindex":4,"windspeed":7,"sunshinepower":0,"sunpower":0},{"datetime":"2020-07-13T01:00:00","datetimeutc":"2020-07-12T23:00:00","timetype":"Hour","precipitationmm":0.0,"temperature":12.4,"feeltemperature":12.4,"cloudcover":8,"iconcode":"aa","iconid":2,"sources":1,"winddirection":"N","winddirectiondegrees":358,"windspeedms":1.77,"visibility":11820,"precipitation":0,"beaufort":1,"humidity":84,"sunshine":0,"hour":1,"pollenindex":4,"windspeed":6,"sunshinepower":0,"sunpower":0},{"datetime":"2020-07-13T02:00:00","datetimeutc":"2020-07-13T00:00:00","timetype":"Hour","precipitationmm":0.0,"temperature":11.9,"feeltemperature":11.9,"cloudcover":11,"iconcode":"aa","iconid":5,"sources":1,"winddirection":"N","winddirectiondegrees":360,"windspeedms":1.62,"visibility":11010,"precipitation":0,"beaufort":1,"humidity":88,"sunshine":0,"hour":2,"pollenindex":4,"windspeed":6,"sunshinepower":0,"sunpower":0},{"datetime":"2020-07-13T03:00:00","datetimeutc":"2020-07-13T01:00:00","timetype":"Hour","precipitationmm":0.0,"temperature":11.6,"feeltemperature":11.6,"cloudcover":9,"iconcode":"aa","iconid":5,"sources":1,"winddirection":"N","winddirectiondegrees":4,"windspeedms":1.39,"visibility":10410,"precipitation":0,"beaufort":1,"humidity":89,"sunshine":0,"hour":3,"pollenindex":4,"windspeed":5,"sunshinepower":0,"sunpower":0},{"datetime":"2020-07-13T04:00:00","datetimeutc":"2020-07-13T02:00:00","timetype":"Hour","precipitationmm":0.0,"temperature":11.3,"feeltemperature":11.3,"cloudcover":17,"iconcode":"jj","iconid":5,"sources":1,"winddirection":"N","winddirectiondegrees":4,"windspeedms":1.3,"visibility":10210,"precipitation":0,"beaufort":1,"humidity":90,"sunshine":0,"hour":4,"pollenindex":4,"windspeed":5,"sunshinepower":0,"sunpower":0},{"datetime":"2020-07-13T05:00:00","datetimeutc":"2020-07-13T03:00:00","timetype":"Hour","precipitationmm":0.0,"temperature":11.2,"feeltemperature":11.2,"cloudcover":23,"iconcode":"jj","iconid":4,"sources":1,"winddirection":"N","winddirectiondegrees":4,"windspeedms":1.26,"visibility":9800,"precipitation":0,"beaufort":1,"humidity":89,"sunshine":0,"hour":5,"pollenindex":4,"windspeed":5,"sunshinepower":0,"sunpower":0},{"datetime":"2020-07-13T06:00:00","datetimeutc":"2020-07-13T04:00:00","timetype":"Hour","precipitationmm":0.0,"temperature":11.5,"feeltemperature":11.5,"cloudcover":26,"iconcode":"j","iconid":4,"sources":1,"winddirection":"N","winddirectiondegrees":18,"windspeedms":1.27,"visibility":9600,"precipitation":0,"beaufort":1,"humidity":87,"sunshine":35,"hour":6,"pollenindex":4,"windspeed":5,"sunshinepower":22,"sunpower":22},{"datetime":"2020-07-13T07:00:00","datetimeutc":"2020-07-13T05:00:00","timetype":"Hour","precipitationmm":0.0,"temperature":12.6,"feeltemperature":12.6,"cloudcover":26,"iconcode":"j","iconid":4,"sources":1,"winddirection":"NO","winddirectiondegrees":32,"windspeedms":1.11,"visibility":10200,"precipitation":0,"beaufort":1,"humidity":85,"sunshine":73,"hour":7,"pollenindex":4,"windspeed":4,"sunshinepower":117,"sunpower":117},{"datetime":"2020-07-13T08:00:00","datetimeutc":"2020-07-13T06:00:00","timetype":"Hour","precipitationmm":0.0,"temperature":14.1,"feeltemperature":14.1,"cloudcover":28,"iconcode":"j","iconid":4,"sources":1,"winddirection":"NO","winddirectiondegrees":48,"windspeedms":1.38,"visibility":13800,"precipitation":0,"beaufort":1,"humidity":82,"sunshine":71,"hour":8,"pollenindex":4,"windspeed":5,"sunshinepower":254,"sunpower":254},{"datetime":"2020-07-13T09:00:00","datetimeutc":"2020-07-13T07:00:00","timetype":"Hour","precipitationmm":0.0,"temperature":15.6,"feeltemperature":15.6,"cloudcover":33,"iconcode":"j","iconid":4,"sources":1,"winddirection":"NO","winddirectiondegrees":56,"windspeedms":1.52,"visibility":17400,"precipitation":0,"beaufort":1,"humidity":74,"sunshine":70,"hour":9,"pollenindex":5,"windspeed":5,"sunshinepower":394,"sunpower":394},{"datetime":"2020-07-13T10:00:00","datetimeutc":"2020-07-13T08:00:00","timetype":"Hour","precipitationmm":0.0,"temperature":16.8,"feeltemperature":16.8,"cloudcover":40,"iconcode":"j","iconid":4,"sources":1,"winddirection":"NO","winddirectiondegrees":65,"windspeedms":1.66,"visibility":19000,"precipitation":0,"beaufort":1,"humidity":67,"sunshine":65,"hour":10,"pollenindex":6,"windspeed":6,"sunshinepower":525,"sunpower":525},{"datetime":"2020-07-13T11:00:00","datetimeutc":"2020-07-13T09:00:00","timetype":"Hour","precipitationmm":0.0,"temperature":18.0,"feeltemperature":18.0,"cloudcover":43,"iconcode":"j","iconid":7,"sources":1,"winddirection":"O","winddirectiondegrees":72,"windspeedms":1.95,"visibility":18600,"precipitation":0,"beaufort":1,"humidity":62,"sunshine":58,"hour":11,"pollenindex":7,"windspeed":7,"sunshinepower":638,"sunpower":638},{"datetime":"2020-07-13T12:00:00","datetimeutc":"2020-07-13T10:00:00","timetype":"Hour","precipitationmm":0.0,"temperature":18.9,"feeltemperature":18.9,"cloudcover":44,"iconcode":"j","iconid":7,"sources":1,"winddirection":"O","winddirectiondegrees":71,"windspeedms":2.4,"visibility":19000,"precipitation":0,"beaufort":2,"humidity":58,"sunshine":53,"hour":12,"pollenindex":7,"windspeed":9,"sunshinepower":728,"sunpower":728},{"datetime":"2020-07-13T13:00:00","datetimeutc":"2020-07-13T11:00:00","timetype":"Hour","precipitationmm":0.0,"temperature":19.4,"feeltemperature":19.4,"cloudcover":42,"iconcode":"j","iconid":7,"sources":1,"winddirection":"NO","winddirectiondegrees":66,"windspeedms":3.01,"visibility":19400,"precipitation":0,"beaufort":2,"humidity":56,"sunshine":53,"hour":13,"pollenindex":7,"windspeed":11,"sunshinepower":788,"sunpower":788},{"datetime":"2020-07-13T14:00:00","datetimeutc":"2020-07-13T12:00:00","timetype":"Hour","precipitationmm":0.0,"temperature":19.8,"feeltemperature":19.8,"cloudcover":37,"iconcode":"j","iconid":21,"sources":1,"winddirection":"NO","winddirectiondegrees":65,"windspeedms":3.49,"visibility":19400,"precipitation":0,"beaufort":2,"humidity":54,"sunshine":55,"hour":14,"pollenindex":7,"windspeed":13,"sunshinepower":807,"sunpower":807},{"datetime":"2020-07-13T15:00:00","datetimeutc":"2020-07-13T13:00:00","timetype":"Hour","precipitationmm":0.0,"temperature":20.0,"feeltemperature":20.0,"cloudcover":29,"iconcode":"j","iconid":21,"sources":1,"winddirection":"NO","winddirectiondegrees":65,"windspeedms":3.87,"visibility":19800,"precipitation":0,"beaufort":2,"humidity":56,"sunshine":60,"hour":15,"pollenindex":7,"windspeed":14,"sunshinepower":785,"sunpower":785},{"datetime":"2020-07-13T16:00:00","datetimeutc":"2020-07-13T14:00:00","timetype":"Hour","precipitationmm":0.0,"temperature":20.2,"feeltemperature":20.2,"cloudcover":18,"iconcode":"j","iconid":4,"sources":1,"winddirection":"NO","winddirectiondegrees":63,"windspeedms":4.07,"visibility":20200,"precipitation":0,"beaufort":3,"humidity":56,"sunshine":70,"hour":16,"pollenindex":7,"windspeed":15,"sunshinepower":721,"sunpower":721},{"datetime":"2020-07-13T17:00:00","datetimeutc":"2020-07-13T15:00:00","timetype":"Hour","precipitationmm":0.0,"temperature":20.3,"feeltemperature":20.3,"cloudcover":10,"iconcode":"a","iconid":5,"sources":1,"winddirection":"NO","winddirectiondegrees":63,"windspeedms":4.2,"visibility":20400,"precipitation":0,"beaufort":3,"humidity":55,"sunshine":81,"hour":17,"pollenindex":7,"windspeed":15,"sunshinepower":620,"sunpower":620},{"datetime":"2020-07-13T18:00:00","datetimeutc":"2020-07-13T16:00:00","timetype":"Hour","precipitationmm":0.0,"temperature":20.2,"feeltemperature":20.2,"cloudcover":9,"iconcode":"a","iconid":20,"sources":1,"winddirection":"NO","winddirectiondegrees":66,"windspeedms":4.41,"visibility":20600,"precipitation":0,"beaufort":3,"humidity":55,"sunshine":90,"hour":18,"pollenindex":7,"windspeed":16,"sunshinepower":490,"sunpower":490},{"datetime":"2020-07-13T19:00:00","datetimeutc":"2020-07-13T17:00:00","timetype":"Hour","precipitationmm":0.0,"temperature":19.8,"feeltemperature":19.8,"cloudcover":8,"iconcode":"a","iconid":20,"sources":1,"winddirection":"O","winddirectiondegrees":72,"windspeedms":4.41,"visibility":21000,"precipitation":0,"beaufort":3,"humidity":60,"sunshine":91,"hour":19,"pollenindex":6,"windspeed":16,"sunshinepower":343,"sunpower":343},{"datetime":"2020-07-13T20:00:00","datetimeutc":"2020-07-13T18:00:00","timetype":"Hour","precipitationmm":0.0,"temperature":18.9,"feeltemperature":18.9,"cloudcover":8,"iconcode":"a","iconid":22,"sources":1,"winddirection":"O","winddirectiondegrees":79,"windspeedms":4.31,"visibility":21200,"precipitation":0,"beaufort":3,"humidity":64,"sunshine":91,"hour":20,"pollenindex":5,"windspeed":16,"sunshinepower":196,"sunpower":196},{"datetime":"2020-07-13T21:00:00","datetimeutc":"2020-07-13T19:00:00","timetype":"Hour","precipitationmm":0.0,"temperature":18.0,"feeltemperature":18.0,"cloudcover":5,"iconcode":"a","iconid":22,"sources":1,"winddirection":"O","winddirectiondegrees":83,"windspeedms":3.93,"visibility":20010,"precipitation":0,"beaufort":2,"humidity":68,"sunshine":91,"hour":21,"pollenindex":5,"windspeed":14,"sunshinepower":69,"sunpower":69},{"datetime":"2020-07-13T22:00:00","datetimeutc":"2020-07-13T20:00:00","timetype":"Hour","precipitationmm":0.0,"temperature":17.1,"feeltemperature":17.1,"cloudcover":2,"iconcode":"aa","iconid":13,"sources":1,"winddirection":"O","winddirectiondegrees":83,"windspeedms":3.64,"visibility":17210,"precipitation":0,"beaufort":2,"humidity":73,"sunshine":93,"hour":22,"pollenindex":5,"windspeed":13,"sunshinepower":0,"sunpower":0},{"datetime":"2020-07-13T23:00:00","datetimeutc":"2020-07-13T21:00:00","timetype":"Hour","precipitationmm":0.0,"temperature":16.6,"feeltemperature":16.6,"cloudcover":0,"iconcode":"aa","iconid":13,"sources":1,"winddirection":"O","winddirectiondegrees":84,"windspeedms":3.75,"visibility":16410,"precipitation":0,"beaufort":2,"humidity":77,"sunshine":0,"hour":23,"pollenindex":5,"windspeed":14,"sunshinepower":0,"sunpower":0}],"datetime":"2020-07-13T00:00:00","datetimeutc":"2020-07-12T22:00:00","timetype":"Day","precipitationmm":0.0,"mintemperature":11.2,"maxtemperature":20.3,"cloudcover":25,"iconcode":"j","iconid":2,"sources":1,"winddirection":"NO","winddirectiondegrees":45,"windspeedms":2.65,"precipitation":0,"beaufort":2,"uvindex":6,"bbqindex":9,"mosquitoindex":8,"pollenindex":5,"icescrapeindex":1,"mintemp":11.2,"maxtemp":20.3,"windspeed":3},{"date":"2020-07-14T00:00:00","sunrise":"2020-07-14T05:35:58","sunset":"2020-07-14T21:56:08","hours":[{"datetime":"2020-07-14T00:00:00","datetimeutc":"2020-07-13T22:00:00","timetype":"Hour","precipitationmm":0.0,"temperature":16.1,"feeltemperature":16.1,"cloudcover":0,"iconcode":"aa","iconid":13,"sources":1,"winddirection":"O","winddirectiondegrees":84,"windspeedms":4.01,"visibility":16010,"precipitation":0,"beaufort":3,"humidity":78,"sunshine":0,"hour":0,"pollenindex":5,"windspeed":14,"sunshinepower":0,"sunpower":0},{"datetime":"2020-07-14T01:00:00","datetimeutc":"2020-07-13T23:00:00","timetype":"Hour","precipitationmm":0.0,"temperature":15.8,"feeltemperature":15.8,"cloudcover":1,"iconcode":"aa","iconid":13,"sources":1,"winddirection":"O","winddirectiondegrees":85,"windspeedms":4.18,"visibility":14620,"precipitation":0,"beaufort":3,"humidity":79,"sunshine":0,"hour":1,"pollenindex":5,"windspeed":15,"sunshinepower":0,"sunpower":0},{"datetime":"2020-07-14T02:00:00","datetimeutc":"2020-07-14T00:00:00","timetype":"Hour","precipitationmm":0.0,"temperature":15.4,"feeltemperature":15.4,"cloudcover":2,"iconcode":"aa","iconid":13,"sources":1,"winddirection":"O","winddirectiondegrees":89,"windspeedms":3.99,"visibility":13610,"precipitation":0,"beaufort":2,"humidity":82,"sunshine":0,"hour":2,"pollenindex":4,"windspeed":14,"sunshinepower":0,"sunpower":0}],"datetime":"2020-07-14T00:00:00","datetimeutc":"2020-07-13T22:00:00","timetype":"Day","precipitationmm":0.0,"mintemperature":12.6,"maxtemperature":20.5,"cloudcover":25,"iconcode":"j","iconid":2,"sources":1,"winddirection":"NO","winddirectiondegrees":45,"windspeedms":2.61,"precipitation":0,"beaufort":2,"pollenindex":5,"icescrapeindex":1,"mintemp":12.6,"maxtemp":20.5,"windspeed":3},{"date":"2020-07-15T00:00:00","sunrise":"2020-07-15T05:37:12","sunset":"2020-07-15T21:55:04","datetime":"2020-07-15T00:00:00","datetimeutc":"2020-07-14T22:00:00","timetype":"Day","precipitationmm":0.0,"mintemperature":14.5,"maxtemperature":20.0,"cloudcover":25,"iconcode":"j","iconid":2,"sources":1,"winddirection":"NO","winddirectiondegrees":45,"windspeedms":2.92,"precipitation":1,"beaufort":2,"pollenindex":5,"mintemp":14.5,"maxtemp":20.0,"windspeed":3},{"date":"2020-07-16T00:00:00","sunrise":"2020-07-16T05:38:28","sunset":"2020-07-16T21:53:58","datetime":"2020-07-16T00:00:00","datetimeutc":"2020-07-15T22:00:00","timetype":"Day","precipitationmm":0.0,"mintemperature":15.1,"maxtemperature":20.4,"cloudcover":25,"iconcode":"j","iconid":2,"sources":1,"winddirection":"N","winddirectiondegrees":0,"windspeedms":2.13,"precipitation":1,"beaufort":2,"pollenindex":5,"mintemp":15.1,"maxtemp":20.4,"windspeed":2},{"date":"2020-07-17T00:00:00","sunrise":"2020-07-17T05:39:45","sunset":"2020-07-17T21:52:49","datetime":"2020-07-17T00:00:00","datetimeutc":"2020-07-16T22:00:00","timetype":"Day","precipitationmm":0.0,"mintemperature":16.0,"maxtemperature":20.8,"cloudcover":75,"iconcode":"r","iconid":3,"sources":1,"winddirection":"N","winddirectiondegrees":0,"windspeedms":1.74,"precipitation":1,"beaufort":1,"pollenindex":5,"mintemp":16.0,"maxtemp":20.8,"windspeed":2},{"date":"2020-07-18T00:00:00","sunrise":"2020-07-18T05:41:04","sunset":"2020-07-18T21:51:38","datetime":"2020-07-18T00:00:00","datetimeutc":"2020-07-17T22:00:00","timetype":"Day","precipitationmm":0.0,"mintemperature":15.6,"maxtemperature":20.4,"cloudcover":25,"iconcode":"j","iconid":2,"sources":1,"winddirection":"NO","winddirectiondegrees":45,"windspeedms":1.13,"precipitation":1,"beaufort":1,"pollenindex":5,"mintemp":15.6,"maxtemp":20.4,"windspeed":1},{"date":"2020-07-19T00:00:00","sunrise":"2020-07-19T05:42:25","sunset":"2020-07-19T21:50:24","datetime":"2020-07-19T00:00:00","datetimeutc":"2020-07-18T22:00:00","timetype":"Day","precipitationmm":0.0,"mintemperature":15.7,"maxtemperature":20.7,"cloudcover":0,"iconcode":"a","iconid":1,"sources":1,"winddirection":"W","winddirectiondegrees":270,"windspeedms":0.94,"precipitation":1,"beaufort":0,"pollenindex":5,"mintemp":15.7,"maxtemp":20.7,"windspeed":1},{"date":"2020-07-20T00:00:00","sunrise":"2020-07-20T05:43:46","sunset":"2020-07-20T21:49:07","datetime":"2020-07-20T00:00:00","datetimeutc":"2020-07-19T22:00:00","timetype":"Day","precipitationmm":0.0,"mintemperature":16.0,"maxtemperature":20.2,"cloudcover":75,"iconcode":"r","iconid":3,"sources":1,"winddirection":"W","winddirectiondegrees":270,"windspeedms":1.63,"precipitation":1,"beaufort":1,"pollenindex":5,"mintemp":16.0,"maxtemp":20.2,"windspeed":2},{"date":"2020-07-21T00:00:00","sunrise":"2020-07-21T05:45:10","sunset":"2020-07-21T21:47:49","datetime":"2020-07-21T00:00:00","datetimeutc":"2020-07-20T22:00:00","timetype":"Day","precipitationmm":0.0,"mintemperature":15.2,"maxtemperature":19.8,"cloudcover":25,"iconcode":"j","iconid":2,"sources":1,"winddirection":"W","winddirectiondegrees":270,"windspeedms":1.85,"precipitation":2,"beaufort":1,"pollenindex":5,"mintemp":15.2,"maxtemp":19.8,"windspeed":2}]}