{"location":{"lat":52.37,"lon":4.89},"timeOffset":2.0,"timestamp":"2020-07-22T07:42:40","altitude":0,"elevation":0,"machinename":"None","elapsedms":0,"pollenindexNowDay":5,"pollenindexNowHour":4,"nowrelevant":{"values":[{"type":"pollenindex","value":5},{"type":"uvindex","value":6}]},"days":[{"date":"2020-07-22T00:00:00","sunrise":"2020-07-22T05:46:34","sunset":"2020-07-22T21:46:27","morning":{"datetime":"2020-07-22T10:00:00","datetimeutc":"2020-07-22T08:00:00","timetype":"Morning","precipitationmm":0.0,"mintemperature":18.1,"maxtemperature":19.0,"cloudcover":56,"iconcode":"b","iconid":7,"sources":1,"winddirection":"N","winddirectiondegrees":355,"windspeedms":2.0,"visibility":18220,"precipitation":0,"beaufort":2,"humidity":58,"sunshine":45,"hour":10,"mintemp":18.1,"maxtemp":19.0,"windspeed":7,"sunshinepower":557,"sunpower":557},"afternoon":{"datetime":"2020-07-22T12:00:00","datetimeutc":"2020-07-22T10:00:00","timetype":"Afternoon","precipitationmm":0.0,"mintemperature":19.7,"maxtemperature":20.5,"cloudcover":63,"iconcode":"b","iconid":8,"sources":1,"winddirection":"N","winddirectiondegrees":346,"windspeedms":3.4,"visibility":23210,"precipitation":0,"beaufort":2,"humidity":48,"sunshine":40,"hour":12,"mintemp":19.7,"maxtemp":20.5,"windspeed":12,"sunshinepower":630,"sunpower":630},"evening":{"datetime":"2020-07-22T18:00:00","datetimeutc":"2020-07-22T16:00:00","timetype":"Evening","precipitationmm":0.0,"mintemperature":16.0,"maxtemperature":19.4,"cloudcover":50,"iconcode":"b","iconid":19,"sources":1,"winddirection":"NO","winddirectiondegrees":46,"windspeedms":1.9,"visibility":29095,"precipitation":0,"beaufort":1,"humidity":54,"sunshine":24,"hour":18,"mintemp":16.0,"maxtemp":19.4,"windspeed":7,"sunshinepower":126,"sunpower":126},"hours":[{"datetime":"2020-07-22T10:00:00","datetimeutc":"2020-07-22T08:00:00","timetype":"Hour","precipitationmm":0.0,"temperature":18.1,"feeltemperature":18.1,"cloudcover":52,"iconcode":"b","iconid":7,"sources":3,"winddirection":"N","winddirectiondegrees":357,"windspeedms":1.9,"visibility":17420,"precipitation":0,"beaufort":1,"humidity":60,"sunshine":46,"hour":10,"pollenindex":5,"windspeed":7,"sunshinepower":485,"sunpower":485},{"datetime":"2020-07-22T11:00:00","datetimeutc":"2020-07-22T09:00:00","timetype":"Hour","precipitationmm":0.0,"temperature":19.0,"feeltemperature":19.0,"cloudcover":60,"iconcode":"b","iconid":8,"sources":3,"winddirection":"N","winddirectiondegrees":354,"windspeedms":2.1,"visibility":19020,"precipitation":0,"beaufort":2,"humidity":56,"sunshine":45,"hour":11,"pollenindex":6,"windspeed":8,"sunshinepower":630,"sunpower":630},{"datetime":"2020-07-22T12:00:00","datetimeutc":"2020-07-22T10:00:00","timetype":"Hour","precipitationmm":0.0,"temperature":19.7,"feeltemperature":19.7,"cloudcover":58,"iconcode":"b","iconid":8,"sources":2,"winddirection":"N","winddirectiondegrees":353,"windspeedms":2.4,"visibility":19810,"precipitation":0,"beaufort":2,"humidity":51,"sunshine":36,"hour":12,"pollenindex":6,"windspeed":9,"sunshinepower":722,"sunpower":722},{"datetime":"2020-07-22T13:00:00","datetimeutc":"2020-07-22T11:00:00","timetype":"Hour","precipitationmm":0.0,"temperature":20.3,"feeltemperature":20.3,"cloudcover":51,"iconcode":"b","iconid":8,"sources":2,"winddirection":"N","winddirectiondegrees":353,"windspeedms":2.8,"visibility":21010,"precipitation":0,"beaufort":2,"humidity":49,"sunshine":38,"hour":13,"pollenindex":6,"windspeed":10,"sunshinepower":743,"sunpower":743},{"datetime":"2020-07-22T14:00:00","datetimeutc":"2020-07-22T12:00:00","timetype":"Hour","precipitationmm":0.0,"temperature":20.5,"feeltemperature":20.5,"cloudcover":42,"iconcode":"j","iconid":21,"sources":2,"winddirection":"N","winddirectiondegrees":352,"windspeedms":3.2,"visibility":23410,"precipitation":0,"beaufort":2,"humidity":48,"sunshine":45,"hour":14,"pollenindex":6,"windspeed":12,"sunshinepower":723,"sunpower":723},{"datetime":"2020-07-22T15:00:00","datetimeutc":"2020-07-22T13:00:00","timetype":"Hour","precipitationmm":0.0,"temperature":20.5,"feeltemperature":20.5,"cloudcover":30,"iconcode":"j","iconid":21,"sources":2,"winddirection":"N","winddirectiondegrees":344,"windspeedms":3.6,"visibility":24410,"precipitation":0,"beaufort":2,"humidity":48,"sunshine":55,"hour":15,"pollenindex":6,"windspeed":13,"sunshinepower":645,"sunpower":645},{"datetime":"2020-07-22T16:00:00","datetimeutc":"2020-07-22T14:00:00","timetype":"Hour","precipitationmm":0.0,"temperature":20.2,"feeltemperature":20.2,"cloudcover":100,"iconcode":"c","iconid":22,"sources":2,"winddirection":"NW","winddirectiondegrees":336,"windspeedms":4.2,"visibility":24810,"precipitation":0,"beaufort":3,"humidity":49,"sunshine":68,"hour":16,"pollenindex":6,"windspeed":15,"sunshinepower":524,"sunpower":524},{"datetime":"2020-07-22T17:00:00","datetimeutc":"2020-07-22T15:00:00","timetype":"Hour","precipitationmm":0.0,"temperature":19.9,"feeltemperature":19.9,"cloudcover":100,"iconcode":"c","iconid":19,"sources":2,"winddirection":"N","winddirectiondegrees":342,"windspeedms":4.0,"visibility":25810,"precipitation":0,"beaufort":3,"humidity":48,"sunshine":0,"hour":17,"pollenindex":6,"windspeed":14,"sunshinepower":428,"sunpower":428},{"datetime":"2020-07-22T18:00:00","datetimeutc":"2020-07-22T16:00:00","timetype":"Hour","precipitationmm":0.0,"temperature":19.4,"feeltemperature":19.4,"cloudcover":99,"iconcode":"c","iconid":19,"sources":2,"winddirection":"N","winddirectiondegrees":360,"windspeedms":3.6,"visibility":26220,"precipitation":0,"beaufort":2,"humidity":49,"sunshine":0,"hour":18,"pollenindex":6,"windspeed":13,"sunshinepower":330,"sunpower":330},{"datetime":"2020-07-22T19:00:00","datetimeutc":"2020-07-22T17:00:00","timetype":"Hour","precipitationmm":0.0,"temperature":18.7,"feeltemperature":18.7,"cloudcover":30,"iconcode":"j","iconid":20,"sources":2,"winddirection":"N","winddirectiondegrees":12,"windspeedms":2.9,"visibility":28620,"precipitation":0,"beaufort":2,"humidity":50,"sunshine":0,"hour":19,"pollenindex":6,"windspeed":10,"sunshinepower":236,"sunpower":236},{"datetime":"2020-07-22T20:00:00","datetimeutc":"2020-07-22T18:00:00","timetype":"Hour","precipitationmm":0.0,"temperature":17.9,"feeltemperature":17.9,"cloudcover":30,"iconcode":"j","iconid":19,"sources":2,"winddirection":"N","winddirectiondegrees":11,"windspeedms":2.0,"visibility":31420,"precipitation":0,"beaufort":2,"humidity":53,"sunshine":68,"hour":20,"pollenindex":6,"windspeed":7,"sunshinepower":143,"sunpower":143},{"datetime":"2020-07-22T21:00:00","datetimeutc":"2020-07-22T19:00:00","timetype":"Hour","precipitationmm":0.0,"temperature":17.0,"feeltemperature":17.0,"cloudcover":83,"iconcode":"r","iconid":19,"sources":2,"winddirection":"NO","winddirectiondegrees":54,"windspeedms":1.1,"visibility":32020,"precipitation":0,"beaufort":1,"humidity":57,"sunshine":68,"hour":21,"pollenindex":6,"windspeed":4,"sunshinepower":50,"sunpower":50},{"datetime":"2020-07-22T22:00:00","datetimeutc":"2020-07-22T20:00:00","timetype":"Hour","precipitationmm":0.0,"temperature":16.4,"feeltemperature":16.4,"cloudcover":30,"iconcode":"jj","iconid":19,"sources":2,"winddirection":"O","winddirectiondegrees":98,"windspeedms":0.9,"visibility":29830,"precipitation":0,"beaufort":0,"humidity":59,"sunshine":10,"hour":22,"pollenindex":6,"windspeed":3,"sunshinepower":0,"sunpower":0},{"datetime":"2020-07-22T23:00:00","datetimeutc":"2020-07-22T21:00:00","timetype":"Hour","precipitationmm":0.0,"temperature":16.0,"feeltemperature":16.0,"cloudcover":30,"iconcode":"jj","iconid":19,"sources":2,"winddirection":"ZO","winddirectiondegrees":122,"windspeedms":0.9,"visibility":26460,"precipitation":0,"beaufort":0,"humidity":60,"sunshine":0,"hour":23,"pollenindex":5,"windspeed":3,"sunshinepower":0,"sunpower":0}],"datetime":"2020-07-22T00:00:00","datetimeutc":"2020-07-21T22:00:00","timetype":"Day","precipitationmm":0.0,"mintemperature":16.0,"maxtemperature":20.5,"cloudcover":56,"iconcode":"b","iconid":3,"sources":2,"winddirection":"N","winddirectiondegrees":0,"windspeedms":2.5,"visibility":25019,"precipitation":0,"beaufort":2,"humidity":52,"sunshine":34,"uvindex":6,"bbqindex":8,"mosquitoindex":7,"pollenindex":5,"mintemp":16.0,"maxtemp":20.5,"windspeed":2,"sunshinepower":404,"sunpower":404},{"date":"2020-07-23T00:00:00","sunrise":"2020-07-23T05:48:00","sunset":"2020-07-23T21:45:04","morning":{"datetime":"2020-07-23T07:00:00","datetimeutc":"2020-07-23T05:00:00","timetype":"Morning","precipitationmm":0.0,"mintemperature":16.0,"maxtemperature":20.2,"cloudcover":85,"iconcode":"r","iconid":19,"sources":1,"winddirection":"ZW","winddirectiondegrees":223,"windspeedms":4.9,"visibility":19218,"precipitation":0,"beaufort":3,"humidity":62,"sunshine":13,"hour":7,"mintemp":16.0,"maxtemp":20.2,"windspeed":18,"sunshinepower":242,"sunpower":242},"afternoon":{"datetime":"2020-07-23T12:00:00","datetimeutc":"2020-07-23T10:00:00","timetype":"Afternoon","precipitationmm":0.0,"mintemperature":21.3,"maxtemperature":22.8,"cloudcover":82,"iconcode":"r","iconid":19,"sources":1,"winddirection":"W","winddirectiondegrees":252,"windspeedms":5.8,"visibility":27451,"precipitation":0,"beaufort":3,"humidity":51,"sunshine":13,"hour":12,"mintemp":21.3,"maxtemp":22.8,"windspeed":21,"sunshinepower":468,"sunpower":468},"evening":{"datetime":"2020-07-23T18:00:00","datetimeutc":"2020-07-23T16:00:00","timetype":"Evening","precipitationmm":0.0,"mintemperature":18.3,"maxtemperature":22.2,"cloudcover":99,"iconcode":"c","iconid":22,"sources":1,"winddirection":"ZW","winddirectiondegrees":239,"windspeedms":3.5,"visibility":27596,"precipitation":0,"beaufort":2,"humidity":56,"sunshine":1,"hour":18,"mintemp":18.3,"maxtemp":22.2,"windspeed":13,"sunshinepower":127,"sunpower":127},"night":{"datetime":"2020-07-23T00:00:00","datetimeutc":"2020-07-22T22:00:00","timetype":"Night","precipitationmm":0.0,"mintemperature":14.6,"maxtemperature":15.9,"cloudcover":79,"iconcode":"r","iconid":19,"sources":1,"winddirection":"Z","winddirectiondegrees":172,"windspeedms":2.3,"visibility":18081,"precipitation":0,"beaufort":2,"humidity":68,"sunshine":0,"hour":0,"mintemp":14.6,"maxtemp":15.9,"windspeed":8,"sunshinepower":1,"sunpower":1},"hours":[{"datetime":"2020-07-23T00:00:00","datetimeutc":"2020-07-22T22:00:00","timetype":"Hour","precipitationmm":0.0,"temperature":15.9,"feeltemperature":15.9,"cloudcover":32,"iconcode":"jj","iconid":19,"sources":2,"winddirection":"ZO","winddirectiondegrees":143,"windspeedms":1.3,"visibility":23460,"precipitation":0,"beaufort":1,"humidity":63,"sunshine":0,"hour":0,"pollenindex":5,"windspeed":5,"sunshinepower":0,"sunpower":0},{"datetime":"2020-07-23T01:00:00","datetimeutc":"2020-07-22T23:00:00","timetype":"Hour","precipitationmm":0.0,"temperature":15.6,"feeltemperature":15.6,"cloudcover":40,"iconcode":"jj","iconid":19,"sources":2,"winddirection":"ZO","winddirectiondegrees":157,"windspeedms":1.8,"visibility":19860,"precipitation":0,"beaufort":1,"humidity":66,"sunshine":0,"hour":1,"pollenindex":5,"windspeed":6,"sunshinepower":0,"sunpower":0},{"datetime":"2020-07-23T02:00:00","datetimeutc":"2020-07-23T00:00:00","timetype":"Hour","precipitationmm":0.0,"temperature":15.2,"feeltemperature":15.2,"cloudcover":98,"iconcode":"cc","iconid":22,"sources":2,"winddirection":"Z","winddirectiondegrees":168,"windspeedms":2.1,"visibility":18260,"precipitation":0,"beaufort":2,"humidity":68,"sunshine":0,"hour":2,"pollenindex":5,"windspeed":8,"sunshinepower":0,"sunpower":0},{"datetime":"2020-07-23T03:00:00","datetimeutc":"2020-07-23T01:00:00","timetype":"Hour","precipitationmm":0.0,"temperature":14.8,"feeltemperature":14.8,"cloudcover":97,"iconcode":"cc","iconid":19,"sources":2,"winddirection":"Z","winddirectiondegrees":180,"windspeedms":2.2,"visibility":17660,"precipitation":0,"beaufort":2,"humidity":71,"sunshine":0,"hour":3,"pollenindex":5,"windspeed":8,"sunshinepower":0,"sunpower":0},{"datetime":"2020-07-23T04:00:00","datetimeutc":"2020-07-23T02:00:00","timetype":"Hour","precipitationmm":0.0,"temperature":14.6,"feeltemperature":14.6,"cloudcover":96,"iconcode":"cc","iconid":19,"sources":2,"winddirection":"Z","winddirectiondegrees":184,"windspeedms":2.6,"visibility":16460,"precipitation":0,"beaufort":2,"humidity":71,"sunshine":0,"hour":4,"pollenindex":5,"windspeed":9,"sunshinepower":0,"sunpower":0},{"datetime":"2020-07-23T05:00:00","datetimeutc":"2020-07-23T03:00:00","timetype":"Hour","precipitationmm":0.0,"temperature":14.7,"feeltemperature":14.7,"cloudcover":96,"iconcode":"cc","iconid":22,"sources":2,"winddirection":"Z","winddirectiondegrees":185,"windspeedms":3.0,"visibility":15650,"precipitation":0,"beaufort":2,"humidity":71,"sunshine":0,"hour":5,"pollenindex":5,"windspeed":11,"sunshinepower":0,"sunpower":0},{"datetime":"2020-07-23T06:00:00","datetimeutc":"2020-07-23T04:00:00","timetype":"Hour","precipitationmm":0.0,"temperature":15.2,"feeltemperature":15.2,"cloudcover":97,"iconcode":"c","iconid":22,"sources":2,"winddirection":"Z","winddirectiondegrees":190,"windspeedms":3.4,"visibility":15220,"precipitation":0,"beaufort":2,"humidity":69,"sunshine":0,"hour":6,"pollenindex":5,"windspeed":12,"sunshinepower":7,"sunpower":7},{"datetime":"2020-07-23T07:00:00","datetimeutc":"2020-07-23T05:00:00","timetype":"Hour","precipitationmm":0.0,"temperature":16.0,"feeltemperature":16.0,"cloudcover":30,"iconcode":"j","iconid":19,"sources":2,"winddirection":"Z","winddirectiondegrees":198,"windspeedms":4.1,"visibility":15210,"precipitation":0,"beaufort":3,"humidity":68,"sunshine":0,"hour":7,"pollenindex":5,"windspeed":15,"sunshinepower":65,"sunpower":65},{"datetime":"2020-07-23T08:00:00","datetimeutc":"2020-07-23T06:00:00","timetype":"Hour","precipitationmm":0.0,"temperature":16.9,"feeltemperature":16.9,"cloudcover":97,"iconcode":"c","iconid":19,"sources":2,"winddirection":"ZW","winddirectiondegrees":210,"windspeedms":4.6,"visibility":16820,"precipitation":0,"beaufort":3,"humidity":64,"sunshine":68,"hour":8,"pollenindex":5,"windspeed":17,"sunshinepower":163,"sunpower":163},{"datetime":"2020-07-23T09:00:00","datetimeutc":"2020-07-23T07:00:00","timetype":"Hour","precipitationmm":0.0,"temperature":17.9,"feeltemperature":17.9,"cloudcover":100,"iconcode":"c","iconid":22,"sources":2,"winddirection":"ZW","winddirectiondegrees":223,"windspeedms":4.9,"visibility":18620,"precipitation":0,"beaufort":3,"humidity":62,"sunshine":0,"hour":9,"pollenindex":5,"windspeed":18,"sunshinepower":259,"sunpower":259},{"datetime":"2020-07-23T10:00:00","datetimeutc":"2020-07-23T08:00:00","timetype":"Hour","precipitationmm":0.0,"temperature":19.1,"feeltemperature":19.1,"cloudcover":100,"iconcode":"c","iconid":19,"sources":2,"winddirection":"ZW","winddirectiondegrees":240,"windspeedms":5.2,"visibility":22020,"precipitation":0,"beaufort":3,"humidity":59,"sunshine":0,"hour":10,"pollenindex":5,"windspeed":19,"sunshinepower":332,"sunpower":332},{"datetime":"2020-07-23T11:00:00","datetimeutc":"2020-07-23T09:00:00","timetype":"Hour","precipitationmm":0.0,"temperature":20.2,"feeltemperature":20.2,"cloudcover":100,"iconcode":"c","iconid":22,"sources":2,"winddirection":"ZW","winddirectiondegrees":246,"windspeedms":5.5,"visibility":23420,"precipitation":0,"beaufort":3,"humidity":57,"sunshine":0,"hour":11,"pollenindex":5,"windspeed":20,"sunshinepower":393,"sunpower":393},{"datetime":"2020-07-23T12:00:00","datetimeutc":"2020-07-23T10:00:00","timetype":"Hour","precipitationmm":0.0,"temperature":21.3,"feeltemperature":21.3,"cloudcover":100,"iconcode":"c","iconid":19,"sources":2,"winddirection":"W","winddirectiondegrees":251,"windspeedms":5.9,"visibility":24820,"precipitation":0,"beaufort":3,"humidity":54,"sunshine":0,"hour":12,"pollenindex":5,"windspeed":21,"sunshinepower":440,"sunpower":440},{"datetime":"2020-07-23T13:00:00","datetimeutc":"2020-07-23T11:00:00","timetype":"Hour","precipitationmm":0.0,"temperature":22.1,"feeltemperature":25.1,"cloudcover":100,"iconcode":"c","iconid":22,"sources":2,"winddirection":"W","winddirectiondegrees":254,"windspeedms":5.9,"visibility":24410,"precipitation":0,"beaufort":3,"humidity":52,"sunshine":0,"hour":13,"pollenindex":5,"windspeed":21,"sunshinepower":451,"sunpower":451},{"datetime":"2020-07-23T14:00:00","datetimeutc":"2020-07-23T12:00:00","timetype":"Hour","precipitationmm":0.0,"temperature":22.5,"feeltemperature":25.1,"cloudcover":30,"iconcode":"j","iconid":19,"sources":2,"winddirection":"W","winddirectiondegrees":258,"windspeedms":6.0,"visibility":28220,"precipitation":0,"beaufort":4,"humidity":53,"sunshine":0,"hour":14,"pollenindex":5,"windspeed":22,"sunshinepower":463,"sunpower":463},{"datetime":"2020-07-23T15:00:00","datetimeutc":"2020-07-23T13:00:00","timetype":"Hour","precipitationmm":0.0,"temperature":22.8,"feeltemperature":25.2,"cloudcover":91,"iconcode":"c","iconid":22,"sources":2,"winddirection":"W","winddirectiondegrees":255,"windspeedms":6.0,"visibility":29620,"precipitation":0,"beaufort":4,"humidity":51,"sunshine":68,"hour":15,"pollenindex":5,"windspeed":22,"sunshinepower":492,"sunpower":492},{"datetime":"2020-07-23T16:00:00","datetimeutc":"2020-07-23T14:00:00","timetype":"Hour","precipitationmm":0.0,"temperature":22.8,"feeltemperature":25.2,"cloudcover":87,"iconcode":"r","iconid":22,"sources":2,"winddirection":"W","winddirectiondegrees":252,"windspeedms":5.7,"visibility":29020,"precipitation":0,"beaufort":3,"humidity":51,"sunshine":3,"hour":16,"pollenindex":5,"windspeed":21,"sunshinepower":508,"sunpower":508},{"datetime":"2020-07-23T17:00:00","datetimeutc":"2020-07-23T15:00:00","timetype":"Hour","precipitationmm":0.0,"temperature":22.7,"feeltemperature":25.2,"cloudcover":87,"iconcode":"r","iconid":22,"sources":2,"winddirection":"W","winddirectiondegrees":248,"windspeedms":5.1,"visibility":28620,"precipitation":0,"beaufort":3,"humidity":49,"sunshine":8,"hour":17,"pollenindex":6,"windspeed":18,"sunshinepower":456,"sunpower":456},{"datetime":"2020-07-23T18:00:00","datetimeutc":"2020-07-23T16:00:00","timetype":"Hour","precipitationmm":0.0,"temperature":22.2,"feeltemperature":25.2,"cloudcover":95,"iconcode":"c","iconid":22,"sources":2,"winddirection":"W","winddirectiondegrees":248,"windspeedms":4.4,"visibility":28820,"precipitation":0,"beaufort":3,"humidity":50,"sunshine":6,"hour":18,"pollenindex":6,"windspeed":16,"sunshinepower":349,"sunpower":349},{"datetime":"2020-07-23T19:00:00","datetimeutc":"2020-07-23T17:00:00","timetype":"Hour","precipitationmm":0.0,"temperature":21.6,"feeltemperature":21.6,"cloudcover":100,"iconcode":"c","iconid":22,"sources":2,"winddirection":"ZW","winddirectiondegrees":246,"windspeedms":4.1,"visibility":29820,"precipitation":0,"beaufort":3,"humidity":51,"sunshine":0,"hour":19,"pollenindex":6,"windspeed":15,"sunshinepower":241,"sunpower":241},{"datetime":"2020-07-23T20:00:00","datetimeutc":"2020-07-23T18:00:00","timetype":"Hour","precipitationmm":0.0,"temperature":20.7,"feeltemperature":20.7,"cloudcover":100,"iconcode":"c","iconid":19,"sources":2,"winddirection":"ZW","winddirectiondegrees":243,"windspeedms":3.7,"visibility":28820,"precipitation":0,"beaufort":2,"humidity":54,"sunshine":0,"hour":20,"pollenindex":5,"windspeed":13,"sunshinepower":132,"sunpower":132},{"datetime":"2020-07-23T21:00:00","datetimeutc":"2020-07-23T19:00:00","timetype":"Hour","precipitationmm":0.0,"temperature":19.8,"feeltemperature":19.8,"cloudcover":100,"iconcode":"c","iconid":22,"sources":2,"winddirection":"ZW","winddirectiondegrees":238,"windspeedms":3.1,"visibility":27620,"precipitation":0,"beaufort":2,"humidity":58,"sunshine":0,"hour":21,"pollenindex":5,"windspeed":11,"sunshinepower":40,"sunpower":40},{"datetime":"2020-07-23T22:00:00","datetimeutc":"2020-07-23T20:00:00","timetype":"Hour","precipitationmm":0.0,"temperature":18.9,"feeltemperature":18.9,"cloudcover":100,"iconcode":"cc","iconid":22,"sources":2,"winddirection":"ZW","winddirectiondegrees":233,"windspeedms":2.9,"visibility":26640,"precipitation":0,"beaufort":2,"humidity":61,"sunshine":0,"hour":22,"pollenindex":5,"windspeed":10,"sunshinepower":0,"sunpower":0},{"datetime":"2020-07-23T23:00:00","datetimeutc":"2020-07-23T21:00:00","timetype":"Hour","precipitationmm":0.0,"temperature":18.3,"feeltemperature":18.3,"cloudcover":100,"iconcode":"cc","iconid":22,"sources":2,"winddirection":"ZW","winddirectiondegrees":226,"windspeedms":2.9,"visibility":23860,"precipitation":0,"beaufort":2,"humidity":64,"sunshine":0,"hour":23,"pollenindex":5,"windspeed":10,"sunshinepower":0,"sunpower":0}],"datetime":"2020-07-23T00:00:00","datetimeutc":"2020-07-22T22:00:00","timetype":"Day","precipitationmm":0.0,"mintemperature":14.6,"maxtemperature":22.8,"cloudcover":86,"iconcode":"r","iconid":4,"sources":2,"winddirection":"ZW","winddirectiondegrees":225,"windspeedms":4.0,"visibility":23039,"precipitation":0,"beaufort":3,"humidity":59,"sunshine":6,"uvindex":6,"bbqindex":7,"mosquitoindex":6,"pollenindex":5,"icescrapeindex":1,"mintemp":14.6,"maxtemp":22.8,"windspeed":4,"sunshinepower":199,"sunpower":199},{"date":"2020-07-24T00:00:00","sunrise":"2020-07-24T05:49:27","sunset":"2020-07-24T21:43:38","morning":{"datetime":"2020-07-24T07:00:00","datetimeutc":"2020-07-24T05:00:00","timetype":"Morning","precipitationmm":0.0,"mintemperature":17.4,"maxtemperature":20.2,"cloudcover":75,"iconcode":"r","iconid":20,"sources":1,"winddirection":"W","winddirectiondegrees":286,"windspeedms":4.3,"visibility":11980,"precipitation":1,"beaufort":3,"humidity":76,"sunshine":13,"hour":7,"mintemp":17.4,"maxtemp":20.2,"windspeed":15,"sunshinepower":252,"sunpower":252},"afternoon":{"datetime":"2020-07-24T12:00:00","datetimeutc":"2020-07-24T10:00:00","timetype":"Afternoon","precipitationmm":0.0,"mintemperature":19.8,"maxtemperature":20.8,"cloudcover":94,"iconcode":"c","iconid":19,"sources":1,"winddirection":"W","winddirectiondegrees":289,"windspeedms":6.0,"visibility":12050,"precipitation":1,"beaufort":4,"humidity":65,"sunshine":11,"hour":12,"mintemp":19.8,"maxtemp":20.8,"windspeed":22,"sunshinepower":562,"sunpower":562},"evening":{"datetime":"2020-07-24T18:00:00","datetimeutc":"2020-07-24T16:00:00","timetype":"Evening","precipitationmm":0.0,"mintemperature":15.8,"maxtemperature":19.4,"cloudcover":86,"iconcode":"r","iconid":19,"sources":1,"winddirection":"NW","winddirectiondegrees":293,"windspeedms":3.4,"visibility":10660,"precipitation":0,"beaufort":2,"humidity":74,"sunshine":1,"hour":18,"mintemp":15.8,"maxtemp":19.4,"windspeed":12,"sunshinepower":124,"sunpower":124},"night":{"datetime":"2020-07-24T02:00:00","datetimeutc":"2020-07-24T00:00:00","timetype":"Night","precipitationmm":0.0,"mintemperature":16.2,"maxtemperature":18.0,"cloudcover":85,"iconcode":"r","iconid":22,"sources":1,"winddirection":"W","winddirectiondegrees":258,"windspeedms":2.8,"visibility":13338,"precipitation":1,"beaufort":2,"humidity":76,"sunshine":0,"hour":2,"mintemp":16.2,"maxtemp":18.0,"windspeed":10,"sunshinepower":1,"sunpower":1},"hours":[{"datetime":"2020-07-24T00:00:00","datetimeutc":"2020-07-23T22:00:00","timetype":"Hour","precipitationmm":0.0,"temperature":18.0,"feeltemperature":18.0,"cloudcover":100,"iconcode":"cc","iconid":22,"sources":2,"winddirection":"ZW","winddirectiondegrees":230,"windspeedms":2.9,"visibility":21060,"precipitation":1,"beaufort":2,"humidity":66,"sunshine":0,"hour":0,"pollenindex":5,"windspeed":10,"sunshinepower":0,"sunpower":0},{"datetime":"2020-07-24T01:00:00","datetimeutc":"2020-07-23T23:00:00","timetype":"Hour","precipitationmm":0.0,"temperature":17.7,"feeltemperature":17.7,"cloudcover":88,"iconcode":"rr","iconid":22,"sources":2,"winddirection":"ZW","winddirectiondegrees":242,"windspeedms":2.9,"visibility":18850,"precipitation":1,"beaufort":2,"humidity":70,"sunshine":0,"hour":1,"pollenindex":4,"windspeed":10,"sunshinepower":0,"sunpower":0},{"datetime":"2020-07-24T02:00:00","datetimeutc":"2020-07-24T00:00:00","timetype":"Hour","precipitationmm":0.0,"temperature":17.2,"feeltemperature":17.2,"cloudcover":75,"iconcode":"rr","iconid":22,"sources":1,"winddirection":"ZW","winddirectiondegrees":230,"windspeedms":3.01,"visibility":16060,"precipitation":1,"beaufort":2,"humidity":72,"sunshine":0,"hour":2,"pollenindex":4,"windspeed":11,"sunshinepower":0,"sunpower":0},{"datetime":"2020-07-24T03:00:00","datetimeutc":"2020-07-24T01:00:00","timetype":"Hour","precipitationmm":0.0,"temperature":16.7,"feeltemperature":16.7,"cloudcover":74,"iconcode":"rr","iconid":22,"sources":1,"winddirection":"ZW","winddirectiondegrees":247,"windspeedms":2.93,"visibility":11860,"precipitation":1,"beaufort":2,"humidity":77,"sunshine":0,"hour":3,"pollenindex":4,"windspeed":11,"sunshinepower":0,"sunpower":0},{"datetime":"2020-07-24T04:00:00","datetimeutc":"2020-07-24T02:00:00","timetype":"Hour","precipitationmm":0.0,"temperature":16.3,"feeltemperature":16.3,"cloudcover":79,"iconcode":"rr","iconid":22,"sources":1,"winddirection":"W","winddirectiondegrees":270,"windspeedms":2.83,"visibility":8860,"precipitation":1,"beaufort":2,"humidity":82,"sunshine":0,"hour":4,"pollenindex":4,"windspeed":10,"sunshinepower":0,"sunpower":0},{"datetime":"2020-07-24T05:00:00","datetimeutc":"2020-07-24T03:00:00","timetype":"Hour","precipitationmm":0.0,"temperature":16.2,"feeltemperature":16.2,"cloudcover":86,"iconcode":"rr","iconid":17,"sources":1,"winddirection":"NW","winddirectiondegrees":294,"windspeedms":2.79,"visibility":7460,"precipitation":1,"beaufort":2,"humidity":86,"sunshine":0,"hour":5,"pollenindex":3,"windspeed":10,"sunshinepower":0,"sunpower":0},{"datetime":"2020-07-24T06:00:00","datetimeutc":"2020-07-24T04:00:00","timetype":"Hour","precipitationmm":0.0,"temperature":16.6,"feeltemperature":16.6,"cloudcover":96,"iconcode":"c","iconid":20,"sources":1,"winddirection":"NW","winddirectiondegrees":302,"windspeedms":2.56,"visibility":9220,"precipitation":0,"beaufort":2,"humidity":85,"sunshine":1,"hour":6,"pollenindex":4,"windspeed":9,"sunshinepower":8,"sunpower":8},{"datetime":"2020-07-24T07:00:00","datetimeutc":"2020-07-24T05:00:00","timetype":"Hour","precipitationmm":0.0,"temperature":17.4,"feeltemperature":17.4,"cloudcover":100,"iconcode":"c","iconid":20,"sources":1,"winddirection":"W","winddirectiondegrees":291,"windspeedms":2.85,"visibility":9220,"precipitation":0,"beaufort":2,"humidity":84,"sunshine":0,"hour":7,"pollenindex":4,"windspeed":10,"sunshinepower":67,"sunpower":67},{"datetime":"2020-07-24T08:00:00","datetimeutc":"2020-07-24T06:00:00","timetype":"Hour","precipitationmm":0.0,"temperature":18.3,"feeltemperature":18.3,"cloudcover":30,"iconcode":"j","iconid":19,"sources":1,"winddirection":"NW","winddirectiondegrees":294,"windspeedms":3.78,"visibility":10420,"precipitation":0,"beaufort":2,"humidity":81,"sunshine":0,"hour":8,"pollenindex":4,"windspeed":14,"sunshinepower":163,"sunpower":163},{"datetime":"2020-07-24T09:00:00","datetimeutc":"2020-07-24T07:00:00","timetype":"Hour","precipitationmm":0.0,"temperature":19.0,"feeltemperature":19.0,"cloudcover":100,"iconcode":"c","iconid":20,"sources":1,"winddirection":"W","winddirectiondegrees":287,"windspeedms":4.33,"visibility":12020,"precipitation":1,"beaufort":3,"humidity":77,"sunshine":68,"hour":9,"pollenindex":4,"windspeed":16,"sunshinepower":257,"sunpower":257},{"datetime":"2020-07-24T10:00:00","datetimeutc":"2020-07-24T08:00:00","timetype":"Hour","precipitationmm":0.0,"temperature":19.6,"feeltemperature":19.6,"cloudcover":95,"iconcode":"c","iconid":19,"sources":1,"winddirection":"W","winddirectiondegrees":281,"windspeedms":4.97,"visibility":13620,"precipitation":1,"beaufort":3,"humidity":73,"sunshine":0,"hour":10,"pollenindex":4,"windspeed":18,"sunshinepower":341,"sunpower":341},{"datetime":"2020-07-24T11:00:00","datetimeutc":"2020-07-24T09:00:00","timetype":"Hour","precipitationmm":0.0,"temperature":20.2,"feeltemperature":20.2,"cloudcover":54,"iconcode":"b","iconid":19,"sources":1,"winddirection":"W","winddirectiondegrees":281,"windspeedms":5.6,"visibility":14620,"precipitation":2,"beaufort":3,"humidity":69,"sunshine":0,"hour":11,"pollenindex":4,"windspeed":20,"sunshinepower":435,"sunpower":435},{"datetime":"2020-07-24T12:00:00","datetimeutc":"2020-07-24T10:00:00","timetype":"Hour","precipitationmm":0.0,"temperature":20.6,"feeltemperature":20.6,"cloudcover":71,"iconcode":"r","iconid":19,"sources":1,"winddirection":"W","winddirectiondegrees":283,"windspeedms":6.09,"visibility":14610,"precipitation":1,"beaufort":4,"humidity":65,"sunshine":43,"hour":12,"pollenindex":5,"windspeed":22,"sunshinepower":540,"sunpower":540},{"datetime":"2020-07-24T13:00:00","datetimeutc":"2020-07-24T11:00:00","timetype":"Hour","precipitationmm":0.0,"temperature":20.8,"feeltemperature":20.8,"cloudcover":94,"iconcode":"c","iconid":16,"sources":1,"winddirection":"W","winddirectiondegrees":288,"windspeedms":6.23,"visibility":11410,"precipitation":1,"beaufort":4,"humidity":63,"sunshine":25,"hour":13,"pollenindex":5,"windspeed":22,"sunshinepower":652,"sunpower":652},{"datetime":"2020-07-24T14:00:00","datetimeutc":"2020-07-24T12:00:00","timetype":"Hour","precipitationmm":0.0,"temperature":20.7,"feeltemperature":20.7,"cloudcover":100,"iconcode":"c","iconid":19,"sources":1,"winddirection":"W","winddirectiondegrees":289,"windspeedms":6.04,"visibility":11220,"precipitation":1,"beaufort":4,"humidity":64,"sunshine":0,"hour":14,"pollenindex":5,"windspeed":22,"sunshinepower":673,"sunpower":673},{"datetime":"2020-07-24T15:00:00","datetimeutc":"2020-07-24T13:00:00","timetype":"Hour","precipitationmm":0.0,"temperature":20.4,"feeltemperature":20.4,"cloudcover":100,"iconcode":"c","iconid":19,"sources":1,"winddirection":"W","winddirectiondegrees":290,"windspeedms":6.03,"visibility":11620,"precipitation":1,"beaufort":4,"humidity":65,"sunshine":0,"hour":15,"pollenindex":5,"windspeed":22,"sunshinepower":595,"sunpower":595},{"datetime":"2020-07-24T16:00:00","datetimeutc":"2020-07-24T14:00:00","timetype":"Hour","precipitationmm":0.0,"temperature":20.1,"feeltemperature":20.1,"cloudcover":100,"iconcode":"c","iconid":19,"sources":1,"winddirection":"W","winddirectiondegrees":292,"windspeedms":5.86,"visibility":12020,"precipitation":1,"beaufort":3,"humidity":67,"sunshine":0,"hour":16,"pollenindex":5,"windspeed":21,"sunshinepower":502,"sunpower":502},{"datetime":"2020-07-24T17:00:00","datetimeutc":"2020-07-24T15:00:00","timetype":"Hour","precipitationmm":0.0,"temperature":19.8,"feeltemperature":19.8,"cloudcover":100,"iconcode":"c","iconid":16,"sources":1,"winddirection":"NW","winddirectiondegrees":295,"windspeedms":5.5,"visibility":11420,"precipitation":0,"beaufort":3,"humidity":67,"sunshine":0,"hour":17,"pollenindex":5,"windspeed":20,"sunshinepower":415,"sunpower":415},{"datetime":"2020-07-24T18:00:00","datetimeutc":"2020-07-24T16:00:00","timetype":"Hour","precipitationmm":0.0,"temperature":19.4,"feeltemperature":19.4,"cloudcover":100,"iconcode":"c","iconid":19,"sources":1,"winddirection":"NW","winddirectiondegrees":297,"windspeedms":4.88,"visibility":11410,"precipitation":0,"beaufort":3,"humidity":68,"sunshine":0,"hour":18,"pollenindex":5,"windspeed":18,"sunshinepower":334,"sunpower":334},{"datetime":"2020-07-24T19:00:00","datetimeutc":"2020-07-24T17:00:00","timetype":"Hour","precipitationmm":0.0,"temperature":18.8,"feeltemperature":18.8,"cloudcover":100,"iconcode":"c","iconid":20,"sources":1,"winddirection":"NW","winddirectiondegrees":294,"windspeedms":4.49,"visibility":12020,"precipitation":0,"beaufort":3,"humidity":69,"sunshine":0,"hour":19,"pollenindex":5,"windspeed":16,"sunshinepower":236,"sunpower":236},{"datetime":"2020-07-24T20:00:00","datetimeutc":"2020-07-24T18:00:00","timetype":"Hour","precipitationmm":0.0,"temperature":18.0,"feeltemperature":18.0,"cloudcover":97,"iconcode":"c","iconid":20,"sources":1,"winddirection":"NW","winddirectiondegrees":294,"windspeedms":4.06,"visibility":11210,"precipitation":0,"beaufort":3,"humidity":73,"sunshine":0,"hour":20,"pollenindex":4,"windspeed":15,"sunshinepower":133,"sunpower":133},{"datetime":"2020-07-24T21:00:00","datetimeutc":"2020-07-24T19:00:00","timetype":"Hour","precipitationmm":0.0,"temperature":17.2,"feeltemperature":17.2,"cloudcover":86,"iconcode":"r","iconid":20,"sources":1,"winddirection":"NW","winddirectiondegrees":297,"windspeedms":3.08,"visibility":10620,"precipitation":0,"beaufort":2,"humidity":76,"sunshine":0,"hour":21,"pollenindex":4,"windspeed":11,"sunshinepower":42,"sunpower":42},{"datetime":"2020-07-24T22:00:00","datetimeutc":"2020-07-24T20:00:00","timetype":"Hour","precipitationmm":0.0,"temperature":16.4,"feeltemperature":16.4,"cloudcover":72,"iconcode":"rr","iconid":20,"sources":1,"winddirection":"NW","winddirectiondegrees":293,"windspeedms":2.14,"visibility":9840,"precipitation":0,"beaufort":2,"humidity":79,"sunshine":6,"hour":22,"pollenindex":4,"windspeed":8,"sunshinepower":0,"sunpower":0},{"datetime":"2020-07-24T23:00:00","datetimeutc":"2020-07-24T21:00:00","timetype":"Hour","precipitationmm":0.0,"temperature":15.8,"feeltemperature":15.8,"cloudcover":61,"iconcode":"bb","iconid":20,"sources":1,"winddirection":"W","winddirectiondegrees":288,"windspeedms":1.76,"visibility":8860,"precipitation":0,"beaufort":1,"humidity":81,"sunshine":0,"hour":23,"pollenindex":4,"windspeed":6,"sunshinepower":0,"sunpower":0}],"datetime":"2020-07-24T00:00:00","datetimeutc":"2020-07-23T22:00:00","timetype":"Day","precipitationmm":0.0,"mintemperature":15.8,"maxtemperature":20.8,"cloudcover":85,"iconcode":"r","iconid":3,"sources":2,"winddirection":"W","winddirectiondegrees":270,"windspeedms":4.1,"visibility":12063,"precipitation":1,"beaufort":3,"humidity":73,"sunshine":5,"uvindex":5,"bbqindex":7,"mosquitoindex":7,"pollenindex":5,"icescrapeindex":1,"mintemp":15.8,"maxtemp":20.8,"windspeed":4,"sunshinepower":224,"sunpower":224},{"date":"2020-07-25T00:00:00","sunrise":"2020-07-25T05:50:55","sunset":"2020-07-25T21:42:10","hours":[{"datetime":"2020-07-25T00:00:00","datetimeutc":"2020-07-24T22:00:00","timetype":"Hour","precipitationmm":0.0,"temperature":15.2,"feeltemperature":15.2,"cloudcover":53,"iconcode":"bb","iconid":20,"sources":1,"winddirection":"W","winddirectiondegrees":276,"windspeedms":1.64,"visibility":8660,"precipitation":0,"beaufort":1,"humidity":84,"sunshine":0,"hour":0,"pollenindex":4,"windspeed":6,"sunshinepower":0,"sunpower":0},{"datetime":"2020-07-25T01:00:00","datetimeutc":"2020-07-24T23:00:00","timetype":"Hour","precipitationmm":0.0,"temperature":14.8,"feeltemperature":14.8,"cloudcover":46,"iconcode":"jj","iconid":20,"sources":1,"winddirection":"W","winddirectiondegrees":270,"windspeedms":1.31,"visibility":8460,"precipitation":0,"beaufort":1,"humidity":86,"sunshine":0,"hour":1,"pollenindex":3,"windspeed":5,"sunshinepower":0,"sunpower":0},{"datetime":"2020-07-25T02:00:00","datetimeutc":"2020-07-25T00:00:00","timetype":"Hour","precipitationmm":0.0,"temperature":14.6,"feeltemperature":14.6,"cloudcover":78,"iconcode":"rr","iconid":9,"sources":1,"winddirection":"ZW","winddirectiondegrees":225,"windspeedms":1.14,"visibility":7460,"precipitation":0,"beaufort":1,"humidity":86,"sunshine":0,"hour":2,"pollenindex":3,"windspeed":4,"sunshinepower":0,"sunpower":0},{"datetime":"2020-07-25T03:00:00","datetimeutc":"2020-07-25T01:00:00","timetype":"Hour","precipitationmm":0.0,"temperature":14.4,"feeltemperature":14.4,"cloudcover":78,"iconcode":"nn","iconid":16,"sources":1,"winddirection":"ZW","winddirectiondegrees":216,"windspeedms":1.93,"visibility":230,"precipitation":0,"beaufort":1,"humidity":89,"sunshine":0,"hour":3,"pollenindex":3,"windspeed":7,"sunshinepower":0,"sunpower":0},{"datetime":"2020-07-25T04:00:00","datetimeutc":"2020-07-25T02:00:00","timetype":"Hour","precipitationmm":0.0,"temperature":14.4,"feeltemperature":14.4,"cloudcover":83,"iconcode":"dd","iconid":16,"sources":1,"winddirection":"Z","winddirectiondegrees":195,"windspeedms":2.23,"visibility":210,"precipitation":0,"beaufort":2,"humidity":89,"sunshine":0,"hour":4,"pollenindex":3,"windspeed":8,"sunshinepower":0,"sunpower":0},{"datetime":"2020-07-25T05:00:00","datetimeutc":"2020-07-25T03:00:00","timetype":"Hour","precipitationmm":0.0,"temperature":14.6,"feeltemperature":14.6,"cloudcover":88,"iconcode":"dd","iconid":22,"sources":1,"winddirection":"Z","winddirectiondegrees":184,"windspeedms":2.82,"visibility":210,"precipitation":0,"beaufort":2,"humidity":88,"sunshine":0,"hour":5,"pollenindex":3,"windspeed":10,"sunshinepower":0,"sunpower":0},{"datetime":"2020-07-25T06:00:00","datetimeutc":"2020-07-25T04:00:00","timetype":"Hour","precipitationmm":0.0,"temperature":15.1,"feeltemperature":15.1,"cloudcover":92,"iconcode":"d","iconid":20,"sources":1,"winddirection":"Z","winddirectiondegrees":176,"windspeedms":3.19,"visibility":0,"precipitation":0,"beaufort":2,"humidity":84,"sunshine":1,"hour":6,"pollenindex":4,"windspeed":11,"sunshinepower":7,"sunpower":7},{"datetime":"2020-07-25T07:00:00","datetimeutc":"2020-07-25T05:00:00","timetype":"Hour","precipitationmm":0.0,"temperature":15.9,"feeltemperature":15.9,"cloudcover":94,"iconcode":"d","iconid":20,"sources":1,"winddirection":"Z","winddirectiondegrees":171,"windspeedms":3.6,"visibility":0,"precipitation":0,"beaufort":2,"humidity":82,"sunshine":1,"hour":7,"pollenindex":4,"windspeed":13,"sunshinepower":77,"sunpower":77},{"datetime":"2020-07-25T08:00:00","datetimeutc":"2020-07-25T06:00:00","timetype":"Hour","precipitationmm":0.0,"temperature":17.1,"feeltemperature":17.1,"cloudcover":94,"iconcode":"c","iconid":21,"sources":1,"winddirection":"Z","winddirectiondegrees":179,"windspeedms":4.09,"visibility":10000,"precipitation":0,"beaufort":3,"humidity":78,"sunshine":0,"hour":8,"pollenindex":4,"windspeed":15,"sunshinepower":199,"sunpower":199},{"datetime":"2020-07-25T09:00:00","datetimeutc":"2020-07-25T07:00:00","timetype":"Hour","precipitationmm":0.0,"temperature":18.4,"feeltemperature":18.4,"cloudcover":53,"iconcode":"b","iconid":21,"sources":1,"winddirection":"ZW","winddirectiondegrees":203,"windspeedms":4.7,"visibility":11800,"precipitation":0,"beaufort":3,"humidity":74,"sunshine":0,"hour":9,"pollenindex":4,"windspeed":17,"sunshinepower":324,"sunpower":324},{"datetime":"2020-07-25T10:00:00","datetimeutc":"2020-07-25T08:00:00","timetype":"Hour","precipitationmm":0.0,"temperature":19.7,"feeltemperature":19.7,"cloudcover":59,"iconcode":"b","iconid":21,"sources":1,"winddirection":"ZW","winddirectiondegrees":219,"windspeedms":5.14,"visibility":12800,"precipitation":0,"beaufort":3,"humidity":70,"sunshine":43,"hour":10,"pollenindex":4,"windspeed":19,"sunshinepower":425,"sunpower":425},{"datetime":"2020-07-25T11:00:00","datetimeutc":"2020-07-25T09:00:00","timetype":"Hour","precipitationmm":0.0,"temperature":20.8,"feeltemperature":20.8,"cloudcover":85,"iconcode":"r","iconid":22,"sources":1,"winddirection":"ZW","winddirectiondegrees":227,"windspeedms":5.49,"visibility":13600,"precipitation":0,"beaufort":3,"humidity":68,"sunshine":36,"hour":11,"pollenindex":5,"windspeed":20,"sunshinepower":493,"sunpower":493},{"datetime":"2020-07-25T12:00:00","datetimeutc":"2020-07-25T10:00:00","timetype":"Hour","precipitationmm":0.0,"temperature":21.5,"feeltemperature":21.5,"cloudcover":95,"iconcode":"c","iconid":22,"sources":1,"winddirection":"ZW","winddirectiondegrees":232,"windspeedms":5.91,"visibility":14400,"precipitation":1,"beaufort":3,"humidity":65,"sunshine":10,"hour":12,"pollenindex":5,"windspeed":21,"sunshinepower":520,"sunpower":520},{"datetime":"2020-07-25T13:00:00","datetimeutc":"2020-07-25T11:00:00","timetype":"Hour","precipitationmm":0.0,"temperature":21.6,"feeltemperature":21.6,"cloudcover":100,"iconcode":"c","iconid":22,"sources":1,"winddirection":"ZW","winddirectiondegrees":241,"windspeedms":6.26,"visibility":15200,"precipitation":1,"beaufort":4,"humidity":64,"sunshine":0,"hour":13,"pollenindex":5,"windspeed":23,"sunshinepower":514,"sunpower":514},{"datetime":"2020-07-25T14:00:00","datetimeutc":"2020-07-25T12:00:00","timetype":"Hour","precipitationmm":0.0,"temperature":21.4,"feeltemperature":21.4,"cloudcover":100,"iconcode":"c","iconid":22,"sources":1,"winddirection":"W","winddirectiondegrees":249,"windspeedms":6.15,"visibility":13200,"precipitation":1,"beaufort":4,"humidity":67,"sunshine":0,"hour":14,"pollenindex":5,"windspeed":22,"sunshinepower":471,"sunpower":471},{"datetime":"2020-07-25T15:00:00","datetimeutc":"2020-07-25T13:00:00","timetype":"Hour","precipitationmm":0.0,"temperature":21.0,"feeltemperature":21.0,"cloudcover":100,"iconcode":"c","iconid":22,"sources":1,"winddirection":"W","winddirectiondegrees":250,"windspeedms":6.12,"visibility":13200,"precipitation":2,"beaufort":4,"humidity":70,"sunshine":0,"hour":15,"pollenindex":4,"windspeed":22,"sunshinepower":408,"sunpower":408},{"datetime":"2020-07-25T16:00:00","datetimeutc":"2020-07-25T14:00:00","timetype":"Hour","precipitationmm":0.0,"temperature":20.6,"feeltemperature":20.6,"cloudcover":100,"iconcode":"c","iconid":22,"sources":1,"winddirection":"W","winddirectiondegrees":252,"windspeedms":6.04,"visibility":13200,"precipitation":2,"beaufort":4,"humidity":74,"sunshine":0,"hour":16,"pollenindex":4,"windspeed":22,"sunshinepower":340,"sunpower":340},{"datetime":"2020-07-25T17:00:00","datetimeutc":"2020-07-25T15:00:00","timetype":"Hour","precipitationmm":0.0,"temperature":20.1,"feeltemperature":20.1,"cloudcover":100,"iconcode":"c","iconid":22,"sources":1,"winddirection":"W","winddirectiondegrees":252,"windspeedms":5.64,"visibility":10600,"precipitation":3,"beaufort":3,"humidity":77,"sunshine":0,"hour":17,"pollenindex":4,"windspeed":20,"sunshinepower":243,"sunpower":243},{"datetime":"2020-07-25T18:00:00","datetimeutc":"2020-07-25T16:00:00","timetype":"Hour","precipitationmm":0.0,"temperature":19.6,"feeltemperature":19.6,"cloudcover":100,"iconcode":"c","iconid":21,"sources":1,"winddirection":"ZW","winddirectiondegrees":241,"windspeedms":5.27,"visibility":9000,"precipitation":3,"beaufort":3,"humidity":80,"sunshine":0,"hour":18,"pollenindex":4,"windspeed":19,"sunshinepower":146,"sunpower":146},{"datetime":"2020-07-25T19:00:00","datetimeutc":"2020-07-25T17:00:00","timetype":"Hour","precipitationmm":0.0,"temperature":18.9,"feeltemperature":18.9,"cloudcover":100,"iconcode":"c","iconid":21,"sources":1,"winddirection":"ZW","winddirectiondegrees":224,"windspeedms":5.11,"visibility":8210,"precipitation":3,"beaufort":3,"humidity":83,"sunshine":0,"hour":19,"pollenindex":4,"windspeed":18,"sunshinepower":82,"sunpower":82},{"datetime":"2020-07-25T20:00:00","datetimeutc":"2020-07-25T18:00:00","timetype":"Hour","precipitationmm":1.4,"temperature":18.4,"feeltemperature":18.4,"cloudcover":100,"iconcode":"m","iconid":33,"sources":1,"winddirection":"ZW","winddirectiondegrees":216,"windspeedms":5.15,"visibility":6610,"precipitation":83,"beaufort":3,"humidity":86,"sunshine":0,"hour":20,"pollenindex":3,"windspeed":19,"sunshinepower":37,"sunpower":37},{"datetime":"2020-07-25T21:00:00","datetimeutc":"2020-07-25T19:00:00","timetype":"Hour","precipitationmm":1.1,"temperature":18.1,"feeltemperature":18.1,"cloudcover":100,"iconcode":"m","iconid":33,"sources":1,"winddirection":"ZW","winddirectiondegrees":217,"windspeedms":5.19,"visibility":2210,"precipitation":93,"beaufort":3,"humidity":88,"sunshine":0,"hour":21,"pollenindex":3,"windspeed":19,"sunshinepower":9,"sunpower":9},{"datetime":"2020-07-25T22:00:00","datetimeutc":"2020-07-25T20:00:00","timetype":"Hour","precipitationmm":0.0,"temperature":18.1,"feeltemperature":18.1,"cloudcover":100,"iconcode":"cc","iconid":21,"sources":1,"winddirection":"ZW","winddirectiondegrees":218,"windspeedms":5.28,"visibility":3210,"precipitation":4,"beaufort":3,"humidity":87,"sunshine":0,"hour":22,"pollenindex":3,"windspeed":19,"sunshinepower":0,"sunpower":0},{"datetime":"2020-07-25T23:00:00","datetimeutc":"2020-07-25T21:00:00","timetype":"Hour","precipitationmm":1.2,"temperature":18.2,"feeltemperature":18.2,"cloudcover":100,"iconcode":"mm","iconid":33,"sources":1,"winddirection":"ZW","winddirectiondegrees":211,"windspeedms":5.22,"visibility":2810,"precipitation":86,"beaufort":3,"humidity":88,"sunshine":0,"hour":23,"pollenindex":3,"windspeed":19,"sunshinepower":0,"sunpower":0}],"datetime":"2020-07-25T00:00:00","datetimeutc":"2020-07-24T22:00:00","timetype":"Day","precipitationmm":3.8,"mintemperature":14.4,"maxtemperature":21.6,"cloudcover":90,"iconcode":"m","iconid":12,"sources":1,"winddirection":"ZW","winddirectiondegrees":225,"windspeedms":4.36,"precipitation":93,"beaufort":3,"uvindex":5,"bbqindex":4,"mosquitoindex":6,"pollenindex":5,"icescrapeindex":1,"mintemp":14.4,"maxtemp":21.6,"windspeed":4},{"date":"2020-07-26T00:00:00","sunrise":"2020-07-26T05:52:24","sunset":"2020-07-26T21:40:39","hours":[{"datetime":"2020-07-26T00:00:00","datetimeutc":"2020-07-25T22:00:00","timetype":"Hour","precipitationmm":1.0,"temperature":18.2,"feeltemperature":18.2,"cloudcover":100,"iconcode":"mm","iconid":33,"sources":1,"winddirection":"ZW","winddirectiondegrees":212,"windspeedms":5.58,"visibility":810,"precipitation":89,"beaufort":3,"humidity":88,"sunshine":0,"hour":0,"pollenindex":3,"windspeed":20,"sunshinepower":0,"sunpower":0},{"datetime":"2020-07-26T01:00:00","datetimeutc":"2020-07-25T23:00:00","timetype":"Hour","precipitationmm":1.4,"temperature":18.2,"feeltemperature":18.2,"cloudcover":100,"iconcode":"mm","iconid":33,"sources":1,"winddirection":"ZW","winddirectiondegrees":215,"windspeedms":5.89,"visibility":6220,"precipitation":78,"beaufort":3,"humidity":90,"sunshine":0,"hour":1,"pollenindex":3,"windspeed":21,"sunshinepower":0,"sunpower":0},{"datetime":"2020-07-26T02:00:00","datetimeutc":"2020-07-26T00:00:00","timetype":"Hour","precipitationmm":1.8,"temperature":18.0,"feeltemperature":18.0,"cloudcover":100,"iconcode":"mm","iconid":33,"sources":1,"winddirection":"ZW","winddirectiondegrees":207,"windspeedms":5.65,"visibility":8620,"precipitation":70,"beaufort":3,"humidity":91,"sunshine":0,"hour":2,"pollenindex":3,"windspeed":20,"sunshinepower":0,"sunpower":0},{"datetime":"2020-07-26T03:00:00","datetimeutc":"2020-07-26T01:00:00","timetype":"Hour","precipitationmm":1.6,"temperature":17.7,"feeltemperature":17.7,"cloudcover":100,"iconcode":"mm","iconid":33,"sources":1,"winddirection":"ZW","winddirectiondegrees":208,"windspeedms":5.68,"visibility":610,"precipitation":67,"beaufort":3,"humidity":92,"sunshine":0,"hour":3,"pollenindex":3,"windspeed":20,"sunshinepower":0,"sunpower":0},{"datetime":"2020-07-26T04:00:00","datetimeutc":"2020-07-26T02:00:00","timetype":"Hour","precipitationmm":1.4,"temperature":17.5,"feeltemperature":17.5,"cloudcover":100,"iconcode":"mm","iconid":33,"sources":1,"winddirection":"ZW","winddirectiondegrees":222,"windspeedms":5.76,"visibility":410,"precipitation":66,"beaufort":3,"humidity":92,"sunshine":0,"hour":4,"pollenindex":3,"windspeed":21,"sunshinepower":0,"sunpower":0},{"datetime":"2020-07-26T05:00:00","datetimeutc":"2020-07-26T03:00:00","timetype":"Hour","precipitationmm":0.0,"temperature":17.4,"feeltemperature":17.4,"cloudcover":100,"iconcode":"cc","iconid":22,"sources":1,"winddirection":"ZW","winddirectiondegrees":235,"windspeedms":5.57,"visibility":1010,"precipitation":2,"beaufort":3,"humidity":92,"sunshine":0,"hour":5,"pollenindex":3,"windspeed":20,"sunshinepower":0,"sunpower":0},{"datetime":"2020-07-26T06:00:00","datetimeutc":"2020-07-26T04:00:00","timetype":"Hour","precipitationmm":0.0,"temperature":17.4,"feeltemperature":17.4,"cloudcover":100,"iconcode":"c","iconid":19,"sources":1,"winddirection":"W","winddirectiondegrees":251,"windspeedms":5.48,"visibility":9000,"precipitation":2,"beaufort":3,"humidity":92,"sunshine":0,"hour":6,"pollenindex":3,"windspeed":20,"sunshinepower":3,"sunpower":3},{"datetime":"2020-07-26T07:00:00","datetimeutc":"2020-07-26T05:00:00","timetype":"Hour","precipitationmm":0.0,"temperature":17.5,"feeltemperature":17.5,"cloudcover":100,"iconcode":"c","iconid":19,"sources":1,"winddirection":"W","winddirectiondegrees":257,"windspeedms":5.52,"visibility":9400,"precipitation":2,"beaufort":3,"humidity":92,"sunshine":0,"hour":7,"pollenindex":3,"windspeed":20,"sunshinepower":42,"sunpower":42},{"datetime":"2020-07-26T08:00:00","datetimeutc":"2020-07-26T06:00:00","timetype":"Hour","precipitationmm":0.0,"temperature":17.7,"feeltemperature":17.7,"cloudcover":100,"iconcode":"c","iconid":19,"sources":1,"winddirection":"W","winddirectiondegrees":259,"windspeedms":5.92,"visibility":9810,"precipitation":2,"beaufort":3,"humidity":91,"sunshine":0,"hour":8,"pollenindex":3,"windspeed":21,"sunshinepower":116,"sunpower":116},{"datetime":"2020-07-26T09:00:00","datetimeutc":"2020-07-26T07:00:00","timetype":"Hour","precipitationmm":1.2,"temperature":18.0,"feeltemperature":18.0,"cloudcover":96,"iconcode":"s","iconid":28,"sources":1,"winddirection":"W","winddirectiondegrees":266,"windspeedms":6.21,"visibility":9810,"precipitation":71,"beaufort":4,"humidity":90,"sunshine":0,"hour":9,"pollenindex":3,"windspeed":22,"sunshinepower":200,"sunpower":200},{"datetime":"2020-07-26T10:00:00","datetimeutc":"2020-07-26T08:00:00","timetype":"Hour","precipitationmm":0.0,"temperature":18.2,"feeltemperature":18.2,"cloudcover":100,"iconcode":"c","iconid":19,"sources":1,"winddirection":"W","winddirectiondegrees":268,"windspeedms":6.35,"visibility":10410,"precipitation":3,"beaufort":4,"humidity":87,"sunshine":0,"hour":10,"pollenindex":3,"windspeed":23,"sunshinepower":283,"sunpower":283},{"datetime":"2020-07-26T11:00:00","datetimeutc":"2020-07-26T09:00:00","timetype":"Hour","precipitationmm":0.0,"temperature":18.5,"feeltemperature":18.5,"cloudcover":99,"iconcode":"c","iconid":19,"sources":1,"winddirection":"W","winddirectiondegrees":269,"windspeedms":6.5,"visibility":10800,"precipitation":3,"beaufort":4,"humidity":82,"sunshine":0,"hour":11,"pollenindex":4,"windspeed":23,"sunshinepower":376,"sunpower":376},{"datetime":"2020-07-26T12:00:00","datetimeutc":"2020-07-26T10:00:00","timetype":"Hour","precipitationmm":0.0,"temperature":18.8,"feeltemperature":18.8,"cloudcover":90,"iconcode":"c","iconid":22,"sources":1,"winddirection":"W","winddirectiondegrees":270,"windspeedms":6.69,"visibility":11000,"precipitation":3,"beaufort":4,"humidity":77,"sunshine":0,"hour":12,"pollenindex":4,"windspeed":24,"sunshinepower":471,"sunpower":471},{"datetime":"2020-07-26T13:00:00","datetimeutc":"2020-07-26T11:00:00","timetype":"Hour","precipitationmm":0.0,"temperature":19.1,"feeltemperature":19.1,"cloudcover":80,"iconcode":"r","iconid":22,"sources":1,"winddirection":"W","winddirectiondegrees":272,"windspeedms":6.78,"visibility":11000,"precipitation":3,"beaufort":4,"humidity":74,"sunshine":3,"hour":13,"pollenindex":4,"windspeed":24,"sunshinepower":551,"sunpower":551},{"datetime":"2020-07-26T14:00:00","datetimeutc":"2020-07-26T12:00:00","timetype":"Hour","precipitationmm":0.0,"temperature":19.2,"feeltemperature":19.2,"cloudcover":71,"iconcode":"r","iconid":22,"sources":1,"winddirection":"W","winddirectiondegrees":273,"windspeedms":6.66,"visibility":10800,"precipitation":3,"beaufort":4,"humidity":73,"sunshine":15,"hour":14,"pollenindex":4,"windspeed":24,"sunshinepower":594,"sunpower":594},{"datetime":"2020-07-26T15:00:00","datetimeutc":"2020-07-26T13:00:00","timetype":"Hour","precipitationmm":1.6,"temperature":19.4,"feeltemperature":19.4,"cloudcover":65,"iconcode":"g","iconid":28,"sources":1,"winddirection":"W","winddirectiondegrees":271,"windspeedms":6.45,"visibility":10800,"precipitation":61,"beaufort":4,"humidity":73,"sunshine":25,"hour":15,"pollenindex":4,"windspeed":23,"sunshinepower":596,"sunpower":596},{"datetime":"2020-07-26T16:00:00","datetimeutc":"2020-07-26T14:00:00","timetype":"Hour","precipitationmm":0.0,"temperature":19.7,"feeltemperature":19.7,"cloudcover":61,"iconcode":"b","iconid":19,"sources":1,"winddirection":"W","winddirectiondegrees":270,"windspeedms":6.15,"visibility":11200,"precipitation":2,"beaufort":4,"humidity":72,"sunshine":30,"hour":16,"pollenindex":4,"windspeed":22,"sunshinepower":562,"sunpower":562},{"datetime":"2020-07-26T17:00:00","datetimeutc":"2020-07-26T15:00:00","timetype":"Hour","precipitationmm":0.0,"temperature":19.8,"feeltemperature":19.8,"cloudcover":55,"iconcode":"b","iconid":19,"sources":1,"winddirection":"W","winddirectiondegrees":267,"windspeedms":5.77,"visibility":11400,"precipitation":2,"beaufort":3,"humidity":70,"sunshine":35,"hour":17,"pollenindex":4,"windspeed":21,"sunshinepower":484,"sunpower":484},{"datetime":"2020-07-26T18:00:00","datetimeutc":"2020-07-26T16:00:00","timetype":"Hour","precipitationmm":0.0,"temperature":19.7,"feeltemperature":19.7,"cloudcover":60,"iconcode":"b","iconid":19,"sources":1,"winddirection":"W","winddirectiondegrees":262,"windspeedms":5.34,"visibility":11600,"precipitation":2,"beaufort":3,"humidity":69,"sunshine":41,"hour":18,"pollenindex":4,"windspeed":19,"sunshinepower":382,"sunpower":382},{"datetime":"2020-07-26T19:00:00","datetimeutc":"2020-07-26T17:00:00","timetype":"Hour","precipitationmm":0.0,"temperature":19.3,"feeltemperature":19.3,"cloudcover":60,"iconcode":"b","iconid":22,"sources":1,"winddirection":"W","winddirectiondegrees":258,"windspeedms":4.94,"visibility":12000,"precipitation":1,"beaufort":3,"humidity":70,"sunshine":36,"hour":19,"pollenindex":4,"windspeed":18,"sunshinepower":272,"sunpower":272},{"datetime":"2020-07-26T20:00:00","datetimeutc":"2020-07-26T18:00:00","timetype":"Hour","precipitationmm":0.0,"temperature":18.7,"feeltemperature":18.7,"cloudcover":45,"iconcode":"j","iconid":19,"sources":1,"winddirection":"W","winddirectiondegrees":254,"windspeedms":4.49,"visibility":12000,"precipitation":1,"beaufort":3,"humidity":73,"sunshine":36,"hour":20,"pollenindex":4,"windspeed":16,"sunshinepower":153,"sunpower":153},{"datetime":"2020-07-26T21:00:00","datetimeutc":"2020-07-26T19:00:00","timetype":"Hour","precipitationmm":0.0,"temperature":17.9,"feeltemperature":17.9,"cloudcover":45,"iconcode":"j","iconid":4,"sources":1,"winddirection":"W","winddirectiondegrees":248,"windspeedms":3.84,"visibility":11600,"precipitation":1,"beaufort":2,"humidity":77,"sunshine":51,"hour":21,"pollenindex":4,"windspeed":14,"sunshinepower":45,"sunpower":45},{"datetime":"2020-07-26T22:00:00","datetimeutc":"2020-07-26T20:00:00","timetype":"Hour","precipitationmm":0.0,"temperature":17.0,"feeltemperature":17.0,"cloudcover":12,"iconcode":"aa","iconid":4,"sources":1,"winddirection":"ZW","winddirectiondegrees":234,"windspeedms":3.14,"visibility":10610,"precipitation":1,"beaufort":2,"humidity":79,"sunshine":38,"hour":22,"pollenindex":4,"windspeed":11,"sunshinepower":0,"sunpower":0},{"datetime":"2020-07-26T23:00:00","datetimeutc":"2020-07-26T21:00:00","timetype":"Hour","precipitationmm":0.0,"temperature":16.4,"feeltemperature":16.4,"cloudcover":18,"iconcode":"jj","iconid":4,"sources":1,"winddirection":"ZW","winddirectiondegrees":218,"windspeedms":2.9,"visibility":10220,"precipitation":0,"beaufort":2,"humidity":82,"sunshine":0,"hour":23,"pollenindex":4,"windspeed":10,"sunshinepower":0,"sunpower":0}],"datetime":"2020-07-26T00:00:00","datetimeutc":"2020-07-25T22:00:00","timetype":"Day","precipitationmm":10.0,"mintemperature":16.4,"maxtemperature":19.8,"cloudcover":50,"iconcode":"g","iconid":8,"sources":1,"winddirection":"W","winddirectiondegrees":270,"windspeedms":5.55,"precipitation":89,"beaufort":3,"uvindex":6,"bbqindex":7,"mosquitoindex":6,"pollenindex":4,"icescrapeindex":1,"mintemp":16.4,"maxtemp":19.8,"windspeed":6},{"date":"2020-07-27T00:00:00","sunrise":"2020-07-27T05:53:54","sunset":"2020-07-27T21:39:07","hours":[{"datetime":"2020-07-27T00:00:00","datetimeutc":"2020-07-26T22:00:00","timetype":"Hour","precipitationmm":0.0,"temperature":16.1,"feeltemperature":16.1,"cloudcover":24,"iconcode":"jj","iconid":5,"sources":1,"winddirection":"ZW","winddirectiondegrees":207,"windspeedms":3.05,"visibility":9820,"precipitation":0,"beaufort":2,"humidity":85,"sunshine":0,"hour":0,"pollenindex":4,"windspeed":11,"sunshinepower":0,"sunpower":0},{"datetime":"2020-07-27T01:00:00","datetimeutc":"2020-07-26T23:00:00","timetype":"Hour","precipitationmm":0.0,"temperature":15.8,"feeltemperature":15.8,"cloudcover":36,"iconcode":"jj","iconid":5,"sources":1,"winddirection":"Z","winddirectiondegrees":202,"windspeedms":3.2,"visibility":10030,"precipitation":0,"beaufort":2,"humidity":86,"sunshine":0,"hour":1,"pollenindex":3,"windspeed":12,"sunshinepower":0,"sunpower":0},{"datetime":"2020-07-27T02:00:00","datetimeutc":"2020-07-27T00:00:00","timetype":"Hour","precipitationmm":0.0,"temperature":15.5,"feeltemperature":15.5,"cloudcover":44,"iconcode":"jj","iconid":9,"sources":1,"winddirection":"Z","winddirectiondegrees":200,"windspeedms":3.38,"visibility":10020,"precipitation":1,"beaufort":2,"humidity":87,"sunshine":0,"hour":2,"pollenindex":3,"windspeed":12,"sunshinepower":0,"sunpower":0},{"datetime":"2020-07-27T03:00:00","datetimeutc":"2020-07-27T01:00:00","timetype":"Hour","precipitationmm":0.0,"temperature":15.1,"feeltemperature":15.1,"cloudcover":43,"iconcode":"jj","iconid":9,"sources":1,"winddirection":"Z","winddirectiondegrees":201,"windspeedms":3.49,"visibility":10010,"precipitation":1,"beaufort":2,"humidity":89,"sunshine":0,"hour":3,"pollenindex":3,"windspeed":13,"sunshinepower":0,"sunpower":0},{"datetime":"2020-07-27T04:00:00","datetimeutc":"2020-07-27T02:00:00","timetype":"Hour","precipitationmm":0.0,"temperature":14.7,"feeltemperature":13.9,"cloudcover":39,"iconcode":"jj","iconid":21,"sources":1,"winddirection":"ZW","winddirectiondegrees":203,"windspeedms":3.57,"visibility":10010,"precipitation":1,"beaufort":2,"humidity":90,"sunshine":0,"hour":4,"pollenindex":3,"windspeed":13,"sunshinepower":0,"sunpower":0},{"datetime":"2020-07-27T05:00:00","datetimeutc":"2020-07-27T03:00:00","timetype":"Hour","precipitationmm":0.0,"temperature":14.5,"feeltemperature":13.6,"cloudcover":100,"iconcode":"dd","iconid":21,"sources":1,"winddirection":"ZW","winddirectiondegrees":205,"windspeedms":3.61,"visibility":210,"precipitation":1,"beaufort":2,"humidity":91,"sunshine":0,"hour":5,"pollenindex":3,"windspeed":13,"sunshinepower":0,"sunpower":0},{"datetime":"2020-07-27T06:00:00","datetimeutc":"2020-07-27T04:00:00","timetype":"Hour","precipitationmm":0.0,"temperature":14.8,"feeltemperature":14.0,"cloudcover":100,"iconcode":"d","iconid":21,"sources":1,"winddirection":"ZW","winddirectiondegrees":207,"windspeedms":3.47,"visibility":210,"precipitation":1,"beaufort":2,"humidity":90,"sunshine":0,"hour":6,"pollenindex":3,"windspeed":12,"sunshinepower":0,"sunpower":0},{"datetime":"2020-07-27T07:00:00","datetimeutc":"2020-07-27T05:00:00","timetype":"Hour","precipitationmm":0.0,"temperature":15.6,"feeltemperature":15.6,"cloudcover":100,"iconcode":"d","iconid":19,"sources":1,"winddirection":"ZW","winddirectiondegrees":210,"windspeedms":3.51,"visibility":10,"precipitation":1,"beaufort":2,"humidity":89,"sunshine":0,"hour":7,"pollenindex":3,"windspeed":13,"sunshinepower":65,"sunpower":65},{"datetime":"2020-07-27T08:00:00","datetimeutc":"2020-07-27T06:00:00","timetype":"Hour","precipitationmm":0.0,"temperature":16.8,"feeltemperature":16.8,"cloudcover":98,"iconcode":"c","iconid":22,"sources":1,"winddirection":"ZW","winddirectiondegrees":215,"windspeedms":3.87,"visibility":3800,"precipitation":1,"beaufort":2,"humidity":86,"sunshine":0,"hour":8,"pollenindex":3,"windspeed":14,"sunshinepower":167,"sunpower":167},{"datetime":"2020-07-27T09:00:00","datetimeutc":"2020-07-27T07:00:00","timetype":"Hour","precipitationmm":0.0,"temperature":17.7,"feeltemperature":17.7,"cloudcover":74,"iconcode":"r","iconid":19,"sources":1,"winddirection":"ZW","winddirectiondegrees":217,"windspeedms":4.36,"visibility":9000,"precipitation":2,"beaufort":3,"humidity":84,"sunshine":0,"hour":9,"pollenindex":4,"windspeed":16,"sunshinepower":272,"sunpower":272},{"datetime":"2020-07-27T10:00:00","datetimeutc":"2020-07-27T08:00:00","timetype":"Hour","precipitationmm":0.8,"temperature":18.3,"feeltemperature":18.3,"cloudcover":56,"iconcode":"f","iconid":33,"sources":1,"winddirection":"ZW","winddirectiondegrees":220,"windspeedms":4.89,"visibility":8800,"precipitation":55,"beaufort":3,"humidity":82,"sunshine":21,"hour":10,"pollenindex":4,"windspeed":18,"sunshinepower":365,"sunpower":365},{"datetime":"2020-07-27T11:00:00","datetimeutc":"2020-07-27T09:00:00","timetype":"Hour","precipitationmm":1.0,"temperature":18.7,"feeltemperature":18.7,"cloudcover":56,"iconcode":"f","iconid":33,"sources":1,"winddirection":"ZW","winddirectiondegrees":230,"windspeedms":5.36,"visibility":10000,"precipitation":55,"beaufort":3,"humidity":78,"sunshine":40,"hour":11,"pollenindex":4,"windspeed":19,"sunshinepower":436,"sunpower":436},{"datetime":"2020-07-27T12:00:00","datetimeutc":"2020-07-27T10:00:00","timetype":"Hour","precipitationmm":0.0,"temperature":19.2,"feeltemperature":19.2,"cloudcover":56,"iconcode":"b","iconid":9,"sources":1,"winddirection":"ZW","winddirectiondegrees":243,"windspeedms":5.82,"visibility":11000,"precipitation":2,"beaufort":3,"humidity":74,"sunshine":40,"hour":12,"pollenindex":4,"windspeed":21,"sunshinepower":481,"sunpower":481},{"datetime":"2020-07-27T13:00:00","datetimeutc":"2020-07-27T11:00:00","timetype":"Hour","precipitationmm":0.0,"temperature":19.5,"feeltemperature":19.5,"cloudcover":84,"iconcode":"r","iconid":20,"sources":1,"winddirection":"W","winddirectiondegrees":255,"windspeedms":6.13,"visibility":11000,"precipitation":2,"beaufort":4,"humidity":70,"sunshine":40,"hour":13,"pollenindex":4,"windspeed":22,"sunshinepower":509,"sunpower":509},{"datetime":"2020-07-27T14:00:00","datetimeutc":"2020-07-27T12:00:00","timetype":"Hour","precipitationmm":0.9,"temperature":19.7,"feeltemperature":19.7,"cloudcover":100,"iconcode":"m","iconid":33,"sources":1,"winddirection":"W","winddirectiondegrees":264,"windspeedms":6.3,"visibility":11000,"precipitation":40,"beaufort":4,"humidity":69,"sunshine":11,"hour":14,"pollenindex":4,"windspeed":23,"sunshinepower":526,"sunpower":526},{"datetime":"2020-07-27T15:00:00","datetimeutc":"2020-07-27T13:00:00","timetype":"Hour","precipitationmm":0.0,"temperature":19.9,"feeltemperature":19.9,"cloudcover":58,"iconcode":"b","iconid":20,"sources":1,"winddirection":"W","winddirectiondegrees":270,"windspeedms":6.26,"visibility":11200,"precipitation":2,"beaufort":4,"humidity":67,"sunshine":0,"hour":15,"pollenindex":5,"windspeed":23,"sunshinepower":516,"sunpower":516},{"datetime":"2020-07-27T16:00:00","datetimeutc":"2020-07-27T14:00:00","timetype":"Hour","precipitationmm":0.0,"temperature":20.0,"feeltemperature":20.0,"cloudcover":55,"iconcode":"b","iconid":21,"sources":1,"winddirection":"W","winddirectiondegrees":270,"windspeedms":6.13,"visibility":11400,"precipitation":2,"beaufort":4,"humidity":68,"sunshine":38,"hour":16,"pollenindex":4,"windspeed":22,"sunshinepower":476,"sunpower":476},{"datetime":"2020-07-27T17:00:00","datetimeutc":"2020-07-27T15:00:00","timetype":"Hour","precipitationmm":0.0,"temperature":20.0,"feeltemperature":20.0,"cloudcover":56,"iconcode":"b","iconid":21,"sources":1,"winddirection":"W","winddirectiondegrees":268,"windspeedms":5.77,"visibility":11000,"precipitation":2,"beaufort":3,"humidity":66,"sunshine":41,"hour":17,"pollenindex":5,"windspeed":21,"sunshinepower":405,"sunpower":405},{"datetime":"2020-07-27T18:00:00","datetimeutc":"2020-07-27T16:00:00","timetype":"Hour","precipitationmm":0.0,"temperature":19.7,"feeltemperature":19.7,"cloudcover":46,"iconcode":"j","iconid":21,"sources":1,"winddirection":"W","winddirectiondegrees":265,"windspeedms":5.23,"visibility":10800,"precipitation":2,"beaufort":3,"humidity":66,"sunshine":40,"hour":18,"pollenindex":5,"windspeed":19,"sunshinepower":310,"sunpower":310},{"datetime":"2020-07-27T19:00:00","datetimeutc":"2020-07-27T17:00:00","timetype":"Hour","precipitationmm":0.0,"temperature":19.2,"feeltemperature":19.2,"cloudcover":46,"iconcode":"j","iconid":21,"sources":1,"winddirection":"W","winddirectiondegrees":261,"windspeedms":4.4,"visibility":11800,"precipitation":1,"beaufort":3,"humidity":67,"sunshine":50,"hour":19,"pollenindex":5,"windspeed":16,"sunshinepower":209,"sunpower":209},{"datetime":"2020-07-27T20:00:00","datetimeutc":"2020-07-27T18:00:00","timetype":"Hour","precipitationmm":0.0,"temperature":18.5,"feeltemperature":18.5,"cloudcover":50,"iconcode":"b","iconid":21,"sources":1,"winddirection":"W","winddirectiondegrees":257,"windspeedms":3.82,"visibility":12400,"precipitation":2,"beaufort":2,"humidity":70,"sunshine":50,"hour":20,"pollenindex":4,"windspeed":14,"sunshinepower":110,"sunpower":110},{"datetime":"2020-07-27T21:00:00","datetimeutc":"2020-07-27T19:00:00","timetype":"Hour","precipitationmm":0.0,"temperature":17.7,"feeltemperature":17.7,"cloudcover":100,"iconcode":"c","iconid":19,"sources":1,"winddirection":"W","winddirectiondegrees":253,"windspeedms":3.25,"visibility":12000,"precipitation":1,"beaufort":2,"humidity":75,"sunshine":46,"hour":21,"pollenindex":4,"windspeed":12,"sunshinepower":31,"sunpower":31},{"datetime":"2020-07-27T22:00:00","datetimeutc":"2020-07-27T20:00:00","timetype":"Hour","precipitationmm":0.0,"temperature":17.1,"feeltemperature":17.1,"cloudcover":55,"iconcode":"bb","iconid":20,"sources":1,"winddirection":"ZW","winddirectiondegrees":246,"windspeedms":2.98,"visibility":11210,"precipitation":1,"beaufort":2,"humidity":76,"sunshine":0,"hour":22,"pollenindex":4,"windspeed":11,"sunshinepower":0,"sunpower":0},{"datetime":"2020-07-27T23:00:00","datetimeutc":"2020-07-27T21:00:00","timetype":"Hour","precipitationmm":0.0,"temperature":16.6,"feeltemperature":16.6,"cloudcover":78,"iconcode":"rr","iconid":19,"sources":1,"winddirection":"ZW","winddirectiondegrees":236,"windspeedms":3.12,"visibility":10610,"precipitation":1,"beaufort":2,"humidity":80,"sunshine":0,"hour":23,"pollenindex":4,"windspeed":11,"sunshinepower":0,"sunpower":0}],"datetime":"2020-07-27T00:00:00","datetimeutc":"2020-07-26T22:00:00","timetype":"Day","precipitationmm":2.8,"mintemperature":14.5,"maxtemperature":20.0,"cloudcover":25,"iconcode":"f","iconid":16,"sources":1,"winddirection":"ZW","winddirectiondegrees":225,"windspeedms":4.37,"precipitation":55,"beaufort":3,"uvindex":6,"bbqindex":7,"mosquitoindex":6,"pollenindex":5,"icescrapeindex":1,"mintemp":14.5,"maxtemp":20.0,"windspeed":4},{"date":"2020-07-28T00:00:00","sunrise":"2020-07-28T05:55:25","sunset":"2020-07-28T21:37:32","hours":[{"datetime":"2020-07-28T00:00:00","datetimeutc":"2020-07-27T22:00:00","timetype":"Hour","precipitationmm":0.0,"temperature":16.2,"feeltemperature":16.2,"cloudcover":86,"iconcode":"rr","iconid":19,"sources":1,"winddirection":"ZW","winddirectiondegrees":237,"windspeedms":3.0,"visibility":10810,"precipitation":1,"beaufort":2,"humidity":81,"sunshine":0,"hour":0,"pollenindex":4,"windspeed":11,"sunshinepower":0,"sunpower":0},{"datetime":"2020-07-28T01:00:00","datetimeutc":"2020-07-27T23:00:00","timetype":"Hour","precipitationmm":0.0,"temperature":15.8,"feeltemperature":15.8,"cloudcover":88,"iconcode":"rr","iconid":19,"sources":1,"winddirection":"ZW","winddirectiondegrees":228,"windspeedms":3.07,"visibility":9620,"precipitation":1,"beaufort":2,"humidity":83,"sunshine":0,"hour":1,"pollenindex":4,"windspeed":11,"sunshinepower":0,"sunpower":0},{"datetime":"2020-07-28T02:00:00","datetimeutc":"2020-07-28T00:00:00","timetype":"Hour","precipitationmm":0.0,"temperature":15.4,"feeltemperature":15.4,"cloudcover":89,"iconcode":"rr","iconid":19,"sources":1,"winddirection":"ZW","winddirectiondegrees":218,"windspeedms":3.23,"visibility":9420,"precipitation":1,"beaufort":2,"humidity":86,"sunshine":0,"hour":2,"pollenindex":3,"windspeed":12,"sunshinepower":0,"sunpower":0},{"datetime":"2020-07-28T03:00:00","datetimeutc":"2020-07-28T01:00:00","timetype":"Hour","precipitationmm":0.0,"temperature":15.0,"feeltemperature":15.0,"cloudcover":93,"iconcode":"cc","iconid":19,"sources":1,"winddirection":"ZW","winddirectiondegrees":217,"windspeedms":3.38,"visibility":9610,"precipitation":1,"beaufort":2,"humidity":87,"sunshine":0,"hour":3,"pollenindex":3,"windspeed":12,"sunshinepower":0,"sunpower":0},{"datetime":"2020-07-28T04:00:00","datetimeutc":"2020-07-28T02:00:00","timetype":"Hour","precipitationmm":0.0,"temperature":14.6,"feeltemperature":14.6,"cloudcover":98,"iconcode":"cc","iconid":19,"sources":1,"winddirection":"ZW","winddirectiondegrees":214,"windspeedms":3.37,"visibility":5010,"precipitation":1,"beaufort":2,"humidity":85,"sunshine":0,"hour":4,"pollenindex":4,"windspeed":12,"sunshinepower":0,"sunpower":0},{"datetime":"2020-07-28T05:00:00","datetimeutc":"2020-07-28T03:00:00","timetype":"Hour","precipitationmm":0.0,"temperature":14.5,"feeltemperature":13.7,"cloudcover":100,"iconcode":"dd","iconid":19,"sources":1,"winddirection":"ZW","winddirectiondegrees":211,"windspeedms":3.5,"visibility":210,"precipitation":2,"beaufort":2,"humidity":84,"sunshine":0,"hour":5,"pollenindex":4,"windspeed":13,"sunshinepower":0,"sunpower":0},{"datetime":"2020-07-28T06:00:00","datetimeutc":"2020-07-28T04:00:00","timetype":"Hour","precipitationmm":0.0,"temperature":14.8,"feeltemperature":13.9,"cloudcover":100,"iconcode":"d","iconid":19,"sources":1,"winddirection":"ZW","winddirectiondegrees":211,"windspeedms":3.65,"visibility":210,"precipitation":2,"beaufort":2,"humidity":84,"sunshine":0,"hour":6,"pollenindex":4,"windspeed":13,"sunshinepower":0,"sunpower":0},{"datetime":"2020-07-28T07:00:00","datetimeutc":"2020-07-28T05:00:00","timetype":"Hour","precipitationmm":0.0,"temperature":15.3,"feeltemperature":15.3,"cloudcover":100,"iconcode":"d","iconid":19,"sources":1,"winddirection":"ZW","winddirectiondegrees":210,"windspeedms":3.88,"visibility":10,"precipitation":2,"beaufort":2,"humidity":84,"sunshine":0,"hour":7,"pollenindex":4,"windspeed":14,"sunshinepower":53,"sunpower":53},{"datetime":"2020-07-28T08:00:00","datetimeutc":"2020-07-28T06:00:00","timetype":"Hour","precipitationmm":0.0,"temperature":16.0,"feeltemperature":16.0,"cloudcover":100,"iconcode":"c","iconid":19,"sources":1,"winddirection":"ZW","winddirectiondegrees":219,"windspeedms":4.72,"visibility":8800,"precipitation":2,"beaufort":3,"humidity":83,"sunshine":0,"hour":8,"pollenindex":4,"windspeed":17,"sunshinepower":147,"sunpower":147},{"datetime":"2020-07-28T09:00:00","datetimeutc":"2020-07-28T07:00:00","timetype":"Hour","precipitationmm":0.0,"temperature":16.6,"feeltemperature":16.6,"cloudcover":97,"iconcode":"c","iconid":19,"sources":1,"winddirection":"ZW","winddirectiondegrees":227,"windspeedms":5.06,"visibility":9800,"precipitation":2,"beaufort":3,"humidity":79,"sunshine":0,"hour":9,"pollenindex":4,"windspeed":18,"sunshinepower":251,"sunpower":251},{"datetime":"2020-07-28T10:00:00","datetimeutc":"2020-07-28T08:00:00","timetype":"Hour","precipitationmm":0.0,"temperature":17.0,"feeltemperature":17.0,"cloudcover":91,"iconcode":"c","iconid":19,"sources":1,"winddirection":"ZW","winddirectiondegrees":237,"windspeedms":5.91,"visibility":14400,"precipitation":2,"beaufort":3,"humidity":75,"sunshine":0,"hour":10,"pollenindex":4,"windspeed":21,"sunshinepower":357,"sunpower":357},{"datetime":"2020-07-28T11:00:00","datetimeutc":"2020-07-28T09:00:00","timetype":"Hour","precipitationmm":1.2,"temperature":17.4,"feeltemperature":17.4,"cloudcover":82,"iconcode":"m","iconid":33,"sources":1,"winddirection":"ZW","winddirectiondegrees":242,"windspeedms":6.51,"visibility":16000,"precipitation":54,"beaufort":4,"humidity":71,"sunshine":3,"hour":11,"pollenindex":4,"windspeed":23,"sunshinepower":456,"sunpower":456},{"datetime":"2020-07-28T12:00:00","datetimeutc":"2020-07-28T10:00:00","timetype":"Hour","precipitationmm":0.0,"temperature":17.7,"feeltemperature":17.7,"cloudcover":79,"iconcode":"r","iconid":7,"sources":1,"winddirection":"ZW","winddirectiondegrees":245,"windspeedms":6.93,"visibility":16400,"precipitation":2,"beaufort":4,"humidity":68,"sunshine":13,"hour":12,"pollenindex":5,"windspeed":25,"sunshinepower":533,"sunpower":533},{"datetime":"2020-07-28T13:00:00","datetimeutc":"2020-07-28T11:00:00","timetype":"Hour","precipitationmm":0.0,"temperature":17.9,"feeltemperature":17.9,"cloudcover":73,"iconcode":"r","iconid":7,"sources":1,"winddirection":"W","winddirectiondegrees":248,"windspeedms":6.93,"visibility":16000,"precipitation":2,"beaufort":4,"humidity":67,"sunshine":15,"hour":13,"pollenindex":5,"windspeed":25,"sunshinepower":589,"sunpower":589},{"datetime":"2020-07-28T14:00:00","datetimeutc":"2020-07-28T12:00:00","timetype":"Hour","precipitationmm":1.1,"temperature":18.0,"feeltemperature":18.0,"cloudcover":66,"iconcode":"m","iconid":31,"sources":1,"winddirection":"W","winddirectiondegrees":254,"windspeedms":6.86,"visibility":14000,"precipitation":52,"beaufort":4,"humidity":67,"sunshine":21,"hour":14,"pollenindex":5,"windspeed":25,"sunshinepower":613,"sunpower":613},{"datetime":"2020-07-28T15:00:00","datetimeutc":"2020-07-28T13:00:00","timetype":"Hour","precipitationmm":0.0,"temperature":18.2,"feeltemperature":18.2,"cloudcover":60,"iconcode":"b","iconid":7,"sources":1,"winddirection":"W","winddirectiondegrees":263,"windspeedms":6.78,"visibility":12600,"precipitation":2,"beaufort":4,"humidity":66,"sunshine":30,"hour":15,"pollenindex":5,"windspeed":24,"sunshinepower":597,"sunpower":597},{"datetime":"2020-07-28T16:00:00","datetimeutc":"2020-07-28T14:00:00","timetype":"Hour","precipitationmm":0.0,"temperature":18.4,"feeltemperature":18.4,"cloudcover":55,"iconcode":"b","iconid":7,"sources":1,"winddirection":"W","winddirectiondegrees":270,"windspeedms":6.69,"visibility":12000,"precipitation":2,"beaufort":4,"humidity":64,"sunshine":36,"hour":16,"pollenindex":5,"windspeed":24,"sunshinepower":542,"sunpower":542},{"datetime":"2020-07-28T17:00:00","datetimeutc":"2020-07-28T15:00:00","timetype":"Hour","precipitationmm":0.0,"temperature":18.5,"feeltemperature":18.5,"cloudcover":73,"iconcode":"r","iconid":7,"sources":1,"winddirection":"W","winddirectiondegrees":274,"windspeedms":5.89,"visibility":12600,"precipitation":2,"beaufort":3,"humidity":61,"sunshine":41,"hour":17,"pollenindex":5,"windspeed":21,"sunshinepower":456,"sunpower":456},{"datetime":"2020-07-28T18:00:00","datetimeutc":"2020-07-28T16:00:00","timetype":"Hour","precipitationmm":0.0,"temperature":18.4,"feeltemperature":18.4,"cloudcover":87,"iconcode":"r","iconid":19,"sources":1,"winddirection":"W","winddirectiondegrees":274,"windspeedms":5.48,"visibility":12800,"precipitation":1,"beaufort":3,"humidity":60,"sunshine":21,"hour":18,"pollenindex":5,"windspeed":20,"sunshinepower":350,"sunpower":350},{"datetime":"2020-07-28T19:00:00","datetimeutc":"2020-07-28T17:00:00","timetype":"Hour","precipitationmm":0.0,"temperature":17.9,"feeltemperature":17.9,"cloudcover":53,"iconcode":"b","iconid":19,"sources":1,"winddirection":"W","winddirectiondegrees":273,"windspeedms":4.43,"visibility":13000,"precipitation":1,"beaufort":3,"humidity":61,"sunshine":8,"hour":19,"pollenindex":5,"windspeed":16,"sunshinepower":236,"sunpower":236},{"datetime":"2020-07-28T20:00:00","datetimeutc":"2020-07-28T18:00:00","timetype":"Hour","precipitationmm":0.0,"temperature":17.1,"feeltemperature":17.1,"cloudcover":55,"iconcode":"b","iconid":19,"sources":1,"winddirection":"W","winddirectiondegrees":272,"windspeedms":4.31,"visibility":12800,"precipitation":1,"beaufort":3,"humidity":64,"sunshine":43,"hour":20,"pollenindex":5,"windspeed":16,"sunshinepower":124,"sunpower":124},{"datetime":"2020-07-28T21:00:00","datetimeutc":"2020-07-28T19:00:00","timetype":"Hour","precipitationmm":0.0,"temperature":16.0,"feeltemperature":16.0,"cloudcover":49,"iconcode":"j","iconid":19,"sources":1,"winddirection":"W","winddirectiondegrees":270,"windspeedms":3.94,"visibility":12200,"precipitation":1,"beaufort":2,"humidity":69,"sunshine":41,"hour":21,"pollenindex":5,"windspeed":14,"sunshinepower":34,"sunpower":34},{"datetime":"2020-07-28T22:00:00","datetimeutc":"2020-07-28T20:00:00","timetype":"Hour","precipitationmm":0.0,"temperature":15.0,"feeltemperature":15.0,"cloudcover":60,"iconcode":"bb","iconid":19,"sources":1,"winddirection":"W","winddirectiondegrees":261,"windspeedms":3.83,"visibility":11610,"precipitation":1,"beaufort":2,"humidity":72,"sunshine":31,"hour":22,"pollenindex":4,"windspeed":14,"sunshinepower":0,"sunpower":0},{"datetime":"2020-07-28T23:00:00","datetimeutc":"2020-07-28T21:00:00","timetype":"Hour","precipitationmm":0.0,"temperature":14.2,"feeltemperature":13.2,"cloudcover":66,"iconcode":"bb","iconid":19,"sources":1,"winddirection":"W","winddirectiondegrees":249,"windspeedms":3.76,"visibility":10610,"precipitation":1,"beaufort":2,"humidity":77,"sunshine":0,"hour":23,"pollenindex":4,"windspeed":14,"sunshinepower":0,"sunpower":0}],"datetime":"2020-07-28T00:00:00","datetimeutc":"2020-07-27T22:00:00","timetype":"Day","precipitationmm":2.2,"mintemperature":14.2,"maxtemperature":18.5,"cloudcover":25,"iconcode":"f","iconid":16,"sources":1,"winddirection":"ZW","winddirectiondegrees":225,"windspeedms":4.8,"precipitation":54,"beaufort":3,"uvindex":6,"bbqindex":7,"mosquitoindex":5,"pollenindex":5,"icescrapeindex":1,"mintemp":14.2,"maxtemp":18.5,"windspeed":5},{"date":"2020-07-29T00:00:00","sunrise":"2020-07-29T05:56:57","sunset":"2020-07-29T21:35:56","hours":[{"datetime":"2020-07-29T00:00:00","datetimeutc":"2020-07-28T22:00:00","timetype":"Hour","precipitationmm":0.0,"temperature":13.6,"feeltemperature":13.6,"cloudcover":59,"iconcode":"bb","iconid":19,"sources":1,"winddirection":"ZW","winddirectiondegrees":236,"windspeedms":3.23,"visibility":9820,"precipitation":1,"beaufort":2,"humidity":80,"sunshine":0,"hour":0,"pollenindex":4,"windspeed":12,"sunshinepower":0,"sunpower":0},{"datetime":"2020-07-29T01:00:00","datetimeutc":"2020-07-28T23:00:00","timetype":"Hour","precipitationmm":0.0,"temperature":13.4,"feeltemperature":13.4,"cloudcover":82,"iconcode":"rr","iconid":19,"sources":1,"winddirection":"ZW","winddirectiondegrees":227,"windspeedms":2.99,"visibility":8830,"precipitation":1,"beaufort":2,"humidity":82,"sunshine":0,"hour":1,"pollenindex":4,"windspeed":11,"sunshinepower":0,"sunpower":0},{"datetime":"2020-07-29T02:00:00","datetimeutc":"2020-07-29T00:00:00","timetype":"Hour","precipitationmm":0.0,"temperature":13.4,"feeltemperature":13.4,"cloudcover":76,"iconcode":"rr","iconid":20,"sources":1,"winddirection":"ZW","winddirectiondegrees":213,"windspeedms":3.0,"visibility":8420,"precipitation":1,"beaufort":2,"humidity":82,"sunshine":0,"hour":2,"pollenindex":4,"windspeed":11,"sunshinepower":0,"sunpower":0},{"datetime":"2020-07-29T03:00:00","datetimeutc":"2020-07-29T01:00:00","timetype":"Hour","precipitationmm":0.0,"temperature":13.6,"feeltemperature":13.6,"cloudcover":72,"iconcode":"rr","iconid":22,"sources":1,"winddirection":"Z","winddirectiondegrees":201,"windspeedms":3.21,"visibility":8610,"precipitation":1,"beaufort":2,"humidity":82,"sunshine":0,"hour":3,"pollenindex":4,"windspeed":12,"sunshinepower":0,"sunpower":0},{"datetime":"2020-07-29T04:00:00","datetimeutc":"2020-07-29T02:00:00","timetype":"Hour","precipitationmm":0.0,"temperature":13.6,"feeltemperature":13.6,"cloudcover":69,"iconcode":"bb","iconid":22,"sources":1,"winddirection":"Z","winddirectiondegrees":192,"windspeedms":3.27,"visibility":8810,"precipitation":1,"beaufort":2,"humidity":83,"sunshine":0,"hour":4,"pollenindex":4,"windspeed":12,"sunshinepower":0,"sunpower":0},{"datetime":"2020-07-29T05:00:00","datetimeutc":"2020-07-29T03:00:00","timetype":"Hour","precipitationmm":0.0,"temperature":13.5,"feeltemperature":13.5,"cloudcover":61,"iconcode":"bb","iconid":22,"sources":1,"winddirection":"Z","winddirectiondegrees":186,"windspeedms":3.3,"visibility":8600,"precipitation":1,"beaufort":2,"humidity":83,"sunshine":0,"hour":5,"pollenindex":4,"windspeed":12,"sunshinepower":0,"sunpower":0},{"datetime":"2020-07-29T06:00:00","datetimeutc":"2020-07-29T04:00:00","timetype":"Hour","precipitationmm":0.0,"temperature":13.8,"feeltemperature":12.8,"cloudcover":61,"iconcode":"b","iconid":22,"sources":1,"winddirection":"Z","winddirectiondegrees":180,"windspeedms":3.54,"visibility":8400,"precipitation":1,"beaufort":2,"humidity":82,"sunshine":3,"hour":6,"pollenindex":4,"windspeed":13,"sunshinepower":0,"sunpower":0},{"datetime":"2020-07-29T07:00:00","datetimeutc":"2020-07-29T05:00:00","timetype":"Hour","precipitationmm":0.0,"temperature":14.4,"feeltemperature":13.4,"cloudcover":68,"iconcode":"b","iconid":22,"sources":1,"winddirection":"Z","winddirectiondegrees":182,"windspeedms":3.92,"visibility":8800,"precipitation":1,"beaufort":2,"humidity":82,"sunshine":35,"hour":7,"pollenindex":4,"windspeed":14,"sunshinepower":64,"sunpower":64},{"datetime":"2020-07-29T08:00:00","datetimeutc":"2020-07-29T06:00:00","timetype":"Hour","precipitationmm":0.0,"temperature":15.1,"feeltemperature":15.1,"cloudcover":73,"iconcode":"r","iconid":22,"sources":1,"winddirection":"Z","winddirectiondegrees":192,"windspeedms":4.41,"visibility":9000,"precipitation":1,"beaufort":3,"humidity":80,"sunshine":28,"hour":8,"pollenindex":4,"windspeed":16,"sunshinepower":170,"sunpower":170},{"datetime":"2020-07-29T09:00:00","datetimeutc":"2020-07-29T07:00:00","timetype":"Hour","precipitationmm":0.0,"temperature":15.7,"feeltemperature":15.7,"cloudcover":75,"iconcode":"r","iconid":7,"sources":1,"winddirection":"Z","winddirectiondegrees":193,"windspeedms":4.64,"visibility":9800,"precipitation":1,"beaufort":3,"humidity":78,"sunshine":23,"hour":9,"pollenindex":4,"windspeed":17,"sunshinepower":271,"sunpower":271},{"datetime":"2020-07-29T10:00:00","datetimeutc":"2020-07-29T08:00:00","timetype":"Hour","precipitationmm":0.0,"temperature":16.1,"feeltemperature":16.1,"cloudcover":75,"iconcode":"r","iconid":7,"sources":1,"winddirection":"Z","winddirectiondegrees":192,"windspeedms":4.91,"visibility":10400,"precipitation":1,"beaufort":3,"humidity":75,"sunshine":20,"hour":10,"pollenindex":4,"windspeed":18,"sunshinepower":369,"sunpower":369},{"datetime":"2020-07-29T11:00:00","datetimeutc":"2020-07-29T09:00:00","timetype":"Hour","precipitationmm":1.2,"temperature":16.5,"feeltemperature":16.5,"cloudcover":73,"iconcode":"m","iconid":33,"sources":1,"winddirection":"Z","winddirectiondegrees":201,"windspeedms":5.22,"visibility":11000,"precipitation":33,"beaufort":3,"humidity":72,"sunshine":20,"hour":11,"pollenindex":4,"windspeed":19,"sunshinepower":447,"sunpower":447},{"datetime":"2020-07-29T12:00:00","datetimeutc":"2020-07-29T10:00:00","timetype":"Hour","precipitationmm":0.0,"temperature":16.9,"feeltemperature":16.9,"cloudcover":77,"iconcode":"r","iconid":8,"sources":1,"winddirection":"ZW","winddirectiondegrees":220,"windspeedms":5.25,"visibility":11800,"precipitation":2,"beaufort":3,"humidity":69,"sunshine":21,"hour":12,"pollenindex":5,"windspeed":19,"sunshinepower":529,"sunpower":529},{"datetime":"2020-07-29T13:00:00","datetimeutc":"2020-07-29T11:00:00","timetype":"Hour","precipitationmm":0.0,"temperature":17.2,"feeltemperature":17.2,"cloudcover":79,"iconcode":"r","iconid":8,"sources":1,"winddirection":"W","winddirectiondegrees":248,"windspeedms":5.5,"visibility":12400,"precipitation":1,"beaufort":3,"humidity":66,"sunshine":18,"hour":13,"pollenindex":5,"windspeed":20,"sunshinepower":348,"sunpower":348},{"datetime":"2020-07-29T14:00:00","datetimeutc":"2020-07-29T12:00:00","timetype":"Hour","precipitationmm":0.0,"temperature":17.3,"feeltemperature":17.3,"cloudcover":81,"iconcode":"r","iconid":21,"sources":1,"winddirection":"W","winddirectiondegrees":269,"windspeedms":5.95,"visibility":12400,"precipitation":2,"beaufort":3,"humidity":66,"sunshine":16,"hour":14,"pollenindex":5,"windspeed":21,"sunshinepower":0,"sunpower":0}],"datetime":"2020-07-29T00:00:00","datetimeutc":"2020-07-28T22:00:00","timetype":"Day","precipitationmm":3.0,"mintemperature":13.4,"maxtemperature":19.6,"cloudcover":25,"iconcode":"f","iconid":16,"sources":1,"winddirection":"Z","winddirectiondegrees":180,"windspeedms":3.61,"precipitation":57,"beaufort":2,"mosquitoindex":6,"pollenindex":5,"icescrapeindex":1,"mintemp":13.4,"maxtemp":19.6,"windspeed":4},{"date":"2020-07-30T00:00:00","sunrise":"2020-07-30T05:58:29","sunset":"2020-07-30T21:34:17","datetime":"2020-07-30T00:00:00","datetimeutc":"2020-07-29T22:00:00","timetype":"Day","precipitationmm":0.0,"mintemperature":14.9,"maxtemperature":19.4,"cloudcover":75,"iconcode":"r","iconid":3,"sources":1,"winddirection":"NW","winddirectiondegrees":315,"windspeedms":1.8,"precipitation":2,"beaufort":1,"pollenindex":5,"mintemp":14.9,"maxtemp":19.4,"windspeed":2},{"date":"2020-07-31T00:00:00","sunrise":"2020-07-31T06:00:02","sunset":"2020-07-31T21:32:37","datetime":"2020-07-31T00:00:00","datetimeutc":"2020-07-30T22:00:00","timetype":"Day","precipitationmm":0.0,"mintemperature":15.2,"maxtemperature":20.1,"cloudcover":25,"iconcode":"j","iconid":2,"sources":1,"winddirection":"NW","winddirectiondegrees":315,"windspeedms":1.35,"precipitation":2,"beaufort":1,"pollenindex":5,"mintemp":15.2,"maxtemp":20.1,"windspeed":1},{"date":"2020-08-01T00:00:00","sunrise":"2020-08-01T06:01:36","sunset":"2020-08-01T21:30:55","datetime":"2020-08-01T00:00:00","datetimeutc":"2020-07-31T22:00:00","timetype":"Day","precipitationmm":0.0,"mintemperature":16.3,"maxtemperature":21.3,"cloudcover":25,"iconcode":"j","iconid":2,"sources":1,"winddirection":"ZO","winddirectiondegrees":135,"windspeedms":1.71,"precipitation":1,"beaufort":1,"pollenindex":5,"mintemp":16.3,"maxtemp":21.3,"windspeed":2},{"date":"2020-08-02T00:00:00","sunrise":"2020-08-02T06:03:11","sunset":"2020-08-02T21:29:10","datetime":"2020-08-02T00:00:00","datetimeutc":"2020-08-01T22:00:00","timetype":"Day","precipitationmm":0.0,"mintemperature":16.3,"maxtemperature":21.2,"cloudcover":25,"iconcode":"j","iconid":2,"sources":1,"winddirection":"ZO","winddirectiondegrees":135,"windspeedms":1.35,"precipitation":2,"beaufort":1,"pollenindex":5,"mintemp":16.3,"maxtemp":21.2,"windspeed":1},{"date":"2020-08-03T00:00:00","sunrise":"2020-08-03T06:04:46","sunset":"2020-08-03T21:27:25","datetime":"2020-08-03T00:00:00","datetimeutc":"2020-08-02T22:00:00","timetype":"Day","precipitationmm":4.4,"mintemperature":16.2,"maxtemperature":20.6,"cloudcover":25,"iconcode":"f","iconid":16,"sources":1,"winddirection":"ZO","winddirectiondegrees":135,"windspeedms":1.35,"precipitation":61,"beaufort":1,"pollenindex":5,"mintemp":16.2,"maxtemp":20.6,"windspeed":1},{"date":"2020-08-04T00:00:00","sunrise":"2020-08-04T06:06:21","sunset":"2020-08-04T21:25:37","datetime":"2020-08-04T00:00:00","datetimeutc":"2020-08-03T22:00:00","timetype":"Day","precipitationmm":3.3,"mintemperature":16.6,"maxtemperature":21.4,"cloudcover":25,"iconcode":"f","iconid":16,"sources":1,"winddirection":"N","winddirectiondegrees":0,"windspeedms":1.78,"precipitation":58,"beaufort":1,"pollenindex":5,"mintemp":16.6,"maxtemp":21.4,"windspeed":2},{"date":"2020-08-05T00:00:00","sunrise":"2020-08-05T06:07:58","sunset":"2020-08-05T21:23:48","datetime":"2020-08-05T00:00:00","datetimeutc":"2020-08-04T22:00:00","timetype":"Day","precipitationmm":0.0,"mintemperature":16.8,"maxtemperature":21.7,"cloudcover":25,"iconcode":"j","iconid":2,"sources":1,"winddirection":"N","winddirectiondegrees":0,"windspeedms":1.63,"precipitation":2,"beaufort":1,"pollenindex":5,"mintemp":16.8,"maxtemp":21.7,"windspeed":2}]}