{"location":{"lat":52.37,"lon":4.89},"timeOffset":2.0,"timestamp":"2020-07-21T17:12:10","altitude":0,"elevation":0,"machinename":"None","elapsedms":0,"pollenindexNowDay":5,"pollenindexNowHour":4,"nowrelevant":{"values":[{"type":"pollenindex","value":5},{"type":"uvindex","value":5}]},"days":[{"date":"2020-07-21T00:00:00","sunrise":"2020-07-21T05:45:10","sunset":"2020-07-21T21:47:49","evening":{"datetime":"2020-07-21T20:00:00","datetimeutc":"2020-07-21T18:00:00","timetype":"Evening","precipitationmm":0.0,"mintemperature":14.2,"maxtemperature":17.5,"cloudcover":53,"iconcode":"b","iconid":7,"sources":1,"winddirection":"N","winddirectiondegrees":343,"windspeedms":3.2,"visibility":14532,"precipitation":0,"beaufort":2,"humidity":70,"sunshine":35,"hour":20,"mintemp":14.2,"maxtemp":17.5,"windspeed":12,"sunshinepower":58,"sunpower":58},"hours":[{"datetime":"2020-07-21T20:00:00","datetimeutc":"2020-07-21T18:00:00","timetype":"Hour","precipitationmm":0.0,"temperature":17.5,"feeltemperature":17.5,"cloudcover":48,"iconcode":"j","iconid":7,"sources":3,"winddirection":"N","winddirectiondegrees":338,"windspeedms":4.3,"visibility":18210,"precipitation":0,"beaufort":3,"humidity":63,"sunshine":55,"hour":20,"pollenindex":5,"windspeed":15,"sunshinepower":175,"sunpower":175},{"datetime":"2020-07-21T21:00:00","datetimeutc":"2020-07-21T19:00:00","timetype":"Hour","precipitationmm":0.0,"temperature":16.2,"feeltemperature":16.2,"cloudcover":52,"iconcode":"b","iconid":7,"sources":2,"winddirection":"N","winddirectiondegrees":343,"windspeedms":3.6,"visibility":15620,"precipitation":0,"beaufort":2,"humidity":69,"sunshine":48,"hour":21,"pollenindex":5,"windspeed":13,"sunshinepower":57,"sunpower":57},{"datetime":"2020-07-21T22:00:00","datetimeutc":"2020-07-21T20:00:00","timetype":"Hour","precipitationmm":0.0,"temperature":15.1,"feeltemperature":15.1,"cloudcover":55,"iconcode":"bb","iconid":8,"sources":2,"winddirection":"N","winddirectiondegrees":345,"windspeedms":2.6,"visibility":12640,"precipitation":0,"beaufort":2,"humidity":73,"sunshine":38,"hour":22,"pollenindex":4,"windspeed":9,"sunshinepower":0,"sunpower":0},{"datetime":"2020-07-21T23:00:00","datetimeutc":"2020-07-21T21:00:00","timetype":"Hour","precipitationmm":0.0,"temperature":14.2,"feeltemperature":14.2,"cloudcover":57,"iconcode":"bb","iconid":8,"sources":2,"winddirection":"N","winddirectiondegrees":346,"windspeedms":2.1,"visibility":11660,"precipitation":0,"beaufort":2,"humidity":77,"sunshine":0,"hour":23,"pollenindex":4,"windspeed":8,"sunshinepower":0,"sunpower":0}],"datetime":"2020-07-21T00:00:00","datetimeutc":"2020-07-20T22:00:00","timetype":"Day","precipitationmm":0.0,"mintemperature":14.2,"maxtemperature":17.5,"cloudcover":53,"iconcode":"b","iconid":3,"sources":2,"winddirection":"NW","winddirectiondegrees":315,"windspeedms":3.2,"visibility":14532,"precipitation":0,"beaufort":2,"humidity":70,"sunshine":35,"uvindex":5,"bbqindex":6,"mosquitoindex":6,"pollenindex":5,"mintemp":14.2,"maxtemp":17.5,"windspeed":3,"sunshinepower":58,"sunpower":58},{"date":"2020-07-22T00:00:00","sunrise":"2020-07-22T05:46:34","sunset":"2020-07-22T21:46:27","morning":{"datetime":"2020-07-22T07:00:00","datetimeutc":"2020-07-22T05:00:00","timetype":"Morning","precipitationmm":0.0,"mintemperature":13.0,"maxtemperature":18.1,"cloudcover":37,"iconcode":"n","iconid":5,"sources":1,"winddirection":"N","winddirectiondegrees":2,"windspeedms":1.7,"visibility":11254,"precipitation":0,"beaufort":1,"humidity":72,"sunshine":59,"hour":7,"mintemp":13.0,"maxtemp":18.1,"windspeed":6,"sunshinepower":336,"sunpower":336},"afternoon":{"datetime":"2020-07-22T12:00:00","datetimeutc":"2020-07-22T10:00:00","timetype":"Afternoon","precipitationmm":0.0,"mintemperature":18.9,"maxtemperature":20.4,"cloudcover":91,"iconcode":"c","iconid":21,"sources":1,"winddirection":"NO","winddirectiondegrees":37,"windspeedms":2.5,"visibility":19118,"precipitation":0,"beaufort":2,"humidity":52,"sunshine":15,"hour":12,"mintemp":18.9,"maxtemp":20.4,"windspeed":9,"sunshinepower":631,"sunpower":631},"evening":{"datetime":"2020-07-22T18:00:00","datetimeutc":"2020-07-22T16:00:00","timetype":"Evening","precipitationmm":0.0,"mintemperature":15.3,"maxtemperature":20.0,"cloudcover":63,"iconcode":"b","iconid":20,"sources":1,"winddirection":"NO","winddirectiondegrees":55,"windspeedms":2.5,"visibility":21391,"precipitation":0,"beaufort":2,"humidity":56,"sunshine":20,"hour":18,"mintemp":15.3,"maxtemp":20.0,"windspeed":9,"sunshinepower":155,"sunpower":155},"night":{"datetime":"2020-07-22T00:00:00","datetimeutc":"2020-07-21T22:00:00","timetype":"Night","precipitationmm":0.0,"mintemperature":11.2,"maxtemperature":13.6,"cloudcover":58,"iconcode":"b","iconid":8,"sources":1,"winddirection":"NW","winddirectiondegrees":334,"windspeedms":1.3,"visibility":8425,"precipitation":0,"beaufort":1,"humidity":87,"sunshine":1,"hour":0,"mintemp":11.2,"maxtemp":13.6,"windspeed":5,"sunshinepower":1,"sunpower":1},"hours":[{"datetime":"2020-07-22T00:00:00","datetimeutc":"2020-07-21T22:00:00","timetype":"Hour","precipitationmm":0.0,"temperature":13.6,"feeltemperature":13.6,"cloudcover":58,"iconcode":"bb","iconid":8,"sources":2,"winddirection":"N","winddirectiondegrees":343,"windspeedms":1.8,"visibility":11850,"precipitation":0,"beaufort":1,"humidity":79,"sunshine":0,"hour":0,"pollenindex":4,"windspeed":6,"sunshinepower":0,"sunpower":0},{"datetime":"2020-07-22T01:00:00","datetimeutc":"2020-07-21T23:00:00","timetype":"Hour","precipitationmm":0.0,"temperature":12.8,"feeltemperature":12.8,"cloudcover":60,"iconcode":"bb","iconid":7,"sources":2,"winddirection":"NW","winddirectiondegrees":337,"windspeedms":1.5,"visibility":10460,"precipitation":0,"beaufort":1,"humidity":83,"sunshine":0,"hour":1,"pollenindex":4,"windspeed":5,"sunshinepower":0,"sunpower":0},{"datetime":"2020-07-22T02:00:00","datetimeutc":"2020-07-22T00:00:00","timetype":"Hour","precipitationmm":0.0,"temperature":12.1,"feeltemperature":12.1,"cloudcover":60,"iconcode":"bb","iconid":7,"sources":2,"winddirection":"NW","winddirectiondegrees":333,"windspeedms":1.3,"visibility":10060,"precipitation":0,"beaufort":1,"humidity":87,"sunshine":0,"hour":2,"pollenindex":3,"windspeed":5,"sunshinepower":0,"sunpower":0},{"datetime":"2020-07-22T03:00:00","datetimeutc":"2020-07-22T01:00:00","timetype":"Hour","precipitationmm":0.0,"temperature":11.5,"feeltemperature":11.5,"cloudcover":62,"iconcode":"bb","iconid":7,"sources":2,"winddirection":"NW","winddirectiondegrees":330,"windspeedms":1.2,"visibility":9860,"precipitation":0,"beaufort":1,"humidity":90,"sunshine":0,"hour":3,"pollenindex":3,"windspeed":4,"sunshinepower":0,"sunpower":0},{"datetime":"2020-07-22T04:00:00","datetimeutc":"2020-07-22T02:00:00","timetype":"Hour","precipitationmm":0.0,"temperature":11.2,"feeltemperature":11.2,"cloudcover":62,"iconcode":"bb","iconid":7,"sources":2,"winddirection":"NW","winddirectiondegrees":332,"windspeedms":1.2,"visibility":9260,"precipitation":0,"beaufort":1,"humidity":91,"sunshine":0,"hour":4,"pollenindex":3,"windspeed":4,"sunshinepower":0,"sunpower":0},{"datetime":"2020-07-22T05:00:00","datetimeutc":"2020-07-22T03:00:00","timetype":"Hour","precipitationmm":0.0,"temperature":11.3,"feeltemperature":11.3,"cloudcover":59,"iconcode":"bb","iconid":8,"sources":2,"winddirection":"NW","winddirectiondegrees":333,"windspeedms":1.3,"visibility":6860,"precipitation":0,"beaufort":1,"humidity":91,"sunshine":0,"hour":5,"pollenindex":3,"windspeed":5,"sunshinepower":0,"sunpower":0},{"datetime":"2020-07-22T06:00:00","datetimeutc":"2020-07-22T04:00:00","timetype":"Hour","precipitationmm":0.0,"temperature":11.9,"feeltemperature":11.9,"cloudcover":48,"iconcode":"n","iconid":8,"sources":2,"winddirection":"NW","winddirectiondegrees":333,"windspeedms":1.0,"visibility":630,"precipitation":0,"beaufort":1,"humidity":88,"sunshine":10,"hour":6,"pollenindex":3,"windspeed":4,"sunshinepower":11,"sunpower":11},{"datetime":"2020-07-22T07:00:00","datetimeutc":"2020-07-22T05:00:00","timetype":"Hour","precipitationmm":0.0,"temperature":13.0,"feeltemperature":13.0,"cloudcover":33,"iconcode":"n","iconid":5,"sources":2,"winddirection":"NW","winddirectiondegrees":315,"windspeedms":1.0,"visibility":210,"precipitation":0,"beaufort":1,"humidity":85,"sunshine":48,"hour":7,"pollenindex":4,"windspeed":4,"sunshinepower":90,"sunpower":90},{"datetime":"2020-07-22T08:00:00","datetimeutc":"2020-07-22T06:00:00","timetype":"Hour","precipitationmm":0.0,"temperature":14.5,"feeltemperature":14.5,"cloudcover":29,"iconcode":"j","iconid":6,"sources":2,"winddirection":"N","winddirectiondegrees":339,"windspeedms":1.0,"visibility":10620,"precipitation":0,"beaufort":1,"humidity":81,"sunshine":65,"hour":8,"pollenindex":4,"windspeed":4,"sunshinepower":220,"sunpower":220},{"datetime":"2020-07-22T09:00:00","datetimeutc":"2020-07-22T07:00:00","timetype":"Hour","precipitationmm":0.0,"temperature":15.9,"feeltemperature":15.9,"cloudcover":41,"iconcode":"j","iconid":6,"sources":2,"winddirection":"N","winddirectiondegrees":14,"windspeedms":2.1,"visibility":13210,"precipitation":0,"beaufort":2,"humidity":73,"sunshine":70,"hour":9,"pollenindex":4,"windspeed":8,"sunshinepower":350,"sunpower":350},{"datetime":"2020-07-22T10:00:00","datetimeutc":"2020-07-22T08:00:00","timetype":"Hour","precipitationmm":0.0,"temperature":17.1,"feeltemperature":17.1,"cloudcover":39,"iconcode":"j","iconid":21,"sources":2,"winddirection":"NO","winddirectiondegrees":24,"windspeedms":2.2,"visibility":15610,"precipitation":0,"beaufort":2,"humidity":65,"sunshine":56,"hour":10,"pollenindex":5,"windspeed":8,"sunshinepower":465,"sunpower":465},{"datetime":"2020-07-22T11:00:00","datetimeutc":"2020-07-22T09:00:00","timetype":"Hour","precipitationmm":0.0,"temperature":18.1,"feeltemperature":18.1,"cloudcover":46,"iconcode":"j","iconid":21,"sources":2,"winddirection":"NO","winddirectiondegrees":36,"windspeedms":2.3,"visibility":16620,"precipitation":0,"beaufort":2,"humidity":60,"sunshine":58,"hour":11,"pollenindex":5,"windspeed":8,"sunshinepower":557,"sunpower":557},{"datetime":"2020-07-22T12:00:00","datetimeutc":"2020-07-22T10:00:00","timetype":"Hour","precipitationmm":0.0,"temperature":18.9,"feeltemperature":18.9,"cloudcover":53,"iconcode":"b","iconid":21,"sources":2,"winddirection":"NO","winddirectiondegrees":36,"windspeedms":2.2,"visibility":17020,"precipitation":0,"beaufort":2,"humidity":56,"sunshine":51,"hour":12,"pollenindex":6,"windspeed":8,"sunshinepower":625,"sunpower":625},{"datetime":"2020-07-22T13:00:00","datetimeutc":"2020-07-22T11:00:00","timetype":"Hour","precipitationmm":0.0,"temperature":19.4,"feeltemperature":19.4,"cloudcover":100,"iconcode":"c","iconid":19,"sources":2,"winddirection":"NO","winddirectiondegrees":27,"windspeedms":2.2,"visibility":17820,"precipitation":0,"beaufort":2,"humidity":53,"sunshine":43,"hour":13,"pollenindex":6,"windspeed":8,"sunshinepower":661,"sunpower":661},{"datetime":"2020-07-22T14:00:00","datetimeutc":"2020-07-22T12:00:00","timetype":"Hour","precipitationmm":0.0,"temperature":19.8,"feeltemperature":19.8,"cloudcover":100,"iconcode":"c","iconid":19,"sources":2,"winddirection":"NO","winddirectiondegrees":35,"windspeedms":2.4,"visibility":19220,"precipitation":0,"beaufort":2,"humidity":53,"sunshine":0,"hour":14,"pollenindex":6,"windspeed":9,"sunshinepower":676,"sunpower":676},{"datetime":"2020-07-22T15:00:00","datetimeutc":"2020-07-22T13:00:00","timetype":"Hour","precipitationmm":0.0,"temperature":20.2,"feeltemperature":20.2,"cloudcover":100,"iconcode":"c","iconid":19,"sources":2,"winddirection":"NO","winddirectiondegrees":49,"windspeedms":2.7,"visibility":19420,"precipitation":0,"beaufort":2,"humidity":52,"sunshine":0,"hour":15,"pollenindex":6,"windspeed":10,"sunshinepower":672,"sunpower":672},{"datetime":"2020-07-22T16:00:00","datetimeutc":"2020-07-22T14:00:00","timetype":"Hour","precipitationmm":0.0,"temperature":20.4,"feeltemperature":20.4,"cloudcover":100,"iconcode":"c","iconid":20,"sources":2,"winddirection":"NO","winddirectiondegrees":43,"windspeedms":2.8,"visibility":20010,"precipitation":0,"beaufort":2,"humidity":52,"sunshine":0,"hour":16,"pollenindex":6,"windspeed":10,"sunshinepower":623,"sunpower":623},{"datetime":"2020-07-22T17:00:00","datetimeutc":"2020-07-22T15:00:00","timetype":"Hour","precipitationmm":0.0,"temperature":20.4,"feeltemperature":20.4,"cloudcover":95,"iconcode":"c","iconid":19,"sources":2,"winddirection":"NO","winddirectiondegrees":35,"windspeedms":2.8,"visibility":21220,"precipitation":0,"beaufort":2,"humidity":51,"sunshine":0,"hour":17,"pollenindex":6,"windspeed":10,"sunshinepower":534,"sunpower":534},{"datetime":"2020-07-22T18:00:00","datetimeutc":"2020-07-22T16:00:00","timetype":"Hour","precipitationmm":0.0,"temperature":20.0,"feeltemperature":20.0,"cloudcover":78,"iconcode":"r","iconid":20,"sources":2,"winddirection":"NO","winddirectiondegrees":36,"windspeedms":3.0,"visibility":22220,"precipitation":0,"beaufort":2,"humidity":50,"sunshine":0,"hour":18,"pollenindex":6,"windspeed":11,"sunshinepower":416,"sunpower":416},{"datetime":"2020-07-22T19:00:00","datetimeutc":"2020-07-22T17:00:00","timetype":"Hour","precipitationmm":0.0,"temperature":19.5,"feeltemperature":19.5,"cloudcover":57,"iconcode":"b","iconid":22,"sources":2,"winddirection":"NO","winddirectiondegrees":48,"windspeedms":3.0,"visibility":22010,"precipitation":0,"beaufort":2,"humidity":51,"sunshine":16,"hour":19,"pollenindex":6,"windspeed":11,"sunshinepower":290,"sunpower":290},{"datetime":"2020-07-22T20:00:00","datetimeutc":"2020-07-22T18:00:00","timetype":"Hour","precipitationmm":0.0,"temperature":18.5,"feeltemperature":18.5,"cloudcover":50,"iconcode":"b","iconid":7,"sources":2,"winddirection":"NO","winddirectiondegrees":59,"windspeedms":3.0,"visibility":21010,"precipitation":0,"beaufort":2,"humidity":53,"sunshine":38,"hour":20,"pollenindex":6,"windspeed":11,"sunshinepower":169,"sunpower":169},{"datetime":"2020-07-22T21:00:00","datetimeutc":"2020-07-22T19:00:00","timetype":"Hour","precipitationmm":0.0,"temperature":17.3,"feeltemperature":17.3,"cloudcover":68,"iconcode":"b","iconid":7,"sources":2,"winddirection":"NO","winddirectiondegrees":57,"windspeedms":2.4,"visibility":21020,"precipitation":0,"beaufort":2,"humidity":58,"sunshine":46,"hour":21,"pollenindex":6,"windspeed":9,"sunshinepower":58,"sunpower":58},{"datetime":"2020-07-22T22:00:00","datetimeutc":"2020-07-22T20:00:00","timetype":"Hour","precipitationmm":0.0,"temperature":16.2,"feeltemperature":16.2,"cloudcover":30,"iconcode":"jj","iconid":19,"sources":2,"winddirection":"NO","winddirectiondegrees":62,"windspeedms":1.9,"visibility":21630,"precipitation":0,"beaufort":1,"humidity":62,"sunshine":21,"hour":22,"pollenindex":5,"windspeed":7,"sunshinepower":0,"sunpower":0},{"datetime":"2020-07-22T23:00:00","datetimeutc":"2020-07-22T21:00:00","timetype":"Hour","precipitationmm":0.0,"temperature":15.3,"feeltemperature":15.3,"cloudcover":100,"iconcode":"cc","iconid":22,"sources":2,"winddirection":"O","winddirectiondegrees":72,"windspeedms":1.5,"visibility":20460,"precipitation":0,"beaufort":1,"humidity":66,"sunshine":0,"hour":23,"pollenindex":5,"windspeed":5,"sunshinepower":0,"sunpower":0}],"datetime":"2020-07-22T00:00:00","datetimeutc":"2020-07-21T22:00:00","timetype":"Day","precipitationmm":0.0,"mintemperature":11.2,"maxtemperature":20.4,"cloudcover":63,"iconcode":"b","iconid":3,"sources":2,"winddirection":"NO","winddirectiondegrees":45,"windspeedms":2.0,"visibility":14929,"precipitation":0,"beaufort":2,"humidity":67,"sunshine":21,"uvindex":4,"bbqindex":8,"mosquitoindex":7,"pollenindex":5,"icescrapeindex":1,"mintemp":11.2,"maxtemp":20.4,"windspeed":2,"sunshinepower":267,"sunpower":267},{"date":"2020-07-23T00:00:00","sunrise":"2020-07-23T05:48:00","sunset":"2020-07-23T21:45:04","morning":{"datetime":"2020-07-23T07:00:00","datetimeutc":"2020-07-23T05:00:00","timetype":"Morning","precipitationmm":0.0,"mintemperature":14.9,"maxtemperature":21.2,"cloudcover":30,"iconcode":"j","iconid":19,"sources":1,"winddirection":"Z","winddirectiondegrees":199,"windspeedms":3.9,"visibility":18576,"precipitation":0,"beaufort":2,"humidity":63,"sunshine":57,"hour":7,"mintemp":14.9,"maxtemp":21.2,"windspeed":14,"sunshinepower":305,"sunpower":305},"afternoon":{"datetime":"2020-07-23T14:00:00","datetimeutc":"2020-07-23T12:00:00","timetype":"Afternoon","precipitationmm":0.0,"mintemperature":22.3,"maxtemperature":23.2,"cloudcover":99,"iconcode":"c","iconid":22,"sources":1,"winddirection":"W","winddirectiondegrees":263,"windspeedms":4.8,"visibility":26420,"precipitation":0,"beaufort":3,"humidity":48,"sunshine":11,"hour":14,"mintemp":22.3,"maxtemp":23.2,"windspeed":17,"sunshinepower":542,"sunpower":542},"evening":{"datetime":"2020-07-23T18:00:00","datetimeutc":"2020-07-23T16:00:00","timetype":"Evening","precipitationmm":0.0,"mintemperature":18.3,"maxtemperature":21.8,"cloudcover":72,"iconcode":"r","iconid":22,"sources":1,"winddirection":"ZO","winddirectiondegrees":139,"windspeedms":2.5,"visibility":24263,"precipitation":0,"beaufort":2,"humidity":57,"sunshine":11,"hour":18,"mintemp":18.3,"maxtemp":21.8,"windspeed":9,"sunshinepower":125,"sunpower":125},"night":{"datetime":"2020-07-23T00:00:00","datetimeutc":"2020-07-22T22:00:00","timetype":"Night","precipitationmm":0.0,"mintemperature":13.3,"maxtemperature":14.8,"cloudcover":50,"iconcode":"b","iconid":19,"sources":1,"winddirection":"ZO","winddirectiondegrees":138,"windspeedms":2.1,"visibility":16251,"precipitation":0,"beaufort":2,"humidity":73,"sunshine":0,"hour":0,"mintemp":13.3,"maxtemp":14.8,"windspeed":8,"sunshinepower":1,"sunpower":1},"hours":[{"datetime":"2020-07-23T00:00:00","datetimeutc":"2020-07-22T22:00:00","timetype":"Hour","precipitationmm":0.0,"temperature":14.8,"feeltemperature":14.8,"cloudcover":30,"iconcode":"jj","iconid":19,"sources":2,"winddirection":"O","winddirectiondegrees":90,"windspeedms":1.3,"visibility":20460,"precipitation":0,"beaufort":1,"humidity":68,"sunshine":0,"hour":0,"pollenindex":5,"windspeed":5,"sunshinepower":0,"sunpower":0},{"datetime":"2020-07-23T01:00:00","datetimeutc":"2020-07-22T23:00:00","timetype":"Hour","precipitationmm":0.0,"temperature":14.4,"feeltemperature":14.4,"cloudcover":86,"iconcode":"rr","iconid":19,"sources":2,"winddirection":"ZO","winddirectiondegrees":113,"windspeedms":1.8,"visibility":20060,"precipitation":0,"beaufort":1,"humidity":70,"sunshine":0,"hour":1,"pollenindex":5,"windspeed":6,"sunshinepower":0,"sunpower":0},{"datetime":"2020-07-23T02:00:00","datetimeutc":"2020-07-23T00:00:00","timetype":"Hour","precipitationmm":0.0,"temperature":14.0,"feeltemperature":14.0,"cloudcover":30,"iconcode":"jj","iconid":7,"sources":2,"winddirection":"ZO","winddirectiondegrees":131,"windspeedms":2.3,"visibility":17670,"precipitation":0,"beaufort":2,"humidity":73,"sunshine":0,"hour":2,"pollenindex":4,"windspeed":8,"sunshinepower":0,"sunpower":0},{"datetime":"2020-07-23T03:00:00","datetimeutc":"2020-07-23T01:00:00","timetype":"Hour","precipitationmm":0.0,"temperature":13.5,"feeltemperature":13.5,"cloudcover":30,"iconcode":"jj","iconid":7,"sources":2,"winddirection":"ZO","winddirectiondegrees":146,"windspeedms":2.2,"visibility":15460,"precipitation":0,"beaufort":2,"humidity":75,"sunshine":0,"hour":3,"pollenindex":4,"windspeed":8,"sunshinepower":0,"sunpower":0},{"datetime":"2020-07-23T04:00:00","datetimeutc":"2020-07-23T02:00:00","timetype":"Hour","precipitationmm":0.0,"temperature":13.3,"feeltemperature":13.3,"cloudcover":30,"iconcode":"jj","iconid":7,"sources":2,"winddirection":"ZO","winddirectiondegrees":153,"windspeedms":2.1,"visibility":14050,"precipitation":0,"beaufort":2,"humidity":76,"sunshine":0,"hour":4,"pollenindex":4,"windspeed":8,"sunshinepower":0,"sunpower":0},{"datetime":"2020-07-23T05:00:00","datetimeutc":"2020-07-23T03:00:00","timetype":"Hour","precipitationmm":0.0,"temperature":13.3,"feeltemperature":13.3,"cloudcover":69,"iconcode":"bb","iconid":22,"sources":2,"winddirection":"Z","winddirectiondegrees":162,"windspeedms":2.4,"visibility":13440,"precipitation":0,"beaufort":2,"humidity":76,"sunshine":0,"hour":5,"pollenindex":4,"windspeed":9,"sunshinepower":0,"sunpower":0},{"datetime":"2020-07-23T06:00:00","datetimeutc":"2020-07-23T04:00:00","timetype":"Hour","precipitationmm":0.0,"temperature":13.8,"feeltemperature":13.8,"cloudcover":80,"iconcode":"r","iconid":7,"sources":2,"winddirection":"Z","winddirectiondegrees":171,"windspeedms":2.5,"visibility":12620,"precipitation":0,"beaufort":2,"humidity":75,"sunshine":6,"hour":6,"pollenindex":4,"windspeed":9,"sunshinepower":9,"sunpower":9},{"datetime":"2020-07-23T07:00:00","datetimeutc":"2020-07-23T05:00:00","timetype":"Hour","precipitationmm":0.0,"temperature":14.9,"feeltemperature":14.9,"cloudcover":30,"iconcode":"j","iconid":19,"sources":2,"winddirection":"Z","winddirectiondegrees":178,"windspeedms":2.9,"visibility":12810,"precipitation":0,"beaufort":2,"humidity":74,"sunshine":15,"hour":7,"pollenindex":4,"windspeed":10,"sunshinepower":79,"sunpower":79},{"datetime":"2020-07-23T08:00:00","datetimeutc":"2020-07-23T06:00:00","timetype":"Hour","precipitationmm":0.0,"temperature":16.4,"feeltemperature":16.4,"cloudcover":30,"iconcode":"j","iconid":19,"sources":2,"winddirection":"Z","winddirectiondegrees":188,"windspeedms":3.6,"visibility":15010,"precipitation":0,"beaufort":2,"humidity":70,"sunshine":68,"hour":8,"pollenindex":5,"windspeed":13,"sunshinepower":191,"sunpower":191},{"datetime":"2020-07-23T09:00:00","datetimeutc":"2020-07-23T07:00:00","timetype":"Hour","precipitationmm":0.0,"temperature":18.1,"feeltemperature":18.1,"cloudcover":30,"iconcode":"j","iconid":19,"sources":2,"winddirection":"Z","winddirectiondegrees":196,"windspeedms":4.1,"visibility":18220,"precipitation":0,"beaufort":3,"humidity":64,"sunshine":68,"hour":9,"pollenindex":5,"windspeed":15,"sunshinepower":306,"sunpower":306},{"datetime":"2020-07-23T10:00:00","datetimeutc":"2020-07-23T08:00:00","timetype":"Hour","precipitationmm":0.0,"temperature":19.8,"feeltemperature":19.8,"cloudcover":30,"iconcode":"j","iconid":20,"sources":2,"winddirection":"ZW","winddirectiondegrees":213,"windspeedms":4.5,"visibility":22220,"precipitation":0,"beaufort":3,"humidity":57,"sunshine":68,"hour":10,"pollenindex":5,"windspeed":16,"sunshinepower":423,"sunpower":423},{"datetime":"2020-07-23T11:00:00","datetimeutc":"2020-07-23T09:00:00","timetype":"Hour","precipitationmm":0.0,"temperature":21.2,"feeltemperature":21.2,"cloudcover":30,"iconcode":"j","iconid":20,"sources":2,"winddirection":"ZW","winddirectiondegrees":222,"windspeedms":4.6,"visibility":24620,"precipitation":0,"beaufort":3,"humidity":51,"sunshine":68,"hour":11,"pollenindex":6,"windspeed":17,"sunshinepower":529,"sunpower":529},{"datetime":"2020-07-23T12:00:00","datetimeutc":"2020-07-23T10:00:00","timetype":"Hour","precipitationmm":0.0,"temperature":22.4,"feeltemperature":25.2,"cloudcover":94,"iconcode":"c","iconid":22,"sources":2,"winddirection":"ZW","winddirectiondegrees":235,"windspeedms":4.9,"visibility":28220,"precipitation":0,"beaufort":3,"humidity":47,"sunshine":68,"hour":12,"pollenindex":6,"windspeed":18,"sunshinepower":585,"sunpower":585},{"datetime":"2020-07-23T13:00:00","datetimeutc":"2020-07-23T11:00:00","timetype":"Hour","precipitationmm":0.0,"temperature":23.1,"feeltemperature":25.3,"cloudcover":100,"iconcode":"c","iconid":22,"sources":2,"winddirection":"W","winddirectiondegrees":250,"windspeedms":5.2,"visibility":28220,"precipitation":0,"beaufort":3,"humidity":46,"sunshine":0,"hour":13,"pollenindex":5,"windspeed":19,"sunshinepower":585,"sunpower":585},{"datetime":"2020-07-23T14:00:00","datetimeutc":"2020-07-23T12:00:00","timetype":"Hour","precipitationmm":0.0,"temperature":23.2,"feeltemperature":25.4,"cloudcover":100,"iconcode":"c","iconid":22,"sources":1,"winddirection":"W","winddirectiondegrees":260,"windspeedms":5.31,"visibility":25820,"precipitation":0,"beaufort":3,"humidity":48,"sunshine":0,"hour":14,"pollenindex":5,"windspeed":19,"sunshinepower":565,"sunpower":565},{"datetime":"2020-07-23T15:00:00","datetimeutc":"2020-07-23T13:00:00","timetype":"Hour","precipitationmm":0.0,"temperature":22.9,"feeltemperature":25.3,"cloudcover":100,"iconcode":"c","iconid":22,"sources":1,"winddirection":"W","winddirectiondegrees":265,"windspeedms":5.17,"visibility":24420,"precipitation":0,"beaufort":3,"humidity":49,"sunshine":0,"hour":15,"pollenindex":5,"windspeed":19,"sunshinepower":547,"sunpower":547},{"datetime":"2020-07-23T16:00:00","datetimeutc":"2020-07-23T14:00:00","timetype":"Hour","precipitationmm":0.0,"temperature":22.6,"feeltemperature":25.2,"cloudcover":100,"iconcode":"c","iconid":22,"sources":1,"winddirection":"W","winddirectiondegrees":287,"windspeedms":4.32,"visibility":25420,"precipitation":0,"beaufort":3,"humidity":50,"sunshine":0,"hour":16,"pollenindex":6,"windspeed":16,"sunshinepower":517,"sunpower":517},{"datetime":"2020-07-23T17:00:00","datetimeutc":"2020-07-23T15:00:00","timetype":"Hour","precipitationmm":0.0,"temperature":22.3,"feeltemperature":25.2,"cloudcover":100,"iconcode":"c","iconid":22,"sources":1,"winddirection":"W","winddirectiondegrees":282,"windspeedms":3.88,"visibility":26420,"precipitation":0,"beaufort":2,"humidity":50,"sunshine":0,"hour":17,"pollenindex":6,"windspeed":14,"sunshinepower":454,"sunpower":454},{"datetime":"2020-07-23T18:00:00","datetimeutc":"2020-07-23T16:00:00","timetype":"Hour","precipitationmm":0.0,"temperature":21.8,"feeltemperature":21.8,"cloudcover":95,"iconcode":"c","iconid":22,"sources":1,"winddirection":"W","winddirectiondegrees":283,"windspeedms":3.15,"visibility":27820,"precipitation":0,"beaufort":2,"humidity":50,"sunshine":0,"hour":18,"pollenindex":6,"windspeed":11,"sunshinepower":355,"sunpower":355},{"datetime":"2020-07-23T19:00:00","datetimeutc":"2020-07-23T17:00:00","timetype":"Hour","precipitationmm":0.0,"temperature":21.1,"feeltemperature":21.1,"cloudcover":80,"iconcode":"r","iconid":20,"sources":1,"winddirection":"ZW","winddirectiondegrees":243,"windspeedms":2.32,"visibility":28420,"precipitation":0,"beaufort":2,"humidity":52,"sunshine":0,"hour":19,"pollenindex":6,"windspeed":8,"sunshinepower":239,"sunpower":239},{"datetime":"2020-07-23T20:00:00","datetimeutc":"2020-07-23T18:00:00","timetype":"Hour","precipitationmm":0.0,"temperature":20.3,"feeltemperature":20.3,"cloudcover":69,"iconcode":"b","iconid":22,"sources":1,"winddirection":"Z","winddirectiondegrees":165,"windspeedms":2.3,"visibility":28820,"precipitation":0,"beaufort":2,"humidity":54,"sunshine":15,"hour":20,"pollenindex":6,"windspeed":8,"sunshinepower":125,"sunpower":125},{"datetime":"2020-07-23T21:00:00","datetimeutc":"2020-07-23T19:00:00","timetype":"Hour","precipitationmm":0.0,"temperature":19.5,"feeltemperature":19.5,"cloudcover":64,"iconcode":"b","iconid":22,"sources":1,"winddirection":"ZO","winddirectiondegrees":117,"windspeedms":2.28,"visibility":26020,"precipitation":0,"beaufort":2,"humidity":60,"sunshine":26,"hour":21,"pollenindex":5,"windspeed":8,"sunshinepower":36,"sunpower":36},{"datetime":"2020-07-23T22:00:00","datetimeutc":"2020-07-23T20:00:00","timetype":"Hour","precipitationmm":0.0,"temperature":18.8,"feeltemperature":18.8,"cloudcover":63,"iconcode":"bb","iconid":22,"sources":1,"winddirection":"O","winddirectiondegrees":95,"windspeedms":2.5,"visibility":17640,"precipitation":0,"beaufort":2,"humidity":63,"sunshine":25,"hour":22,"pollenindex":5,"windspeed":9,"sunshinepower":0,"sunpower":0},{"datetime":"2020-07-23T23:00:00","datetimeutc":"2020-07-23T21:00:00","timetype":"Hour","precipitationmm":0.0,"temperature":18.3,"feeltemperature":18.3,"cloudcover":63,"iconcode":"bb","iconid":22,"sources":1,"winddirection":"O","winddirectiondegrees":74,"windspeedms":2.25,"visibility":16860,"precipitation":0,"beaufort":2,"humidity":66,"sunshine":0,"hour":23,"pollenindex":5,"windspeed":8,"sunshinepower":0,"sunpower":0}],"datetime":"2020-07-23T00:00:00","datetimeutc":"2020-07-22T22:00:00","timetype":"Day","precipitationmm":0.0,"mintemperature":13.3,"maxtemperature":23.2,"cloudcover":63,"iconcode":"b","iconid":3,"sources":2,"winddirection":"Z","winddirectiondegrees":180,"windspeedms":3.2,"visibility":21280,"precipitation":0,"beaufort":2,"humidity":61,"sunshine":17,"uvindex":5,"bbqindex":8,"mosquitoindex":6,"pollenindex":5,"icescrapeindex":1,"mintemp":13.3,"maxtemp":23.2,"windspeed":3,"sunshinepower":231,"sunpower":231},{"date":"2020-07-24T00:00:00","sunrise":"2020-07-24T05:49:27","sunset":"2020-07-24T21:43:38","hours":[{"datetime":"2020-07-24T00:00:00","datetimeutc":"2020-07-23T22:00:00","timetype":"Hour","precipitationmm":0.0,"temperature":17.8,"feeltemperature":17.8,"cloudcover":64,"iconcode":"bb","iconid":22,"sources":1,"winddirection":"N","winddirectiondegrees":8,"windspeedms":2.52,"visibility":14860,"precipitation":0,"beaufort":2,"humidity":69,"sunshine":0,"hour":0,"pollenindex":5,"windspeed":9,"sunshinepower":0,"sunpower":0},{"datetime":"2020-07-24T01:00:00","datetimeutc":"2020-07-23T23:00:00","timetype":"Hour","precipitationmm":0.0,"temperature":17.2,"feeltemperature":17.2,"cloudcover":67,"iconcode":"bb","iconid":9,"sources":1,"winddirection":"N","winddirectiondegrees":341,"windspeedms":2.58,"visibility":11460,"precipitation":1,"beaufort":2,"humidity":71,"sunshine":0,"hour":1,"pollenindex":5,"windspeed":9,"sunshinepower":0,"sunpower":0},{"datetime":"2020-07-24T02:00:00","datetimeutc":"2020-07-24T00:00:00","timetype":"Hour","precipitationmm":0.0,"temperature":16.7,"feeltemperature":16.7,"cloudcover":70,"iconcode":"rr","iconid":9,"sources":1,"winddirection":"NW","winddirectiondegrees":315,"windspeedms":2.1,"visibility":8470,"precipitation":1,"beaufort":2,"humidity":74,"sunshine":0,"hour":2,"pollenindex":4,"windspeed":8,"sunshinepower":0,"sunpower":0},{"datetime":"2020-07-24T03:00:00","datetimeutc":"2020-07-24T01:00:00","timetype":"Hour","precipitationmm":0.0,"temperature":16.2,"feeltemperature":16.2,"cloudcover":72,"iconcode":"rr","iconid":9,"sources":1,"winddirection":"N","winddirectiondegrees":6,"windspeedms":2.26,"visibility":5820,"precipitation":1,"beaufort":2,"humidity":77,"sunshine":0,"hour":3,"pollenindex":4,"windspeed":8,"sunshinepower":0,"sunpower":0},{"datetime":"2020-07-24T04:00:00","datetimeutc":"2020-07-24T02:00:00","timetype":"Hour","precipitationmm":0.0,"temperature":16.0,"feeltemperature":16.0,"cloudcover":73,"iconcode":"rr","iconid":9,"sources":1,"winddirection":"N","winddirectiondegrees":360,"windspeedms":2.16,"visibility":4610,"precipitation":1,"beaufort":2,"humidity":81,"sunshine":0,"hour":4,"pollenindex":4,"windspeed":8,"sunshinepower":0,"sunpower":0},{"datetime":"2020-07-24T05:00:00","datetimeutc":"2020-07-24T03:00:00","timetype":"Hour","precipitationmm":0.0,"temperature":15.9,"feeltemperature":15.9,"cloudcover":75,"iconcode":"nn","iconid":9,"sources":1,"winddirection":"NW","winddirectiondegrees":328,"windspeedms":2.34,"visibility":600,"precipitation":1,"beaufort":2,"humidity":84,"sunshine":0,"hour":5,"pollenindex":4,"windspeed":8,"sunshinepower":0,"sunpower":0},{"datetime":"2020-07-24T06:00:00","datetimeutc":"2020-07-24T04:00:00","timetype":"Hour","precipitationmm":0.0,"temperature":16.1,"feeltemperature":16.1,"cloudcover":76,"iconcode":"n","iconid":16,"sources":1,"winddirection":"NW","winddirectiondegrees":300,"windspeedms":2.56,"visibility":200,"precipitation":1,"beaufort":2,"humidity":87,"sunshine":5,"hour":6,"pollenindex":3,"windspeed":9,"sunshinepower":6,"sunpower":6},{"datetime":"2020-07-24T07:00:00","datetimeutc":"2020-07-24T05:00:00","timetype":"Hour","precipitationmm":0.0,"temperature":16.5,"feeltemperature":16.5,"cloudcover":76,"iconcode":"n","iconid":16,"sources":1,"winddirection":"W","winddirectiondegrees":274,"windspeedms":2.84,"visibility":0,"precipitation":1,"beaufort":2,"humidity":88,"sunshine":18,"hour":7,"pollenindex":3,"windspeed":10,"sunshinepower":61,"sunpower":61},{"datetime":"2020-07-24T08:00:00","datetimeutc":"2020-07-24T06:00:00","timetype":"Hour","precipitationmm":0.0,"temperature":17.1,"feeltemperature":17.1,"cloudcover":76,"iconcode":"n","iconid":22,"sources":1,"winddirection":"W","winddirectiondegrees":270,"windspeedms":3.3,"visibility":200,"precipitation":1,"beaufort":2,"humidity":88,"sunshine":18,"hour":8,"pollenindex":3,"windspeed":12,"sunshinepower":164,"sunpower":164},{"datetime":"2020-07-24T09:00:00","datetimeutc":"2020-07-24T07:00:00","timetype":"Hour","precipitationmm":0.0,"temperature":17.6,"feeltemperature":17.6,"cloudcover":77,"iconcode":"r","iconid":22,"sources":1,"winddirection":"W","winddirectiondegrees":273,"windspeedms":3.54,"visibility":8400,"precipitation":2,"beaufort":2,"humidity":86,"sunshine":20,"hour":9,"pollenindex":3,"windspeed":13,"sunshinepower":278,"sunpower":278},{"datetime":"2020-07-24T10:00:00","datetimeutc":"2020-07-24T08:00:00","timetype":"Hour","precipitationmm":0.0,"temperature":18.2,"feeltemperature":18.2,"cloudcover":79,"iconcode":"r","iconid":22,"sources":1,"winddirection":"W","winddirectiondegrees":270,"windspeedms":4.0,"visibility":9600,"precipitation":2,"beaufort":3,"humidity":82,"sunshine":18,"hour":10,"pollenindex":4,"windspeed":14,"sunshinepower":385,"sunpower":385},{"datetime":"2020-07-24T11:00:00","datetimeutc":"2020-07-24T09:00:00","timetype":"Hour","precipitationmm":0.0,"temperature":18.8,"feeltemperature":18.8,"cloudcover":76,"iconcode":"r","iconid":22,"sources":1,"winddirection":"W","winddirectiondegrees":266,"windspeedms":4.48,"visibility":10400,"precipitation":2,"beaufort":3,"humidity":77,"sunshine":16,"hour":11,"pollenindex":4,"windspeed":16,"sunshinepower":476,"sunpower":476},{"datetime":"2020-07-24T12:00:00","datetimeutc":"2020-07-24T10:00:00","timetype":"Hour","precipitationmm":1.2,"temperature":19.5,"feeltemperature":19.5,"cloudcover":70,"iconcode":"m","iconid":33,"sources":1,"winddirection":"W","winddirectiondegrees":269,"windspeedms":4.96,"visibility":10200,"precipitation":49,"beaufort":3,"humidity":73,"sunshine":18,"hour":12,"pollenindex":4,"windspeed":18,"sunshinepower":549,"sunpower":549},{"datetime":"2020-07-24T13:00:00","datetimeutc":"2020-07-24T11:00:00","timetype":"Hour","precipitationmm":0.0,"temperature":20.1,"feeltemperature":20.1,"cloudcover":61,"iconcode":"b","iconid":22,"sources":1,"winddirection":"W","winddirectiondegrees":278,"windspeedms":5.31,"visibility":9400,"precipitation":2,"beaufort":3,"humidity":71,"sunshine":25,"hour":13,"pollenindex":4,"windspeed":19,"sunshinepower":602,"sunpower":602},{"datetime":"2020-07-24T14:00:00","datetimeutc":"2020-07-24T12:00:00","timetype":"Hour","precipitationmm":0.0,"temperature":20.4,"feeltemperature":20.4,"cloudcover":61,"iconcode":"b","iconid":19,"sources":1,"winddirection":"W","winddirectiondegrees":287,"windspeedms":5.35,"visibility":9800,"precipitation":1,"beaufort":3,"humidity":72,"sunshine":35,"hour":14,"pollenindex":4,"windspeed":19,"sunshinepower":625,"sunpower":625},{"datetime":"2020-07-24T15:00:00","datetimeutc":"2020-07-24T13:00:00","timetype":"Hour","precipitationmm":0.0,"temperature":20.4,"feeltemperature":20.4,"cloudcover":56,"iconcode":"b","iconid":7,"sources":1,"winddirection":"W","winddirectiondegrees":289,"windspeedms":5.51,"visibility":11000,"precipitation":1,"beaufort":3,"humidity":70,"sunshine":35,"hour":15,"pollenindex":4,"windspeed":20,"sunshinepower":619,"sunpower":619},{"datetime":"2020-07-24T16:00:00","datetimeutc":"2020-07-24T14:00:00","timetype":"Hour","precipitationmm":0.0,"temperature":20.1,"feeltemperature":20.1,"cloudcover":45,"iconcode":"j","iconid":19,"sources":1,"winddirection":"W","winddirectiondegrees":288,"windspeedms":5.73,"visibility":11200,"precipitation":1,"beaufort":3,"humidity":71,"sunshine":40,"hour":16,"pollenindex":4,"windspeed":21,"sunshinepower":577,"sunpower":577},{"datetime":"2020-07-24T17:00:00","datetimeutc":"2020-07-24T15:00:00","timetype":"Hour","precipitationmm":0.0,"temperature":19.8,"feeltemperature":19.8,"cloudcover":33,"iconcode":"j","iconid":22,"sources":1,"winddirection":"W","winddirectiondegrees":285,"windspeedms":5.45,"visibility":9800,"precipitation":1,"beaufort":3,"humidity":70,"sunshine":51,"hour":17,"pollenindex":4,"windspeed":20,"sunshinepower":502,"sunpower":502},{"datetime":"2020-07-24T18:00:00","datetimeutc":"2020-07-24T16:00:00","timetype":"Hour","precipitationmm":0.0,"temperature":19.3,"feeltemperature":19.3,"cloudcover":32,"iconcode":"j","iconid":19,"sources":1,"winddirection":"W","winddirectiondegrees":287,"windspeedms":5.1,"visibility":10600,"precipitation":1,"beaufort":3,"humidity":71,"sunshine":65,"hour":18,"pollenindex":4,"windspeed":18,"sunshinepower":402,"sunpower":402},{"datetime":"2020-07-24T19:00:00","datetimeutc":"2020-07-24T17:00:00","timetype":"Hour","precipitationmm":0.0,"temperature":18.7,"feeltemperature":18.7,"cloudcover":40,"iconcode":"j","iconid":4,"sources":1,"winddirection":"W","winddirectiondegrees":286,"windspeedms":4.81,"visibility":12410,"precipitation":1,"beaufort":3,"humidity":74,"sunshine":65,"hour":19,"pollenindex":4,"windspeed":17,"sunshinepower":291,"sunpower":291},{"datetime":"2020-07-24T20:00:00","datetimeutc":"2020-07-24T18:00:00","timetype":"Hour","precipitationmm":0.0,"temperature":17.9,"feeltemperature":17.9,"cloudcover":31,"iconcode":"j","iconid":4,"sources":1,"winddirection":"W","winddirectiondegrees":285,"windspeedms":4.55,"visibility":12410,"precipitation":1,"beaufort":3,"humidity":75,"sunshine":56,"hour":20,"pollenindex":4,"windspeed":16,"sunshinepower":167,"sunpower":167},{"datetime":"2020-07-24T21:00:00","datetimeutc":"2020-07-24T19:00:00","timetype":"Hour","precipitationmm":0.0,"temperature":17.1,"feeltemperature":17.1,"cloudcover":33,"iconcode":"j","iconid":4,"sources":1,"winddirection":"W","winddirectiondegrees":284,"windspeedms":3.89,"visibility":10810,"precipitation":0,"beaufort":2,"humidity":78,"sunshine":66,"hour":21,"pollenindex":4,"windspeed":14,"sunshinepower":51,"sunpower":51},{"datetime":"2020-07-24T22:00:00","datetimeutc":"2020-07-24T20:00:00","timetype":"Hour","precipitationmm":0.0,"temperature":16.2,"feeltemperature":16.2,"cloudcover":35,"iconcode":"jj","iconid":4,"sources":1,"winddirection":"W","winddirectiondegrees":286,"windspeedms":2.97,"visibility":10210,"precipitation":0,"beaufort":2,"humidity":80,"sunshine":50,"hour":22,"pollenindex":4,"windspeed":11,"sunshinepower":0,"sunpower":0},{"datetime":"2020-07-24T23:00:00","datetimeutc":"2020-07-24T21:00:00","timetype":"Hour","precipitationmm":0.0,"temperature":15.6,"feeltemperature":15.6,"cloudcover":38,"iconcode":"jj","iconid":7,"sources":1,"winddirection":"W","winddirectiondegrees":291,"windspeedms":2.51,"visibility":10020,"precipitation":0,"beaufort":2,"humidity":83,"sunshine":0,"hour":23,"pollenindex":4,"windspeed":9,"sunshinepower":0,"sunpower":0}],"datetime":"2020-07-24T00:00:00","datetimeutc":"2020-07-23T22:00:00","timetype":"Day","precipitationmm":1.2,"mintemperature":15.6,"maxtemperature":20.4,"cloudcover":25,"iconcode":"f","iconid":16,"sources":1,"winddirection":"W","winddirectiondegrees":270,"windspeedms":3.78,"precipitation":49,"beaufort":2,"uvindex":4,"bbqindex":8,"mosquitoindex":7,"pollenindex":5,"icescrapeindex":1,"mintemp":15.6,"maxtemp":20.4,"windspeed":4},{"date":"2020-07-25T00:00:00","sunrise":"2020-07-25T05:50:55","sunset":"2020-07-25T21:42:10","hours":[{"datetime":"2020-07-25T00:00:00","datetimeutc":"2020-07-24T22:00:00","timetype":"Hour","precipitationmm":0.0,"temperature":15.0,"feeltemperature":15.0,"cloudcover":38,"iconcode":"jj","iconid":4,"sources":1,"winddirection":"W","winddirectiondegrees":291,"windspeedms":2.19,"visibility":9620,"precipitation":0,"beaufort":2,"humidity":85,"sunshine":0,"hour":0,"pollenindex":4,"windspeed":8,"sunshinepower":0,"sunpower":0},{"datetime":"2020-07-25T01:00:00","datetimeutc":"2020-07-24T23:00:00","timetype":"Hour","precipitationmm":0.0,"temperature":14.6,"feeltemperature":14.6,"cloudcover":21,"iconcode":"jj","iconid":4,"sources":1,"winddirection":"W","winddirectiondegrees":281,"windspeedms":2.12,"visibility":9420,"precipitation":0,"beaufort":2,"humidity":85,"sunshine":0,"hour":1,"pollenindex":4,"windspeed":8,"sunshinepower":0,"sunpower":0},{"datetime":"2020-07-25T02:00:00","datetimeutc":"2020-07-25T00:00:00","timetype":"Hour","precipitationmm":0.0,"temperature":14.4,"feeltemperature":14.4,"cloudcover":30,"iconcode":"jj","iconid":4,"sources":1,"winddirection":"W","winddirectiondegrees":270,"windspeedms":2.04,"visibility":9020,"precipitation":0,"beaufort":2,"humidity":87,"sunshine":0,"hour":2,"pollenindex":3,"windspeed":7,"sunshinepower":0,"sunpower":0},{"datetime":"2020-07-25T03:00:00","datetimeutc":"2020-07-25T01:00:00","timetype":"Hour","precipitationmm":0.0,"temperature":14.4,"feeltemperature":14.4,"cloudcover":30,"iconcode":"jj","iconid":7,"sources":1,"winddirection":"W","winddirectiondegrees":253,"windspeedms":1.94,"visibility":8410,"precipitation":0,"beaufort":1,"humidity":87,"sunshine":0,"hour":3,"pollenindex":3,"windspeed":7,"sunshinepower":0,"sunpower":0},{"datetime":"2020-07-25T04:00:00","datetimeutc":"2020-07-25T02:00:00","timetype":"Hour","precipitationmm":0.0,"temperature":14.4,"feeltemperature":14.4,"cloudcover":83,"iconcode":"rr","iconid":19,"sources":1,"winddirection":"ZW","winddirectiondegrees":235,"windspeedms":1.92,"visibility":5010,"precipitation":0,"beaufort":1,"humidity":88,"sunshine":0,"hour":4,"pollenindex":3,"windspeed":7,"sunshinepower":0,"sunpower":0},{"datetime":"2020-07-25T05:00:00","datetimeutc":"2020-07-25T03:00:00","timetype":"Hour","precipitationmm":0.0,"temperature":14.5,"feeltemperature":14.5,"cloudcover":98,"iconcode":"dd","iconid":19,"sources":1,"winddirection":"ZW","winddirectiondegrees":213,"windspeedms":1.89,"visibility":0,"precipitation":0,"beaufort":1,"humidity":87,"sunshine":0,"hour":5,"pollenindex":3,"windspeed":7,"sunshinepower":0,"sunpower":0},{"datetime":"2020-07-25T06:00:00","datetimeutc":"2020-07-25T04:00:00","timetype":"Hour","precipitationmm":0.0,"temperature":14.9,"feeltemperature":14.9,"cloudcover":100,"iconcode":"d","iconid":20,"sources":1,"winddirection":"Z","winddirectiondegrees":193,"windspeedms":2.02,"visibility":0,"precipitation":0,"beaufort":2,"humidity":88,"sunshine":0,"hour":6,"pollenindex":3,"windspeed":7,"sunshinepower":7,"sunpower":7},{"datetime":"2020-07-25T07:00:00","datetimeutc":"2020-07-25T05:00:00","timetype":"Hour","precipitationmm":0.0,"temperature":15.4,"feeltemperature":15.4,"cloudcover":100,"iconcode":"d","iconid":21,"sources":1,"winddirection":"Z","winddirectiondegrees":197,"windspeedms":2.31,"visibility":0,"precipitation":0,"beaufort":2,"humidity":88,"sunshine":0,"hour":7,"pollenindex":3,"windspeed":8,"sunshinepower":61,"sunpower":61},{"datetime":"2020-07-25T08:00:00","datetimeutc":"2020-07-25T06:00:00","timetype":"Hour","precipitationmm":0.0,"temperature":16.2,"feeltemperature":16.2,"cloudcover":100,"iconcode":"d","iconid":17,"sources":1,"winddirection":"Z","winddirectiondegrees":195,"windspeedms":2.54,"visibility":0,"precipitation":0,"beaufort":2,"humidity":87,"sunshine":0,"hour":8,"pollenindex":3,"windspeed":9,"sunshinepower":152,"sunpower":152},{"datetime":"2020-07-25T09:00:00","datetimeutc":"2020-07-25T07:00:00","timetype":"Hour","precipitationmm":0.0,"temperature":16.8,"feeltemperature":16.8,"cloudcover":100,"iconcode":"d","iconid":17,"sources":1,"winddirection":"Z","winddirectiondegrees":196,"windspeedms":2.97,"visibility":0,"precipitation":0,"beaufort":2,"humidity":85,"sunshine":0,"hour":9,"pollenindex":4,"windspeed":11,"sunshinepower":248,"sunpower":248},{"datetime":"2020-07-25T10:00:00","datetimeutc":"2020-07-25T08:00:00","timetype":"Hour","precipitationmm":0.0,"temperature":17.6,"feeltemperature":17.6,"cloudcover":100,"iconcode":"d","iconid":17,"sources":1,"winddirection":"Z","winddirectiondegrees":195,"windspeedms":3.38,"visibility":0,"precipitation":0,"beaufort":2,"humidity":81,"sunshine":0,"hour":10,"pollenindex":4,"windspeed":12,"sunshinepower":327,"sunpower":327},{"datetime":"2020-07-25T11:00:00","datetimeutc":"2020-07-25T09:00:00","timetype":"Hour","precipitationmm":0.0,"temperature":18.5,"feeltemperature":18.5,"cloudcover":100,"iconcode":"c","iconid":22,"sources":1,"winddirection":"Z","winddirectiondegrees":194,"windspeedms":3.81,"visibility":9200,"precipitation":0,"beaufort":2,"humidity":76,"sunshine":0,"hour":11,"pollenindex":4,"windspeed":14,"sunshinepower":423,"sunpower":423},{"datetime":"2020-07-25T12:00:00","datetimeutc":"2020-07-25T10:00:00","timetype":"Hour","precipitationmm":0.0,"temperature":19.8,"feeltemperature":19.8,"cloudcover":89,"iconcode":"r","iconid":20,"sources":1,"winddirection":"Z","winddirectiondegrees":195,"windspeedms":4.09,"visibility":11600,"precipitation":0,"beaufort":3,"humidity":71,"sunshine":0,"hour":12,"pollenindex":4,"windspeed":15,"sunshinepower":536,"sunpower":536},{"datetime":"2020-07-25T13:00:00","datetimeutc":"2020-07-25T11:00:00","timetype":"Hour","precipitationmm":0.0,"temperature":20.9,"feeltemperature":20.9,"cloudcover":69,"iconcode":"b","iconid":20,"sources":1,"winddirection":"ZW","winddirectiondegrees":206,"windspeedms":4.32,"visibility":16400,"precipitation":1,"beaufort":3,"humidity":67,"sunshine":5,"hour":13,"pollenindex":5,"windspeed":16,"sunshinepower":610,"sunpower":610},{"datetime":"2020-07-25T14:00:00","datetimeutc":"2020-07-25T12:00:00","timetype":"Hour","precipitationmm":0.0,"temperature":21.6,"feeltemperature":21.6,"cloudcover":52,"iconcode":"b","iconid":22,"sources":1,"winddirection":"ZW","winddirectiondegrees":217,"windspeedms":4.75,"visibility":19000,"precipitation":1,"beaufort":3,"humidity":66,"sunshine":26,"hour":14,"pollenindex":5,"windspeed":17,"sunshinepower":577,"sunpower":577},{"datetime":"2020-07-25T15:00:00","datetimeutc":"2020-07-25T13:00:00","timetype":"Hour","precipitationmm":0.0,"temperature":22.0,"feeltemperature":24.4,"cloudcover":43,"iconcode":"j","iconid":22,"sources":1,"winddirection":"ZW","winddirectiondegrees":224,"windspeedms":4.67,"visibility":18800,"precipitation":1,"beaufort":3,"humidity":65,"sunshine":45,"hour":15,"pollenindex":5,"windspeed":17,"sunshinepower":461,"sunpower":461},{"datetime":"2020-07-25T16:00:00","datetimeutc":"2020-07-25T14:00:00","timetype":"Hour","precipitationmm":0.0,"temperature":22.0,"feeltemperature":22.0,"cloudcover":38,"iconcode":"j","iconid":22,"sources":1,"winddirection":"ZW","winddirectiondegrees":227,"windspeedms":4.78,"visibility":14000,"precipitation":1,"beaufort":3,"humidity":69,"sunshine":55,"hour":16,"pollenindex":4,"windspeed":17,"sunshinepower":365,"sunpower":365},{"datetime":"2020-07-25T17:00:00","datetimeutc":"2020-07-25T15:00:00","timetype":"Hour","precipitationmm":0.0,"temperature":21.6,"feeltemperature":21.6,"cloudcover":46,"iconcode":"j","iconid":9,"sources":1,"winddirection":"ZW","winddirectiondegrees":225,"windspeedms":4.9,"visibility":7800,"precipitation":1,"beaufort":3,"humidity":69,"sunshine":60,"hour":17,"pollenindex":4,"windspeed":18,"sunshinepower":282,"sunpower":282},{"datetime":"2020-07-25T18:00:00","datetimeutc":"2020-07-25T16:00:00","timetype":"Hour","precipitationmm":0.0,"temperature":21.1,"feeltemperature":21.1,"cloudcover":59,"iconcode":"b","iconid":8,"sources":1,"winddirection":"ZW","winddirectiondegrees":207,"windspeedms":4.8,"visibility":2400,"precipitation":1,"beaufort":3,"humidity":71,"sunshine":50,"hour":18,"pollenindex":4,"windspeed":17,"sunshinepower":201,"sunpower":201},{"datetime":"2020-07-25T19:00:00","datetimeutc":"2020-07-25T17:00:00","timetype":"Hour","precipitationmm":0.0,"temperature":20.6,"feeltemperature":20.6,"cloudcover":73,"iconcode":"r","iconid":8,"sources":1,"winddirection":"ZW","winddirectiondegrees":204,"windspeedms":4.92,"visibility":2210,"precipitation":1,"beaufort":3,"humidity":73,"sunshine":36,"hour":19,"pollenindex":4,"windspeed":18,"sunshinepower":133,"sunpower":133},{"datetime":"2020-07-25T20:00:00","datetimeutc":"2020-07-25T18:00:00","timetype":"Hour","precipitationmm":0.0,"temperature":20.2,"feeltemperature":20.2,"cloudcover":77,"iconcode":"r","iconid":7,"sources":1,"winddirection":"ZW","winddirectiondegrees":209,"windspeedms":4.99,"visibility":1010,"precipitation":1,"beaufort":3,"humidity":74,"sunshine":21,"hour":20,"pollenindex":4,"windspeed":18,"sunshinepower":74,"sunpower":74},{"datetime":"2020-07-25T21:00:00","datetimeutc":"2020-07-25T19:00:00","timetype":"Hour","precipitationmm":0.0,"temperature":19.9,"feeltemperature":19.9,"cloudcover":80,"iconcode":"n","iconid":7,"sources":1,"winddirection":"ZW","winddirectiondegrees":221,"windspeedms":4.85,"visibility":410,"precipitation":2,"beaufort":3,"humidity":76,"sunshine":18,"hour":21,"pollenindex":4,"windspeed":17,"sunshinepower":23,"sunpower":23},{"datetime":"2020-07-25T22:00:00","datetimeutc":"2020-07-25T20:00:00","timetype":"Hour","precipitationmm":0.0,"temperature":19.8,"feeltemperature":19.8,"cloudcover":92,"iconcode":"dd","iconid":22,"sources":1,"winddirection":"ZW","winddirectiondegrees":233,"windspeedms":4.75,"visibility":810,"precipitation":1,"beaufort":3,"humidity":76,"sunshine":11,"hour":22,"pollenindex":4,"windspeed":17,"sunshinepower":0,"sunpower":0},{"datetime":"2020-07-25T23:00:00","datetimeutc":"2020-07-25T21:00:00","timetype":"Hour","precipitationmm":0.0,"temperature":19.8,"feeltemperature":19.8,"cloudcover":96,"iconcode":"cc","iconid":22,"sources":1,"winddirection":"ZW","winddirectiondegrees":232,"windspeedms":4.88,"visibility":8610,"precipitation":1,"beaufort":3,"humidity":77,"sunshine":0,"hour":23,"pollenindex":4,"windspeed":18,"sunshinepower":0,"sunpower":0}],"datetime":"2020-07-25T00:00:00","datetimeutc":"2020-07-24T22:00:00","timetype":"Day","precipitationmm":0.0,"mintemperature":14.4,"maxtemperature":22.0,"cloudcover":75,"iconcode":"r","iconid":3,"sources":1,"winddirection":"ZW","winddirectiondegrees":225,"windspeedms":3.58,"precipitation":2,"beaufort":2,"uvindex":5,"bbqindex":7,"mosquitoindex":8,"pollenindex":5,"icescrapeindex":1,"mintemp":14.4,"maxtemp":22.0,"windspeed":4},{"date":"2020-07-26T00:00:00","sunrise":"2020-07-26T05:52:24","sunset":"2020-07-26T21:40:39","hours":[{"datetime":"2020-07-26T00:00:00","datetimeutc":"2020-07-25T22:00:00","timetype":"Hour","precipitationmm":0.0,"temperature":19.7,"feeltemperature":19.7,"cloudcover":93,"iconcode":"cc","iconid":22,"sources":1,"winddirection":"ZW","winddirectiondegrees":226,"windspeedms":4.76,"visibility":8620,"precipitation":1,"beaufort":3,"humidity":78,"sunshine":0,"hour":0,"pollenindex":4,"windspeed":17,"sunshinepower":0,"sunpower":0},{"datetime":"2020-07-26T01:00:00","datetimeutc":"2020-07-25T23:00:00","timetype":"Hour","precipitationmm":1.6,"temperature":19.3,"feeltemperature":19.3,"cloudcover":78,"iconcode":"gg","iconid":28,"sources":1,"winddirection":"ZW","winddirectiondegrees":221,"windspeedms":4.85,"visibility":1020,"precipitation":33,"beaufort":3,"humidity":79,"sunshine":0,"hour":1,"pollenindex":4,"windspeed":17,"sunshinepower":0,"sunpower":0},{"datetime":"2020-07-26T02:00:00","datetimeutc":"2020-07-26T00:00:00","timetype":"Hour","precipitationmm":0.0,"temperature":18.8,"feeltemperature":18.8,"cloudcover":70,"iconcode":"nn","iconid":22,"sources":1,"winddirection":"ZW","winddirectiondegrees":224,"windspeedms":4.63,"visibility":220,"precipitation":1,"beaufort":3,"humidity":82,"sunshine":0,"hour":2,"pollenindex":4,"windspeed":17,"sunshinepower":0,"sunpower":0},{"datetime":"2020-07-26T03:00:00","datetimeutc":"2020-07-26T01:00:00","timetype":"Hour","precipitationmm":0.0,"temperature":18.2,"feeltemperature":18.2,"cloudcover":72,"iconcode":"nn","iconid":8,"sources":1,"winddirection":"ZW","winddirectiondegrees":232,"windspeedms":4.84,"visibility":410,"precipitation":2,"beaufort":3,"humidity":89,"sunshine":0,"hour":3,"pollenindex":3,"windspeed":17,"sunshinepower":0,"sunpower":0},{"datetime":"2020-07-26T04:00:00","datetimeutc":"2020-07-26T02:00:00","timetype":"Hour","precipitationmm":0.0,"temperature":17.7,"feeltemperature":17.7,"cloudcover":80,"iconcode":"rr","iconid":22,"sources":1,"winddirection":"ZW","winddirectiondegrees":243,"windspeedms":5.32,"visibility":1410,"precipitation":2,"beaufort":3,"humidity":90,"sunshine":0,"hour":4,"pollenindex":3,"windspeed":19,"sunshinepower":0,"sunpower":0},{"datetime":"2020-07-26T05:00:00","datetimeutc":"2020-07-26T03:00:00","timetype":"Hour","precipitationmm":0.0,"temperature":17.4,"feeltemperature":17.4,"cloudcover":86,"iconcode":"rr","iconid":22,"sources":1,"winddirection":"ZW","winddirectiondegrees":243,"windspeedms":5.31,"visibility":8610,"precipitation":2,"beaufort":3,"humidity":90,"sunshine":0,"hour":5,"pollenindex":3,"windspeed":19,"sunshinepower":0,"sunpower":0},{"datetime":"2020-07-26T06:00:00","datetimeutc":"2020-07-26T04:00:00","timetype":"Hour","precipitationmm":0.0,"temperature":17.3,"feeltemperature":17.3,"cloudcover":87,"iconcode":"r","iconid":20,"sources":1,"winddirection":"ZW","winddirectiondegrees":240,"windspeedms":5.16,"visibility":9400,"precipitation":2,"beaufort":3,"humidity":91,"sunshine":1,"hour":6,"pollenindex":3,"windspeed":19,"sunshinepower":3,"sunpower":3},{"datetime":"2020-07-26T07:00:00","datetimeutc":"2020-07-26T05:00:00","timetype":"Hour","precipitationmm":0.0,"temperature":17.3,"feeltemperature":17.3,"cloudcover":86,"iconcode":"r","iconid":20,"sources":1,"winddirection":"ZW","winddirectiondegrees":241,"windspeedms":5.23,"visibility":9400,"precipitation":2,"beaufort":3,"humidity":91,"sunshine":6,"hour":7,"pollenindex":3,"windspeed":19,"sunshinepower":52,"sunpower":52},{"datetime":"2020-07-26T08:00:00","datetimeutc":"2020-07-26T06:00:00","timetype":"Hour","precipitationmm":0.0,"temperature":17.4,"feeltemperature":17.4,"cloudcover":86,"iconcode":"r","iconid":22,"sources":1,"winddirection":"ZW","winddirectiondegrees":243,"windspeedms":5.54,"visibility":9400,"precipitation":2,"beaufort":3,"humidity":91,"sunshine":8,"hour":8,"pollenindex":3,"windspeed":20,"sunshinepower":141,"sunpower":141},{"datetime":"2020-07-26T09:00:00","datetimeutc":"2020-07-26T07:00:00","timetype":"Hour","precipitationmm":1.3,"temperature":17.5,"feeltemperature":17.5,"cloudcover":86,"iconcode":"m","iconid":33,"sources":1,"winddirection":"ZW","winddirectiondegrees":244,"windspeedms":5.7,"visibility":9600,"precipitation":78,"beaufort":3,"humidity":93,"sunshine":8,"hour":9,"pollenindex":3,"windspeed":21,"sunshinepower":237,"sunpower":237},{"datetime":"2020-07-26T10:00:00","datetimeutc":"2020-07-26T08:00:00","timetype":"Hour","precipitationmm":1.8,"temperature":17.6,"feeltemperature":17.6,"cloudcover":89,"iconcode":"m","iconid":33,"sources":1,"winddirection":"W","winddirectiondegrees":258,"windspeedms":5.96,"visibility":9600,"precipitation":74,"beaufort":3,"humidity":94,"sunshine":8,"hour":10,"pollenindex":3,"windspeed":21,"sunshinepower":329,"sunpower":329},{"datetime":"2020-07-26T11:00:00","datetimeutc":"2020-07-26T09:00:00","timetype":"Hour","precipitationmm":2.1,"temperature":17.5,"feeltemperature":17.5,"cloudcover":87,"iconcode":"m","iconid":33,"sources":1,"winddirection":"W","winddirectiondegrees":279,"windspeedms":6.38,"visibility":9800,"precipitation":70,"beaufort":4,"humidity":92,"sunshine":5,"hour":11,"pollenindex":3,"windspeed":23,"sunshinepower":403,"sunpower":403},{"datetime":"2020-07-26T12:00:00","datetimeutc":"2020-07-26T10:00:00","timetype":"Hour","precipitationmm":2.0,"temperature":17.5,"feeltemperature":17.5,"cloudcover":80,"iconcode":"g","iconid":28,"sources":1,"winddirection":"W","winddirectiondegrees":274,"windspeedms":6.7,"visibility":9600,"precipitation":73,"beaufort":4,"humidity":90,"sunshine":8,"hour":12,"pollenindex":3,"windspeed":24,"sunshinepower":447,"sunpower":447},{"datetime":"2020-07-26T13:00:00","datetimeutc":"2020-07-26T11:00:00","timetype":"Hour","precipitationmm":0.0,"temperature":17.5,"feeltemperature":17.5,"cloudcover":98,"iconcode":"c","iconid":20,"sources":1,"winddirection":"W","winddirectiondegrees":281,"windspeedms":7.05,"visibility":9800,"precipitation":3,"beaufort":4,"humidity":89,"sunshine":15,"hour":13,"pollenindex":3,"windspeed":25,"sunshinepower":467,"sunpower":467},{"datetime":"2020-07-26T14:00:00","datetimeutc":"2020-07-26T12:00:00","timetype":"Hour","precipitationmm":0.0,"temperature":17.5,"feeltemperature":17.5,"cloudcover":100,"iconcode":"c","iconid":21,"sources":1,"winddirection":"W","winddirectiondegrees":282,"windspeedms":7.24,"visibility":10000,"precipitation":3,"beaufort":4,"humidity":88,"sunshine":0,"hour":14,"pollenindex":3,"windspeed":26,"sunshinepower":464,"sunpower":464},{"datetime":"2020-07-26T15:00:00","datetimeutc":"2020-07-26T13:00:00","timetype":"Hour","precipitationmm":0.0,"temperature":17.5,"feeltemperature":17.5,"cloudcover":56,"iconcode":"b","iconid":20,"sources":1,"winddirection":"W","winddirectiondegrees":282,"windspeedms":7.28,"visibility":10400,"precipitation":3,"beaufort":4,"humidity":86,"sunshine":0,"hour":15,"pollenindex":3,"windspeed":26,"sunshinepower":452,"sunpower":452},{"datetime":"2020-07-26T16:00:00","datetimeutc":"2020-07-26T14:00:00","timetype":"Hour","precipitationmm":0.0,"temperature":17.8,"feeltemperature":17.8,"cloudcover":57,"iconcode":"b","iconid":20,"sources":1,"winddirection":"W","winddirectiondegrees":279,"windspeedms":7.22,"visibility":10600,"precipitation":3,"beaufort":4,"humidity":84,"sunshine":40,"hour":16,"pollenindex":4,"windspeed":26,"sunshinepower":436,"sunpower":436},{"datetime":"2020-07-26T17:00:00","datetimeutc":"2020-07-26T15:00:00","timetype":"Hour","precipitationmm":1.5,"temperature":18.0,"feeltemperature":18.0,"cloudcover":100,"iconcode":"s","iconid":28,"sources":1,"winddirection":"W","winddirectiondegrees":279,"windspeedms":7.02,"visibility":12400,"precipitation":84,"beaufort":4,"humidity":79,"sunshine":40,"hour":17,"pollenindex":4,"windspeed":25,"sunshinepower":373,"sunpower":373},{"datetime":"2020-07-26T18:00:00","datetimeutc":"2020-07-26T16:00:00","timetype":"Hour","precipitationmm":1.8,"temperature":18.0,"feeltemperature":18.0,"cloudcover":100,"iconcode":"s","iconid":28,"sources":1,"winddirection":"W","winddirectiondegrees":278,"windspeedms":6.78,"visibility":13000,"precipitation":83,"beaufort":4,"humidity":76,"sunshine":0,"hour":18,"pollenindex":4,"windspeed":24,"sunshinepower":276,"sunpower":276},{"datetime":"2020-07-26T19:00:00","datetimeutc":"2020-07-26T17:00:00","timetype":"Hour","precipitationmm":0.0,"temperature":17.7,"feeltemperature":17.7,"cloudcover":82,"iconcode":"r","iconid":20,"sources":1,"winddirection":"W","winddirectiondegrees":276,"windspeedms":6.22,"visibility":13400,"precipitation":3,"beaufort":4,"humidity":76,"sunshine":0,"hour":19,"pollenindex":4,"windspeed":22,"sunshinepower":196,"sunpower":196},{"datetime":"2020-07-26T20:00:00","datetimeutc":"2020-07-26T18:00:00","timetype":"Hour","precipitationmm":2.1,"temperature":17.4,"feeltemperature":17.4,"cloudcover":100,"iconcode":"s","iconid":28,"sources":1,"winddirection":"W","winddirectiondegrees":276,"windspeedms":5.77,"visibility":14000,"precipitation":79,"beaufort":3,"humidity":76,"sunshine":13,"hour":20,"pollenindex":4,"windspeed":21,"sunshinepower":115,"sunpower":115},{"datetime":"2020-07-26T21:00:00","datetimeutc":"2020-07-26T19:00:00","timetype":"Hour","precipitationmm":0.0,"temperature":17.0,"feeltemperature":17.0,"cloudcover":93,"iconcode":"c","iconid":21,"sources":1,"winddirection":"W","winddirectiondegrees":275,"windspeedms":5.08,"visibility":13600,"precipitation":3,"beaufort":3,"humidity":78,"sunshine":0,"hour":21,"pollenindex":4,"windspeed":18,"sunshinepower":35,"sunpower":35},{"datetime":"2020-07-26T22:00:00","datetimeutc":"2020-07-26T20:00:00","timetype":"Hour","precipitationmm":0.0,"temperature":16.7,"feeltemperature":16.7,"cloudcover":100,"iconcode":"cc","iconid":19,"sources":1,"winddirection":"W","winddirectiondegrees":271,"windspeedms":4.32,"visibility":12610,"precipitation":3,"beaufort":3,"humidity":80,"sunshine":1,"hour":22,"pollenindex":4,"windspeed":16,"sunshinepower":0,"sunpower":0},{"datetime":"2020-07-26T23:00:00","datetimeutc":"2020-07-26T21:00:00","timetype":"Hour","precipitationmm":0.0,"temperature":16.5,"feeltemperature":16.5,"cloudcover":99,"iconcode":"cc","iconid":21,"sources":1,"winddirection":"W","winddirectiondegrees":269,"windspeedms":3.97,"visibility":12410,"precipitation":2,"beaufort":2,"humidity":82,"sunshine":0,"hour":23,"pollenindex":4,"windspeed":14,"sunshinepower":0,"sunpower":0}],"datetime":"2020-07-26T00:00:00","datetimeutc":"2020-07-25T22:00:00","timetype":"Day","precipitationmm":14.2,"mintemperature":16.5,"maxtemperature":19.7,"cloudcover":50,"iconcode":"g","iconid":8,"sources":1,"winddirection":"W","winddirectiondegrees":270,"windspeedms":5.76,"precipitation":84,"beaufort":3,"uvindex":3,"bbqindex":3,"mosquitoindex":6,"pollenindex":4,"icescrapeindex":1,"mintemp":16.5,"maxtemp":19.7,"windspeed":6},{"date":"2020-07-27T00:00:00","sunrise":"2020-07-27T05:53:54","sunset":"2020-07-27T21:39:07","hours":[{"datetime":"2020-07-27T00:00:00","datetimeutc":"2020-07-26T22:00:00","timetype":"Hour","precipitationmm":0.0,"temperature":16.2,"feeltemperature":16.2,"cloudcover":100,"iconcode":"cc","iconid":21,"sources":1,"winddirection":"W","winddirectiondegrees":265,"windspeedms":4.1,"visibility":12420,"precipitation":2,"beaufort":3,"humidity":83,"sunshine":0,"hour":0,"pollenindex":4,"windspeed":15,"sunshinepower":0,"sunpower":0},{"datetime":"2020-07-27T01:00:00","datetimeutc":"2020-07-26T23:00:00","timetype":"Hour","precipitationmm":0.0,"temperature":16.2,"feeltemperature":16.2,"cloudcover":80,"iconcode":"rr","iconid":21,"sources":1,"winddirection":"W","winddirectiondegrees":260,"windspeedms":4.1,"visibility":11030,"precipitation":2,"beaufort":3,"humidity":84,"sunshine":0,"hour":1,"pollenindex":4,"windspeed":15,"sunshinepower":0,"sunpower":0},{"datetime":"2020-07-27T02:00:00","datetimeutc":"2020-07-27T00:00:00","timetype":"Hour","precipitationmm":0.0,"temperature":16.1,"feeltemperature":16.1,"cloudcover":73,"iconcode":"rr","iconid":21,"sources":1,"winddirection":"W","winddirectiondegrees":254,"windspeedms":3.95,"visibility":10230,"precipitation":1,"beaufort":2,"humidity":85,"sunshine":0,"hour":2,"pollenindex":3,"windspeed":14,"sunshinepower":0,"sunpower":0},{"datetime":"2020-07-27T03:00:00","datetimeutc":"2020-07-27T01:00:00","timetype":"Hour","precipitationmm":0.0,"temperature":16.0,"feeltemperature":16.0,"cloudcover":78,"iconcode":"rr","iconid":21,"sources":1,"winddirection":"W","winddirectiondegrees":249,"windspeedms":3.78,"visibility":10010,"precipitation":2,"beaufort":2,"humidity":85,"sunshine":0,"hour":3,"pollenindex":3,"windspeed":14,"sunshinepower":0,"sunpower":0},{"datetime":"2020-07-27T04:00:00","datetimeutc":"2020-07-27T02:00:00","timetype":"Hour","precipitationmm":0.0,"temperature":16.0,"feeltemperature":16.0,"cloudcover":100,"iconcode":"cc","iconid":21,"sources":1,"winddirection":"W","winddirectiondegrees":249,"windspeedms":3.95,"visibility":10610,"precipitation":2,"beaufort":2,"humidity":86,"sunshine":0,"hour":4,"pollenindex":3,"windspeed":14,"sunshinepower":0,"sunpower":0},{"datetime":"2020-07-27T05:00:00","datetimeutc":"2020-07-27T03:00:00","timetype":"Hour","precipitationmm":0.0,"temperature":16.1,"feeltemperature":16.1,"cloudcover":100,"iconcode":"cc","iconid":22,"sources":1,"winddirection":"W","winddirectiondegrees":255,"windspeedms":3.93,"visibility":11810,"precipitation":2,"beaufort":2,"humidity":85,"sunshine":0,"hour":5,"pollenindex":3,"windspeed":14,"sunshinepower":0,"sunpower":0},{"datetime":"2020-07-27T06:00:00","datetimeutc":"2020-07-27T04:00:00","timetype":"Hour","precipitationmm":0.0,"temperature":16.2,"feeltemperature":16.2,"cloudcover":100,"iconcode":"c","iconid":21,"sources":1,"winddirection":"W","winddirectiondegrees":256,"windspeedms":3.92,"visibility":12410,"precipitation":2,"beaufort":2,"humidity":86,"sunshine":0,"hour":6,"pollenindex":3,"windspeed":14,"sunshinepower":0,"sunpower":0},{"datetime":"2020-07-27T07:00:00","datetimeutc":"2020-07-27T05:00:00","timetype":"Hour","precipitationmm":0.0,"temperature":16.4,"feeltemperature":16.4,"cloudcover":100,"iconcode":"c","iconid":21,"sources":1,"winddirection":"W","winddirectiondegrees":255,"windspeedms":4.08,"visibility":11410,"precipitation":2,"beaufort":3,"humidity":86,"sunshine":0,"hour":7,"pollenindex":3,"windspeed":15,"sunshinepower":56,"sunpower":56},{"datetime":"2020-07-27T08:00:00","datetimeutc":"2020-07-27T06:00:00","timetype":"Hour","precipitationmm":0.0,"temperature":16.6,"feeltemperature":16.6,"cloudcover":100,"iconcode":"c","iconid":21,"sources":1,"winddirection":"W","winddirectiondegrees":267,"windspeedms":4.73,"visibility":13410,"precipitation":2,"beaufort":3,"humidity":85,"sunshine":0,"hour":8,"pollenindex":3,"windspeed":17,"sunshinepower":147,"sunpower":147},{"datetime":"2020-07-27T09:00:00","datetimeutc":"2020-07-27T07:00:00","timetype":"Hour","precipitationmm":1.7,"temperature":16.9,"feeltemperature":16.9,"cloudcover":100,"iconcode":"m","iconid":33,"sources":1,"winddirection":"W","winddirectiondegrees":271,"windspeedms":5.58,"visibility":15410,"precipitation":59,"beaufort":3,"humidity":82,"sunshine":0,"hour":9,"pollenindex":4,"windspeed":20,"sunshinepower":230,"sunpower":230},{"datetime":"2020-07-27T10:00:00","datetimeutc":"2020-07-27T08:00:00","timetype":"Hour","precipitationmm":2.2,"temperature":17.0,"feeltemperature":17.0,"cloudcover":100,"iconcode":"s","iconid":28,"sources":1,"winddirection":"W","winddirectiondegrees":266,"windspeedms":5.78,"visibility":16200,"precipitation":58,"beaufort":3,"humidity":79,"sunshine":0,"hour":10,"pollenindex":4,"windspeed":21,"sunshinepower":286,"sunpower":286},{"datetime":"2020-07-27T11:00:00","datetimeutc":"2020-07-27T09:00:00","timetype":"Hour","precipitationmm":2.7,"temperature":17.3,"feeltemperature":17.3,"cloudcover":100,"iconcode":"s","iconid":27,"sources":1,"winddirection":"W","winddirectiondegrees":263,"windspeedms":6.07,"visibility":16400,"precipitation":56,"beaufort":4,"humidity":77,"sunshine":0,"hour":11,"pollenindex":4,"windspeed":22,"sunshinepower":346,"sunpower":346},{"datetime":"2020-07-27T12:00:00","datetimeutc":"2020-07-27T10:00:00","timetype":"Hour","precipitationmm":0.0,"temperature":17.7,"feeltemperature":17.7,"cloudcover":94,"iconcode":"c","iconid":20,"sources":1,"winddirection":"W","winddirectiondegrees":264,"windspeedms":6.36,"visibility":15600,"precipitation":2,"beaufort":4,"humidity":73,"sunshine":0,"hour":12,"pollenindex":4,"windspeed":23,"sunshinepower":409,"sunpower":409},{"datetime":"2020-07-27T13:00:00","datetimeutc":"2020-07-27T11:00:00","timetype":"Hour","precipitationmm":0.0,"temperature":18.1,"feeltemperature":18.1,"cloudcover":86,"iconcode":"r","iconid":20,"sources":1,"winddirection":"W","winddirectiondegrees":268,"windspeedms":6.67,"visibility":14800,"precipitation":2,"beaufort":4,"humidity":70,"sunshine":0,"hour":13,"pollenindex":4,"windspeed":24,"sunshinepower":447,"sunpower":447},{"datetime":"2020-07-27T14:00:00","datetimeutc":"2020-07-27T12:00:00","timetype":"Hour","precipitationmm":0.0,"temperature":18.4,"feeltemperature":18.4,"cloudcover":81,"iconcode":"r","iconid":19,"sources":1,"winddirection":"W","winddirectiondegrees":274,"windspeedms":6.65,"visibility":13000,"precipitation":2,"beaufort":4,"humidity":70,"sunshine":8,"hour":14,"pollenindex":4,"windspeed":24,"sunshinepower":464,"sunpower":464},{"datetime":"2020-07-27T15:00:00","datetimeutc":"2020-07-27T13:00:00","timetype":"Hour","precipitationmm":0.0,"temperature":18.7,"feeltemperature":18.7,"cloudcover":74,"iconcode":"r","iconid":7,"sources":1,"winddirection":"W","winddirectiondegrees":278,"windspeedms":6.43,"visibility":12600,"precipitation":2,"beaufort":4,"humidity":69,"sunshine":13,"hour":15,"pollenindex":4,"windspeed":23,"sunshinepower":461,"sunpower":461},{"datetime":"2020-07-27T16:00:00","datetimeutc":"2020-07-27T14:00:00","timetype":"Hour","precipitationmm":0.0,"temperature":18.9,"feeltemperature":18.9,"cloudcover":80,"iconcode":"r","iconid":7,"sources":1,"winddirection":"W","winddirectiondegrees":284,"windspeedms":6.09,"visibility":12600,"precipitation":2,"beaufort":4,"humidity":68,"sunshine":21,"hour":16,"pollenindex":4,"windspeed":22,"sunshinepower":434,"sunpower":434},{"datetime":"2020-07-27T17:00:00","datetimeutc":"2020-07-27T15:00:00","timetype":"Hour","precipitationmm":0.0,"temperature":18.7,"feeltemperature":18.7,"cloudcover":81,"iconcode":"r","iconid":19,"sources":1,"winddirection":"W","winddirectiondegrees":289,"windspeedms":5.81,"visibility":11200,"precipitation":1,"beaufort":3,"humidity":67,"sunshine":15,"hour":17,"pollenindex":5,"windspeed":21,"sunshinepower":383,"sunpower":383},{"datetime":"2020-07-27T18:00:00","datetimeutc":"2020-07-27T16:00:00","timetype":"Hour","precipitationmm":0.0,"temperature":18.3,"feeltemperature":18.3,"cloudcover":96,"iconcode":"c","iconid":19,"sources":1,"winddirection":"W","winddirectiondegrees":291,"windspeedms":5.34,"visibility":10600,"precipitation":1,"beaufort":3,"humidity":67,"sunshine":13,"hour":18,"pollenindex":5,"windspeed":19,"sunshinepower":310,"sunpower":310},{"datetime":"2020-07-27T19:00:00","datetimeutc":"2020-07-27T17:00:00","timetype":"Hour","precipitationmm":0.0,"temperature":17.7,"feeltemperature":17.7,"cloudcover":100,"iconcode":"c","iconid":22,"sources":1,"winddirection":"W","winddirectiondegrees":291,"windspeedms":4.85,"visibility":10400,"precipitation":2,"beaufort":3,"humidity":70,"sunshine":0,"hour":19,"pollenindex":4,"windspeed":17,"sunshinepower":222,"sunpower":222},{"datetime":"2020-07-27T20:00:00","datetimeutc":"2020-07-27T18:00:00","timetype":"Hour","precipitationmm":0.0,"temperature":17.0,"feeltemperature":17.0,"cloudcover":96,"iconcode":"c","iconid":19,"sources":1,"winddirection":"NW","winddirectiondegrees":295,"windspeedms":4.63,"visibility":11400,"precipitation":2,"beaufort":3,"humidity":73,"sunshine":0,"hour":20,"pollenindex":4,"windspeed":17,"sunshinepower":124,"sunpower":124},{"datetime":"2020-07-27T21:00:00","datetimeutc":"2020-07-27T19:00:00","timetype":"Hour","precipitationmm":0.0,"temperature":16.3,"feeltemperature":16.3,"cloudcover":100,"iconcode":"c","iconid":22,"sources":1,"winddirection":"NW","winddirectiondegrees":297,"windspeedms":4.25,"visibility":12000,"precipitation":2,"beaufort":3,"humidity":75,"sunshine":0,"hour":21,"pollenindex":4,"windspeed":15,"sunshinepower":37,"sunpower":37},{"datetime":"2020-07-27T22:00:00","datetimeutc":"2020-07-27T20:00:00","timetype":"Hour","precipitationmm":0.0,"temperature":15.6,"feeltemperature":15.6,"cloudcover":92,"iconcode":"cc","iconid":19,"sources":1,"winddirection":"NW","winddirectiondegrees":294,"windspeedms":3.61,"visibility":12610,"precipitation":2,"beaufort":2,"humidity":76,"sunshine":0,"hour":22,"pollenindex":4,"windspeed":13,"sunshinepower":0,"sunpower":0},{"datetime":"2020-07-27T23:00:00","datetimeutc":"2020-07-27T21:00:00","timetype":"Hour","precipitationmm":0.0,"temperature":15.0,"feeltemperature":15.0,"cloudcover":90,"iconcode":"cc","iconid":19,"sources":1,"winddirection":"W","winddirectiondegrees":290,"windspeedms":3.44,"visibility":13220,"precipitation":1,"beaufort":2,"humidity":78,"sunshine":0,"hour":23,"pollenindex":4,"windspeed":12,"sunshinepower":0,"sunpower":0}],"datetime":"2020-07-27T00:00:00","datetimeutc":"2020-07-26T22:00:00","timetype":"Day","precipitationmm":6.6,"mintemperature":15.0,"maxtemperature":18.9,"cloudcover":50,"iconcode":"g","iconid":8,"sources":1,"winddirection":"W","winddirectiondegrees":270,"windspeedms":4.92,"precipitation":59,"beaufort":3,"uvindex":2,"bbqindex":7,"mosquitoindex":6,"pollenindex":4,"icescrapeindex":1,"mintemp":15.0,"maxtemp":18.9,"windspeed":5},{"date":"2020-07-28T00:00:00","sunrise":"2020-07-28T05:55:25","sunset":"2020-07-28T21:37:32","hours":[{"datetime":"2020-07-28T00:00:00","datetimeutc":"2020-07-27T22:00:00","timetype":"Hour","precipitationmm":0.0,"temperature":14.3,"feeltemperature":14.3,"cloudcover":74,"iconcode":"rr","iconid":7,"sources":1,"winddirection":"W","winddirectiondegrees":284,"windspeedms":3.26,"visibility":14020,"precipitation":2,"beaufort":2,"humidity":81,"sunshine":0,"hour":0,"pollenindex":4,"windspeed":12,"sunshinepower":0,"sunpower":0},{"datetime":"2020-07-28T01:00:00","datetimeutc":"2020-07-27T23:00:00","timetype":"Hour","precipitationmm":1.3,"temperature":13.7,"feeltemperature":13.7,"cloudcover":71,"iconcode":"mm","iconid":33,"sources":1,"winddirection":"W","winddirectiondegrees":278,"windspeedms":3.12,"visibility":13020,"precipitation":46,"beaufort":2,"humidity":83,"sunshine":0,"hour":1,"pollenindex":4,"windspeed":11,"sunshinepower":0,"sunpower":0},{"datetime":"2020-07-28T02:00:00","datetimeutc":"2020-07-28T00:00:00","timetype":"Hour","precipitationmm":0.3,"temperature":13.1,"feeltemperature":13.1,"cloudcover":79,"iconcode":"mm","iconid":33,"sources":1,"winddirection":"W","winddirectiondegrees":272,"windspeedms":3.01,"visibility":13430,"precipitation":47,"beaufort":2,"humidity":86,"sunshine":0,"hour":2,"pollenindex":3,"windspeed":11,"sunshinepower":0,"sunpower":0},{"datetime":"2020-07-28T03:00:00","datetimeutc":"2020-07-28T01:00:00","timetype":"Hour","precipitationmm":1.2,"temperature":12.8,"feeltemperature":12.8,"cloudcover":94,"iconcode":"mm","iconid":33,"sources":1,"winddirection":"W","winddirectiondegrees":265,"windspeedms":3.14,"visibility":13610,"precipitation":42,"beaufort":2,"humidity":85,"sunshine":0,"hour":3,"pollenindex":4,"windspeed":11,"sunshinepower":0,"sunpower":0},{"datetime":"2020-07-28T04:00:00","datetimeutc":"2020-07-28T02:00:00","timetype":"Hour","precipitationmm":0.0,"temperature":12.6,"feeltemperature":12.6,"cloudcover":100,"iconcode":"cc","iconid":22,"sources":1,"winddirection":"W","winddirectiondegrees":256,"windspeedms":3.32,"visibility":13010,"precipitation":2,"beaufort":2,"humidity":85,"sunshine":0,"hour":4,"pollenindex":4,"windspeed":12,"sunshinepower":0,"sunpower":0},{"datetime":"2020-07-28T05:00:00","datetimeutc":"2020-07-28T03:00:00","timetype":"Hour","precipitationmm":1.4,"temperature":12.8,"feeltemperature":11.5,"cloudcover":96,"iconcode":"mm","iconid":33,"sources":1,"winddirection":"W","winddirectiondegrees":255,"windspeedms":3.8,"visibility":12210,"precipitation":49,"beaufort":2,"humidity":85,"sunshine":0,"hour":5,"pollenindex":4,"windspeed":14,"sunshinepower":0,"sunpower":0},{"datetime":"2020-07-28T06:00:00","datetimeutc":"2020-07-28T04:00:00","timetype":"Hour","precipitationmm":0.0,"temperature":13.4,"feeltemperature":12.0,"cloudcover":100,"iconcode":"c","iconid":22,"sources":1,"winddirection":"W","winddirectiondegrees":271,"windspeedms":4.36,"visibility":13000,"precipitation":1,"beaufort":3,"humidity":85,"sunshine":0,"hour":6,"pollenindex":4,"windspeed":16,"sunshinepower":0,"sunpower":0},{"datetime":"2020-07-28T07:00:00","datetimeutc":"2020-07-28T05:00:00","timetype":"Hour","precipitationmm":0.0,"temperature":14.3,"feeltemperature":12.9,"cloudcover":100,"iconcode":"c","iconid":22,"sources":1,"winddirection":"W","winddirectiondegrees":286,"windspeedms":4.87,"visibility":14400,"precipitation":1,"beaufort":3,"humidity":83,"sunshine":0,"hour":7,"pollenindex":4,"windspeed":18,"sunshinepower":53,"sunpower":53},{"datetime":"2020-07-28T08:00:00","datetimeutc":"2020-07-28T06:00:00","timetype":"Hour","precipitationmm":0.0,"temperature":15.1,"feeltemperature":15.1,"cloudcover":100,"iconcode":"c","iconid":22,"sources":1,"winddirection":"W","winddirectiondegrees":286,"windspeedms":5.65,"visibility":14400,"precipitation":1,"beaufort":3,"humidity":83,"sunshine":0,"hour":8,"pollenindex":4,"windspeed":20,"sunshinepower":152,"sunpower":152},{"datetime":"2020-07-28T09:00:00","datetimeutc":"2020-07-28T07:00:00","timetype":"Hour","precipitationmm":0.0,"temperature":15.8,"feeltemperature":15.8,"cloudcover":100,"iconcode":"c","iconid":22,"sources":1,"winddirection":"W","winddirectiondegrees":278,"windspeedms":5.96,"visibility":14600,"precipitation":1,"beaufort":3,"humidity":82,"sunshine":0,"hour":9,"pollenindex":4,"windspeed":21,"sunshinepower":265,"sunpower":265},{"datetime":"2020-07-28T10:00:00","datetimeutc":"2020-07-28T08:00:00","timetype":"Hour","precipitationmm":0.0,"temperature":16.1,"feeltemperature":16.1,"cloudcover":100,"iconcode":"c","iconid":22,"sources":1,"winddirection":"W","winddirectiondegrees":270,"windspeedms":6.25,"visibility":16000,"precipitation":1,"beaufort":4,"humidity":78,"sunshine":0,"hour":10,"pollenindex":4,"windspeed":22,"sunshinepower":369,"sunpower":369},{"datetime":"2020-07-28T11:00:00","datetimeutc":"2020-07-28T09:00:00","timetype":"Hour","precipitationmm":0.0,"temperature":16.4,"feeltemperature":16.4,"cloudcover":100,"iconcode":"c","iconid":22,"sources":1,"winddirection":"W","winddirectiondegrees":272,"windspeedms":6.35,"visibility":15200,"precipitation":1,"beaufort":4,"humidity":74,"sunshine":0,"hour":11,"pollenindex":4,"windspeed":23,"sunshinepower":459,"sunpower":459},{"datetime":"2020-07-28T12:00:00","datetimeutc":"2020-07-28T10:00:00","timetype":"Hour","precipitationmm":0.0,"temperature":16.6,"feeltemperature":16.6,"cloudcover":100,"iconcode":"c","iconid":22,"sources":1,"winddirection":"W","winddirectiondegrees":276,"windspeedms":6.43,"visibility":13000,"precipitation":1,"beaufort":4,"humidity":73,"sunshine":0,"hour":12,"pollenindex":4,"windspeed":23,"sunshinepower":570,"sunpower":570},{"datetime":"2020-07-28T13:00:00","datetimeutc":"2020-07-28T11:00:00","timetype":"Hour","precipitationmm":0.0,"temperature":16.8,"feeltemperature":16.8,"cloudcover":100,"iconcode":"c","iconid":22,"sources":1,"winddirection":"W","winddirectiondegrees":275,"windspeedms":6.63,"visibility":12400,"precipitation":1,"beaufort":4,"humidity":72,"sunshine":0,"hour":13,"pollenindex":4,"windspeed":24,"sunshinepower":392,"sunpower":392},{"datetime":"2020-07-28T14:00:00","datetimeutc":"2020-07-28T12:00:00","timetype":"Hour","precipitationmm":0.0,"temperature":16.8,"feeltemperature":16.8,"cloudcover":100,"iconcode":"c","iconid":22,"sources":1,"winddirection":"W","winddirectiondegrees":271,"windspeedms":6.74,"visibility":12000,"precipitation":1,"beaufort":4,"humidity":72,"sunshine":0,"hour":14,"pollenindex":4,"windspeed":24,"sunshinepower":0,"sunpower":0}],"datetime":"2020-07-28T00:00:00","datetimeutc":"2020-07-27T22:00:00","timetype":"Day","precipitationmm":4.5,"mintemperature":12.6,"maxtemperature":19.0,"cloudcover":90,"iconcode":"q","iconid":12,"sources":1,"winddirection":"W","winddirectiondegrees":270,"windspeedms":5.28,"precipitation":80,"beaufort":3,"mosquitoindex":7,"pollenindex":5,"icescrapeindex":1,"mintemp":12.6,"maxtemp":19.0,"windspeed":5},{"date":"2020-07-29T00:00:00","sunrise":"2020-07-29T05:56:57","sunset":"2020-07-29T21:35:56","datetime":"2020-07-29T00:00:00","datetimeutc":"2020-07-28T22:00:00","timetype":"Day","precipitationmm":3.1,"mintemperature":15.4,"maxtemperature":19.2,"cloudcover":25,"iconcode":"f","iconid":16,"sources":1,"winddirection":"W","winddirectiondegrees":270,"windspeedms":4.53,"precipitation":81,"beaufort":3,"pollenindex":5,"mintemp":15.4,"maxtemp":19.2,"windspeed":5},{"date":"2020-07-30T00:00:00","sunrise":"2020-07-30T05:58:29","sunset":"2020-07-30T21:34:17","datetime":"2020-07-30T00:00:00","datetimeutc":"2020-07-29T22:00:00","timetype":"Day","precipitationmm":0.0,"mintemperature":15.4,"maxtemperature":20.7,"cloudcover":75,"iconcode":"r","iconid":3,"sources":1,"winddirection":"ZW","winddirectiondegrees":225,"windspeedms":2.96,"precipitation":2,"beaufort":2,"pollenindex":5,"mintemp":15.4,"maxtemp":20.7,"windspeed":3},{"date":"2020-07-31T00:00:00","sunrise":"2020-07-31T06:00:02","sunset":"2020-07-31T21:32:37","datetime":"2020-07-31T00:00:00","datetimeutc":"2020-07-30T22:00:00","timetype":"Day","precipitationmm":0.0,"mintemperature":16.4,"maxtemperature":21.6,"cloudcover":25,"iconcode":"j","iconid":2,"sources":1,"winddirection":"W","winddirectiondegrees":270,"windspeedms":1.38,"precipitation":2,"beaufort":1,"pollenindex":5,"mintemp":16.4,"maxtemp":21.6,"windspeed":1},{"date":"2020-08-01T00:00:00","sunrise":"2020-08-01T06:01:36","sunset":"2020-08-01T21:30:55","datetime":"2020-08-01T00:00:00","datetimeutc":"2020-07-31T22:00:00","timetype":"Day","precipitationmm":0.0,"mintemperature":16.6,"maxtemperature":21.6,"cloudcover":25,"iconcode":"j","iconid":2,"sources":1,"winddirection":"N","winddirectiondegrees":0,"windspeedms":1.18,"precipitation":2,"beaufort":1,"pollenindex":5,"mintemp":16.6,"maxtemp":21.6,"windspeed":1},{"date":"2020-08-02T00:00:00","sunrise":"2020-08-02T06:03:11","sunset":"2020-08-02T21:29:10","datetime":"2020-08-02T00:00:00","datetimeutc":"2020-08-01T22:00:00","timetype":"Day","precipitationmm":3.3,"mintemperature":16.5,"maxtemperature":21.5,"cloudcover":25,"iconcode":"f","iconid":16,"sources":1,"winddirection":"W","winddirectiondegrees":270,"windspeedms":1.43,"precipitation":57,"beaufort":1,"pollenindex":5,"mintemp":16.5,"maxtemp":21.5,"windspeed":1},{"date":"2020-08-03T00:00:00","sunrise":"2020-08-03T06:04:46","sunset":"2020-08-03T21:27:25","datetime":"2020-08-03T00:00:00","datetimeutc":"2020-08-02T22:00:00","timetype":"Day","precipitationmm":0.0,"mintemperature":16.3,"maxtemperature":21.1,"cloudcover":25,"iconcode":"j","iconid":2,"sources":1,"winddirection":"ZW","winddirectiondegrees":225,"windspeedms":1.55,"precipitation":2,"beaufort":1,"pollenindex":5,"mintemp":16.3,"maxtemp":21.1,"windspeed":2},{"date":"2020-08-04T00:00:00","sunrise":"2020-08-04T06:06:21","sunset":"2020-08-04T21:25:37","datetime":"2020-08-04T00:00:00","datetimeutc":"2020-08-03T22:00:00","timetype":"Day","precipitationmm":4.0,"mintemperature":16.1,"maxtemperature":20.8,"cloudcover":25,"iconcode":"f","iconid":16,"sources":1,"winddirection":"NW","winddirectiondegrees":315,"windspeedms":1.25,"precipitation":57,"beaufort":1,"pollenindex":5,"mintemp":16.1,"maxtemp":20.8,"windspeed":1}]}