{"location":{"lat":52.37,"lon":4.89},"timeOffset":2.0,"timestamp":"2020-07-05T04:01:02","altitude":0,"elevation":0,"machinename":"None","elapsedms":0,"pollenindexNowDay":5,"pollenindexNowHour":4,"nowrelevant":{"values":[{"type":"pollenindex","value":5},{"type":"uvindex","value":5}]},"days":[{"date":"2020-07-05T00:00:00","sunrise":"2020-07-05T05:26:20","sunset":"2020-07-05T22:03:29","morning":{"datetime":"2020-07-05T07:00:00","datetimeutc":"2020-07-05T05:00:00","timetype":"Morning","precipitationmm":0.0,"mintemperature":16.5,"maxtemperature":17.8,"cloudcover":100,"iconcode":"d","iconid":16,"sources":1,"winddirection":"ZW","winddirectiondegrees":241,"windspeedms":10.1,"visibility":2378,"precipitation":0,"beaufort":5,"humidity":91,"sunshine":0,"hour":7,"mintemp":16.5,"maxtemp":17.8,"windspeed":36,"sunshinepower":121,"sunpower":121},"afternoon":{"datetime":"2020-07-05T12:00:00","datetimeutc":"2020-07-05T10:00:00","timetype":"Afternoon","precipitationmm":0.0,"mintemperature":18.4,"maxtemperature":20.0,"cloudcover":78,"iconcode":"r","iconid":22,"sources":1,"winddirection":"W","winddirectiondegrees":252,"windspeedms":10.2,"visibility":11576,"precipitation":1,"beaufort":5,"humidity":71,"sunshine":12,"hour":12,"mintemp":18.4,"maxtemp":20.0,"windspeed":37,"sunshinepower":441,"sunpower":441},"evening":{"datetime":"2020-07-05T18:00:00","datetimeutc":"2020-07-05T16:00:00","timetype":"Evening","precipitationmm":0.0,"mintemperature":17.0,"maxtemperature":19.9,"cloudcover":62,"iconcode":"b","iconid":7,"sources":1,"winddirection":"W","winddirectiondegrees":248,"windspeedms":7.8,"visibility":12928,"precipitation":0,"beaufort":4,"humidity":67,"sunshine":30,"hour":18,"mintemp":17.0,"maxtemp":19.9,"windspeed":28,"sunshinepower":153,"sunpower":153},"hours":[{"datetime":"2020-07-05T07:00:00","datetimeutc":"2020-07-05T05:00:00","timetype":"Hour","precipitationmm":0.0,"temperature":16.5,"feeltemperature":14.9,"cloudcover":100,"iconcode":"d","iconid":16,"sources":3,"winddirection":"ZW","winddirectiondegrees":236,"windspeedms":9.4,"visibility":220,"precipitation":0,"beaufort":5,"humidity":93,"sunshine":0,"hour":7,"pollenindex":3,"windspeed":34,"sunshinepower":41,"sunpower":41},{"datetime":"2020-07-05T08:00:00","datetimeutc":"2020-07-05T06:00:00","timetype":"Hour","precipitationmm":0.0,"temperature":16.6,"feeltemperature":15.0,"cloudcover":100,"iconcode":"d","iconid":22,"sources":2,"winddirection":"ZW","winddirectiondegrees":235,"windspeedms":9.8,"visibility":210,"precipitation":0,"beaufort":5,"humidity":94,"sunshine":0,"hour":8,"pollenindex":3,"windspeed":35,"sunshinepower":81,"sunpower":81},{"datetime":"2020-07-05T09:00:00","datetimeutc":"2020-07-05T07:00:00","timetype":"Hour","precipitationmm":0.0,"temperature":16.8,"feeltemperature":15.2,"cloudcover":100,"iconcode":"d","iconid":22,"sources":2,"winddirection":"ZW","winddirectiondegrees":240,"windspeedms":10.2,"visibility":220,"precipitation":1,"beaufort":5,"humidity":94,"sunshine":0,"hour":9,"pollenindex":3,"windspeed":37,"sunshinepower":119,"sunpower":119},{"datetime":"2020-07-05T10:00:00","datetimeutc":"2020-07-05T08:00:00","timetype":"Hour","precipitationmm":0.0,"temperature":17.3,"feeltemperature":15.8,"cloudcover":100,"iconcode":"c","iconid":22,"sources":2,"winddirection":"ZW","winddirectiondegrees":246,"windspeedms":10.6,"visibility":1220,"precipitation":1,"beaufort":5,"humidity":90,"sunshine":0,"hour":10,"pollenindex":5,"windspeed":38,"sunshinepower":156,"sunpower":156},{"datetime":"2020-07-05T11:00:00","datetimeutc":"2020-07-05T09:00:00","timetype":"Hour","precipitationmm":0.0,"temperature":17.8,"feeltemperature":16.5,"cloudcover":100,"iconcode":"c","iconid":22,"sources":2,"winddirection":"W","winddirectiondegrees":250,"windspeedms":10.5,"visibility":10020,"precipitation":1,"beaufort":5,"humidity":86,"sunshine":0,"hour":11,"pollenindex":5,"windspeed":38,"sunshinepower":212,"sunpower":212},{"datetime":"2020-07-05T12:00:00","datetimeutc":"2020-07-05T10:00:00","timetype":"Hour","precipitationmm":0.0,"temperature":18.4,"feeltemperature":17.3,"cloudcover":100,"iconcode":"c","iconid":22,"sources":2,"winddirection":"W","winddirectiondegrees":248,"windspeedms":10.5,"visibility":10010,"precipitation":1,"beaufort":5,"humidity":81,"sunshine":0,"hour":12,"pollenindex":5,"windspeed":38,"sunshinepower":293,"sunpower":293},{"datetime":"2020-07-05T13:00:00","datetimeutc":"2020-07-05T11:00:00","timetype":"Hour","precipitationmm":0.0,"temperature":19.1,"feeltemperature":19.1,"cloudcover":89,"iconcode":"r","iconid":22,"sources":2,"winddirection":"W","winddirectiondegrees":249,"windspeedms":10.7,"visibility":10010,"precipitation":1,"beaufort":5,"humidity":77,"sunshine":0,"hour":13,"pollenindex":5,"windspeed":39,"sunshinepower":383,"sunpower":383},{"datetime":"2020-07-05T14:00:00","datetimeutc":"2020-07-05T12:00:00","timetype":"Hour","precipitationmm":0.0,"temperature":19.5,"feeltemperature":19.5,"cloudcover":75,"iconcode":"r","iconid":22,"sources":2,"winddirection":"W","winddirectiondegrees":251,"windspeedms":10.5,"visibility":10210,"precipitation":1,"beaufort":5,"humidity":72,"sunshine":5,"hour":14,"pollenindex":6,"windspeed":38,"sunshinepower":457,"sunpower":457},{"datetime":"2020-07-05T15:00:00","datetimeutc":"2020-07-05T13:00:00","timetype":"Hour","precipitationmm":0.0,"temperature":19.7,"feeltemperature":19.7,"cloudcover":70,"iconcode":"r","iconid":19,"sources":2,"winddirection":"W","winddirectiondegrees":254,"windspeedms":10.1,"visibility":10810,"precipitation":0,"beaufort":5,"humidity":70,"sunshine":20,"hour":15,"pollenindex":6,"windspeed":36,"sunshinepower":500,"sunpower":500},{"datetime":"2020-07-05T16:00:00","datetimeutc":"2020-07-05T14:00:00","timetype":"Hour","precipitationmm":0.0,"temperature":19.8,"feeltemperature":19.8,"cloudcover":69,"iconcode":"b","iconid":7,"sources":2,"winddirection":"W","winddirectiondegrees":255,"windspeedms":9.8,"visibility":13410,"precipitation":0,"beaufort":5,"humidity":67,"sunshine":25,"hour":16,"pollenindex":6,"windspeed":35,"sunshinepower":525,"sunpower":525},{"datetime":"2020-07-05T17:00:00","datetimeutc":"2020-07-05T15:00:00","timetype":"Hour","precipitationmm":0.0,"temperature":20.0,"feeltemperature":20.0,"cloudcover":68,"iconcode":"b","iconid":7,"sources":2,"winddirection":"W","winddirectiondegrees":255,"windspeedms":9.4,"visibility":15010,"precipitation":0,"beaufort":5,"humidity":64,"sunshine":26,"hour":17,"pollenindex":6,"windspeed":34,"sunshinepower":492,"sunpower":492},{"datetime":"2020-07-05T18:00:00","datetimeutc":"2020-07-05T16:00:00","timetype":"Hour","precipitationmm":0.0,"temperature":19.9,"feeltemperature":19.9,"cloudcover":64,"iconcode":"b","iconid":7,"sources":2,"winddirection":"W","winddirectiondegrees":254,"windspeedms":8.9,"visibility":16010,"precipitation":0,"beaufort":4,"humidity":63,"sunshine":28,"hour":18,"pollenindex":6,"windspeed":32,"sunshinepower":396,"sunpower":396},{"datetime":"2020-07-05T19:00:00","datetimeutc":"2020-07-05T17:00:00","timetype":"Hour","precipitationmm":0.0,"temperature":19.5,"feeltemperature":19.5,"cloudcover":59,"iconcode":"b","iconid":7,"sources":2,"winddirection":"W","winddirectiondegrees":252,"windspeedms":8.5,"visibility":14410,"precipitation":0,"beaufort":4,"humidity":65,"sunshine":31,"hour":19,"pollenindex":5,"windspeed":31,"sunshinepower":286,"sunpower":286},{"datetime":"2020-07-05T20:00:00","datetimeutc":"2020-07-05T18:00:00","timetype":"Hour","precipitationmm":0.0,"temperature":18.7,"feeltemperature":18.7,"cloudcover":55,"iconcode":"b","iconid":19,"sources":2,"winddirection":"W","winddirectiondegrees":250,"windspeedms":7.9,"visibility":12620,"precipitation":0,"beaufort":4,"humidity":67,"sunshine":36,"hour":20,"pollenindex":5,"windspeed":28,"sunshinepower":171,"sunpower":171},{"datetime":"2020-07-05T21:00:00","datetimeutc":"2020-07-05T19:00:00","timetype":"Hour","precipitationmm":0.0,"temperature":17.9,"feeltemperature":17.9,"cloudcover":54,"iconcode":"b","iconid":7,"sources":2,"winddirection":"ZW","winddirectiondegrees":246,"windspeedms":7.6,"visibility":12020,"precipitation":0,"beaufort":4,"humidity":70,"sunshine":41,"hour":21,"pollenindex":5,"windspeed":27,"sunshinepower":67,"sunpower":67},{"datetime":"2020-07-05T22:00:00","datetimeutc":"2020-07-05T20:00:00","timetype":"Hour","precipitationmm":0.0,"temperature":17.4,"feeltemperature":17.4,"cloudcover":66,"iconcode":"b","iconid":22,"sources":2,"winddirection":"ZW","winddirectiondegrees":243,"windspeedms":7.2,"visibility":10250,"precipitation":0,"beaufort":4,"humidity":71,"sunshine":41,"hour":22,"pollenindex":5,"windspeed":26,"sunshinepower":0,"sunpower":0},{"datetime":"2020-07-05T23:00:00","datetimeutc":"2020-07-05T21:00:00","timetype":"Hour","precipitationmm":0.0,"temperature":17.0,"feeltemperature":17.0,"cloudcover":77,"iconcode":"rr","iconid":22,"sources":2,"winddirection":"W","winddirectiondegrees":248,"windspeedms":7.0,"visibility":12260,"precipitation":0,"beaufort":4,"humidity":70,"sunshine":3,"hour":23,"pollenindex":5,"windspeed":25,"sunshinepower":0,"sunpower":0}],"datetime":"2020-07-05T00:00:00","datetimeutc":"2020-07-04T22:00:00","timetype":"Day","precipitationmm":0.0,"mintemperature":16.5,"maxtemperature":20.0,"cloudcover":79,"iconcode":"r","iconid":3,"sources":2,"winddirection":"ZW","winddirectiondegrees":225,"windspeedms":9.3,"visibility":9348,"precipitation":0,"beaufort":5,"humidity":76,"sunshine":15,"uvindex":5,"bbqindex":6,"mosquitoindex":7,"pollenindex":5,"icescrapeindex":1,"mintemp":16.5,"maxtemp":20.0,"windspeed":9,"sunshinepower":245,"sunpower":245},{"date":"2020-07-06T00:00:00","sunrise":"2020-07-06T05:27:15","sunset":"2020-07-06T22:02:52","morning":{"datetime":"2020-07-06T07:00:00","datetimeutc":"2020-07-06T05:00:00","timetype":"Morning","precipitationmm":0.8,"mintemperature":14.5,"maxtemperature":15.4,"cloudcover":77,"iconcode":"r","iconid":7,"sources":1,"winddirection":"W","winddirectiondegrees":282,"windspeedms":7.9,"visibility":13616,"precipitation":44,"beaufort":4,"humidity":72,"sunshine":16,"hour":7,"mintemp":14.5,"maxtemp":15.4,"windspeed":28,"sunshinepower":292,"sunpower":292},"afternoon":{"datetime":"2020-07-06T12:00:00","datetimeutc":"2020-07-06T10:00:00","timetype":"Afternoon","precipitationmm":0.4,"mintemperature":15.6,"maxtemperature":15.9,"cloudcover":73,"iconcode":"m","iconid":22,"sources":1,"winddirection":"W","winddirectiondegrees":284,"windspeedms":7.7,"visibility":14478,"precipitation":81,"beaufort":4,"humidity":69,"sunshine":20,"hour":12,"mintemp":15.6,"maxtemp":15.9,"windspeed":28,"sunshinepower":528,"sunpower":528},"evening":{"datetime":"2020-07-06T18:00:00","datetimeutc":"2020-07-06T16:00:00","timetype":"Evening","precipitationmm":0.0,"mintemperature":13.1,"maxtemperature":15.8,"cloudcover":55,"iconcode":"b","iconid":22,"sources":1,"winddirection":"NW","winddirectiondegrees":313,"windspeedms":5.2,"visibility":13188,"precipitation":1,"beaufort":3,"humidity":74,"sunshine":29,"hour":18,"mintemp":13.1,"maxtemp":15.8,"windspeed":19,"sunshinepower":152,"sunpower":152},"night":{"datetime":"2020-07-06T00:00:00","datetimeutc":"2020-07-05T22:00:00","timetype":"Night","precipitationmm":0.0,"mintemperature":14.7,"maxtemperature":16.8,"cloudcover":57,"iconcode":"b","iconid":7,"sources":1,"winddirection":"W","winddirectiondegrees":275,"windspeedms":7.6,"visibility":16680,"precipitation":0,"beaufort":4,"humidity":68,"sunshine":1,"hour":0,"mintemp":14.7,"maxtemp":16.8,"windspeed":27,"sunshinepower":3,"sunpower":3},"hours":[{"datetime":"2020-07-06T00:00:00","datetimeutc":"2020-07-05T22:00:00","timetype":"Hour","precipitationmm":0.0,"temperature":16.8,"feeltemperature":16.8,"cloudcover":60,"iconcode":"bb","iconid":7,"sources":2,"winddirection":"W","winddirectiondegrees":257,"windspeedms":7.1,"visibility":13260,"precipitation":0,"beaufort":4,"humidity":69,"sunshine":0,"hour":0,"pollenindex":5,"windspeed":26,"sunshinepower":0,"sunpower":0},{"datetime":"2020-07-06T01:00:00","datetimeutc":"2020-07-05T23:00:00","timetype":"Hour","precipitationmm":0.0,"temperature":16.5,"feeltemperature":16.5,"cloudcover":48,"iconcode":"jj","iconid":19,"sources":2,"winddirection":"W","winddirectiondegrees":278,"windspeedms":7.7,"visibility":17660,"precipitation":0,"beaufort":4,"humidity":67,"sunshine":0,"hour":1,"pollenindex":5,"windspeed":28,"sunshinepower":0,"sunpower":0},{"datetime":"2020-07-06T02:00:00","datetimeutc":"2020-07-06T00:00:00","timetype":"Hour","precipitationmm":0.0,"temperature":16.1,"feeltemperature":16.1,"cloudcover":43,"iconcode":"jj","iconid":4,"sources":2,"winddirection":"W","winddirectiondegrees":276,"windspeedms":7.6,"visibility":18660,"precipitation":0,"beaufort":4,"humidity":66,"sunshine":0,"hour":2,"pollenindex":5,"windspeed":27,"sunshinepower":0,"sunpower":0},{"datetime":"2020-07-06T03:00:00","datetimeutc":"2020-07-06T01:00:00","timetype":"Hour","precipitationmm":0.0,"temperature":15.6,"feeltemperature":15.6,"cloudcover":33,"iconcode":"jj","iconid":4,"sources":2,"winddirection":"W","winddirectiondegrees":277,"windspeedms":7.6,"visibility":18060,"precipitation":0,"beaufort":4,"humidity":67,"sunshine":0,"hour":3,"pollenindex":5,"windspeed":27,"sunshinepower":0,"sunpower":0},{"datetime":"2020-07-06T04:00:00","datetimeutc":"2020-07-06T02:00:00","timetype":"Hour","precipitationmm":0.0,"temperature":15.2,"feeltemperature":15.2,"cloudcover":59,"iconcode":"bb","iconid":7,"sources":2,"winddirection":"W","winddirectiondegrees":280,"windspeedms":7.6,"visibility":17260,"precipitation":0,"beaufort":4,"humidity":68,"sunshine":0,"hour":4,"pollenindex":5,"windspeed":27,"sunshinepower":0,"sunpower":0},{"datetime":"2020-07-06T05:00:00","datetimeutc":"2020-07-06T03:00:00","timetype":"Hour","precipitationmm":0.0,"temperature":14.9,"feeltemperature":13.0,"cloudcover":77,"iconcode":"rr","iconid":7,"sources":2,"winddirection":"W","winddirectiondegrees":280,"windspeedms":7.9,"visibility":16840,"precipitation":0,"beaufort":4,"humidity":69,"sunshine":0,"hour":5,"pollenindex":5,"windspeed":28,"sunshinepower":0,"sunpower":0},{"datetime":"2020-07-06T06:00:00","datetimeutc":"2020-07-06T04:00:00","timetype":"Hour","precipitationmm":0.0,"temperature":14.7,"feeltemperature":12.8,"cloudcover":82,"iconcode":"r","iconid":19,"sources":2,"winddirection":"W","winddirectiondegrees":278,"windspeedms":7.9,"visibility":15020,"precipitation":0,"beaufort":4,"humidity":71,"sunshine":10,"hour":6,"pollenindex":5,"windspeed":28,"sunshinepower":21,"sunpower":21},{"datetime":"2020-07-06T07:00:00","datetimeutc":"2020-07-06T05:00:00","timetype":"Hour","precipitationmm":0.0,"temperature":14.5,"feeltemperature":12.5,"cloudcover":80,"iconcode":"r","iconid":7,"sources":2,"winddirection":"W","winddirectiondegrees":280,"windspeedms":7.9,"visibility":14220,"precipitation":1,"beaufort":4,"humidity":72,"sunshine":13,"hour":7,"pollenindex":5,"windspeed":28,"sunshinepower":96,"sunpower":96},{"datetime":"2020-07-06T08:00:00","datetimeutc":"2020-07-06T06:00:00","timetype":"Hour","precipitationmm":0.0,"temperature":14.5,"feeltemperature":12.5,"cloudcover":77,"iconcode":"r","iconid":19,"sources":2,"winddirection":"W","winddirectiondegrees":283,"windspeedms":8.0,"visibility":14010,"precipitation":1,"beaufort":4,"humidity":73,"sunshine":15,"hour":8,"pollenindex":5,"windspeed":29,"sunshinepower":198,"sunpower":198},{"datetime":"2020-07-06T09:00:00","datetimeutc":"2020-07-06T07:00:00","timetype":"Hour","precipitationmm":0.0,"temperature":14.6,"feeltemperature":12.7,"cloudcover":77,"iconcode":"r","iconid":22,"sources":2,"winddirection":"W","winddirectiondegrees":284,"windspeedms":7.9,"visibility":13220,"precipitation":1,"beaufort":4,"humidity":74,"sunshine":18,"hour":9,"pollenindex":5,"windspeed":28,"sunshinepower":301,"sunpower":301},{"datetime":"2020-07-06T10:00:00","datetimeutc":"2020-07-06T08:00:00","timetype":"Hour","precipitationmm":0.7,"temperature":15.0,"feeltemperature":15.0,"cloudcover":76,"iconcode":"m","iconid":22,"sources":2,"winddirection":"W","winddirectiondegrees":284,"windspeedms":7.8,"visibility":13220,"precipitation":83,"beaufort":4,"humidity":73,"sunshine":18,"hour":10,"pollenindex":6,"windspeed":28,"sunshinepower":393,"sunpower":393},{"datetime":"2020-07-06T11:00:00","datetimeutc":"2020-07-06T09:00:00","timetype":"Hour","precipitationmm":0.1,"temperature":15.4,"feeltemperature":15.4,"cloudcover":75,"iconcode":"m","iconid":22,"sources":2,"winddirection":"W","winddirectiondegrees":281,"windspeedms":7.8,"visibility":13410,"precipitation":83,"beaufort":4,"humidity":69,"sunshine":20,"hour":11,"pollenindex":6,"windspeed":28,"sunshinepower":473,"sunpower":473},{"datetime":"2020-07-06T12:00:00","datetimeutc":"2020-07-06T10:00:00","timetype":"Hour","precipitationmm":0.1,"temperature":15.8,"feeltemperature":14.2,"cloudcover":75,"iconcode":"m","iconid":22,"sources":2,"winddirection":"W","winddirectiondegrees":280,"windspeedms":8.0,"visibility":14210,"precipitation":83,"beaufort":4,"humidity":67,"sunshine":20,"hour":12,"pollenindex":6,"windspeed":29,"sunshinepower":538,"sunpower":538},{"datetime":"2020-07-06T13:00:00","datetimeutc":"2020-07-06T11:00:00","timetype":"Hour","precipitationmm":0.0,"temperature":15.9,"feeltemperature":14.3,"cloudcover":74,"iconcode":"r","iconid":33,"sources":2,"winddirection":"W","winddirectiondegrees":281,"windspeedms":8.0,"visibility":14010,"precipitation":4,"beaufort":4,"humidity":68,"sunshine":20,"hour":13,"pollenindex":6,"windspeed":29,"sunshinepower":576,"sunpower":576},{"datetime":"2020-07-06T14:00:00","datetimeutc":"2020-07-06T12:00:00","timetype":"Hour","precipitationmm":0.1,"temperature":15.8,"feeltemperature":15.8,"cloudcover":74,"iconcode":"m","iconid":33,"sources":2,"winddirection":"W","winddirectiondegrees":281,"windspeedms":7.9,"visibility":14220,"precipitation":82,"beaufort":4,"humidity":69,"sunshine":21,"hour":14,"pollenindex":6,"windspeed":28,"sunshinepower":577,"sunpower":577},{"datetime":"2020-07-06T15:00:00","datetimeutc":"2020-07-06T13:00:00","timetype":"Hour","precipitationmm":0.0,"temperature":15.7,"feeltemperature":15.7,"cloudcover":74,"iconcode":"r","iconid":33,"sources":2,"winddirection":"W","winddirectiondegrees":286,"windspeedms":7.7,"visibility":14610,"precipitation":5,"beaufort":4,"humidity":71,"sunshine":21,"hour":15,"pollenindex":6,"windspeed":28,"sunshinepower":549,"sunpower":549},{"datetime":"2020-07-06T16:00:00","datetimeutc":"2020-07-06T14:00:00","timetype":"Hour","precipitationmm":0.1,"temperature":15.6,"feeltemperature":15.6,"cloudcover":74,"iconcode":"m","iconid":7,"sources":2,"winddirection":"W","winddirectiondegrees":288,"windspeedms":7.4,"visibility":15210,"precipitation":76,"beaufort":4,"humidity":72,"sunshine":21,"hour":16,"pollenindex":6,"windspeed":27,"sunshinepower":496,"sunpower":496},{"datetime":"2020-07-06T17:00:00","datetimeutc":"2020-07-06T15:00:00","timetype":"Hour","precipitationmm":0.1,"temperature":15.7,"feeltemperature":15.7,"cloudcover":72,"iconcode":"m","iconid":7,"sources":2,"winddirection":"W","winddirectiondegrees":292,"windspeedms":7.2,"visibility":14610,"precipitation":75,"beaufort":4,"humidity":72,"sunshine":21,"hour":17,"pollenindex":6,"windspeed":26,"sunshinepower":435,"sunpower":435},{"datetime":"2020-07-06T18:00:00","datetimeutc":"2020-07-06T16:00:00","timetype":"Hour","precipitationmm":0.0,"temperature":15.8,"feeltemperature":15.8,"cloudcover":67,"iconcode":"b","iconid":22,"sources":2,"winddirection":"NW","winddirectiondegrees":296,"windspeedms":6.8,"visibility":13410,"precipitation":3,"beaufort":4,"humidity":72,"sunshine":23,"hour":18,"pollenindex":6,"windspeed":24,"sunshinepower":371,"sunpower":371},{"datetime":"2020-07-06T19:00:00","datetimeutc":"2020-07-06T17:00:00","timetype":"Hour","precipitationmm":0.0,"temperature":15.7,"feeltemperature":15.7,"cloudcover":60,"iconcode":"b","iconid":7,"sources":2,"winddirection":"NW","winddirectiondegrees":313,"windspeedms":6.3,"visibility":12610,"precipitation":2,"beaufort":4,"humidity":72,"sunshine":28,"hour":19,"pollenindex":5,"windspeed":23,"sunshinepower":289,"sunpower":289},{"datetime":"2020-07-06T20:00:00","datetimeutc":"2020-07-06T18:00:00","timetype":"Hour","precipitationmm":0.0,"temperature":15.3,"feeltemperature":15.3,"cloudcover":55,"iconcode":"b","iconid":7,"sources":2,"winddirection":"NW","winddirectiondegrees":318,"windspeedms":5.9,"visibility":14610,"precipitation":1,"beaufort":3,"humidity":72,"sunshine":36,"hour":20,"pollenindex":5,"windspeed":21,"sunshinepower":183,"sunpower":183},{"datetime":"2020-07-06T21:00:00","datetimeutc":"2020-07-06T19:00:00","timetype":"Hour","precipitationmm":0.0,"temperature":14.6,"feeltemperature":13.2,"cloudcover":52,"iconcode":"b","iconid":7,"sources":2,"winddirection":"NW","winddirectiondegrees":323,"windspeedms":5.3,"visibility":13610,"precipitation":1,"beaufort":3,"humidity":74,"sunshine":41,"hour":21,"pollenindex":5,"windspeed":19,"sunshinepower":71,"sunpower":71},{"datetime":"2020-07-06T22:00:00","datetimeutc":"2020-07-06T20:00:00","timetype":"Hour","precipitationmm":0.0,"temperature":13.8,"feeltemperature":12.6,"cloudcover":51,"iconcode":"b","iconid":7,"sources":2,"winddirection":"NW","winddirectiondegrees":322,"windspeedms":4.1,"visibility":12440,"precipitation":0,"beaufort":3,"humidity":78,"sunshine":45,"hour":22,"pollenindex":5,"windspeed":15,"sunshinepower":0,"sunpower":0},{"datetime":"2020-07-06T23:00:00","datetimeutc":"2020-07-06T21:00:00","timetype":"Hour","precipitationmm":0.0,"temperature":13.1,"feeltemperature":13.1,"cloudcover":50,"iconcode":"bb","iconid":7,"sources":2,"winddirection":"NW","winddirectiondegrees":309,"windspeedms":3.0,"visibility":12450,"precipitation":0,"beaufort":2,"humidity":80,"sunshine":3,"hour":23,"pollenindex":4,"windspeed":11,"sunshinepower":0,"sunpower":0}],"datetime":"2020-07-06T00:00:00","datetimeutc":"2020-07-05T22:00:00","timetype":"Day","precipitationmm":3.2,"mintemperature":13.1,"maxtemperature":16.8,"cloudcover":65,"iconcode":"f","iconid":16,"sources":2,"winddirection":"W","winddirectiondegrees":270,"windspeedms":7.1,"visibility":14618,"precipitation":36,"beaufort":4,"humidity":71,"sunshine":16,"uvindex":4,"bbqindex":3,"mosquitoindex":7,"pollenindex":4,"icescrapeindex":1,"mintemp":13.1,"maxtemp":16.8,"windspeed":7,"sunshinepower":231,"sunpower":231},{"date":"2020-07-07T00:00:00","sunrise":"2020-07-07T05:28:13","sunset":"2020-07-07T22:02:12","morning":{"datetime":"2020-07-07T07:00:00","datetimeutc":"2020-07-07T05:00:00","timetype":"Morning","precipitationmm":0.0,"mintemperature":12.9,"maxtemperature":16.5,"cloudcover":60,"iconcode":"b","iconid":7,"sources":1,"winddirection":"ZW","winddirectiondegrees":246,"windspeedms":4.0,"visibility":15210,"precipitation":0,"beaufort":3,"humidity":74,"sunshine":31,"hour":7,"mintemp":12.9,"maxtemp":16.5,"windspeed":14,"sunshinepower":299,"sunpower":299},"afternoon":{"datetime":"2020-07-07T12:00:00","datetimeutc":"2020-07-07T10:00:00","timetype":"Afternoon","precipitationmm":0.0,"mintemperature":17.2,"maxtemperature":18.4,"cloudcover":81,"iconcode":"r","iconid":20,"sources":1,"winddirection":"W","winddirectiondegrees":272,"windspeedms":6.6,"visibility":19573,"precipitation":1,"beaufort":4,"humidity":56,"sunshine":20,"hour":12,"mintemp":17.2,"maxtemp":18.4,"windspeed":24,"sunshinepower":521,"sunpower":521},"evening":{"datetime":"2020-07-07T18:00:00","datetimeutc":"2020-07-07T16:00:00","timetype":"Evening","precipitationmm":1.3,"mintemperature":14.8,"maxtemperature":17.6,"cloudcover":99,"iconcode":"m","iconid":22,"sources":1,"winddirection":"ZW","winddirectiondegrees":240,"windspeedms":3.9,"visibility":13303,"precipitation":20,"beaufort":2,"humidity":63,"sunshine":0,"hour":18,"mintemp":14.8,"maxtemp":17.6,"windspeed":14,"sunshinepower":76,"sunpower":76},"night":{"datetime":"2020-07-07T02:00:00","datetimeutc":"2020-07-07T00:00:00","timetype":"Night","precipitationmm":0.0,"mintemperature":11.6,"maxtemperature":12.5,"cloudcover":54,"iconcode":"b","iconid":7,"sources":1,"winddirection":"W","winddirectiondegrees":279,"windspeedms":2.3,"visibility":12897,"precipitation":0,"beaufort":2,"humidity":86,"sunshine":2,"hour":2,"mintemp":11.6,"maxtemp":12.5,"windspeed":8,"sunshinepower":3,"sunpower":3},"hours":[{"datetime":"2020-07-07T00:00:00","datetimeutc":"2020-07-06T22:00:00","timetype":"Hour","precipitationmm":0.0,"temperature":12.5,"feeltemperature":12.5,"cloudcover":50,"iconcode":"bb","iconid":7,"sources":2,"winddirection":"W","winddirectiondegrees":289,"windspeedms":2.7,"visibility":12850,"precipitation":0,"beaufort":2,"humidity":83,"sunshine":0,"hour":0,"pollenindex":4,"windspeed":10,"sunshinepower":0,"sunpower":0},{"datetime":"2020-07-07T01:00:00","datetimeutc":"2020-07-06T23:00:00","timetype":"Hour","precipitationmm":0.0,"temperature":12.1,"feeltemperature":12.1,"cloudcover":52,"iconcode":"bb","iconid":7,"sources":2,"winddirection":"W","winddirectiondegrees":291,"windspeedms":2.6,"visibility":12450,"precipitation":0,"beaufort":2,"humidity":85,"sunshine":0,"hour":1,"pollenindex":4,"windspeed":9,"sunshinepower":0,"sunpower":0},{"datetime":"2020-07-07T02:00:00","datetimeutc":"2020-07-07T00:00:00","timetype":"Hour","precipitationmm":0.0,"temperature":11.7,"feeltemperature":11.7,"cloudcover":52,"iconcode":"bb","iconid":7,"sources":1,"winddirection":"W","winddirectiondegrees":286,"windspeedms":2.5,"visibility":12850,"precipitation":0,"beaufort":2,"humidity":87,"sunshine":0,"hour":2,"pollenindex":4,"windspeed":9,"sunshinepower":0,"sunpower":0},{"datetime":"2020-07-07T03:00:00","datetimeutc":"2020-07-07T01:00:00","timetype":"Hour","precipitationmm":0.0,"temperature":11.6,"feeltemperature":11.6,"cloudcover":49,"iconcode":"jj","iconid":7,"sources":1,"winddirection":"W","winddirectiondegrees":281,"windspeedms":2.42,"visibility":12840,"precipitation":0,"beaufort":2,"humidity":88,"sunshine":0,"hour":3,"pollenindex":4,"windspeed":9,"sunshinepower":0,"sunpower":0},{"datetime":"2020-07-07T04:00:00","datetimeutc":"2020-07-07T02:00:00","timetype":"Hour","precipitationmm":0.0,"temperature":11.6,"feeltemperature":11.6,"cloudcover":44,"iconcode":"jj","iconid":7,"sources":1,"winddirection":"W","winddirectiondegrees":277,"windspeedms":2.2,"visibility":12840,"precipitation":0,"beaufort":2,"humidity":88,"sunshine":0,"hour":4,"pollenindex":4,"windspeed":8,"sunshinepower":0,"sunpower":0},{"datetime":"2020-07-07T05:00:00","datetimeutc":"2020-07-07T03:00:00","timetype":"Hour","precipitationmm":0.0,"temperature":11.8,"feeltemperature":11.8,"cloudcover":66,"iconcode":"bb","iconid":7,"sources":1,"winddirection":"W","winddirectiondegrees":270,"windspeedms":2.0,"visibility":13040,"precipitation":0,"beaufort":2,"humidity":86,"sunshine":0,"hour":5,"pollenindex":4,"windspeed":7,"sunshinepower":0,"sunpower":0},{"datetime":"2020-07-07T06:00:00","datetimeutc":"2020-07-07T04:00:00","timetype":"Hour","precipitationmm":0.0,"temperature":12.2,"feeltemperature":12.2,"cloudcover":71,"iconcode":"r","iconid":19,"sources":1,"winddirection":"W","winddirectiondegrees":261,"windspeedms":1.81,"visibility":13410,"precipitation":0,"beaufort":1,"humidity":85,"sunshine":16,"hour":6,"pollenindex":4,"windspeed":7,"sunshinepower":21,"sunpower":21},{"datetime":"2020-07-07T07:00:00","datetimeutc":"2020-07-07T05:00:00","timetype":"Hour","precipitationmm":0.0,"temperature":12.9,"feeltemperature":12.9,"cloudcover":77,"iconcode":"r","iconid":7,"sources":1,"winddirection":"W","winddirectiondegrees":260,"windspeedms":2.23,"visibility":13810,"precipitation":0,"beaufort":2,"humidity":82,"sunshine":25,"hour":7,"pollenindex":4,"windspeed":8,"sunshinepower":105,"sunpower":105},{"datetime":"2020-07-07T08:00:00","datetimeutc":"2020-07-07T06:00:00","timetype":"Hour","precipitationmm":0.0,"temperature":13.9,"feeltemperature":13.9,"cloudcover":43,"iconcode":"j","iconid":19,"sources":1,"winddirection":"W","winddirectiondegrees":256,"windspeedms":3.04,"visibility":14410,"precipitation":0,"beaufort":2,"humidity":79,"sunshine":18,"hour":8,"pollenindex":4,"windspeed":11,"sunshinepower":217,"sunpower":217},{"datetime":"2020-07-07T09:00:00","datetimeutc":"2020-07-07T07:00:00","timetype":"Hour","precipitationmm":0.0,"temperature":14.9,"feeltemperature":14.1,"cloudcover":47,"iconcode":"j","iconid":20,"sources":1,"winddirection":"ZW","winddirectiondegrees":242,"windspeedms":3.8,"visibility":14810,"precipitation":0,"beaufort":2,"humidity":74,"sunshine":55,"hour":9,"pollenindex":5,"windspeed":14,"sunshinepower":314,"sunpower":314},{"datetime":"2020-07-07T10:00:00","datetimeutc":"2020-07-07T08:00:00","timetype":"Hour","precipitationmm":0.0,"temperature":15.8,"feeltemperature":15.8,"cloudcover":84,"iconcode":"r","iconid":22,"sources":1,"winddirection":"ZW","winddirectiondegrees":229,"windspeedms":4.69,"visibility":15010,"precipitation":0,"beaufort":3,"humidity":70,"sunshine":50,"hour":10,"pollenindex":6,"windspeed":17,"sunshinepower":391,"sunpower":391},{"datetime":"2020-07-07T11:00:00","datetimeutc":"2020-07-07T09:00:00","timetype":"Hour","precipitationmm":0.0,"temperature":16.5,"feeltemperature":16.5,"cloudcover":51,"iconcode":"b","iconid":20,"sources":1,"winddirection":"ZW","winddirectiondegrees":247,"windspeedms":6.05,"visibility":18010,"precipitation":1,"beaufort":4,"humidity":66,"sunshine":10,"hour":11,"pollenindex":6,"windspeed":22,"sunshinepower":468,"sunpower":468},{"datetime":"2020-07-07T12:00:00","datetimeutc":"2020-07-07T10:00:00","timetype":"Hour","precipitationmm":0.0,"temperature":17.2,"feeltemperature":17.2,"cloudcover":42,"iconcode":"j","iconid":20,"sources":1,"winddirection":"W","winddirectiondegrees":269,"windspeedms":6.5,"visibility":21210,"precipitation":1,"beaufort":4,"humidity":62,"sunshine":45,"hour":12,"pollenindex":6,"windspeed":23,"sunshinepower":535,"sunpower":535},{"datetime":"2020-07-07T13:00:00","datetimeutc":"2020-07-07T11:00:00","timetype":"Hour","precipitationmm":0.0,"temperature":17.9,"feeltemperature":17.9,"cloudcover":87,"iconcode":"r","iconid":22,"sources":1,"winddirection":"W","winddirectiondegrees":274,"windspeedms":6.84,"visibility":21610,"precipitation":1,"beaufort":4,"humidity":59,"sunshine":56,"hour":13,"pollenindex":7,"windspeed":25,"sunshinepower":545,"sunpower":545},{"datetime":"2020-07-07T14:00:00","datetimeutc":"2020-07-07T12:00:00","timetype":"Hour","precipitationmm":0.0,"temperature":18.3,"feeltemperature":18.3,"cloudcover":87,"iconcode":"r","iconid":22,"sources":1,"winddirection":"W","winddirectiondegrees":279,"windspeedms":6.77,"visibility":18610,"precipitation":2,"beaufort":4,"humidity":56,"sunshine":6,"hour":14,"pollenindex":7,"windspeed":24,"sunshinepower":538,"sunpower":538},{"datetime":"2020-07-07T15:00:00","datetimeutc":"2020-07-07T13:00:00","timetype":"Hour","precipitationmm":0.0,"temperature":18.4,"feeltemperature":18.4,"cloudcover":88,"iconcode":"r","iconid":22,"sources":1,"winddirection":"W","winddirectiondegrees":271,"windspeedms":6.94,"visibility":18010,"precipitation":1,"beaufort":4,"humidity":56,"sunshine":6,"hour":15,"pollenindex":7,"windspeed":25,"sunshinepower":557,"sunpower":557},{"datetime":"2020-07-07T16:00:00","datetimeutc":"2020-07-07T14:00:00","timetype":"Hour","precipitationmm":0.0,"temperature":18.2,"feeltemperature":18.2,"cloudcover":90,"iconcode":"c","iconid":19,"sources":1,"winddirection":"W","winddirectiondegrees":271,"windspeedms":6.56,"visibility":18600,"precipitation":1,"beaufort":4,"humidity":54,"sunshine":6,"hour":16,"pollenindex":7,"windspeed":24,"sunshinepower":541,"sunpower":541},{"datetime":"2020-07-07T17:00:00","datetimeutc":"2020-07-07T15:00:00","timetype":"Hour","precipitationmm":0.0,"temperature":17.9,"feeltemperature":17.9,"cloudcover":92,"iconcode":"c","iconid":22,"sources":1,"winddirection":"W","winddirectiondegrees":269,"windspeedms":5.9,"visibility":19400,"precipitation":1,"beaufort":3,"humidity":53,"sunshine":5,"hour":17,"pollenindex":7,"windspeed":21,"sunshinepower":415,"sunpower":415},{"datetime":"2020-07-07T18:00:00","datetimeutc":"2020-07-07T16:00:00","timetype":"Hour","precipitationmm":0.0,"temperature":17.6,"feeltemperature":17.6,"cloudcover":96,"iconcode":"c","iconid":22,"sources":1,"winddirection":"W","winddirectiondegrees":265,"windspeedms":4.95,"visibility":20400,"precipitation":0,"beaufort":3,"humidity":54,"sunshine":1,"hour":18,"pollenindex":7,"windspeed":18,"sunshinepower":248,"sunpower":248},{"datetime":"2020-07-07T19:00:00","datetimeutc":"2020-07-07T17:00:00","timetype":"Hour","precipitationmm":0.0,"temperature":17.0,"feeltemperature":17.0,"cloudcover":99,"iconcode":"c","iconid":22,"sources":1,"winddirection":"W","winddirectiondegrees":260,"windspeedms":4.12,"visibility":18400,"precipitation":0,"beaufort":3,"humidity":57,"sunshine":0,"hour":19,"pollenindex":6,"windspeed":15,"sunshinepower":128,"sunpower":128},{"datetime":"2020-07-07T20:00:00","datetimeutc":"2020-07-07T18:00:00","timetype":"Hour","precipitationmm":0.0,"temperature":16.3,"feeltemperature":16.3,"cloudcover":100,"iconcode":"c","iconid":20,"sources":1,"winddirection":"W","winddirectiondegrees":251,"windspeedms":3.4,"visibility":13200,"precipitation":1,"beaufort":2,"humidity":61,"sunshine":0,"hour":20,"pollenindex":6,"windspeed":12,"sunshinepower":60,"sunpower":60},{"datetime":"2020-07-07T21:00:00","datetimeutc":"2020-07-07T19:00:00","timetype":"Hour","precipitationmm":0.0,"temperature":15.6,"feeltemperature":15.6,"cloudcover":100,"iconcode":"c","iconid":20,"sources":1,"winddirection":"ZW","winddirectiondegrees":229,"windspeedms":3.42,"visibility":10200,"precipitation":1,"beaufort":2,"humidity":66,"sunshine":0,"hour":21,"pollenindex":5,"windspeed":12,"sunshinepower":23,"sunpower":23},{"datetime":"2020-07-07T22:00:00","datetimeutc":"2020-07-07T20:00:00","timetype":"Hour","precipitationmm":0.0,"temperature":15.1,"feeltemperature":15.1,"cloudcover":100,"iconcode":"c","iconid":21,"sources":1,"winddirection":"ZW","winddirectiondegrees":218,"windspeedms":3.69,"visibility":8810,"precipitation":2,"beaufort":2,"humidity":70,"sunshine":0,"hour":22,"pollenindex":5,"windspeed":13,"sunshinepower":0,"sunpower":0},{"datetime":"2020-07-07T23:00:00","datetimeutc":"2020-07-07T21:00:00","timetype":"Hour","precipitationmm":1.3,"temperature":14.8,"feeltemperature":13.9,"cloudcover":100,"iconcode":"mm","iconid":33,"sources":1,"winddirection":"ZW","winddirectiondegrees":218,"windspeedms":4.01,"visibility":8810,"precipitation":38,"beaufort":3,"humidity":74,"sunshine":0,"hour":23,"pollenindex":5,"windspeed":14,"sunshinepower":0,"sunpower":0}],"datetime":"2020-07-07T00:00:00","datetimeutc":"2020-07-06T22:00:00","timetype":"Day","precipitationmm":1.3,"mintemperature":11.6,"maxtemperature":18.4,"cloudcover":73,"iconcode":"m","iconid":16,"sources":2,"winddirection":"W","winddirectiondegrees":270,"windspeedms":4.1,"visibility":15149,"precipitation":10,"beaufort":3,"humidity":70,"sunshine":12,"uvindex":6,"bbqindex":6,"mosquitoindex":7,"pollenindex":5,"icescrapeindex":1,"mintemp":11.6,"maxtemp":18.4,"windspeed":4,"sunshinepower":212,"sunpower":212},{"date":"2020-07-08T00:00:00","sunrise":"2020-07-08T05:29:13","sunset":"2020-07-08T22:01:29","hours":[{"datetime":"2020-07-08T00:00:00","datetimeutc":"2020-07-07T22:00:00","timetype":"Hour","precipitationmm":0.0,"temperature":14.7,"feeltemperature":13.6,"cloudcover":100,"iconcode":"cc","iconid":22,"sources":1,"winddirection":"ZW","winddirectiondegrees":225,"windspeedms":4.32,"visibility":9220,"precipitation":1,"beaufort":3,"humidity":76,"sunshine":0,"hour":0,"pollenindex":5,"windspeed":16,"sunshinepower":0,"sunpower":0},{"datetime":"2020-07-08T01:00:00","datetimeutc":"2020-07-07T23:00:00","timetype":"Hour","precipitationmm":0.0,"temperature":14.7,"feeltemperature":13.5,"cloudcover":100,"iconcode":"cc","iconid":20,"sources":1,"winddirection":"ZW","winddirectiondegrees":225,"windspeedms":4.73,"visibility":9220,"precipitation":2,"beaufort":3,"humidity":77,"sunshine":0,"hour":1,"pollenindex":5,"windspeed":17,"sunshinepower":0,"sunpower":0},{"datetime":"2020-07-08T02:00:00","datetimeutc":"2020-07-08T00:00:00","timetype":"Hour","precipitationmm":0.0,"temperature":14.8,"feeltemperature":13.5,"cloudcover":100,"iconcode":"dd","iconid":20,"sources":1,"winddirection":"ZW","winddirectiondegrees":224,"windspeedms":4.94,"visibility":610,"precipitation":2,"beaufort":3,"humidity":78,"sunshine":0,"hour":2,"pollenindex":4,"windspeed":18,"sunshinepower":0,"sunpower":0},{"datetime":"2020-07-08T03:00:00","datetimeutc":"2020-07-08T01:00:00","timetype":"Hour","precipitationmm":0.0,"temperature":14.9,"feeltemperature":13.7,"cloudcover":100,"iconcode":"dd","iconid":20,"sources":1,"winddirection":"ZW","winddirectiondegrees":230,"windspeedms":5.0,"visibility":410,"precipitation":2,"beaufort":3,"humidity":79,"sunshine":0,"hour":3,"pollenindex":4,"windspeed":18,"sunshinepower":0,"sunpower":0},{"datetime":"2020-07-08T04:00:00","datetimeutc":"2020-07-08T02:00:00","timetype":"Hour","precipitationmm":0.0,"temperature":15.0,"feeltemperature":13.9,"cloudcover":100,"iconcode":"dd","iconid":19,"sources":1,"winddirection":"ZW","winddirectiondegrees":240,"windspeedms":4.62,"visibility":400,"precipitation":2,"beaufort":3,"humidity":82,"sunshine":0,"hour":4,"pollenindex":4,"windspeed":17,"sunshinepower":0,"sunpower":0},{"datetime":"2020-07-08T05:00:00","datetimeutc":"2020-07-08T03:00:00","timetype":"Hour","precipitationmm":1.9,"temperature":15.1,"feeltemperature":15.1,"cloudcover":100,"iconcode":"mm","iconid":33,"sources":1,"winddirection":"W","winddirectiondegrees":255,"windspeedms":4.06,"visibility":400,"precipitation":52,"beaufort":3,"humidity":84,"sunshine":0,"hour":5,"pollenindex":4,"windspeed":15,"sunshinepower":0,"sunpower":0},{"datetime":"2020-07-08T06:00:00","datetimeutc":"2020-07-08T04:00:00","timetype":"Hour","precipitationmm":1.6,"temperature":15.2,"feeltemperature":15.2,"cloudcover":100,"iconcode":"m","iconid":33,"sources":1,"winddirection":"W","winddirectiondegrees":280,"windspeedms":3.72,"visibility":400,"precipitation":59,"beaufort":2,"humidity":86,"sunshine":0,"hour":6,"pollenindex":4,"windspeed":13,"sunshinepower":6,"sunpower":6},{"datetime":"2020-07-08T07:00:00","datetimeutc":"2020-07-08T05:00:00","timetype":"Hour","precipitationmm":1.5,"temperature":15.3,"feeltemperature":15.3,"cloudcover":100,"iconcode":"m","iconid":33,"sources":1,"winddirection":"NW","winddirectiondegrees":327,"windspeedms":3.67,"visibility":400,"precipitation":61,"beaufort":2,"humidity":86,"sunshine":0,"hour":7,"pollenindex":4,"windspeed":13,"sunshinepower":33,"sunpower":33},{"datetime":"2020-07-08T08:00:00","datetimeutc":"2020-07-08T06:00:00","timetype":"Hour","precipitationmm":1.7,"temperature":15.5,"feeltemperature":15.5,"cloudcover":98,"iconcode":"m","iconid":33,"sources":1,"winddirection":"N","winddirectiondegrees":7,"windspeedms":4.2,"visibility":200,"precipitation":57,"beaufort":3,"humidity":87,"sunshine":0,"hour":8,"pollenindex":4,"windspeed":15,"sunshinepower":87,"sunpower":87},{"datetime":"2020-07-08T09:00:00","datetimeutc":"2020-07-08T07:00:00","timetype":"Hour","precipitationmm":0.0,"temperature":15.8,"feeltemperature":15.8,"cloudcover":97,"iconcode":"c","iconid":22,"sources":1,"winddirection":"NO","winddirectiondegrees":25,"windspeedms":4.78,"visibility":8400,"precipitation":2,"beaufort":3,"humidity":86,"sunshine":0,"hour":9,"pollenindex":4,"windspeed":17,"sunshinepower":177,"sunpower":177},{"datetime":"2020-07-08T10:00:00","datetimeutc":"2020-07-08T08:00:00","timetype":"Hour","precipitationmm":0.0,"temperature":16.2,"feeltemperature":16.2,"cloudcover":94,"iconcode":"c","iconid":22,"sources":1,"winddirection":"NO","winddirectiondegrees":23,"windspeedms":4.87,"visibility":9400,"precipitation":2,"beaufort":3,"humidity":83,"sunshine":0,"hour":10,"pollenindex":5,"windspeed":18,"sunshinepower":299,"sunpower":299},{"datetime":"2020-07-08T11:00:00","datetimeutc":"2020-07-08T09:00:00","timetype":"Hour","precipitationmm":0.0,"temperature":16.5,"feeltemperature":16.5,"cloudcover":88,"iconcode":"r","iconid":20,"sources":1,"winddirection":"N","winddirectiondegrees":3,"windspeedms":4.56,"visibility":11000,"precipitation":2,"beaufort":3,"humidity":80,"sunshine":0,"hour":11,"pollenindex":5,"windspeed":16,"sunshinepower":401,"sunpower":401},{"datetime":"2020-07-08T12:00:00","datetimeutc":"2020-07-08T10:00:00","timetype":"Hour","precipitationmm":0.0,"temperature":16.8,"feeltemperature":16.8,"cloudcover":83,"iconcode":"r","iconid":19,"sources":1,"winddirection":"NW","winddirectiondegrees":334,"windspeedms":4.61,"visibility":12600,"precipitation":2,"beaufort":3,"humidity":77,"sunshine":6,"hour":12,"pollenindex":6,"windspeed":17,"sunshinepower":458,"sunpower":458},{"datetime":"2020-07-08T13:00:00","datetimeutc":"2020-07-08T11:00:00","timetype":"Hour","precipitationmm":0.0,"temperature":17.1,"feeltemperature":17.1,"cloudcover":93,"iconcode":"c","iconid":22,"sources":1,"winddirection":"NW","winddirectiondegrees":329,"windspeedms":4.97,"visibility":14600,"precipitation":2,"beaufort":3,"humidity":77,"sunshine":11,"hour":13,"pollenindex":6,"windspeed":18,"sunshinepower":497,"sunpower":497},{"datetime":"2020-07-08T14:00:00","datetimeutc":"2020-07-08T12:00:00","timetype":"Hour","precipitationmm":0.4,"temperature":17.2,"feeltemperature":17.2,"cloudcover":94,"iconcode":"m","iconid":33,"sources":1,"winddirection":"N","winddirectiondegrees":346,"windspeedms":4.98,"visibility":15200,"precipitation":58,"beaufort":3,"humidity":74,"sunshine":1,"hour":14,"pollenindex":6,"windspeed":18,"sunshinepower":533,"sunpower":533},{"datetime":"2020-07-08T15:00:00","datetimeutc":"2020-07-08T13:00:00","timetype":"Hour","precipitationmm":0.0,"temperature":17.3,"feeltemperature":17.3,"cloudcover":95,"iconcode":"c","iconid":22,"sources":1,"winddirection":"N","winddirectiondegrees":11,"windspeedms":5.61,"visibility":15000,"precipitation":2,"beaufort":3,"humidity":73,"sunshine":0,"hour":15,"pollenindex":6,"windspeed":20,"sunshinepower":565,"sunpower":565},{"datetime":"2020-07-08T16:00:00","datetimeutc":"2020-07-08T14:00:00","timetype":"Hour","precipitationmm":0.0,"temperature":17.3,"feeltemperature":17.3,"cloudcover":88,"iconcode":"r","iconid":22,"sources":1,"winddirection":"N","winddirectiondegrees":20,"windspeedms":5.87,"visibility":15000,"precipitation":2,"beaufort":3,"humidity":72,"sunshine":0,"hour":16,"pollenindex":6,"windspeed":21,"sunshinepower":560,"sunpower":560},{"datetime":"2020-07-08T17:00:00","datetimeutc":"2020-07-08T15:00:00","timetype":"Hour","precipitationmm":0.0,"temperature":17.3,"feeltemperature":17.3,"cloudcover":80,"iconcode":"r","iconid":20,"sources":1,"winddirection":"N","winddirectiondegrees":17,"windspeedms":5.68,"visibility":16200,"precipitation":1,"beaufort":3,"humidity":70,"sunshine":6,"hour":17,"pollenindex":6,"windspeed":20,"sunshinepower":507,"sunpower":507},{"datetime":"2020-07-08T18:00:00","datetimeutc":"2020-07-08T16:00:00","timetype":"Hour","precipitationmm":0.0,"temperature":17.3,"feeltemperature":17.3,"cloudcover":72,"iconcode":"r","iconid":7,"sources":1,"winddirection":"N","winddirectiondegrees":14,"windspeedms":5.37,"visibility":17800,"precipitation":1,"beaufort":3,"humidity":69,"sunshine":15,"hour":18,"pollenindex":6,"windspeed":19,"sunshinepower":417,"sunpower":417},{"datetime":"2020-07-08T19:00:00","datetimeutc":"2020-07-08T17:00:00","timetype":"Hour","precipitationmm":0.0,"temperature":16.8,"feeltemperature":16.8,"cloudcover":64,"iconcode":"b","iconid":7,"sources":1,"winddirection":"N","winddirectiondegrees":15,"windspeedms":5.04,"visibility":18600,"precipitation":1,"beaufort":3,"humidity":71,"sunshine":23,"hour":19,"pollenindex":5,"windspeed":18,"sunshinepower":306,"sunpower":306},{"datetime":"2020-07-08T20:00:00","datetimeutc":"2020-07-08T18:00:00","timetype":"Hour","precipitationmm":0.0,"temperature":16.2,"feeltemperature":16.2,"cloudcover":54,"iconcode":"b","iconid":7,"sources":1,"winddirection":"N","winddirectiondegrees":15,"windspeedms":4.57,"visibility":18600,"precipitation":1,"beaufort":3,"humidity":72,"sunshine":31,"hour":20,"pollenindex":5,"windspeed":16,"sunshinepower":187,"sunpower":187},{"datetime":"2020-07-08T21:00:00","datetimeutc":"2020-07-08T19:00:00","timetype":"Hour","precipitationmm":0.0,"temperature":15.2,"feeltemperature":15.2,"cloudcover":39,"iconcode":"j","iconid":8,"sources":1,"winddirection":"N","winddirectiondegrees":15,"windspeedms":3.95,"visibility":17400,"precipitation":1,"beaufort":2,"humidity":75,"sunshine":41,"hour":21,"pollenindex":5,"windspeed":14,"sunshinepower":73,"sunpower":73},{"datetime":"2020-07-08T22:00:00","datetimeutc":"2020-07-08T20:00:00","timetype":"Hour","precipitationmm":0.0,"temperature":14.5,"feeltemperature":14.5,"cloudcover":34,"iconcode":"j","iconid":8,"sources":1,"winddirection":"N","winddirectiondegrees":17,"windspeedms":3.19,"visibility":14210,"precipitation":1,"beaufort":2,"humidity":77,"sunshine":58,"hour":22,"pollenindex":5,"windspeed":11,"sunshinepower":0,"sunpower":0},{"datetime":"2020-07-08T23:00:00","datetimeutc":"2020-07-08T21:00:00","timetype":"Hour","precipitationmm":0.0,"temperature":14.0,"feeltemperature":14.0,"cloudcover":30,"iconcode":"jj","iconid":8,"sources":1,"winddirection":"N","winddirectiondegrees":20,"windspeedms":2.77,"visibility":12410,"precipitation":1,"beaufort":2,"humidity":79,"sunshine":5,"hour":23,"pollenindex":5,"windspeed":10,"sunshinepower":0,"sunpower":0}],"datetime":"2020-07-08T00:00:00","datetimeutc":"2020-07-07T22:00:00","timetype":"Day","precipitationmm":7.1,"mintemperature":14.0,"maxtemperature":17.3,"cloudcover":90,"iconcode":"q","iconid":14,"sources":1,"winddirection":"N","winddirectiondegrees":0,"windspeedms":4.59,"precipitation":61,"beaufort":3,"uvindex":4,"bbqindex":6,"mosquitoindex":7,"pollenindex":5,"icescrapeindex":1,"mintemp":14.0,"maxtemp":17.3,"windspeed":5},{"date":"2020-07-09T00:00:00","sunrise":"2020-07-09T05:30:15","sunset":"2020-07-09T22:00:42","hours":[{"datetime":"2020-07-09T00:00:00","datetimeutc":"2020-07-08T22:00:00","timetype":"Hour","precipitationmm":0.0,"temperature":13.8,"feeltemperature":13.8,"cloudcover":30,"iconcode":"jj","iconid":9,"sources":1,"winddirection":"N","winddirectiondegrees":21,"windspeedms":2.48,"visibility":11610,"precipitation":1,"beaufort":2,"humidity":80,"sunshine":0,"hour":0,"pollenindex":4,"windspeed":9,"sunshinepower":0,"sunpower":0},{"datetime":"2020-07-09T01:00:00","datetimeutc":"2020-07-08T23:00:00","timetype":"Hour","precipitationmm":0.0,"temperature":13.5,"feeltemperature":13.5,"cloudcover":30,"iconcode":"jj","iconid":9,"sources":1,"winddirection":"NO","winddirectiondegrees":27,"windspeedms":2.23,"visibility":11210,"precipitation":1,"beaufort":2,"humidity":81,"sunshine":0,"hour":1,"pollenindex":4,"windspeed":8,"sunshinepower":0,"sunpower":0},{"datetime":"2020-07-09T02:00:00","datetimeutc":"2020-07-09T00:00:00","timetype":"Hour","precipitationmm":0.0,"temperature":13.2,"feeltemperature":13.2,"cloudcover":30,"iconcode":"jj","iconid":9,"sources":1,"winddirection":"NO","winddirectiondegrees":38,"windspeedms":1.95,"visibility":10810,"precipitation":1,"beaufort":1,"humidity":83,"sunshine":0,"hour":2,"pollenindex":4,"windspeed":7,"sunshinepower":0,"sunpower":0},{"datetime":"2020-07-09T03:00:00","datetimeutc":"2020-07-09T01:00:00","timetype":"Hour","precipitationmm":0.0,"temperature":12.9,"feeltemperature":12.9,"cloudcover":30,"iconcode":"jj","iconid":9,"sources":1,"winddirection":"NO","winddirectiondegrees":52,"windspeedms":1.63,"visibility":10010,"precipitation":1,"beaufort":1,"humidity":85,"sunshine":0,"hour":3,"pollenindex":4,"windspeed":6,"sunshinepower":0,"sunpower":0},{"datetime":"2020-07-09T04:00:00","datetimeutc":"2020-07-09T02:00:00","timetype":"Hour","precipitationmm":0.0,"temperature":12.7,"feeltemperature":12.7,"cloudcover":30,"iconcode":"jj","iconid":9,"sources":1,"winddirection":"O","winddirectiondegrees":77,"windspeedms":1.36,"visibility":9400,"precipitation":1,"beaufort":1,"humidity":86,"sunshine":0,"hour":4,"pollenindex":4,"windspeed":5,"sunshinepower":0,"sunpower":0},{"datetime":"2020-07-09T05:00:00","datetimeutc":"2020-07-09T03:00:00","timetype":"Hour","precipitationmm":0.0,"temperature":12.7,"feeltemperature":12.7,"cloudcover":63,"iconcode":"bb","iconid":9,"sources":1,"winddirection":"ZO","winddirectiondegrees":113,"windspeedms":1.24,"visibility":8800,"precipitation":1,"beaufort":1,"humidity":86,"sunshine":0,"hour":5,"pollenindex":4,"windspeed":4,"sunshinepower":0,"sunpower":0},{"datetime":"2020-07-09T06:00:00","datetimeutc":"2020-07-09T04:00:00","timetype":"Hour","precipitationmm":0.0,"temperature":12.8,"feeltemperature":12.8,"cloudcover":74,"iconcode":"r","iconid":8,"sources":1,"winddirection":"ZO","winddirectiondegrees":137,"windspeedms":1.39,"visibility":8200,"precipitation":1,"beaufort":1,"humidity":86,"sunshine":18,"hour":6,"pollenindex":4,"windspeed":5,"sunshinepower":22,"sunpower":22},{"datetime":"2020-07-09T07:00:00","datetimeutc":"2020-07-09T05:00:00","timetype":"Hour","precipitationmm":0.0,"temperature":13.2,"feeltemperature":13.2,"cloudcover":87,"iconcode":"r","iconid":20,"sources":1,"winddirection":"Z","winddirectiondegrees":158,"windspeedms":1.52,"visibility":8800,"precipitation":1,"beaufort":1,"humidity":82,"sunshine":21,"hour":7,"pollenindex":4,"windspeed":5,"sunshinepower":107,"sunpower":107},{"datetime":"2020-07-09T08:00:00","datetimeutc":"2020-07-09T06:00:00","timetype":"Hour","precipitationmm":0.0,"temperature":13.8,"feeltemperature":13.8,"cloudcover":96,"iconcode":"c","iconid":22,"sources":1,"winddirection":"Z","winddirectiondegrees":158,"windspeedms":2.0,"visibility":11200,"precipitation":1,"beaufort":2,"humidity":78,"sunshine":8,"hour":8,"pollenindex":5,"windspeed":7,"sunshinepower":229,"sunpower":229},{"datetime":"2020-07-09T09:00:00","datetimeutc":"2020-07-09T07:00:00","timetype":"Hour","precipitationmm":0.0,"temperature":14.7,"feeltemperature":14.7,"cloudcover":99,"iconcode":"c","iconid":22,"sources":1,"winddirection":"Z","winddirectiondegrees":169,"windspeedms":2.41,"visibility":12800,"precipitation":1,"beaufort":2,"humidity":74,"sunshine":0,"hour":9,"pollenindex":5,"windspeed":9,"sunshinepower":353,"sunpower":353},{"datetime":"2020-07-09T10:00:00","datetimeutc":"2020-07-09T08:00:00","timetype":"Hour","precipitationmm":0.0,"temperature":15.8,"feeltemperature":15.8,"cloudcover":30,"iconcode":"j","iconid":20,"sources":1,"winddirection":"Z","winddirectiondegrees":182,"windspeedms":2.86,"visibility":15800,"precipitation":1,"beaufort":2,"humidity":66,"sunshine":0,"hour":10,"pollenindex":6,"windspeed":10,"sunshinepower":470,"sunpower":470},{"datetime":"2020-07-09T11:00:00","datetimeutc":"2020-07-09T09:00:00","timetype":"Hour","precipitationmm":0.0,"temperature":17.0,"feeltemperature":17.0,"cloudcover":30,"iconcode":"j","iconid":20,"sources":1,"winddirection":"Z","winddirectiondegrees":193,"windspeedms":3.05,"visibility":20200,"precipitation":1,"beaufort":2,"humidity":60,"sunshine":68,"hour":11,"pollenindex":7,"windspeed":11,"sunshinepower":562,"sunpower":562},{"datetime":"2020-07-09T12:00:00","datetimeutc":"2020-07-09T10:00:00","timetype":"Hour","precipitationmm":0.0,"temperature":18.0,"feeltemperature":18.0,"cloudcover":30,"iconcode":"j","iconid":20,"sources":1,"winddirection":"ZW","winddirectiondegrees":203,"windspeedms":3.18,"visibility":23800,"precipitation":1,"beaufort":2,"humidity":55,"sunshine":68,"hour":12,"pollenindex":7,"windspeed":11,"sunshinepower":597,"sunpower":597},{"datetime":"2020-07-09T13:00:00","datetimeutc":"2020-07-09T11:00:00","timetype":"Hour","precipitationmm":0.0,"temperature":18.7,"feeltemperature":18.7,"cloudcover":100,"iconcode":"c","iconid":22,"sources":1,"winddirection":"ZW","winddirectiondegrees":210,"windspeedms":3.3,"visibility":24400,"precipitation":1,"beaufort":2,"humidity":54,"sunshine":68,"hour":13,"pollenindex":7,"windspeed":12,"sunshinepower":555,"sunpower":555},{"datetime":"2020-07-09T14:00:00","datetimeutc":"2020-07-09T12:00:00","timetype":"Hour","precipitationmm":0.0,"temperature":19.2,"feeltemperature":19.2,"cloudcover":100,"iconcode":"c","iconid":22,"sources":1,"winddirection":"ZW","winddirectiondegrees":208,"windspeedms":3.42,"visibility":24400,"precipitation":1,"beaufort":2,"humidity":52,"sunshine":0,"hour":14,"pollenindex":7,"windspeed":12,"sunshinepower":465,"sunpower":465},{"datetime":"2020-07-09T15:00:00","datetimeutc":"2020-07-09T13:00:00","timetype":"Hour","precipitationmm":0.0,"temperature":19.4,"feeltemperature":19.4,"cloudcover":100,"iconcode":"c","iconid":22,"sources":1,"winddirection":"ZW","winddirectiondegrees":205,"windspeedms":3.54,"visibility":24600,"precipitation":1,"beaufort":2,"humidity":52,"sunshine":0,"hour":15,"pollenindex":7,"windspeed":13,"sunshinepower":397,"sunpower":397},{"datetime":"2020-07-09T16:00:00","datetimeutc":"2020-07-09T14:00:00","timetype":"Hour","precipitationmm":0.0,"temperature":19.6,"feeltemperature":19.6,"cloudcover":100,"iconcode":"c","iconid":22,"sources":1,"winddirection":"Z","winddirectiondegrees":199,"windspeedms":3.74,"visibility":25600,"precipitation":1,"beaufort":2,"humidity":53,"sunshine":0,"hour":16,"pollenindex":7,"windspeed":13,"sunshinepower":356,"sunpower":356},{"datetime":"2020-07-09T17:00:00","datetimeutc":"2020-07-09T15:00:00","timetype":"Hour","precipitationmm":0.0,"temperature":19.8,"feeltemperature":19.8,"cloudcover":100,"iconcode":"c","iconid":22,"sources":1,"winddirection":"Z","winddirectiondegrees":197,"windspeedms":4.05,"visibility":26600,"precipitation":1,"beaufort":3,"humidity":53,"sunshine":0,"hour":17,"pollenindex":7,"windspeed":15,"sunshinepower":308,"sunpower":308},{"datetime":"2020-07-09T18:00:00","datetimeutc":"2020-07-09T16:00:00","timetype":"Hour","precipitationmm":0.0,"temperature":20.0,"feeltemperature":20.0,"cloudcover":100,"iconcode":"c","iconid":22,"sources":1,"winddirection":"Z","winddirectiondegrees":197,"windspeedms":4.17,"visibility":26800,"precipitation":1,"beaufort":3,"humidity":54,"sunshine":0,"hour":18,"pollenindex":7,"windspeed":15,"sunshinepower":240,"sunpower":240},{"datetime":"2020-07-09T19:00:00","datetimeutc":"2020-07-09T17:00:00","timetype":"Hour","precipitationmm":0.0,"temperature":19.9,"feeltemperature":19.9,"cloudcover":100,"iconcode":"c","iconid":22,"sources":1,"winddirection":"Z","winddirectiondegrees":198,"windspeedms":4.27,"visibility":26400,"precipitation":1,"beaufort":3,"humidity":57,"sunshine":0,"hour":19,"pollenindex":6,"windspeed":15,"sunshinepower":161,"sunpower":161},{"datetime":"2020-07-09T20:00:00","datetimeutc":"2020-07-09T18:00:00","timetype":"Hour","precipitationmm":0.0,"temperature":19.5,"feeltemperature":19.5,"cloudcover":100,"iconcode":"c","iconid":22,"sources":1,"winddirection":"Z","winddirectiondegrees":192,"windspeedms":4.06,"visibility":24400,"precipitation":1,"beaufort":3,"humidity":60,"sunshine":0,"hour":20,"pollenindex":6,"windspeed":15,"sunshinepower":97,"sunpower":97},{"datetime":"2020-07-09T21:00:00","datetimeutc":"2020-07-09T19:00:00","timetype":"Hour","precipitationmm":0.0,"temperature":18.7,"feeltemperature":18.7,"cloudcover":100,"iconcode":"c","iconid":22,"sources":1,"winddirection":"Z","winddirectiondegrees":186,"windspeedms":4.02,"visibility":21800,"precipitation":1,"beaufort":3,"humidity":64,"sunshine":0,"hour":21,"pollenindex":5,"windspeed":14,"sunshinepower":43,"sunpower":43},{"datetime":"2020-07-09T22:00:00","datetimeutc":"2020-07-09T20:00:00","timetype":"Hour","precipitationmm":0.0,"temperature":18.1,"feeltemperature":18.1,"cloudcover":100,"iconcode":"c","iconid":22,"sources":1,"winddirection":"Z","winddirectiondegrees":187,"windspeedms":4.14,"visibility":19610,"precipitation":1,"beaufort":3,"humidity":67,"sunshine":0,"hour":22,"pollenindex":5,"windspeed":15,"sunshinepower":0,"sunpower":0},{"datetime":"2020-07-09T23:00:00","datetimeutc":"2020-07-09T21:00:00","timetype":"Hour","precipitationmm":0.0,"temperature":17.6,"feeltemperature":17.6,"cloudcover":100,"iconcode":"cc","iconid":22,"sources":1,"winddirection":"ZW","winddirectiondegrees":212,"windspeedms":4.41,"visibility":17410,"precipitation":1,"beaufort":3,"humidity":70,"sunshine":0,"hour":23,"pollenindex":5,"windspeed":16,"sunshinepower":0,"sunpower":0}],"datetime":"2020-07-09T00:00:00","datetimeutc":"2020-07-08T22:00:00","timetype":"Day","precipitationmm":0.0,"mintemperature":12.7,"maxtemperature":20.0,"cloudcover":75,"iconcode":"r","iconid":3,"sources":1,"winddirection":"Z","winddirectiondegrees":180,"windspeedms":2.93,"precipitation":1,"beaufort":2,"uvindex":5,"bbqindex":7,"mosquitoindex":8,"pollenindex":5,"icescrapeindex":1,"mintemp":12.7,"maxtemp":20.0,"windspeed":3},{"date":"2020-07-10T00:00:00","sunrise":"2020-07-10T05:31:20","sunset":"2020-07-10T21:59:53","hours":[{"datetime":"2020-07-10T00:00:00","datetimeutc":"2020-07-09T22:00:00","timetype":"Hour","precipitationmm":0.0,"temperature":17.2,"feeltemperature":17.2,"cloudcover":100,"iconcode":"cc","iconid":20,"sources":1,"winddirection":"ZW","winddirectiondegrees":236,"windspeedms":5.45,"visibility":19410,"precipitation":1,"beaufort":3,"humidity":73,"sunshine":0,"hour":0,"pollenindex":5,"windspeed":20,"sunshinepower":0,"sunpower":0},{"datetime":"2020-07-10T01:00:00","datetimeutc":"2020-07-09T23:00:00","timetype":"Hour","precipitationmm":0.0,"temperature":16.9,"feeltemperature":16.9,"cloudcover":100,"iconcode":"cc","iconid":20,"sources":1,"winddirection":"ZW","winddirectiondegrees":241,"windspeedms":6.17,"visibility":14020,"precipitation":1,"beaufort":4,"humidity":77,"sunshine":0,"hour":1,"pollenindex":4,"windspeed":22,"sunshinepower":0,"sunpower":0},{"datetime":"2020-07-10T02:00:00","datetimeutc":"2020-07-10T00:00:00","timetype":"Hour","precipitationmm":0.0,"temperature":16.5,"feeltemperature":16.5,"cloudcover":100,"iconcode":"cc","iconid":19,"sources":1,"winddirection":"ZW","winddirectiondegrees":247,"windspeedms":5.97,"visibility":10010,"precipitation":0,"beaufort":3,"humidity":81,"sunshine":0,"hour":2,"pollenindex":4,"windspeed":21,"sunshinepower":0,"sunpower":0},{"datetime":"2020-07-10T03:00:00","datetimeutc":"2020-07-10T01:00:00","timetype":"Hour","precipitationmm":0.0,"temperature":16.3,"feeltemperature":16.3,"cloudcover":100,"iconcode":"cc","iconid":22,"sources":1,"winddirection":"W","winddirectiondegrees":254,"windspeedms":6.35,"visibility":10010,"precipitation":0,"beaufort":4,"humidity":82,"sunshine":0,"hour":3,"pollenindex":4,"windspeed":23,"sunshinepower":0,"sunpower":0},{"datetime":"2020-07-10T04:00:00","datetimeutc":"2020-07-10T02:00:00","timetype":"Hour","precipitationmm":0.0,"temperature":16.1,"feeltemperature":16.1,"cloudcover":100,"iconcode":"cc","iconid":22,"sources":1,"winddirection":"W","winddirectiondegrees":258,"windspeedms":6.38,"visibility":12410,"precipitation":0,"beaufort":4,"humidity":81,"sunshine":0,"hour":4,"pollenindex":4,"windspeed":23,"sunshinepower":0,"sunpower":0},{"datetime":"2020-07-10T05:00:00","datetimeutc":"2020-07-10T03:00:00","timetype":"Hour","precipitationmm":0.0,"temperature":16.0,"feeltemperature":16.0,"cloudcover":100,"iconcode":"cc","iconid":22,"sources":1,"winddirection":"W","winddirectiondegrees":257,"windspeedms":6.77,"visibility":14200,"precipitation":0,"beaufort":4,"humidity":79,"sunshine":0,"hour":5,"pollenindex":4,"windspeed":24,"sunshinepower":0,"sunpower":0},{"datetime":"2020-07-10T06:00:00","datetimeutc":"2020-07-10T04:00:00","timetype":"Hour","precipitationmm":0.0,"temperature":15.7,"feeltemperature":15.7,"cloudcover":97,"iconcode":"c","iconid":19,"sources":1,"winddirection":"W","winddirectiondegrees":257,"windspeedms":7.21,"visibility":14200,"precipitation":0,"beaufort":4,"humidity":79,"sunshine":0,"hour":6,"pollenindex":4,"windspeed":26,"sunshinepower":14,"sunpower":14},{"datetime":"2020-07-10T07:00:00","datetimeutc":"2020-07-10T05:00:00","timetype":"Hour","precipitationmm":0.0,"temperature":15.6,"feeltemperature":15.6,"cloudcover":84,"iconcode":"r","iconid":19,"sources":1,"winddirection":"W","winddirectiondegrees":256,"windspeedms":7.51,"visibility":13400,"precipitation":0,"beaufort":4,"humidity":79,"sunshine":0,"hour":7,"pollenindex":4,"windspeed":27,"sunshinepower":72,"sunpower":72},{"datetime":"2020-07-10T08:00:00","datetimeutc":"2020-07-10T06:00:00","timetype":"Hour","precipitationmm":0.0,"temperature":15.6,"feeltemperature":14.0,"cloudcover":75,"iconcode":"r","iconid":22,"sources":1,"winddirection":"W","winddirectiondegrees":256,"windspeedms":8.17,"visibility":12200,"precipitation":0,"beaufort":4,"humidity":78,"sunshine":10,"hour":8,"pollenindex":4,"windspeed":29,"sunshinepower":146,"sunpower":146},{"datetime":"2020-07-10T09:00:00","datetimeutc":"2020-07-10T07:00:00","timetype":"Hour","precipitationmm":0.0,"temperature":16.0,"feeltemperature":14.4,"cloudcover":80,"iconcode":"r","iconid":22,"sources":1,"winddirection":"W","winddirectiondegrees":259,"windspeedms":8.66,"visibility":12000,"precipitation":0,"beaufort":4,"humidity":75,"sunshine":20,"hour":9,"pollenindex":5,"windspeed":31,"sunshinepower":207,"sunpower":207},{"datetime":"2020-07-10T10:00:00","datetimeutc":"2020-07-10T08:00:00","timetype":"Hour","precipitationmm":0.0,"temperature":16.5,"feeltemperature":14.9,"cloudcover":90,"iconcode":"c","iconid":22,"sources":1,"winddirection":"W","winddirectiondegrees":262,"windspeedms":8.97,"visibility":11600,"precipitation":0,"beaufort":4,"humidity":72,"sunshine":15,"hour":10,"pollenindex":6,"windspeed":32,"sunshinepower":249,"sunpower":249},{"datetime":"2020-07-10T11:00:00","datetimeutc":"2020-07-10T09:00:00","timetype":"Hour","precipitationmm":0.0,"temperature":16.7,"feeltemperature":15.3,"cloudcover":95,"iconcode":"c","iconid":22,"sources":1,"winddirection":"W","winddirectiondegrees":265,"windspeedms":8.94,"visibility":10600,"precipitation":0,"beaufort":4,"humidity":70,"sunshine":5,"hour":11,"pollenindex":6,"windspeed":32,"sunshinepower":266,"sunpower":266},{"datetime":"2020-07-10T12:00:00","datetimeutc":"2020-07-10T10:00:00","timetype":"Hour","precipitationmm":0.0,"temperature":16.8,"feeltemperature":15.4,"cloudcover":94,"iconcode":"c","iconid":22,"sources":1,"winddirection":"W","winddirectiondegrees":269,"windspeedms":9.1,"visibility":10600,"precipitation":0,"beaufort":5,"humidity":69,"sunshine":0,"hour":12,"pollenindex":6,"windspeed":33,"sunshinepower":259,"sunpower":259},{"datetime":"2020-07-10T13:00:00","datetimeutc":"2020-07-10T11:00:00","timetype":"Hour","precipitationmm":0.0,"temperature":16.8,"feeltemperature":15.2,"cloudcover":88,"iconcode":"r","iconid":22,"sources":1,"winddirection":"W","winddirectiondegrees":275,"windspeedms":9.52,"visibility":10200,"precipitation":0,"beaufort":5,"humidity":70,"sunshine":0,"hour":13,"pollenindex":6,"windspeed":34,"sunshinepower":238,"sunpower":238},{"datetime":"2020-07-10T14:00:00","datetimeutc":"2020-07-10T12:00:00","timetype":"Hour","precipitationmm":0.0,"temperature":16.7,"feeltemperature":15.1,"cloudcover":83,"iconcode":"r","iconid":22,"sources":1,"winddirection":"W","winddirectiondegrees":283,"windspeedms":9.38,"visibility":10600,"precipitation":0,"beaufort":5,"humidity":70,"sunshine":6,"hour":14,"pollenindex":6,"windspeed":34,"sunshinepower":246,"sunpower":246},{"datetime":"2020-07-10T15:00:00","datetimeutc":"2020-07-10T13:00:00","timetype":"Hour","precipitationmm":0.0,"temperature":16.6,"feeltemperature":15.1,"cloudcover":85,"iconcode":"r","iconid":22,"sources":1,"winddirection":"W","winddirectiondegrees":284,"windspeedms":9.49,"visibility":11800,"precipitation":1,"beaufort":5,"humidity":71,"sunshine":11,"hour":15,"pollenindex":6,"windspeed":34,"sunshinepower":284,"sunpower":284},{"datetime":"2020-07-10T16:00:00","datetimeutc":"2020-07-10T14:00:00","timetype":"Hour","precipitationmm":0.0,"temperature":16.6,"feeltemperature":15.0,"cloudcover":89,"iconcode":"r","iconid":22,"sources":1,"winddirection":"W","winddirectiondegrees":288,"windspeedms":9.65,"visibility":13000,"precipitation":1,"beaufort":5,"humidity":71,"sunshine":10,"hour":16,"pollenindex":6,"windspeed":35,"sunshinepower":322,"sunpower":322},{"datetime":"2020-07-10T17:00:00","datetimeutc":"2020-07-10T15:00:00","timetype":"Hour","precipitationmm":0.0,"temperature":16.5,"feeltemperature":14.8,"cloudcover":90,"iconcode":"c","iconid":19,"sources":1,"winddirection":"W","winddirectiondegrees":291,"windspeedms":9.67,"visibility":14400,"precipitation":1,"beaufort":5,"humidity":71,"sunshine":5,"hour":17,"pollenindex":6,"windspeed":35,"sunshinepower":323,"sunpower":323},{"datetime":"2020-07-10T18:00:00","datetimeutc":"2020-07-10T16:00:00","timetype":"Hour","precipitationmm":0.0,"temperature":16.3,"feeltemperature":14.7,"cloudcover":87,"iconcode":"r","iconid":20,"sources":1,"winddirection":"W","winddirectiondegrees":292,"windspeedms":9.25,"visibility":15400,"precipitation":1,"beaufort":5,"humidity":72,"sunshine":5,"hour":18,"pollenindex":6,"windspeed":33,"sunshinepower":275,"sunpower":275},{"datetime":"2020-07-10T19:00:00","datetimeutc":"2020-07-10T17:00:00","timetype":"Hour","precipitationmm":0.0,"temperature":16.0,"feeltemperature":14.3,"cloudcover":81,"iconcode":"r","iconid":20,"sources":1,"winddirection":"W","winddirectiondegrees":292,"windspeedms":9.09,"visibility":15200,"precipitation":1,"beaufort":5,"humidity":74,"sunshine":8,"hour":19,"pollenindex":5,"windspeed":33,"sunshinepower":213,"sunpower":213},{"datetime":"2020-07-10T20:00:00","datetimeutc":"2020-07-10T18:00:00","timetype":"Hour","precipitationmm":0.0,"temperature":15.6,"feeltemperature":13.9,"cloudcover":77,"iconcode":"r","iconid":20,"sources":1,"winddirection":"NW","winddirectiondegrees":295,"windspeedms":8.64,"visibility":15000,"precipitation":1,"beaufort":4,"humidity":75,"sunshine":13,"hour":20,"pollenindex":5,"windspeed":31,"sunshinepower":139,"sunpower":139},{"datetime":"2020-07-10T21:00:00","datetimeutc":"2020-07-10T19:00:00","timetype":"Hour","precipitationmm":0.5,"temperature":15.3,"feeltemperature":13.5,"cloudcover":73,"iconcode":"m","iconid":33,"sources":1,"winddirection":"NW","winddirectiondegrees":296,"windspeedms":8.31,"visibility":14000,"precipitation":48,"beaufort":4,"humidity":76,"sunshine":18,"hour":21,"pollenindex":5,"windspeed":30,"sunshinepower":56,"sunpower":56},{"datetime":"2020-07-10T22:00:00","datetimeutc":"2020-07-10T20:00:00","timetype":"Hour","precipitationmm":0.0,"temperature":15.1,"feeltemperature":15.1,"cloudcover":74,"iconcode":"rr","iconid":7,"sources":1,"winddirection":"NW","winddirectiondegrees":298,"windspeedms":7.6,"visibility":13410,"precipitation":1,"beaufort":4,"humidity":77,"sunshine":21,"hour":22,"pollenindex":5,"windspeed":27,"sunshinepower":0,"sunpower":0},{"datetime":"2020-07-10T23:00:00","datetimeutc":"2020-07-10T21:00:00","timetype":"Hour","precipitationmm":0.0,"temperature":15.0,"feeltemperature":15.0,"cloudcover":72,"iconcode":"rr","iconid":7,"sources":1,"winddirection":"NW","winddirectiondegrees":297,"windspeedms":6.7,"visibility":12210,"precipitation":1,"beaufort":4,"humidity":79,"sunshine":1,"hour":23,"pollenindex":4,"windspeed":24,"sunshinepower":0,"sunpower":0}],"datetime":"2020-07-10T00:00:00","datetimeutc":"2020-07-09T22:00:00","timetype":"Day","precipitationmm":0.5,"mintemperature":15.0,"maxtemperature":17.2,"cloudcover":90,"iconcode":"m","iconid":12,"sources":1,"winddirection":"W","winddirectiondegrees":270,"windspeedms":8.04,"precipitation":42,"beaufort":4,"uvindex":7,"bbqindex":2,"mosquitoindex":7,"pollenindex":5,"icescrapeindex":1,"mintemp":15.0,"maxtemp":17.2,"windspeed":8},{"date":"2020-07-11T00:00:00","sunrise":"2020-07-11T05:32:26","sunset":"2020-07-11T21:59:01","hours":[{"datetime":"2020-07-11T00:00:00","datetimeutc":"2020-07-10T22:00:00","timetype":"Hour","precipitationmm":0.0,"temperature":14.8,"feeltemperature":13.3,"cloudcover":70,"iconcode":"rr","iconid":7,"sources":1,"winddirection":"NW","winddirectiondegrees":297,"windspeedms":6.43,"visibility":12210,"precipitation":1,"beaufort":4,"humidity":81,"sunshine":0,"hour":0,"pollenindex":4,"windspeed":23,"sunshinepower":0,"sunpower":0},{"datetime":"2020-07-11T01:00:00","datetimeutc":"2020-07-10T23:00:00","timetype":"Hour","precipitationmm":0.0,"temperature":14.6,"feeltemperature":13.0,"cloudcover":67,"iconcode":"bb","iconid":7,"sources":1,"winddirection":"NW","winddirectiondegrees":301,"windspeedms":6.34,"visibility":11420,"precipitation":1,"beaufort":4,"humidity":82,"sunshine":0,"hour":1,"pollenindex":4,"windspeed":23,"sunshinepower":0,"sunpower":0},{"datetime":"2020-07-11T02:00:00","datetimeutc":"2020-07-11T00:00:00","timetype":"Hour","precipitationmm":0.0,"temperature":14.2,"feeltemperature":12.8,"cloudcover":65,"iconcode":"bb","iconid":7,"sources":1,"winddirection":"NW","winddirectiondegrees":305,"windspeedms":5.38,"visibility":10830,"precipitation":1,"beaufort":3,"humidity":83,"sunshine":0,"hour":2,"pollenindex":4,"windspeed":19,"sunshinepower":0,"sunpower":0},{"datetime":"2020-07-11T03:00:00","datetimeutc":"2020-07-11T01:00:00","timetype":"Hour","precipitationmm":0.0,"temperature":13.8,"feeltemperature":12.3,"cloudcover":64,"iconcode":"bb","iconid":7,"sources":1,"winddirection":"NW","winddirectiondegrees":304,"windspeedms":5.2,"visibility":12220,"precipitation":0,"beaufort":3,"humidity":83,"sunshine":0,"hour":3,"pollenindex":4,"windspeed":19,"sunshinepower":0,"sunpower":0},{"datetime":"2020-07-11T04:00:00","datetimeutc":"2020-07-11T02:00:00","timetype":"Hour","precipitationmm":0.0,"temperature":13.4,"feeltemperature":11.9,"cloudcover":64,"iconcode":"bb","iconid":7,"sources":1,"winddirection":"NW","winddirectiondegrees":299,"windspeedms":4.85,"visibility":10810,"precipitation":0,"beaufort":3,"humidity":85,"sunshine":0,"hour":4,"pollenindex":4,"windspeed":17,"sunshinepower":0,"sunpower":0},{"datetime":"2020-07-11T05:00:00","datetimeutc":"2020-07-11T03:00:00","timetype":"Hour","precipitationmm":0.0,"temperature":13.3,"feeltemperature":11.8,"cloudcover":61,"iconcode":"bb","iconid":7,"sources":1,"winddirection":"NW","winddirectiondegrees":297,"windspeedms":4.73,"visibility":10010,"precipitation":0,"beaufort":3,"humidity":85,"sunshine":0,"hour":5,"pollenindex":4,"windspeed":17,"sunshinepower":0,"sunpower":0},{"datetime":"2020-07-11T06:00:00","datetimeutc":"2020-07-11T04:00:00","timetype":"Hour","precipitationmm":0.0,"temperature":13.4,"feeltemperature":12.0,"cloudcover":52,"iconcode":"b","iconid":7,"sources":1,"winddirection":"NW","winddirectiondegrees":301,"windspeedms":4.68,"visibility":11410,"precipitation":1,"beaufort":3,"humidity":84,"sunshine":16,"hour":6,"pollenindex":4,"windspeed":17,"sunshinepower":18,"sunpower":18},{"datetime":"2020-07-11T07:00:00","datetimeutc":"2020-07-11T05:00:00","timetype":"Hour","precipitationmm":0.0,"temperature":13.9,"feeltemperature":12.5,"cloudcover":66,"iconcode":"b","iconid":7,"sources":1,"winddirection":"NW","winddirectiondegrees":306,"windspeedms":4.81,"visibility":13010,"precipitation":1,"beaufort":3,"humidity":81,"sunshine":45,"hour":7,"pollenindex":4,"windspeed":17,"sunshinepower":97,"sunpower":97},{"datetime":"2020-07-11T08:00:00","datetimeutc":"2020-07-11T06:00:00","timetype":"Hour","precipitationmm":0.0,"temperature":14.3,"feeltemperature":12.9,"cloudcover":81,"iconcode":"r","iconid":19,"sources":1,"winddirection":"NW","winddirectiondegrees":310,"windspeedms":5.54,"visibility":13400,"precipitation":1,"beaufort":3,"humidity":79,"sunshine":30,"hour":8,"pollenindex":5,"windspeed":20,"sunshinepower":210,"sunpower":210},{"datetime":"2020-07-11T09:00:00","datetimeutc":"2020-07-11T07:00:00","timetype":"Hour","precipitationmm":0.0,"temperature":14.8,"feeltemperature":13.4,"cloudcover":83,"iconcode":"r","iconid":22,"sources":1,"winddirection":"NW","winddirectiondegrees":310,"windspeedms":5.45,"visibility":13800,"precipitation":1,"beaufort":3,"humidity":75,"sunshine":13,"hour":9,"pollenindex":5,"windspeed":20,"sunshinepower":323,"sunpower":323},{"datetime":"2020-07-11T10:00:00","datetimeutc":"2020-07-11T08:00:00","timetype":"Hour","precipitationmm":1.4,"temperature":15.4,"feeltemperature":15.4,"cloudcover":78,"iconcode":"m","iconid":33,"sources":1,"winddirection":"NW","winddirectiondegrees":309,"windspeedms":5.47,"visibility":14000,"precipitation":29,"beaufort":3,"humidity":71,"sunshine":11,"hour":10,"pollenindex":6,"windspeed":20,"sunshinepower":435,"sunpower":435},{"datetime":"2020-07-11T11:00:00","datetimeutc":"2020-07-11T09:00:00","timetype":"Hour","precipitationmm":0.0,"temperature":16.1,"feeltemperature":16.1,"cloudcover":71,"iconcode":"r","iconid":19,"sources":1,"winddirection":"NW","winddirectiondegrees":303,"windspeedms":5.35,"visibility":14800,"precipitation":0,"beaufort":3,"humidity":65,"sunshine":18,"hour":11,"pollenindex":6,"windspeed":19,"sunshinepower":536,"sunpower":536},{"datetime":"2020-07-11T12:00:00","datetimeutc":"2020-07-11T10:00:00","timetype":"Hour","precipitationmm":0.0,"temperature":16.9,"feeltemperature":16.9,"cloudcover":67,"iconcode":"b","iconid":19,"sources":1,"winddirection":"NW","winddirectiondegrees":294,"windspeedms":5.49,"visibility":15000,"precipitation":0,"beaufort":3,"humidity":60,"sunshine":25,"hour":12,"pollenindex":7,"windspeed":20,"sunshinepower":622,"sunpower":622},{"datetime":"2020-07-11T13:00:00","datetimeutc":"2020-07-11T11:00:00","timetype":"Hour","precipitationmm":0.0,"temperature":17.2,"feeltemperature":17.2,"cloudcover":56,"iconcode":"b","iconid":22,"sources":1,"winddirection":"W","winddirectiondegrees":287,"windspeedms":5.93,"visibility":15600,"precipitation":0,"beaufort":3,"humidity":60,"sunshine":28,"hour":13,"pollenindex":7,"windspeed":21,"sunshinepower":677,"sunpower":677},{"datetime":"2020-07-11T14:00:00","datetimeutc":"2020-07-11T12:00:00","timetype":"Hour","precipitationmm":0.0,"temperature":17.5,"feeltemperature":17.5,"cloudcover":48,"iconcode":"j","iconid":22,"sources":1,"winddirection":"W","winddirectiondegrees":283,"windspeedms":6.15,"visibility":15600,"precipitation":0,"beaufort":4,"humidity":58,"sunshine":40,"hour":14,"pollenindex":7,"windspeed":22,"sunshinepower":704,"sunpower":704},{"datetime":"2020-07-11T15:00:00","datetimeutc":"2020-07-11T13:00:00","timetype":"Hour","precipitationmm":0.0,"temperature":17.5,"feeltemperature":17.5,"cloudcover":44,"iconcode":"j","iconid":7,"sources":1,"winddirection":"W","winddirectiondegrees":282,"windspeedms":6.21,"visibility":16000,"precipitation":1,"beaufort":4,"humidity":59,"sunshine":50,"hour":15,"pollenindex":7,"windspeed":22,"sunshinepower":706,"sunpower":706},{"datetime":"2020-07-11T16:00:00","datetimeutc":"2020-07-11T14:00:00","timetype":"Hour","precipitationmm":0.0,"temperature":17.7,"feeltemperature":17.7,"cloudcover":42,"iconcode":"j","iconid":7,"sources":1,"winddirection":"W","winddirectiondegrees":288,"windspeedms":6.09,"visibility":15600,"precipitation":1,"beaufort":4,"humidity":58,"sunshine":53,"hour":16,"pollenindex":7,"windspeed":22,"sunshinepower":665,"sunpower":665},{"datetime":"2020-07-11T17:00:00","datetimeutc":"2020-07-11T15:00:00","timetype":"Hour","precipitationmm":0.0,"temperature":17.5,"feeltemperature":17.5,"cloudcover":41,"iconcode":"j","iconid":7,"sources":1,"winddirection":"NW","winddirectiondegrees":297,"windspeedms":5.62,"visibility":17600,"precipitation":1,"beaufort":3,"humidity":58,"sunshine":55,"hour":17,"pollenindex":7,"windspeed":20,"sunshinepower":593,"sunpower":593},{"datetime":"2020-07-11T18:00:00","datetimeutc":"2020-07-11T16:00:00","timetype":"Hour","precipitationmm":0.0,"temperature":17.2,"feeltemperature":17.2,"cloudcover":42,"iconcode":"j","iconid":7,"sources":1,"winddirection":"NW","winddirectiondegrees":300,"windspeedms":5.34,"visibility":17800,"precipitation":0,"beaufort":3,"humidity":59,"sunshine":56,"hour":18,"pollenindex":7,"windspeed":19,"sunshinepower":491,"sunpower":491},{"datetime":"2020-07-11T19:00:00","datetimeutc":"2020-07-11T17:00:00","timetype":"Hour","precipitationmm":0.0,"temperature":16.7,"feeltemperature":16.7,"cloudcover":45,"iconcode":"j","iconid":7,"sources":1,"winddirection":"NW","winddirectiondegrees":301,"windspeedms":4.85,"visibility":17610,"precipitation":0,"beaufort":3,"humidity":62,"sunshine":55,"hour":19,"pollenindex":6,"windspeed":17,"sunshinepower":357,"sunpower":357},{"datetime":"2020-07-11T20:00:00","datetimeutc":"2020-07-11T18:00:00","timetype":"Hour","precipitationmm":0.0,"temperature":16.0,"feeltemperature":16.0,"cloudcover":42,"iconcode":"j","iconid":7,"sources":1,"winddirection":"NW","winddirectiondegrees":305,"windspeedms":4.67,"visibility":16010,"precipitation":0,"beaufort":3,"humidity":65,"sunshine":51,"hour":20,"pollenindex":5,"windspeed":17,"sunshinepower":213,"sunpower":213},{"datetime":"2020-07-11T21:00:00","datetimeutc":"2020-07-11T19:00:00","timetype":"Hour","precipitationmm":0.0,"temperature":15.1,"feeltemperature":15.1,"cloudcover":33,"iconcode":"j","iconid":4,"sources":1,"winddirection":"NW","winddirectiondegrees":312,"windspeedms":3.98,"visibility":13410,"precipitation":0,"beaufort":2,"humidity":69,"sunshine":55,"hour":21,"pollenindex":5,"windspeed":14,"sunshinepower":79,"sunpower":79},{"datetime":"2020-07-11T22:00:00","datetimeutc":"2020-07-11T20:00:00","timetype":"Hour","precipitationmm":0.0,"temperature":14.2,"feeltemperature":14.2,"cloudcover":13,"iconcode":"aa","iconid":4,"sources":1,"winddirection":"NW","winddirectiondegrees":311,"windspeedms":2.88,"visibility":11610,"precipitation":0,"beaufort":2,"humidity":72,"sunshine":65,"hour":22,"pollenindex":5,"windspeed":10,"sunshinepower":0,"sunpower":0},{"datetime":"2020-07-11T23:00:00","datetimeutc":"2020-07-11T21:00:00","timetype":"Hour","precipitationmm":0.0,"temperature":13.5,"feeltemperature":13.5,"cloudcover":0,"iconcode":"aa","iconid":1,"sources":1,"winddirection":"NW","winddirectiondegrees":300,"windspeedms":2.46,"visibility":10810,"precipitation":0,"beaufort":2,"humidity":76,"sunshine":1,"hour":23,"pollenindex":5,"windspeed":9,"sunshinepower":0,"sunpower":0}],"datetime":"2020-07-11T00:00:00","datetimeutc":"2020-07-10T22:00:00","timetype":"Day","precipitationmm":1.4,"mintemperature":13.3,"maxtemperature":17.7,"cloudcover":25,"iconcode":"f","iconid":16,"sources":1,"winddirection":"NW","winddirectiondegrees":315,"windspeedms":5.16,"precipitation":29,"beaufort":3,"uvindex":6,"bbqindex":6,"mosquitoindex":7,"pollenindex":5,"icescrapeindex":1,"mintemp":13.3,"maxtemp":17.7,"windspeed":5},{"date":"2020-07-12T00:00:00","sunrise":"2020-07-12T05:33:35","sunset":"2020-07-12T21:58:06","hours":[{"datetime":"2020-07-12T00:00:00","datetimeutc":"2020-07-11T22:00:00","timetype":"Hour","precipitationmm":0.0,"temperature":13.1,"feeltemperature":13.1,"cloudcover":8,"iconcode":"aa","iconid":1,"sources":1,"winddirection":"W","winddirectiondegrees":290,"windspeedms":2.31,"visibility":11210,"precipitation":0,"beaufort":2,"humidity":79,"sunshine":0,"hour":0,"pollenindex":4,"windspeed":8,"sunshinepower":0,"sunpower":0},{"datetime":"2020-07-12T01:00:00","datetimeutc":"2020-07-11T23:00:00","timetype":"Hour","precipitationmm":0.0,"temperature":12.8,"feeltemperature":12.8,"cloudcover":20,"iconcode":"jj","iconid":1,"sources":1,"winddirection":"W","winddirectiondegrees":283,"windspeedms":2.2,"visibility":11610,"precipitation":0,"beaufort":2,"humidity":82,"sunshine":0,"hour":1,"pollenindex":4,"windspeed":8,"sunshinepower":0,"sunpower":0},{"datetime":"2020-07-12T02:00:00","datetimeutc":"2020-07-12T00:00:00","timetype":"Hour","precipitationmm":0.0,"temperature":12.6,"feeltemperature":12.6,"cloudcover":28,"iconcode":"jj","iconid":1,"sources":1,"winddirection":"W","winddirectiondegrees":270,"windspeedms":2.5,"visibility":11820,"precipitation":0,"beaufort":2,"humidity":83,"sunshine":0,"hour":2,"pollenindex":4,"windspeed":9,"sunshinepower":0,"sunpower":0}],"datetime":"2020-07-12T00:00:00","datetimeutc":"2020-07-11T22:00:00","timetype":"Day","precipitationmm":0.0,"mintemperature":12.6,"maxtemperature":20.5,"cloudcover":25,"iconcode":"j","iconid":2,"sources":1,"winddirection":"W","winddirectiondegrees":270,"windspeedms":1.45,"precipitation":1,"beaufort":1,"pollenindex":5,"icescrapeindex":1,"mintemp":12.6,"maxtemp":20.5,"windspeed":1},{"date":"2020-07-13T00:00:00","sunrise":"2020-07-13T05:34:45","sunset":"2020-07-13T21:57:08","datetime":"2020-07-13T00:00:00","datetimeutc":"2020-07-12T22:00:00","timetype":"Day","precipitationmm":0.0,"mintemperature":15.7,"maxtemperature":19.4,"cloudcover":25,"iconcode":"j","iconid":2,"sources":1,"winddirection":"N","winddirectiondegrees":0,"windspeedms":3.15,"precipitation":1,"beaufort":2,"pollenindex":5,"mintemp":15.7,"maxtemp":19.4,"windspeed":3},{"date":"2020-07-14T00:00:00","sunrise":"2020-07-14T05:35:58","sunset":"2020-07-14T21:56:08","datetime":"2020-07-14T00:00:00","datetimeutc":"2020-07-13T22:00:00","timetype":"Day","precipitationmm":0.0,"mintemperature":15.3,"maxtemperature":19.8,"cloudcover":25,"iconcode":"j","iconid":2,"sources":1,"winddirection":"NO","winddirectiondegrees":45,"windspeedms":2.72,"precipitation":1,"beaufort":2,"pollenindex":5,"mintemp":15.3,"maxtemp":19.8,"windspeed":3},{"date":"2020-07-15T00:00:00","sunrise":"2020-07-15T05:37:12","sunset":"2020-07-15T21:55:04","datetime":"2020-07-15T00:00:00","datetimeutc":"2020-07-14T22:00:00","timetype":"Day","precipitationmm":0.0,"mintemperature":15.8,"maxtemperature":20.2,"cloudcover":25,"iconcode":"j","iconid":2,"sources":1,"winddirection":"NO","winddirectiondegrees":45,"windspeedms":2.31,"precipitation":2,"beaufort":2,"pollenindex":5,"mintemp":15.8,"maxtemp":20.2,"windspeed":2},{"date":"2020-07-16T00:00:00","sunrise":"2020-07-16T05:38:28","sunset":"2020-07-16T21:53:58","datetime":"2020-07-16T00:00:00","datetimeutc":"2020-07-15T22:00:00","timetype":"Day","precipitationmm":0.0,"mintemperature":16.3,"maxtemperature":20.7,"cloudcover":25,"iconcode":"j","iconid":2,"sources":1,"winddirection":"W","winddirectiondegrees":270,"windspeedms":1.13,"precipitation":2,"beaufort":1,"pollenindex":5,"mintemp":16.3,"maxtemp":20.7,"windspeed":1},{"date":"2020-07-17T00:00:00","sunrise":"2020-07-17T05:39:45","sunset":"2020-07-17T21:52:49","datetime":"2020-07-17T00:00:00","datetimeutc":"2020-07-16T22:00:00","timetype":"Day","precipitationmm":4.6,"mintemperature":17.0,"maxtemperature":19.9,"cloudcover":25,"iconcode":"f","iconid":16,"sources":1,"winddirection":"W","winddirectiondegrees":270,"windspeedms":2.33,"precipitation":57,"beaufort":2,"pollenindex":5,"mintemp":17.0,"maxtemp":19.9,"windspeed":2},{"date":"2020-07-18T00:00:00","sunrise":"2020-07-18T05:41:04","sunset":"2020-07-18T21:51:38","datetime":"2020-07-18T00:00:00","datetimeutc":"2020-07-17T22:00:00","timetype":"Day","precipitationmm":0.0,"mintemperature":16.2,"maxtemperature":19.0,"cloudcover":75,"iconcode":"r","iconid":3,"sources":1,"winddirection":"W","winddirectiondegrees":270,"windspeedms":3.46,"precipitation":2,"beaufort":2,"pollenindex":5,"mintemp":16.2,"maxtemp":19.0,"windspeed":3},{"date":"2020-07-19T00:00:00","sunrise":"2020-07-19T05:42:25","sunset":"2020-07-19T21:50:24","datetime":"2020-07-19T00:00:00","datetimeutc":"2020-07-18T22:00:00","timetype":"Day","precipitationmm":4.3,"mintemperature":15.9,"maxtemperature":18.8,"cloudcover":25,"iconcode":"f","iconid":16,"sources":1,"winddirection":"W","winddirectiondegrees":270,"windspeedms":3.3,"precipitation":61,"beaufort":2,"pollenindex":5,"mintemp":15.9,"maxtemp":18.8,"windspeed":3}]}