{"location":{"lat":52.37,"lon":4.89},"timeOffset":2.0,"timestamp":"2020-07-11T05:33:02","altitude":0,"elevation":0,"machinename":"None","elapsedms":0,"pollenindexNowDay":5,"pollenindexNowHour":3,"nowrelevant":{"values":[{"type":"pollenindex","value":5},{"type":"uvindex","value":5}]},"days":[{"date":"2020-07-11T00:00:00","sunrise":"2020-07-11T05:32:26","sunset":"2020-07-11T21:59:01","morning":{"datetime":"2020-07-11T08:00:00","datetimeutc":"2020-07-11T06:00:00","timetype":"Morning","precipitationmm":0.0,"mintemperature":13.3,"maxtemperature":16.6,"cloudcover":59,"iconcode":"b","iconid":7,"sources":1,"winddirection":"W","winddirectiondegrees":271,"windspeedms":2.7,"visibility":13610,"precipitation":0,"beaufort":2,"humidity":74,"sunshine":36,"hour":8,"mintemp":13.3,"maxtemp":16.6,"windspeed":10,"sunshinepower":399,"sunpower":399},"afternoon":{"datetime":"2020-07-11T12:00:00","datetimeutc":"2020-07-11T10:00:00","timetype":"Afternoon","precipitationmm":0.0,"mintemperature":17.3,"maxtemperature":17.8,"cloudcover":54,"iconcode":"b","iconid":8,"sources":1,"winddirection":"NW","winddirectiondegrees":294,"windspeedms":4.6,"visibility":17210,"precipitation":0,"beaufort":3,"humidity":63,"sunshine":42,"hour":12,"mintemp":17.3,"maxtemp":17.8,"windspeed":17,"sunshinepower":662,"sunpower":662},"evening":{"datetime":"2020-07-11T18:00:00","datetimeutc":"2020-07-11T16:00:00","timetype":"Evening","precipitationmm":0.0,"mintemperature":13.2,"maxtemperature":16.9,"cloudcover":57,"iconcode":"b","iconid":7,"sources":1,"winddirection":"NW","winddirectiondegrees":335,"windspeedms":3.5,"visibility":15855,"precipitation":0,"beaufort":2,"humidity":73,"sunshine":34,"hour":18,"mintemp":13.2,"maxtemp":16.9,"windspeed":13,"sunshinepower":184,"sunpower":184},"hours":[{"datetime":"2020-07-11T08:00:00","datetimeutc":"2020-07-11T06:00:00","timetype":"Hour","precipitationmm":0.0,"temperature":13.3,"feeltemperature":13.3,"cloudcover":62,"iconcode":"b","iconid":7,"sources":3,"winddirection":"W","winddirectiondegrees":270,"windspeedms":1.9,"visibility":11410,"precipitation":0,"beaufort":1,"humidity":82,"sunshine":38,"hour":8,"pollenindex":3,"windspeed":7,"sunshinepower":238,"sunpower":238},{"datetime":"2020-07-11T09:00:00","datetimeutc":"2020-07-11T07:00:00","timetype":"Hour","precipitationmm":0.0,"temperature":14.5,"feeltemperature":14.5,"cloudcover":60,"iconcode":"b","iconid":7,"sources":3,"winddirection":"W","winddirectiondegrees":272,"windspeedms":2.5,"visibility":13610,"precipitation":0,"beaufort":2,"humidity":77,"sunshine":35,"hour":9,"pollenindex":4,"windspeed":9,"sunshinepower":357,"sunpower":357},{"datetime":"2020-07-11T10:00:00","datetimeutc":"2020-07-11T08:00:00","timetype":"Hour","precipitationmm":0.0,"temperature":15.6,"feeltemperature":15.6,"cloudcover":59,"iconcode":"b","iconid":19,"sources":2,"winddirection":"W","winddirectiondegrees":270,"windspeedms":3.0,"visibility":14410,"precipitation":0,"beaufort":2,"humidity":72,"sunshine":36,"hour":10,"pollenindex":4,"windspeed":11,"sunshinepower":458,"sunpower":458},{"datetime":"2020-07-11T11:00:00","datetimeutc":"2020-07-11T09:00:00","timetype":"Hour","precipitationmm":0.0,"temperature":16.6,"feeltemperature":16.6,"cloudcover":57,"iconcode":"b","iconid":8,"sources":2,"winddirection":"W","winddirectiondegrees":276,"windspeedms":3.4,"visibility":15010,"precipitation":0,"beaufort":2,"humidity":67,"sunshine":36,"hour":11,"pollenindex":4,"windspeed":12,"sunshinepower":543,"sunpower":543},{"datetime":"2020-07-11T12:00:00","datetimeutc":"2020-07-11T10:00:00","timetype":"Hour","precipitationmm":0.0,"temperature":17.3,"feeltemperature":17.3,"cloudcover":51,"iconcode":"b","iconid":8,"sources":2,"winddirection":"W","winddirectiondegrees":277,"windspeedms":3.8,"visibility":15210,"precipitation":0,"beaufort":2,"humidity":64,"sunshine":40,"hour":12,"pollenindex":4,"windspeed":14,"sunshinepower":612,"sunpower":612},{"datetime":"2020-07-11T13:00:00","datetimeutc":"2020-07-11T11:00:00","timetype":"Hour","precipitationmm":0.0,"temperature":17.7,"feeltemperature":17.7,"cloudcover":51,"iconcode":"b","iconid":7,"sources":2,"winddirection":"W","winddirectiondegrees":277,"windspeedms":4.2,"visibility":17210,"precipitation":1,"beaufort":3,"humidity":63,"sunshine":45,"hour":13,"pollenindex":4,"windspeed":15,"sunshinepower":670,"sunpower":670},{"datetime":"2020-07-11T14:00:00","datetimeutc":"2020-07-11T12:00:00","timetype":"Hour","precipitationmm":0.0,"temperature":17.8,"feeltemperature":17.8,"cloudcover":50,"iconcode":"b","iconid":7,"sources":2,"winddirection":"W","winddirectiondegrees":286,"windspeedms":4.6,"visibility":18810,"precipitation":1,"beaufort":3,"humidity":63,"sunshine":45,"hour":14,"pollenindex":4,"windspeed":17,"sunshinepower":705,"sunpower":705},{"datetime":"2020-07-11T15:00:00","datetimeutc":"2020-07-11T13:00:00","timetype":"Hour","precipitationmm":0.0,"temperature":17.8,"feeltemperature":17.8,"cloudcover":53,"iconcode":"b","iconid":7,"sources":2,"winddirection":"NW","winddirectiondegrees":301,"windspeedms":5.0,"visibility":17210,"precipitation":1,"beaufort":3,"humidity":63,"sunshine":46,"hour":15,"pollenindex":5,"windspeed":18,"sunshinepower":713,"sunpower":713},{"datetime":"2020-07-11T16:00:00","datetimeutc":"2020-07-11T14:00:00","timetype":"Hour","precipitationmm":0.0,"temperature":17.6,"feeltemperature":17.6,"cloudcover":59,"iconcode":"b","iconid":7,"sources":2,"winddirection":"NW","winddirectiondegrees":315,"windspeedms":5.0,"visibility":16610,"precipitation":0,"beaufort":3,"humidity":63,"sunshine":43,"hour":16,"pollenindex":5,"windspeed":18,"sunshinepower":676,"sunpower":676},{"datetime":"2020-07-11T17:00:00","datetimeutc":"2020-07-11T15:00:00","timetype":"Hour","precipitationmm":0.0,"temperature":17.3,"feeltemperature":17.3,"cloudcover":61,"iconcode":"b","iconid":7,"sources":2,"winddirection":"NW","winddirectiondegrees":313,"windspeedms":5.1,"visibility":18210,"precipitation":0,"beaufort":3,"humidity":64,"sunshine":38,"hour":17,"pollenindex":4,"windspeed":18,"sunshinepower":597,"sunpower":597},{"datetime":"2020-07-11T18:00:00","datetimeutc":"2020-07-11T16:00:00","timetype":"Hour","precipitationmm":0.0,"temperature":16.9,"feeltemperature":16.9,"cloudcover":58,"iconcode":"b","iconid":7,"sources":2,"winddirection":"NW","winddirectiondegrees":318,"windspeedms":5.1,"visibility":18410,"precipitation":0,"beaufort":3,"humidity":65,"sunshine":35,"hour":18,"pollenindex":4,"windspeed":18,"sunshinepower":484,"sunpower":484},{"datetime":"2020-07-11T19:00:00","datetimeutc":"2020-07-11T17:00:00","timetype":"Hour","precipitationmm":0.0,"temperature":16.4,"feeltemperature":16.4,"cloudcover":52,"iconcode":"b","iconid":7,"sources":2,"winddirection":"NW","winddirectiondegrees":323,"windspeedms":4.6,"visibility":17610,"precipitation":0,"beaufort":3,"humidity":68,"sunshine":38,"hour":19,"pollenindex":4,"windspeed":17,"sunshinepower":344,"sunpower":344},{"datetime":"2020-07-11T20:00:00","datetimeutc":"2020-07-11T18:00:00","timetype":"Hour","precipitationmm":0.0,"temperature":15.8,"feeltemperature":15.8,"cloudcover":50,"iconcode":"b","iconid":7,"sources":2,"winddirection":"NW","winddirectiondegrees":330,"windspeedms":4.1,"visibility":16410,"precipitation":0,"beaufort":3,"humidity":71,"sunshine":45,"hour":20,"pollenindex":4,"windspeed":15,"sunshinepower":203,"sunpower":203},{"datetime":"2020-07-11T21:00:00","datetimeutc":"2020-07-11T19:00:00","timetype":"Hour","precipitationmm":0.0,"temperature":15.0,"feeltemperature":15.0,"cloudcover":56,"iconcode":"b","iconid":7,"sources":2,"winddirection":"N","winddirectiondegrees":342,"windspeedms":3.2,"visibility":15210,"precipitation":0,"beaufort":2,"humidity":75,"sunshine":46,"hour":21,"pollenindex":4,"windspeed":12,"sunshinepower":74,"sunpower":74},{"datetime":"2020-07-11T22:00:00","datetimeutc":"2020-07-11T20:00:00","timetype":"Hour","precipitationmm":0.0,"temperature":14.1,"feeltemperature":14.1,"cloudcover":65,"iconcode":"bb","iconid":8,"sources":2,"winddirection":"N","winddirectiondegrees":349,"windspeedms":2.3,"visibility":14240,"precipitation":0,"beaufort":2,"humidity":79,"sunshine":40,"hour":22,"pollenindex":4,"windspeed":8,"sunshinepower":0,"sunpower":0},{"datetime":"2020-07-11T23:00:00","datetimeutc":"2020-07-11T21:00:00","timetype":"Hour","precipitationmm":0.0,"temperature":13.2,"feeltemperature":13.2,"cloudcover":65,"iconcode":"bb","iconid":8,"sources":2,"winddirection":"N","winddirectiondegrees":349,"windspeedms":1.7,"visibility":13250,"precipitation":0,"beaufort":1,"humidity":83,"sunshine":0,"hour":23,"pollenindex":3,"windspeed":6,"sunshinepower":0,"sunpower":0}],"datetime":"2020-07-11T00:00:00","datetimeutc":"2020-07-10T22:00:00","timetype":"Day","precipitationmm":0.0,"mintemperature":13.2,"maxtemperature":17.8,"cloudcover":56,"iconcode":"b","iconid":3,"sources":2,"winddirection":"W","winddirectiondegrees":270,"windspeedms":3.7,"visibility":15801,"precipitation":0,"beaufort":2,"humidity":69,"sunshine":37,"uvindex":5,"bbqindex":6,"mosquitoindex":6,"pollenindex":5,"mintemp":13.2,"maxtemp":17.8,"windspeed":4,"sunshinepower":417,"sunpower":417},{"date":"2020-07-12T00:00:00","sunrise":"2020-07-12T05:33:35","sunset":"2020-07-12T21:58:06","morning":{"datetime":"2020-07-12T07:00:00","datetimeutc":"2020-07-12T05:00:00","timetype":"Morning","precipitationmm":0.0,"mintemperature":12.2,"maxtemperature":16.8,"cloudcover":52,"iconcode":"b","iconid":7,"sources":1,"winddirection":"N","winddirectiondegrees":339,"windspeedms":1.6,"visibility":13616,"precipitation":0,"beaufort":1,"humidity":77,"sunshine":46,"hour":7,"mintemp":12.2,"maxtemp":16.8,"windspeed":6,"sunshinepower":337,"sunpower":337},"afternoon":{"datetime":"2020-07-12T12:00:00","datetimeutc":"2020-07-12T10:00:00","timetype":"Afternoon","precipitationmm":0.0,"mintemperature":17.7,"maxtemperature":18.4,"cloudcover":42,"iconcode":"j","iconid":22,"sources":1,"winddirection":"N","winddirectiondegrees":14,"windspeedms":2.8,"visibility":19078,"precipitation":0,"beaufort":2,"humidity":59,"sunshine":51,"hour":12,"mintemp":17.7,"maxtemp":18.4,"windspeed":10,"sunshinepower":665,"sunpower":665},"evening":{"datetime":"2020-07-12T18:00:00","datetimeutc":"2020-07-12T16:00:00","timetype":"Evening","precipitationmm":0.0,"mintemperature":14.5,"maxtemperature":18.1,"cloudcover":24,"iconcode":"j","iconid":8,"sources":1,"winddirection":"NO","winddirectiondegrees":27,"windspeedms":2.7,"visibility":19153,"precipitation":0,"beaufort":2,"humidity":69,"sunshine":52,"hour":18,"mintemp":14.5,"maxtemp":18.1,"windspeed":10,"sunshinepower":175,"sunpower":175},"night":{"datetime":"2020-07-12T00:00:00","datetimeutc":"2020-07-11T22:00:00","timetype":"Night","precipitationmm":0.0,"mintemperature":10.2,"maxtemperature":12.3,"cloudcover":28,"iconcode":"j","iconid":8,"sources":1,"winddirection":"NW","winddirectiondegrees":310,"windspeedms":1.2,"visibility":10670,"precipitation":0,"beaufort":1,"humidity":93,"sunshine":3,"hour":0,"mintemp":10.2,"maxtemp":12.3,"windspeed":4,"sunshinepower":2,"sunpower":2},"hours":[{"datetime":"2020-07-12T00:00:00","datetimeutc":"2020-07-11T22:00:00","timetype":"Hour","precipitationmm":0.0,"temperature":12.3,"feeltemperature":12.3,"cloudcover":46,"iconcode":"jj","iconid":8,"sources":2,"winddirection":"N","winddirectiondegrees":340,"windspeedms":1.4,"visibility":12650,"precipitation":0,"beaufort":1,"humidity":87,"sunshine":0,"hour":0,"pollenindex":3,"windspeed":5,"sunshinepower":0,"sunpower":0},{"datetime":"2020-07-12T01:00:00","datetimeutc":"2020-07-11T23:00:00","timetype":"Hour","precipitationmm":0.0,"temperature":11.6,"feeltemperature":11.6,"cloudcover":19,"iconcode":"jj","iconid":4,"sources":2,"winddirection":"NW","winddirectiondegrees":321,"windspeedms":1.3,"visibility":11850,"precipitation":0,"beaufort":1,"humidity":91,"sunshine":0,"hour":1,"pollenindex":3,"windspeed":5,"sunshinepower":0,"sunpower":0},{"datetime":"2020-07-12T02:00:00","datetimeutc":"2020-07-12T00:00:00","timetype":"Hour","precipitationmm":0.0,"temperature":10.9,"feeltemperature":10.9,"cloudcover":2,"iconcode":"aa","iconid":13,"sources":2,"winddirection":"NW","winddirectiondegrees":312,"windspeedms":1.3,"visibility":11050,"precipitation":0,"beaufort":1,"humidity":94,"sunshine":0,"hour":2,"pollenindex":2,"windspeed":5,"sunshinepower":0,"sunpower":0},{"datetime":"2020-07-12T03:00:00","datetimeutc":"2020-07-12T01:00:00","timetype":"Hour","precipitationmm":0.0,"temperature":10.4,"feeltemperature":10.4,"cloudcover":7,"iconcode":"aa","iconid":13,"sources":2,"winddirection":"NW","winddirectiondegrees":302,"windspeedms":1.2,"visibility":10450,"precipitation":0,"beaufort":1,"humidity":97,"sunshine":0,"hour":3,"pollenindex":2,"windspeed":4,"sunshinepower":0,"sunpower":0},{"datetime":"2020-07-12T04:00:00","datetimeutc":"2020-07-12T02:00:00","timetype":"Hour","precipitationmm":0.0,"temperature":10.2,"feeltemperature":10.2,"cloudcover":41,"iconcode":"jj","iconid":4,"sources":2,"winddirection":"NW","winddirectiondegrees":302,"windspeedms":1.2,"visibility":9850,"precipitation":0,"beaufort":1,"humidity":97,"sunshine":0,"hour":4,"pollenindex":2,"windspeed":4,"sunshinepower":0,"sunpower":0},{"datetime":"2020-07-12T05:00:00","datetimeutc":"2020-07-12T03:00:00","timetype":"Hour","precipitationmm":0.0,"temperature":10.5,"feeltemperature":10.5,"cloudcover":41,"iconcode":"jj","iconid":4,"sources":2,"winddirection":"NW","winddirectiondegrees":299,"windspeedms":1.2,"visibility":9430,"precipitation":0,"beaufort":1,"humidity":96,"sunshine":0,"hour":5,"pollenindex":2,"windspeed":4,"sunshinepower":0,"sunpower":0},{"datetime":"2020-07-12T06:00:00","datetimeutc":"2020-07-12T04:00:00","timetype":"Hour","precipitationmm":0.0,"temperature":11.2,"feeltemperature":11.2,"cloudcover":42,"iconcode":"j","iconid":7,"sources":2,"winddirection":"NW","winddirectiondegrees":301,"windspeedms":1.1,"visibility":9410,"precipitation":0,"beaufort":1,"humidity":93,"sunshine":26,"hour":6,"pollenindex":3,"windspeed":4,"sunshinepower":18,"sunpower":18},{"datetime":"2020-07-12T07:00:00","datetimeutc":"2020-07-12T05:00:00","timetype":"Hour","precipitationmm":0.0,"temperature":12.2,"feeltemperature":12.2,"cloudcover":47,"iconcode":"j","iconid":7,"sources":2,"winddirection":"W","winddirectiondegrees":288,"windspeedms":1.0,"visibility":9410,"precipitation":0,"beaufort":1,"humidity":89,"sunshine":55,"hour":7,"pollenindex":3,"windspeed":4,"sunshinepower":101,"sunpower":101},{"datetime":"2020-07-12T08:00:00","datetimeutc":"2020-07-12T06:00:00","timetype":"Hour","precipitationmm":0.0,"temperature":13.4,"feeltemperature":13.4,"cloudcover":51,"iconcode":"b","iconid":7,"sources":2,"winddirection":"NW","winddirectiondegrees":330,"windspeedms":1.2,"visibility":11010,"precipitation":0,"beaufort":1,"humidity":84,"sunshine":50,"hour":8,"pollenindex":3,"windspeed":4,"sunshinepower":226,"sunpower":226},{"datetime":"2020-07-12T09:00:00","datetimeutc":"2020-07-12T07:00:00","timetype":"Hour","precipitationmm":0.0,"temperature":14.6,"feeltemperature":14.6,"cloudcover":54,"iconcode":"b","iconid":7,"sources":2,"winddirection":"N","winddirectiondegrees":350,"windspeedms":1.9,"visibility":13420,"precipitation":0,"beaufort":1,"humidity":78,"sunshine":45,"hour":9,"pollenindex":4,"windspeed":7,"sunshinepower":351,"sunpower":351},{"datetime":"2020-07-12T10:00:00","datetimeutc":"2020-07-12T08:00:00","timetype":"Hour","precipitationmm":0.0,"temperature":15.7,"feeltemperature":15.7,"cloudcover":56,"iconcode":"b","iconid":7,"sources":2,"winddirection":"N","winddirectiondegrees":360,"windspeedms":2.0,"visibility":16220,"precipitation":0,"beaufort":2,"humidity":72,"sunshine":41,"hour":10,"pollenindex":4,"windspeed":7,"sunshinepower":457,"sunpower":457},{"datetime":"2020-07-12T11:00:00","datetimeutc":"2020-07-12T09:00:00","timetype":"Hour","precipitationmm":0.0,"temperature":16.8,"feeltemperature":16.8,"cloudcover":55,"iconcode":"b","iconid":7,"sources":2,"winddirection":"N","winddirectiondegrees":5,"windspeedms":2.0,"visibility":18020,"precipitation":0,"beaufort":2,"humidity":66,"sunshine":40,"hour":11,"pollenindex":4,"windspeed":7,"sunshinepower":553,"sunpower":553},{"datetime":"2020-07-12T12:00:00","datetimeutc":"2020-07-12T10:00:00","timetype":"Hour","precipitationmm":0.0,"temperature":17.7,"feeltemperature":17.7,"cloudcover":47,"iconcode":"j","iconid":22,"sources":2,"winddirection":"N","winddirectiondegrees":8,"windspeedms":2.2,"visibility":18610,"precipitation":0,"beaufort":2,"humidity":61,"sunshine":41,"hour":12,"pollenindex":5,"windspeed":8,"sunshinepower":646,"sunpower":646},{"datetime":"2020-07-12T13:00:00","datetimeutc":"2020-07-12T11:00:00","timetype":"Hour","precipitationmm":0.0,"temperature":18.1,"feeltemperature":18.1,"cloudcover":39,"iconcode":"j","iconid":22,"sources":2,"winddirection":"N","winddirectiondegrees":10,"windspeedms":2.5,"visibility":18420,"precipitation":0,"beaufort":2,"humidity":59,"sunshine":50,"hour":13,"pollenindex":5,"windspeed":9,"sunshinepower":707,"sunpower":707},{"datetime":"2020-07-12T14:00:00","datetimeutc":"2020-07-12T12:00:00","timetype":"Hour","precipitationmm":0.0,"temperature":18.4,"feeltemperature":18.4,"cloudcover":56,"iconcode":"b","iconid":19,"sources":2,"winddirection":"N","winddirectiondegrees":16,"windspeedms":2.7,"visibility":18410,"precipitation":0,"beaufort":2,"humidity":58,"sunshine":58,"hour":14,"pollenindex":5,"windspeed":10,"sunshinepower":719,"sunpower":719},{"datetime":"2020-07-12T15:00:00","datetimeutc":"2020-07-12T13:00:00","timetype":"Hour","precipitationmm":0.0,"temperature":18.3,"feeltemperature":18.3,"cloudcover":39,"iconcode":"j","iconid":7,"sources":2,"winddirection":"NO","winddirectiondegrees":23,"windspeedms":2.9,"visibility":18810,"precipitation":0,"beaufort":2,"humidity":59,"sunshine":40,"hour":15,"pollenindex":5,"windspeed":10,"sunshinepower":699,"sunpower":699},{"datetime":"2020-07-12T16:00:00","datetimeutc":"2020-07-12T14:00:00","timetype":"Hour","precipitationmm":0.0,"temperature":18.4,"feeltemperature":18.4,"cloudcover":36,"iconcode":"j","iconid":7,"sources":2,"winddirection":"N","winddirectiondegrees":16,"windspeedms":3.2,"visibility":19810,"precipitation":0,"beaufort":2,"humidity":59,"sunshine":58,"hour":16,"pollenindex":5,"windspeed":12,"sunshinepower":651,"sunpower":651},{"datetime":"2020-07-12T17:00:00","datetimeutc":"2020-07-12T15:00:00","timetype":"Hour","precipitationmm":0.0,"temperature":18.3,"feeltemperature":18.3,"cloudcover":36,"iconcode":"j","iconid":7,"sources":2,"winddirection":"N","winddirectiondegrees":13,"windspeedms":3.5,"visibility":20410,"precipitation":0,"beaufort":2,"humidity":59,"sunshine":61,"hour":17,"pollenindex":5,"windspeed":13,"sunshinepower":570,"sunpower":570},{"datetime":"2020-07-12T18:00:00","datetimeutc":"2020-07-12T16:00:00","timetype":"Hour","precipitationmm":0.0,"temperature":18.1,"feeltemperature":18.1,"cloudcover":36,"iconcode":"j","iconid":8,"sources":2,"winddirection":"N","winddirectiondegrees":12,"windspeedms":3.4,"visibility":20810,"precipitation":0,"beaufort":2,"humidity":61,"sunshine":61,"hour":18,"pollenindex":5,"windspeed":12,"sunshinepower":462,"sunpower":462},{"datetime":"2020-07-12T19:00:00","datetimeutc":"2020-07-12T17:00:00","timetype":"Hour","precipitationmm":0.0,"temperature":17.7,"feeltemperature":17.7,"cloudcover":36,"iconcode":"j","iconid":5,"sources":2,"winddirection":"N","winddirectiondegrees":14,"windspeedms":3.3,"visibility":20810,"precipitation":0,"beaufort":2,"humidity":63,"sunshine":61,"hour":19,"pollenindex":5,"windspeed":12,"sunshinepower":330,"sunpower":330},{"datetime":"2020-07-12T20:00:00","datetimeutc":"2020-07-12T18:00:00","timetype":"Hour","precipitationmm":0.0,"temperature":17.1,"feeltemperature":17.1,"cloudcover":32,"iconcode":"j","iconid":5,"sources":2,"winddirection":"N","winddirectiondegrees":17,"windspeedms":3.0,"visibility":20410,"precipitation":0,"beaufort":2,"humidity":66,"sunshine":61,"hour":20,"pollenindex":4,"windspeed":11,"sunshinepower":192,"sunpower":192},{"datetime":"2020-07-12T21:00:00","datetimeutc":"2020-07-12T19:00:00","timetype":"Hour","precipitationmm":0.0,"temperature":16.3,"feeltemperature":16.3,"cloudcover":32,"iconcode":"j","iconid":6,"sources":2,"winddirection":"NO","winddirectiondegrees":29,"windspeedms":2.5,"visibility":19810,"precipitation":0,"beaufort":2,"humidity":70,"sunshine":66,"hour":21,"pollenindex":4,"windspeed":9,"sunshinepower":71,"sunpower":71},{"datetime":"2020-07-12T22:00:00","datetimeutc":"2020-07-12T20:00:00","timetype":"Hour","precipitationmm":0.0,"temperature":15.4,"feeltemperature":15.4,"cloudcover":8,"iconcode":"aa","iconid":2,"sources":2,"winddirection":"NO","winddirectiondegrees":44,"windspeedms":2.0,"visibility":17830,"precipitation":0,"beaufort":2,"humidity":75,"sunshine":66,"hour":22,"pollenindex":4,"windspeed":7,"sunshinepower":0,"sunpower":0},{"datetime":"2020-07-12T23:00:00","datetimeutc":"2020-07-12T21:00:00","timetype":"Hour","precipitationmm":0.0,"temperature":14.5,"feeltemperature":14.5,"cloudcover":2,"iconcode":"aa","iconid":2,"sources":2,"winddirection":"NO","winddirectiondegrees":51,"windspeedms":1.8,"visibility":15250,"precipitation":0,"beaufort":1,"humidity":80,"sunshine":1,"hour":23,"pollenindex":4,"windspeed":6,"sunshinepower":0,"sunpower":0}],"datetime":"2020-07-12T00:00:00","datetimeutc":"2020-07-11T22:00:00","timetype":"Day","precipitationmm":0.0,"mintemperature":10.2,"maxtemperature":18.4,"cloudcover":35,"iconcode":"j","iconid":2,"sources":2,"winddirection":"N","winddirectiondegrees":0,"windspeedms":2.1,"visibility":15506,"precipitation":0,"beaufort":2,"humidity":75,"sunshine":36,"uvindex":5,"bbqindex":9,"mosquitoindex":7,"pollenindex":5,"icescrapeindex":1,"mintemp":10.2,"maxtemp":18.4,"windspeed":2,"sunshinepower":281,"sunpower":281},{"date":"2020-07-13T00:00:00","sunrise":"2020-07-13T05:34:45","sunset":"2020-07-13T21:57:08","morning":{"datetime":"2020-07-13T07:00:00","datetimeutc":"2020-07-13T05:00:00","timetype":"Morning","precipitationmm":0.0,"mintemperature":13.1,"maxtemperature":18.7,"cloudcover":14,"iconcode":"a","iconid":2,"sources":1,"winddirection":"ZO","winddirectiondegrees":155,"windspeedms":1.3,"visibility":14530,"precipitation":0,"beaufort":1,"humidity":77,"sunshine":91,"hour":7,"mintemp":13.1,"maxtemp":18.7,"windspeed":5,"sunshinepower":399,"sunpower":399},"afternoon":{"datetime":"2020-07-13T12:00:00","datetimeutc":"2020-07-13T10:00:00","timetype":"Afternoon","precipitationmm":0.0,"mintemperature":19.8,"maxtemperature":22.0,"cloudcover":37,"iconcode":"j","iconid":5,"sources":1,"winddirection":"O","winddirectiondegrees":93,"windspeedms":1.7,"visibility":23673,"precipitation":0,"beaufort":1,"humidity":50,"sunshine":65,"hour":12,"mintemp":19.8,"maxtemp":22.0,"windspeed":6,"sunshinepower":740,"sunpower":740},"evening":{"datetime":"2020-07-13T18:00:00","datetimeutc":"2020-07-13T16:00:00","timetype":"Evening","precipitationmm":0.0,"mintemperature":17.3,"maxtemperature":20.9,"cloudcover":34,"iconcode":"j","iconid":8,"sources":1,"winddirection":"N","winddirectiondegrees":16,"windspeedms":2.0,"visibility":20075,"precipitation":0,"beaufort":2,"humidity":61,"sunshine":45,"hour":18,"mintemp":17.3,"maxtemp":20.9,"windspeed":7,"sunshinepower":185,"sunpower":185},"night":{"datetime":"2020-07-13T02:00:00","datetimeutc":"2020-07-13T00:00:00","timetype":"Night","precipitationmm":0.0,"mintemperature":11.2,"maxtemperature":13.6,"cloudcover":3,"iconcode":"a","iconid":1,"sources":1,"winddirection":"O","winddirectiondegrees":89,"windspeedms":1.3,"visibility":12098,"precipitation":0,"beaufort":1,"humidity":92,"sunshine":6,"hour":2,"mintemp":11.2,"maxtemp":13.6,"windspeed":5,"sunshinepower":3,"sunpower":3},"hours":[{"datetime":"2020-07-13T00:00:00","datetimeutc":"2020-07-12T22:00:00","timetype":"Hour","precipitationmm":0.0,"temperature":13.6,"feeltemperature":13.6,"cloudcover":3,"iconcode":"aa","iconid":1,"sources":2,"winddirection":"NO","winddirectiondegrees":58,"windspeedms":1.6,"visibility":13650,"precipitation":0,"beaufort":1,"humidity":85,"sunshine":0,"hour":0,"pollenindex":3,"windspeed":6,"sunshinepower":0,"sunpower":0},{"datetime":"2020-07-13T01:00:00","datetimeutc":"2020-07-12T23:00:00","timetype":"Hour","precipitationmm":0.0,"temperature":12.8,"feeltemperature":12.8,"cloudcover":6,"iconcode":"aa","iconid":2,"sources":2,"winddirection":"NO","winddirectiondegrees":67,"windspeedms":1.4,"visibility":13050,"precipitation":0,"beaufort":1,"humidity":89,"sunshine":0,"hour":1,"pollenindex":3,"windspeed":5,"sunshinepower":0,"sunpower":0},{"datetime":"2020-07-13T02:00:00","datetimeutc":"2020-07-13T00:00:00","timetype":"Hour","precipitationmm":0.0,"temperature":12.1,"feeltemperature":12.1,"cloudcover":8,"iconcode":"aa","iconid":1,"sources":1,"winddirection":"O","winddirectiondegrees":90,"windspeedms":1.36,"visibility":13050,"precipitation":0,"beaufort":1,"humidity":92,"sunshine":0,"hour":2,"pollenindex":3,"windspeed":5,"sunshinepower":0,"sunpower":0},{"datetime":"2020-07-13T03:00:00","datetimeutc":"2020-07-13T01:00:00","timetype":"Hour","precipitationmm":0.0,"temperature":11.5,"feeltemperature":11.5,"cloudcover":6,"iconcode":"aa","iconid":1,"sources":1,"winddirection":"O","winddirectiondegrees":98,"windspeedms":1.31,"visibility":12850,"precipitation":0,"beaufort":1,"humidity":95,"sunshine":0,"hour":3,"pollenindex":2,"windspeed":5,"sunshinepower":0,"sunpower":0},{"datetime":"2020-07-13T04:00:00","datetimeutc":"2020-07-13T02:00:00","timetype":"Hour","precipitationmm":0.0,"temperature":11.2,"feeltemperature":11.2,"cloudcover":3,"iconcode":"aa","iconid":2,"sources":1,"winddirection":"O","winddirectiondegrees":96,"windspeedms":1.19,"visibility":12050,"precipitation":0,"beaufort":1,"humidity":97,"sunshine":0,"hour":4,"pollenindex":2,"windspeed":4,"sunshinepower":0,"sunpower":0},{"datetime":"2020-07-13T05:00:00","datetimeutc":"2020-07-13T03:00:00","timetype":"Hour","precipitationmm":0.0,"temperature":11.4,"feeltemperature":11.4,"cloudcover":0,"iconcode":"aa","iconid":1,"sources":1,"winddirection":"O","winddirectiondegrees":106,"windspeedms":1.08,"visibility":10430,"precipitation":0,"beaufort":1,"humidity":96,"sunshine":0,"hour":5,"pollenindex":2,"windspeed":4,"sunshinepower":0,"sunpower":0},{"datetime":"2020-07-13T06:00:00","datetimeutc":"2020-07-13T04:00:00","timetype":"Hour","precipitationmm":0.0,"temperature":12.1,"feeltemperature":12.1,"cloudcover":0,"iconcode":"a","iconid":2,"sources":1,"winddirection":"O","winddirectiondegrees":112,"windspeedms":1.16,"visibility":9610,"precipitation":0,"beaufort":1,"humidity":94,"sunshine":45,"hour":6,"pollenindex":2,"windspeed":4,"sunshinepower":21,"sunpower":21},{"datetime":"2020-07-13T07:00:00","datetimeutc":"2020-07-13T05:00:00","timetype":"Hour","precipitationmm":0.0,"temperature":13.1,"feeltemperature":13.1,"cloudcover":0,"iconcode":"a","iconid":2,"sources":1,"winddirection":"ZO","winddirectiondegrees":128,"windspeedms":1.25,"visibility":9810,"precipitation":0,"beaufort":1,"humidity":90,"sunshine":100,"hour":7,"pollenindex":3,"windspeed":4,"sunshinepower":118,"sunpower":118},{"datetime":"2020-07-13T08:00:00","datetimeutc":"2020-07-13T06:00:00","timetype":"Hour","precipitationmm":0.0,"temperature":14.5,"feeltemperature":14.5,"cloudcover":0,"iconcode":"a","iconid":5,"sources":1,"winddirection":"ZO","winddirectiondegrees":144,"windspeedms":1.53,"visibility":11610,"precipitation":0,"beaufort":1,"humidity":85,"sunshine":100,"hour":8,"pollenindex":3,"windspeed":6,"sunshinepower":262,"sunpower":262},{"datetime":"2020-07-13T09:00:00","datetimeutc":"2020-07-13T07:00:00","timetype":"Hour","precipitationmm":0.0,"temperature":15.9,"feeltemperature":15.9,"cloudcover":9,"iconcode":"a","iconid":2,"sources":1,"winddirection":"ZO","winddirectiondegrees":155,"windspeedms":1.53,"visibility":14010,"precipitation":0,"beaufort":1,"humidity":78,"sunshine":100,"hour":9,"pollenindex":4,"windspeed":6,"sunshinepower":408,"sunpower":408},{"datetime":"2020-07-13T10:00:00","datetimeutc":"2020-07-13T08:00:00","timetype":"Hour","precipitationmm":0.0,"temperature":17.4,"feeltemperature":17.4,"cloudcover":33,"iconcode":"j","iconid":13,"sources":1,"winddirection":"Z","winddirectiondegrees":169,"windspeedms":1.3,"visibility":16810,"precipitation":0,"beaufort":1,"humidity":70,"sunshine":90,"hour":10,"pollenindex":4,"windspeed":5,"sunshinepower":545,"sunpower":545},{"datetime":"2020-07-13T11:00:00","datetimeutc":"2020-07-13T09:00:00","timetype":"Hour","precipitationmm":0.0,"temperature":18.7,"feeltemperature":18.7,"cloudcover":31,"iconcode":"j","iconid":13,"sources":1,"winddirection":"Z","winddirectiondegrees":180,"windspeedms":1.09,"visibility":20410,"precipitation":0,"beaufort":1,"humidity":62,"sunshine":65,"hour":11,"pollenindex":5,"windspeed":4,"sunshinepower":664,"sunpower":664},{"datetime":"2020-07-13T12:00:00","datetimeutc":"2020-07-13T10:00:00","timetype":"Hour","precipitationmm":0.0,"temperature":19.8,"feeltemperature":19.8,"cloudcover":32,"iconcode":"j","iconid":5,"sources":1,"winddirection":"Z","winddirectiondegrees":180,"windspeedms":1.14,"visibility":23010,"precipitation":0,"beaufort":1,"humidity":56,"sunshine":68,"hour":12,"pollenindex":5,"windspeed":4,"sunshinepower":751,"sunpower":751},{"datetime":"2020-07-13T13:00:00","datetimeutc":"2020-07-13T11:00:00","timetype":"Hour","precipitationmm":0.0,"temperature":20.9,"feeltemperature":20.9,"cloudcover":29,"iconcode":"j","iconid":5,"sources":1,"winddirection":"ZO","winddirectiondegrees":135,"windspeedms":1.23,"visibility":24210,"precipitation":0,"beaufort":1,"humidity":52,"sunshine":66,"hour":13,"pollenindex":5,"windspeed":4,"sunshinepower":792,"sunpower":792},{"datetime":"2020-07-13T14:00:00","datetimeutc":"2020-07-13T12:00:00","timetype":"Hour","precipitationmm":0.0,"temperature":21.6,"feeltemperature":21.6,"cloudcover":29,"iconcode":"j","iconid":20,"sources":1,"winddirection":"O","winddirectiondegrees":90,"windspeedms":1.5,"visibility":24810,"precipitation":0,"beaufort":1,"humidity":49,"sunshine":70,"hour":14,"pollenindex":5,"windspeed":5,"sunshinepower":794,"sunpower":794},{"datetime":"2020-07-13T15:00:00","datetimeutc":"2020-07-13T13:00:00","timetype":"Hour","precipitationmm":0.0,"temperature":22.0,"feeltemperature":25.2,"cloudcover":33,"iconcode":"j","iconid":5,"sources":1,"winddirection":"ZO","winddirectiondegrees":117,"windspeedms":1.86,"visibility":23010,"precipitation":0,"beaufort":1,"humidity":48,"sunshine":70,"hour":15,"pollenindex":5,"windspeed":7,"sunshinepower":769,"sunpower":769},{"datetime":"2020-07-13T16:00:00","datetimeutc":"2020-07-13T14:00:00","timetype":"Hour","precipitationmm":0.0,"temperature":21.9,"feeltemperature":21.9,"cloudcover":46,"iconcode":"j","iconid":7,"sources":1,"winddirection":"N","winddirectiondegrees":360,"windspeedms":2.15,"visibility":23200,"precipitation":0,"beaufort":2,"humidity":49,"sunshine":65,"hour":16,"pollenindex":5,"windspeed":8,"sunshinepower":713,"sunpower":713},{"datetime":"2020-07-13T17:00:00","datetimeutc":"2020-07-13T15:00:00","timetype":"Hour","precipitationmm":0.0,"temperature":21.5,"feeltemperature":21.5,"cloudcover":53,"iconcode":"b","iconid":7,"sources":1,"winddirection":"N","winddirectiondegrees":14,"windspeedms":2.12,"visibility":23800,"precipitation":0,"beaufort":2,"humidity":51,"sunshine":51,"hour":17,"pollenindex":5,"windspeed":8,"sunshinepower":621,"sunpower":621},{"datetime":"2020-07-13T18:00:00","datetimeutc":"2020-07-13T16:00:00","timetype":"Hour","precipitationmm":0.0,"temperature":20.9,"feeltemperature":20.9,"cloudcover":51,"iconcode":"b","iconid":8,"sources":1,"winddirection":"NO","winddirectiondegrees":23,"windspeedms":2.17,"visibility":23200,"precipitation":0,"beaufort":2,"humidity":53,"sunshine":43,"hour":18,"pollenindex":5,"windspeed":8,"sunshinepower":497,"sunpower":497},{"datetime":"2020-07-13T19:00:00","datetimeutc":"2020-07-13T17:00:00","timetype":"Hour","precipitationmm":0.0,"temperature":20.2,"feeltemperature":20.2,"cloudcover":43,"iconcode":"j","iconid":8,"sources":1,"winddirection":"N","winddirectiondegrees":15,"windspeedms":2.27,"visibility":22810,"precipitation":0,"beaufort":2,"humidity":56,"sunshine":46,"hour":19,"pollenindex":5,"windspeed":8,"sunshinepower":347,"sunpower":347},{"datetime":"2020-07-13T20:00:00","datetimeutc":"2020-07-13T18:00:00","timetype":"Hour","precipitationmm":0.0,"temperature":19.4,"feeltemperature":19.4,"cloudcover":35,"iconcode":"j","iconid":22,"sources":1,"winddirection":"N","winddirectiondegrees":11,"windspeedms":2.23,"visibility":21810,"precipitation":0,"beaufort":2,"humidity":60,"sunshine":55,"hour":20,"pollenindex":5,"windspeed":8,"sunshinepower":197,"sunpower":197},{"datetime":"2020-07-13T21:00:00","datetimeutc":"2020-07-13T19:00:00","timetype":"Hour","precipitationmm":0.0,"temperature":18.6,"feeltemperature":18.6,"cloudcover":32,"iconcode":"j","iconid":22,"sources":1,"winddirection":"N","winddirectiondegrees":13,"windspeedms":2.05,"visibility":19410,"precipitation":0,"beaufort":2,"humidity":63,"sunshine":63,"hour":21,"pollenindex":5,"windspeed":7,"sunshinepower":70,"sunpower":70},{"datetime":"2020-07-13T22:00:00","datetimeutc":"2020-07-13T20:00:00","timetype":"Hour","precipitationmm":0.0,"temperature":17.9,"feeltemperature":17.9,"cloudcover":22,"iconcode":"jj","iconid":22,"sources":1,"winddirection":"N","winddirectiondegrees":15,"windspeedms":1.82,"visibility":17210,"precipitation":0,"beaufort":1,"humidity":66,"sunshine":66,"hour":22,"pollenindex":4,"windspeed":7,"sunshinepower":0,"sunpower":0},{"datetime":"2020-07-13T23:00:00","datetimeutc":"2020-07-13T21:00:00","timetype":"Hour","precipitationmm":0.0,"temperature":17.3,"feeltemperature":17.3,"cloudcover":21,"iconcode":"jj","iconid":22,"sources":1,"winddirection":"NO","winddirectiondegrees":24,"windspeedms":1.62,"visibility":16010,"precipitation":0,"beaufort":1,"humidity":69,"sunshine":0,"hour":23,"pollenindex":4,"windspeed":6,"sunshinepower":0,"sunpower":0}],"datetime":"2020-07-13T00:00:00","datetimeutc":"2020-07-12T22:00:00","timetype":"Day","precipitationmm":0.0,"mintemperature":11.2,"maxtemperature":22.0,"cloudcover":21,"iconcode":"j","iconid":2,"sources":2,"winddirection":"N","winddirectiondegrees":0,"windspeedms":1.6,"visibility":17492,"precipitation":0,"beaufort":1,"humidity":71,"sunshine":48,"uvindex":5,"bbqindex":9,"mosquitoindex":7,"pollenindex":5,"icescrapeindex":1,"mintemp":11.2,"maxtemp":22.0,"windspeed":2,"sunshinepower":315,"sunpower":315},{"date":"2020-07-14T00:00:00","sunrise":"2020-07-14T05:35:58","sunset":"2020-07-14T21:56:08","hours":[{"datetime":"2020-07-14T00:00:00","datetimeutc":"2020-07-13T22:00:00","timetype":"Hour","precipitationmm":0.0,"temperature":16.7,"feeltemperature":16.7,"cloudcover":45,"iconcode":"jj","iconid":7,"sources":1,"winddirection":"NO","winddirectiondegrees":30,"windspeedms":1.39,"visibility":15020,"precipitation":0,"beaufort":1,"humidity":71,"sunshine":0,"hour":0,"pollenindex":4,"windspeed":5,"sunshinepower":0,"sunpower":0},{"datetime":"2020-07-14T01:00:00","datetimeutc":"2020-07-13T23:00:00","timetype":"Hour","precipitationmm":0.0,"temperature":16.2,"feeltemperature":16.2,"cloudcover":75,"iconcode":"rr","iconid":20,"sources":1,"winddirection":"NO","winddirectiondegrees":34,"windspeedms":1.32,"visibility":14220,"precipitation":0,"beaufort":1,"humidity":73,"sunshine":0,"hour":1,"pollenindex":4,"windspeed":5,"sunshinepower":0,"sunpower":0},{"datetime":"2020-07-14T02:00:00","datetimeutc":"2020-07-14T00:00:00","timetype":"Hour","precipitationmm":0.0,"temperature":15.7,"feeltemperature":15.7,"cloudcover":98,"iconcode":"cc","iconid":20,"sources":1,"winddirection":"NO","winddirectiondegrees":51,"windspeedms":1.21,"visibility":13420,"precipitation":0,"beaufort":1,"humidity":75,"sunshine":0,"hour":2,"pollenindex":4,"windspeed":4,"sunshinepower":0,"sunpower":0},{"datetime":"2020-07-14T03:00:00","datetimeutc":"2020-07-14T01:00:00","timetype":"Hour","precipitationmm":0.0,"temperature":15.2,"feeltemperature":15.2,"cloudcover":100,"iconcode":"cc","iconid":20,"sources":1,"winddirection":"O","winddirectiondegrees":90,"windspeedms":1.09,"visibility":13010,"precipitation":0,"beaufort":1,"humidity":79,"sunshine":0,"hour":3,"pollenindex":4,"windspeed":4,"sunshinepower":0,"sunpower":0},{"datetime":"2020-07-14T04:00:00","datetimeutc":"2020-07-14T02:00:00","timetype":"Hour","precipitationmm":0.0,"temperature":15.0,"feeltemperature":15.0,"cloudcover":100,"iconcode":"cc","iconid":20,"sources":1,"winddirection":"W","winddirectiondegrees":261,"windspeedms":1.34,"visibility":12800,"precipitation":0,"beaufort":1,"humidity":82,"sunshine":0,"hour":4,"pollenindex":3,"windspeed":5,"sunshinepower":0,"sunpower":0},{"datetime":"2020-07-14T05:00:00","datetimeutc":"2020-07-14T03:00:00","timetype":"Hour","precipitationmm":0.0,"temperature":15.2,"feeltemperature":15.2,"cloudcover":30,"iconcode":"jj","iconid":21,"sources":1,"winddirection":"W","winddirectiondegrees":252,"windspeedms":1.63,"visibility":12200,"precipitation":0,"beaufort":1,"humidity":84,"sunshine":0,"hour":5,"pollenindex":3,"windspeed":6,"sunshinepower":0,"sunpower":0},{"datetime":"2020-07-14T06:00:00","datetimeutc":"2020-07-14T04:00:00","timetype":"Hour","precipitationmm":0.0,"temperature":15.6,"feeltemperature":15.6,"cloudcover":30,"iconcode":"j","iconid":21,"sources":1,"winddirection":"ZW","winddirectiondegrees":240,"windspeedms":1.78,"visibility":11400,"precipitation":0,"beaufort":1,"humidity":85,"sunshine":30,"hour":6,"pollenindex":3,"windspeed":6,"sunshinepower":17,"sunpower":17},{"datetime":"2020-07-14T07:00:00","datetimeutc":"2020-07-14T05:00:00","timetype":"Hour","precipitationmm":0.0,"temperature":16.2,"feeltemperature":16.2,"cloudcover":30,"iconcode":"j","iconid":21,"sources":1,"winddirection":"ZW","winddirectiondegrees":221,"windspeedms":1.84,"visibility":11600,"precipitation":0,"beaufort":1,"humidity":85,"sunshine":68,"hour":7,"pollenindex":3,"windspeed":7,"sunshinepower":79,"sunpower":79},{"datetime":"2020-07-14T08:00:00","datetimeutc":"2020-07-14T06:00:00","timetype":"Hour","precipitationmm":0.0,"temperature":16.8,"feeltemperature":16.8,"cloudcover":30,"iconcode":"j","iconid":21,"sources":1,"winddirection":"ZW","winddirectiondegrees":210,"windspeedms":2.2,"visibility":13600,"precipitation":0,"beaufort":2,"humidity":83,"sunshine":68,"hour":8,"pollenindex":3,"windspeed":8,"sunshinepower":158,"sunpower":158},{"datetime":"2020-07-14T09:00:00","datetimeutc":"2020-07-14T07:00:00","timetype":"Hour","precipitationmm":0.0,"temperature":17.4,"feeltemperature":17.4,"cloudcover":30,"iconcode":"j","iconid":21,"sources":1,"winddirection":"ZW","winddirectiondegrees":218,"windspeedms":2.91,"visibility":20000,"precipitation":1,"beaufort":2,"humidity":80,"sunshine":68,"hour":9,"pollenindex":3,"windspeed":10,"sunshinepower":227,"sunpower":227},{"datetime":"2020-07-14T10:00:00","datetimeutc":"2020-07-14T08:00:00","timetype":"Hour","precipitationmm":0.0,"temperature":18.0,"feeltemperature":18.0,"cloudcover":100,"iconcode":"c","iconid":21,"sources":1,"winddirection":"ZW","winddirectiondegrees":217,"windspeedms":3.48,"visibility":23400,"precipitation":1,"beaufort":2,"humidity":75,"sunshine":68,"hour":10,"pollenindex":4,"windspeed":13,"sunshinepower":279,"sunpower":279},{"datetime":"2020-07-14T11:00:00","datetimeutc":"2020-07-14T09:00:00","timetype":"Hour","precipitationmm":0.0,"temperature":18.5,"feeltemperature":18.5,"cloudcover":100,"iconcode":"c","iconid":21,"sources":1,"winddirection":"ZW","winddirectiondegrees":222,"windspeedms":4.01,"visibility":25000,"precipitation":2,"beaufort":3,"humidity":71,"sunshine":0,"hour":11,"pollenindex":4,"windspeed":14,"sunshinepower":321,"sunpower":321},{"datetime":"2020-07-14T12:00:00","datetimeutc":"2020-07-14T10:00:00","timetype":"Hour","precipitationmm":0.7,"temperature":19.0,"feeltemperature":19.0,"cloudcover":100,"iconcode":"m","iconid":33,"sources":1,"winddirection":"ZW","winddirectiondegrees":229,"windspeedms":4.6,"visibility":25600,"precipitation":36,"beaufort":3,"humidity":68,"sunshine":0,"hour":12,"pollenindex":4,"windspeed":17,"sunshinepower":355,"sunpower":355},{"datetime":"2020-07-14T13:00:00","datetimeutc":"2020-07-14T11:00:00","timetype":"Hour","precipitationmm":0.0,"temperature":19.8,"feeltemperature":19.8,"cloudcover":83,"iconcode":"r","iconid":21,"sources":1,"winddirection":"ZW","winddirectiondegrees":242,"windspeedms":5.07,"visibility":26000,"precipitation":1,"beaufort":3,"humidity":64,"sunshine":0,"hour":13,"pollenindex":4,"windspeed":18,"sunshinepower":371,"sunpower":371},{"datetime":"2020-07-14T14:00:00","datetimeutc":"2020-07-14T12:00:00","timetype":"Hour","precipitationmm":0.0,"temperature":20.4,"feeltemperature":20.4,"cloudcover":91,"iconcode":"c","iconid":21,"sources":1,"winddirection":"W","winddirectiondegrees":252,"windspeedms":5.64,"visibility":26600,"precipitation":1,"beaufort":3,"humidity":62,"sunshine":11,"hour":14,"pollenindex":4,"windspeed":20,"sunshinepower":371,"sunpower":371},{"datetime":"2020-07-14T15:00:00","datetimeutc":"2020-07-14T13:00:00","timetype":"Hour","precipitationmm":0.0,"temperature":20.5,"feeltemperature":20.5,"cloudcover":100,"iconcode":"c","iconid":21,"sources":1,"winddirection":"W","winddirectiondegrees":258,"windspeedms":5.9,"visibility":27600,"precipitation":1,"beaufort":3,"humidity":61,"sunshine":3,"hour":15,"pollenindex":4,"windspeed":21,"sunshinepower":347,"sunpower":347},{"datetime":"2020-07-14T16:00:00","datetimeutc":"2020-07-14T14:00:00","timetype":"Hour","precipitationmm":0.0,"temperature":19.9,"feeltemperature":19.9,"cloudcover":100,"iconcode":"c","iconid":21,"sources":1,"winddirection":"W","winddirectiondegrees":261,"windspeedms":5.99,"visibility":29600,"precipitation":2,"beaufort":3,"humidity":62,"sunshine":0,"hour":16,"pollenindex":4,"windspeed":22,"sunshinepower":296,"sunpower":296},{"datetime":"2020-07-14T17:00:00","datetimeutc":"2020-07-14T15:00:00","timetype":"Hour","precipitationmm":0.0,"temperature":19.2,"feeltemperature":19.2,"cloudcover":100,"iconcode":"c","iconid":22,"sources":1,"winddirection":"W","winddirectiondegrees":264,"windspeedms":5.73,"visibility":29600,"precipitation":2,"beaufort":3,"humidity":65,"sunshine":0,"hour":17,"pollenindex":4,"windspeed":21,"sunshinepower":237,"sunpower":237},{"datetime":"2020-07-14T18:00:00","datetimeutc":"2020-07-14T16:00:00","timetype":"Hour","precipitationmm":0.0,"temperature":18.5,"feeltemperature":18.5,"cloudcover":100,"iconcode":"c","iconid":22,"sources":1,"winddirection":"W","winddirectiondegrees":263,"windspeedms":5.1,"visibility":26400,"precipitation":2,"beaufort":3,"humidity":68,"sunshine":0,"hour":18,"pollenindex":4,"windspeed":18,"sunshinepower":177,"sunpower":177},{"datetime":"2020-07-14T19:00:00","datetimeutc":"2020-07-14T17:00:00","timetype":"Hour","precipitationmm":1.7,"temperature":17.9,"feeltemperature":17.9,"cloudcover":100,"iconcode":"m","iconid":33,"sources":1,"winddirection":"W","winddirectiondegrees":254,"windspeedms":4.61,"visibility":23400,"precipitation":43,"beaufort":3,"humidity":72,"sunshine":0,"hour":19,"pollenindex":4,"windspeed":17,"sunshinepower":119,"sunpower":119},{"datetime":"2020-07-14T20:00:00","datetimeutc":"2020-07-14T18:00:00","timetype":"Hour","precipitationmm":0.0,"temperature":17.5,"feeltemperature":17.5,"cloudcover":100,"iconcode":"c","iconid":22,"sources":1,"winddirection":"W","winddirectiondegrees":252,"windspeedms":4.32,"visibility":21410,"precipitation":2,"beaufort":3,"humidity":75,"sunshine":0,"hour":20,"pollenindex":4,"windspeed":16,"sunshinepower":70,"sunpower":70},{"datetime":"2020-07-14T21:00:00","datetimeutc":"2020-07-14T19:00:00","timetype":"Hour","precipitationmm":1.8,"temperature":17.2,"feeltemperature":17.2,"cloudcover":94,"iconcode":"m","iconid":33,"sources":1,"winddirection":"W","winddirectiondegrees":254,"windspeedms":3.93,"visibility":17610,"precipitation":43,"beaufort":2,"humidity":77,"sunshine":0,"hour":21,"pollenindex":4,"windspeed":14,"sunshinepower":26,"sunpower":26},{"datetime":"2020-07-14T22:00:00","datetimeutc":"2020-07-14T20:00:00","timetype":"Hour","precipitationmm":0.0,"temperature":17.0,"feeltemperature":17.0,"cloudcover":85,"iconcode":"rr","iconid":22,"sources":1,"winddirection":"W","winddirectiondegrees":254,"windspeedms":3.66,"visibility":13410,"precipitation":2,"beaufort":2,"humidity":80,"sunshine":0,"hour":22,"pollenindex":3,"windspeed":13,"sunshinepower":0,"sunpower":0},{"datetime":"2020-07-14T23:00:00","datetimeutc":"2020-07-14T21:00:00","timetype":"Hour","precipitationmm":0.0,"temperature":16.8,"feeltemperature":16.8,"cloudcover":72,"iconcode":"rr","iconid":22,"sources":1,"winddirection":"W","winddirectiondegrees":254,"windspeedms":3.51,"visibility":11010,"precipitation":1,"beaufort":2,"humidity":82,"sunshine":0,"hour":23,"pollenindex":3,"windspeed":13,"sunshinepower":0,"sunpower":0}],"datetime":"2020-07-14T00:00:00","datetimeutc":"2020-07-13T22:00:00","timetype":"Day","precipitationmm":4.2,"mintemperature":15.0,"maxtemperature":20.5,"cloudcover":25,"iconcode":"f","iconid":16,"sources":1,"winddirection":"W","winddirectiondegrees":270,"windspeedms":3.43,"precipitation":43,"beaufort":2,"uvindex":3,"bbqindex":4,"mosquitoindex":6,"pollenindex":5,"icescrapeindex":1,"mintemp":15.0,"maxtemp":20.5,"windspeed":3},{"date":"2020-07-15T00:00:00","sunrise":"2020-07-15T05:37:12","sunset":"2020-07-15T21:55:04","hours":[{"datetime":"2020-07-15T00:00:00","datetimeutc":"2020-07-14T22:00:00","timetype":"Hour","precipitationmm":0.0,"temperature":16.6,"feeltemperature":16.6,"cloudcover":64,"iconcode":"bb","iconid":7,"sources":1,"winddirection":"W","winddirectiondegrees":252,"windspeedms":3.54,"visibility":9620,"precipitation":1,"beaufort":2,"humidity":85,"sunshine":0,"hour":0,"pollenindex":3,"windspeed":13,"sunshinepower":0,"sunpower":0},{"datetime":"2020-07-15T01:00:00","datetimeutc":"2020-07-14T23:00:00","timetype":"Hour","precipitationmm":0.0,"temperature":16.4,"feeltemperature":16.4,"cloudcover":60,"iconcode":"bb","iconid":22,"sources":1,"winddirection":"W","winddirectiondegrees":250,"windspeedms":3.83,"visibility":9220,"precipitation":1,"beaufort":2,"humidity":87,"sunshine":0,"hour":1,"pollenindex":3,"windspeed":14,"sunshinepower":0,"sunpower":0},{"datetime":"2020-07-15T02:00:00","datetimeutc":"2020-07-15T00:00:00","timetype":"Hour","precipitationmm":0.0,"temperature":16.1,"feeltemperature":16.1,"cloudcover":61,"iconcode":"bb","iconid":17,"sources":1,"winddirection":"W","winddirectiondegrees":250,"windspeedms":4.1,"visibility":1020,"precipitation":1,"beaufort":3,"humidity":90,"sunshine":0,"hour":2,"pollenindex":3,"windspeed":15,"sunshinepower":0,"sunpower":0},{"datetime":"2020-07-15T03:00:00","datetimeutc":"2020-07-15T01:00:00","timetype":"Hour","precipitationmm":0.0,"temperature":15.7,"feeltemperature":15.7,"cloudcover":71,"iconcode":"nn","iconid":8,"sources":1,"winddirection":"W","winddirectiondegrees":256,"windspeedms":4.17,"visibility":620,"precipitation":2,"beaufort":3,"humidity":93,"sunshine":0,"hour":3,"pollenindex":2,"windspeed":15,"sunshinepower":0,"sunpower":0},{"datetime":"2020-07-15T04:00:00","datetimeutc":"2020-07-15T02:00:00","timetype":"Hour","precipitationmm":0.0,"temperature":15.3,"feeltemperature":15.3,"cloudcover":86,"iconcode":"rr","iconid":22,"sources":1,"winddirection":"W","winddirectiondegrees":261,"windspeedms":4.15,"visibility":8610,"precipitation":1,"beaufort":3,"humidity":96,"sunshine":0,"hour":4,"pollenindex":2,"windspeed":15,"sunshinepower":0,"sunpower":0},{"datetime":"2020-07-15T05:00:00","datetimeutc":"2020-07-15T03:00:00","timetype":"Hour","precipitationmm":0.0,"temperature":15.1,"feeltemperature":15.1,"cloudcover":98,"iconcode":"cc","iconid":22,"sources":1,"winddirection":"W","winddirectiondegrees":250,"windspeedms":4.11,"visibility":9600,"precipitation":1,"beaufort":3,"humidity":98,"sunshine":0,"hour":5,"pollenindex":2,"windspeed":15,"sunshinepower":0,"sunpower":0},{"datetime":"2020-07-15T06:00:00","datetimeutc":"2020-07-15T04:00:00","timetype":"Hour","precipitationmm":0.0,"temperature":15.1,"feeltemperature":15.1,"cloudcover":100,"iconcode":"c","iconid":22,"sources":1,"winddirection":"ZW","winddirectiondegrees":241,"windspeedms":4.22,"visibility":9600,"precipitation":1,"beaufort":3,"humidity":99,"sunshine":0,"hour":6,"pollenindex":2,"windspeed":15,"sunshinepower":7,"sunpower":7},{"datetime":"2020-07-15T07:00:00","datetimeutc":"2020-07-15T05:00:00","timetype":"Hour","precipitationmm":0.0,"temperature":15.4,"feeltemperature":15.4,"cloudcover":100,"iconcode":"c","iconid":22,"sources":1,"winddirection":"ZW","winddirectiondegrees":239,"windspeedms":4.7,"visibility":9400,"precipitation":2,"beaufort":3,"humidity":98,"sunshine":0,"hour":7,"pollenindex":2,"windspeed":17,"sunshinepower":36,"sunpower":36},{"datetime":"2020-07-15T08:00:00","datetimeutc":"2020-07-15T06:00:00","timetype":"Hour","precipitationmm":0.0,"temperature":15.6,"feeltemperature":15.6,"cloudcover":100,"iconcode":"c","iconid":22,"sources":1,"winddirection":"W","winddirectiondegrees":248,"windspeedms":5.21,"visibility":9800,"precipitation":2,"beaufort":3,"humidity":97,"sunshine":0,"hour":8,"pollenindex":2,"windspeed":19,"sunshinepower":73,"sunpower":73},{"datetime":"2020-07-15T09:00:00","datetimeutc":"2020-07-15T07:00:00","timetype":"Hour","precipitationmm":0.0,"temperature":16.0,"feeltemperature":16.0,"cloudcover":99,"iconcode":"c","iconid":22,"sources":1,"winddirection":"W","winddirectiondegrees":254,"windspeedms":5.53,"visibility":9200,"precipitation":2,"beaufort":3,"humidity":94,"sunshine":0,"hour":9,"pollenindex":2,"windspeed":20,"sunshinepower":108,"sunpower":108},{"datetime":"2020-07-15T10:00:00","datetimeutc":"2020-07-15T08:00:00","timetype":"Hour","precipitationmm":0.0,"temperature":16.2,"feeltemperature":16.2,"cloudcover":96,"iconcode":"c","iconid":22,"sources":1,"winddirection":"W","winddirectiondegrees":264,"windspeedms":5.65,"visibility":9000,"precipitation":2,"beaufort":3,"humidity":91,"sunshine":0,"hour":10,"pollenindex":3,"windspeed":20,"sunshinepower":137,"sunpower":137},{"datetime":"2020-07-15T11:00:00","datetimeutc":"2020-07-15T09:00:00","timetype":"Hour","precipitationmm":1.0,"temperature":16.4,"feeltemperature":16.4,"cloudcover":97,"iconcode":"m","iconid":33,"sources":1,"winddirection":"W","winddirectiondegrees":268,"windspeedms":5.4,"visibility":8600,"precipitation":54,"beaufort":3,"humidity":88,"sunshine":0,"hour":11,"pollenindex":3,"windspeed":19,"sunshinepower":176,"sunpower":176},{"datetime":"2020-07-15T12:00:00","datetimeutc":"2020-07-15T10:00:00","timetype":"Hour","precipitationmm":0.0,"temperature":16.5,"feeltemperature":16.5,"cloudcover":90,"iconcode":"c","iconid":22,"sources":1,"winddirection":"W","winddirectiondegrees":273,"windspeedms":5.45,"visibility":8400,"precipitation":2,"beaufort":3,"humidity":86,"sunshine":0,"hour":12,"pollenindex":3,"windspeed":20,"sunshinepower":227,"sunpower":227},{"datetime":"2020-07-15T13:00:00","datetimeutc":"2020-07-15T11:00:00","timetype":"Hour","precipitationmm":0.8,"temperature":16.6,"feeltemperature":16.6,"cloudcover":82,"iconcode":"m","iconid":33,"sources":1,"winddirection":"W","winddirectiondegrees":280,"windspeedms":5.22,"visibility":8200,"precipitation":77,"beaufort":3,"humidity":86,"sunshine":3,"hour":13,"pollenindex":3,"windspeed":19,"sunshinepower":274,"sunpower":274},{"datetime":"2020-07-15T14:00:00","datetimeutc":"2020-07-15T12:00:00","timetype":"Hour","precipitationmm":0.8,"temperature":16.6,"feeltemperature":16.6,"cloudcover":81,"iconcode":"m","iconid":33,"sources":1,"winddirection":"W","winddirectiondegrees":281,"windspeedms":5.34,"visibility":9000,"precipitation":78,"beaufort":3,"humidity":86,"sunshine":11,"hour":14,"pollenindex":3,"windspeed":19,"sunshinepower":314,"sunpower":314},{"datetime":"2020-07-15T15:00:00","datetimeutc":"2020-07-15T13:00:00","timetype":"Hour","precipitationmm":0.0,"temperature":16.5,"feeltemperature":16.5,"cloudcover":82,"iconcode":"r","iconid":22,"sources":1,"winddirection":"W","winddirectiondegrees":286,"windspeedms":5.47,"visibility":9200,"precipitation":2,"beaufort":3,"humidity":86,"sunshine":15,"hour":15,"pollenindex":3,"windspeed":20,"sunshinepower":343,"sunpower":343},{"datetime":"2020-07-15T16:00:00","datetimeutc":"2020-07-15T14:00:00","timetype":"Hour","precipitationmm":0.0,"temperature":16.5,"feeltemperature":16.5,"cloudcover":82,"iconcode":"r","iconid":22,"sources":1,"winddirection":"NW","winddirectiondegrees":293,"windspeedms":5.41,"visibility":8800,"precipitation":2,"beaufort":3,"humidity":86,"sunshine":13,"hour":16,"pollenindex":3,"windspeed":19,"sunshinepower":354,"sunpower":354},{"datetime":"2020-07-15T17:00:00","datetimeutc":"2020-07-15T15:00:00","timetype":"Hour","precipitationmm":0.0,"temperature":16.4,"feeltemperature":16.4,"cloudcover":80,"iconcode":"r","iconid":22,"sources":1,"winddirection":"NW","winddirectiondegrees":295,"windspeedms":5.39,"visibility":10000,"precipitation":2,"beaufort":3,"humidity":84,"sunshine":13,"hour":17,"pollenindex":3,"windspeed":19,"sunshinepower":331,"sunpower":331},{"datetime":"2020-07-15T18:00:00","datetimeutc":"2020-07-15T16:00:00","timetype":"Hour","precipitationmm":0.0,"temperature":16.4,"feeltemperature":16.4,"cloudcover":78,"iconcode":"r","iconid":22,"sources":1,"winddirection":"NW","winddirectiondegrees":296,"windspeedms":5.37,"visibility":10800,"precipitation":2,"beaufort":3,"humidity":83,"sunshine":15,"hour":18,"pollenindex":3,"windspeed":19,"sunshinepower":279,"sunpower":279},{"datetime":"2020-07-15T19:00:00","datetimeutc":"2020-07-15T17:00:00","timetype":"Hour","precipitationmm":0.0,"temperature":16.2,"feeltemperature":16.2,"cloudcover":89,"iconcode":"r","iconid":22,"sources":1,"winddirection":"NW","winddirectiondegrees":296,"windspeedms":5.18,"visibility":11400,"precipitation":2,"beaufort":3,"humidity":83,"sunshine":16,"hour":19,"pollenindex":3,"windspeed":19,"sunshinepower":215,"sunpower":215},{"datetime":"2020-07-15T20:00:00","datetimeutc":"2020-07-15T18:00:00","timetype":"Hour","precipitationmm":0.0,"temperature":16.0,"feeltemperature":16.0,"cloudcover":89,"iconcode":"r","iconid":19,"sources":1,"winddirection":"NW","winddirectiondegrees":295,"windspeedms":4.96,"visibility":12000,"precipitation":2,"beaufort":3,"humidity":83,"sunshine":5,"hour":20,"pollenindex":3,"windspeed":18,"sunshinepower":135,"sunpower":135},{"datetime":"2020-07-15T21:00:00","datetimeutc":"2020-07-15T19:00:00","timetype":"Hour","precipitationmm":0.0,"temperature":15.6,"feeltemperature":15.6,"cloudcover":82,"iconcode":"r","iconid":19,"sources":1,"winddirection":"NW","winddirectiondegrees":298,"windspeedms":4.38,"visibility":11800,"precipitation":1,"beaufort":3,"humidity":84,"sunshine":5,"hour":21,"pollenindex":3,"windspeed":16,"sunshinepower":51,"sunpower":51},{"datetime":"2020-07-15T22:00:00","datetimeutc":"2020-07-15T20:00:00","timetype":"Hour","precipitationmm":0.0,"temperature":15.2,"feeltemperature":15.2,"cloudcover":41,"iconcode":"jj","iconid":9,"sources":1,"winddirection":"NW","winddirectiondegrees":296,"windspeedms":3.54,"visibility":11010,"precipitation":1,"beaufort":2,"humidity":86,"sunshine":11,"hour":22,"pollenindex":3,"windspeed":13,"sunshinepower":0,"sunpower":0},{"datetime":"2020-07-15T23:00:00","datetimeutc":"2020-07-15T21:00:00","timetype":"Hour","precipitationmm":0.0,"temperature":14.9,"feeltemperature":14.9,"cloudcover":33,"iconcode":"jj","iconid":6,"sources":1,"winddirection":"W","winddirectiondegrees":291,"windspeedms":2.91,"visibility":9410,"precipitation":0,"beaufort":2,"humidity":88,"sunshine":0,"hour":23,"pollenindex":3,"windspeed":10,"sunshinepower":0,"sunpower":0}],"datetime":"2020-07-15T00:00:00","datetimeutc":"2020-07-14T22:00:00","timetype":"Day","precipitationmm":2.5,"mintemperature":14.9,"maxtemperature":16.6,"cloudcover":25,"iconcode":"f","iconid":16,"sources":1,"winddirection":"W","winddirectiondegrees":270,"windspeedms":4.72,"precipitation":78,"beaufort":3,"uvindex":5,"bbqindex":6,"mosquitoindex":6,"pollenindex":4,"icescrapeindex":1,"mintemp":14.9,"maxtemp":16.6,"windspeed":5},{"date":"2020-07-16T00:00:00","sunrise":"2020-07-16T05:38:28","sunset":"2020-07-16T21:53:58","hours":[{"datetime":"2020-07-16T00:00:00","datetimeutc":"2020-07-15T22:00:00","timetype":"Hour","precipitationmm":0.0,"temperature":14.5,"feeltemperature":14.5,"cloudcover":33,"iconcode":"jj","iconid":5,"sources":1,"winddirection":"W","winddirectiondegrees":287,"windspeedms":2.73,"visibility":9620,"precipitation":0,"beaufort":2,"humidity":90,"sunshine":0,"hour":0,"pollenindex":3,"windspeed":10,"sunshinepower":0,"sunpower":0},{"datetime":"2020-07-16T01:00:00","datetimeutc":"2020-07-15T23:00:00","timetype":"Hour","precipitationmm":0.0,"temperature":14.2,"feeltemperature":14.2,"cloudcover":37,"iconcode":"jj","iconid":5,"sources":1,"winddirection":"W","winddirectiondegrees":283,"windspeedms":2.64,"visibility":9820,"precipitation":0,"beaufort":2,"humidity":92,"sunshine":0,"hour":1,"pollenindex":3,"windspeed":10,"sunshinepower":0,"sunpower":0},{"datetime":"2020-07-16T02:00:00","datetimeutc":"2020-07-16T00:00:00","timetype":"Hour","precipitationmm":0.0,"temperature":13.9,"feeltemperature":13.9,"cloudcover":37,"iconcode":"jj","iconid":4,"sources":1,"winddirection":"W","winddirectiondegrees":281,"windspeedms":2.62,"visibility":9810,"precipitation":0,"beaufort":2,"humidity":93,"sunshine":0,"hour":2,"pollenindex":2,"windspeed":9,"sunshinepower":0,"sunpower":0},{"datetime":"2020-07-16T03:00:00","datetimeutc":"2020-07-16T01:00:00","timetype":"Hour","precipitationmm":0.0,"temperature":13.7,"feeltemperature":13.7,"cloudcover":37,"iconcode":"jj","iconid":4,"sources":1,"winddirection":"W","winddirectiondegrees":279,"windspeedms":2.54,"visibility":10010,"precipitation":0,"beaufort":2,"humidity":94,"sunshine":0,"hour":3,"pollenindex":2,"windspeed":9,"sunshinepower":0,"sunpower":0},{"datetime":"2020-07-16T04:00:00","datetimeutc":"2020-07-16T02:00:00","timetype":"Hour","precipitationmm":0.0,"temperature":13.6,"feeltemperature":13.6,"cloudcover":46,"iconcode":"jj","iconid":7,"sources":1,"winddirection":"W","winddirectiondegrees":282,"windspeedms":2.48,"visibility":10000,"precipitation":0,"beaufort":2,"humidity":94,"sunshine":0,"hour":4,"pollenindex":2,"windspeed":9,"sunshinepower":0,"sunpower":0},{"datetime":"2020-07-16T05:00:00","datetimeutc":"2020-07-16T03:00:00","timetype":"Hour","precipitationmm":0.0,"temperature":13.8,"feeltemperature":13.8,"cloudcover":58,"iconcode":"bb","iconid":7,"sources":1,"winddirection":"W","winddirectiondegrees":283,"windspeedms":2.42,"visibility":9400,"precipitation":0,"beaufort":2,"humidity":93,"sunshine":0,"hour":5,"pollenindex":2,"windspeed":9,"sunshinepower":0,"sunpower":0},{"datetime":"2020-07-16T06:00:00","datetimeutc":"2020-07-16T04:00:00","timetype":"Hour","precipitationmm":0.0,"temperature":14.1,"feeltemperature":14.1,"cloudcover":66,"iconcode":"b","iconid":8,"sources":1,"winddirection":"W","winddirectiondegrees":283,"windspeedms":2.41,"visibility":8200,"precipitation":0,"beaufort":2,"humidity":91,"sunshine":15,"hour":6,"pollenindex":3,"windspeed":9,"sunshinepower":17,"sunpower":17},{"datetime":"2020-07-16T07:00:00","datetimeutc":"2020-07-16T05:00:00","timetype":"Hour","precipitationmm":0.0,"temperature":14.6,"feeltemperature":14.6,"cloudcover":72,"iconcode":"r","iconid":8,"sources":1,"winddirection":"W","winddirectiondegrees":290,"windspeedms":2.5,"visibility":10000,"precipitation":1,"beaufort":2,"humidity":89,"sunshine":30,"hour":7,"pollenindex":3,"windspeed":9,"sunshinepower":102,"sunpower":102},{"datetime":"2020-07-16T08:00:00","datetimeutc":"2020-07-16T06:00:00","timetype":"Hour","precipitationmm":0.0,"temperature":15.2,"feeltemperature":15.2,"cloudcover":76,"iconcode":"r","iconid":20,"sources":1,"winddirection":"NW","winddirectiondegrees":316,"windspeedms":3.57,"visibility":11400,"precipitation":0,"beaufort":2,"humidity":86,"sunshine":23,"hour":8,"pollenindex":3,"windspeed":13,"sunshinepower":231,"sunpower":231},{"datetime":"2020-07-16T09:00:00","datetimeutc":"2020-07-16T07:00:00","timetype":"Hour","precipitationmm":0.0,"temperature":16.0,"feeltemperature":16.0,"cloudcover":75,"iconcode":"r","iconid":8,"sources":1,"winddirection":"NW","winddirectiondegrees":315,"windspeedms":3.74,"visibility":12600,"precipitation":1,"beaufort":2,"humidity":82,"sunshine":20,"hour":9,"pollenindex":3,"windspeed":13,"sunshinepower":355,"sunpower":355},{"datetime":"2020-07-16T10:00:00","datetimeutc":"2020-07-16T08:00:00","timetype":"Hour","precipitationmm":0.0,"temperature":16.7,"feeltemperature":16.7,"cloudcover":73,"iconcode":"r","iconid":8,"sources":1,"winddirection":"NW","winddirectiondegrees":310,"windspeedms":3.83,"visibility":15800,"precipitation":0,"beaufort":2,"humidity":77,"sunshine":20,"hour":10,"pollenindex":4,"windspeed":14,"sunshinepower":458,"sunpower":458},{"datetime":"2020-07-16T11:00:00","datetimeutc":"2020-07-16T09:00:00","timetype":"Hour","precipitationmm":0.0,"temperature":17.5,"feeltemperature":17.5,"cloudcover":71,"iconcode":"r","iconid":7,"sources":1,"winddirection":"NW","winddirectiondegrees":313,"windspeedms":3.94,"visibility":19000,"precipitation":0,"beaufort":2,"humidity":71,"sunshine":23,"hour":11,"pollenindex":4,"windspeed":14,"sunshinepower":562,"sunpower":562},{"datetime":"2020-07-16T12:00:00","datetimeutc":"2020-07-16T10:00:00","timetype":"Hour","precipitationmm":0.0,"temperature":18.2,"feeltemperature":18.2,"cloudcover":72,"iconcode":"r","iconid":7,"sources":1,"winddirection":"NW","winddirectiondegrees":315,"windspeedms":4.15,"visibility":22000,"precipitation":1,"beaufort":3,"humidity":67,"sunshine":25,"hour":12,"pollenindex":4,"windspeed":15,"sunshinepower":657,"sunpower":657},{"datetime":"2020-07-16T13:00:00","datetimeutc":"2020-07-16T11:00:00","timetype":"Hour","precipitationmm":0.0,"temperature":18.5,"feeltemperature":18.5,"cloudcover":74,"iconcode":"r","iconid":21,"sources":1,"winddirection":"NW","winddirectiondegrees":315,"windspeedms":4.35,"visibility":22800,"precipitation":1,"beaufort":3,"humidity":66,"sunshine":23,"hour":13,"pollenindex":4,"windspeed":16,"sunshinepower":699,"sunpower":699},{"datetime":"2020-07-16T14:00:00","datetimeutc":"2020-07-16T12:00:00","timetype":"Hour","precipitationmm":0.0,"temperature":18.6,"feeltemperature":18.6,"cloudcover":72,"iconcode":"r","iconid":21,"sources":1,"winddirection":"NW","winddirectiondegrees":311,"windspeedms":4.49,"visibility":23000,"precipitation":1,"beaufort":3,"humidity":66,"sunshine":21,"hour":14,"pollenindex":4,"windspeed":16,"sunshinepower":700,"sunpower":700},{"datetime":"2020-07-16T15:00:00","datetimeutc":"2020-07-16T13:00:00","timetype":"Hour","precipitationmm":0.0,"temperature":18.5,"feeltemperature":18.5,"cloudcover":62,"iconcode":"b","iconid":7,"sources":1,"winddirection":"NW","winddirectiondegrees":301,"windspeedms":4.72,"visibility":21600,"precipitation":1,"beaufort":3,"humidity":68,"sunshine":23,"hour":15,"pollenindex":4,"windspeed":17,"sunshinepower":688,"sunpower":688},{"datetime":"2020-07-16T16:00:00","datetimeutc":"2020-07-16T14:00:00","timetype":"Hour","precipitationmm":0.0,"temperature":18.5,"feeltemperature":18.5,"cloudcover":48,"iconcode":"j","iconid":7,"sources":1,"winddirection":"W","winddirectiondegrees":292,"windspeedms":5.01,"visibility":19400,"precipitation":1,"beaufort":3,"humidity":69,"sunshine":35,"hour":16,"pollenindex":4,"windspeed":18,"sunshinepower":653,"sunpower":653},{"datetime":"2020-07-16T17:00:00","datetimeutc":"2020-07-16T15:00:00","timetype":"Hour","precipitationmm":0.0,"temperature":18.4,"feeltemperature":18.4,"cloudcover":38,"iconcode":"j","iconid":4,"sources":1,"winddirection":"W","winddirectiondegrees":283,"windspeedms":5.19,"visibility":17000,"precipitation":1,"beaufort":3,"humidity":70,"sunshine":50,"hour":17,"pollenindex":4,"windspeed":19,"sunshinepower":568,"sunpower":568},{"datetime":"2020-07-16T18:00:00","datetimeutc":"2020-07-16T16:00:00","timetype":"Hour","precipitationmm":0.0,"temperature":18.2,"feeltemperature":18.2,"cloudcover":38,"iconcode":"j","iconid":4,"sources":1,"winddirection":"W","winddirectiondegrees":278,"windspeedms":5.09,"visibility":14400,"precipitation":0,"beaufort":3,"humidity":72,"sunshine":58,"hour":18,"pollenindex":4,"windspeed":18,"sunshinepower":453,"sunpower":453},{"datetime":"2020-07-16T19:00:00","datetimeutc":"2020-07-16T17:00:00","timetype":"Hour","precipitationmm":0.0,"temperature":17.8,"feeltemperature":17.8,"cloudcover":42,"iconcode":"j","iconid":7,"sources":1,"winddirection":"W","winddirectiondegrees":280,"windspeedms":4.86,"visibility":13200,"precipitation":0,"beaufort":3,"humidity":74,"sunshine":60,"hour":19,"pollenindex":4,"windspeed":17,"sunshinepower":331,"sunpower":331},{"datetime":"2020-07-16T20:00:00","datetimeutc":"2020-07-16T18:00:00","timetype":"Hour","precipitationmm":0.0,"temperature":17.3,"feeltemperature":17.3,"cloudcover":48,"iconcode":"j","iconid":7,"sources":1,"winddirection":"W","winddirectiondegrees":283,"windspeedms":4.55,"visibility":13000,"precipitation":0,"beaufort":3,"humidity":76,"sunshine":55,"hour":20,"pollenindex":4,"windspeed":16,"sunshinepower":194,"sunpower":194},{"datetime":"2020-07-16T21:00:00","datetimeutc":"2020-07-16T19:00:00","timetype":"Hour","precipitationmm":0.0,"temperature":16.8,"feeltemperature":16.8,"cloudcover":59,"iconcode":"b","iconid":7,"sources":1,"winddirection":"W","winddirectiondegrees":285,"windspeedms":4.03,"visibility":12600,"precipitation":0,"beaufort":3,"humidity":79,"sunshine":48,"hour":21,"pollenindex":3,"windspeed":15,"sunshinepower":67,"sunpower":67},{"datetime":"2020-07-16T22:00:00","datetimeutc":"2020-07-16T20:00:00","timetype":"Hour","precipitationmm":0.0,"temperature":16.2,"feeltemperature":16.2,"cloudcover":72,"iconcode":"rr","iconid":7,"sources":1,"winddirection":"W","winddirectiondegrees":278,"windspeedms":3.24,"visibility":10810,"precipitation":0,"beaufort":2,"humidity":82,"sunshine":35,"hour":22,"pollenindex":3,"windspeed":12,"sunshinepower":0,"sunpower":0},{"datetime":"2020-07-16T23:00:00","datetimeutc":"2020-07-16T21:00:00","timetype":"Hour","precipitationmm":0.0,"temperature":15.7,"feeltemperature":15.7,"cloudcover":77,"iconcode":"rr","iconid":7,"sources":1,"winddirection":"W","winddirectiondegrees":270,"windspeedms":3.06,"visibility":9410,"precipitation":0,"beaufort":2,"humidity":86,"sunshine":0,"hour":23,"pollenindex":3,"windspeed":11,"sunshinepower":0,"sunpower":0}],"datetime":"2020-07-16T00:00:00","datetimeutc":"2020-07-15T22:00:00","timetype":"Day","precipitationmm":0.0,"mintemperature":13.6,"maxtemperature":18.6,"cloudcover":75,"iconcode":"r","iconid":3,"sources":1,"winddirection":"W","winddirectiondegrees":270,"windspeedms":3.67,"precipitation":1,"beaufort":2,"uvindex":6,"bbqindex":8,"mosquitoindex":7,"pollenindex":5,"icescrapeindex":1,"mintemp":13.6,"maxtemp":18.6,"windspeed":4},{"date":"2020-07-17T00:00:00","sunrise":"2020-07-17T05:39:45","sunset":"2020-07-17T21:52:49","hours":[{"datetime":"2020-07-17T00:00:00","datetimeutc":"2020-07-16T22:00:00","timetype":"Hour","precipitationmm":0.0,"temperature":15.3,"feeltemperature":15.3,"cloudcover":65,"iconcode":"bb","iconid":7,"sources":1,"winddirection":"W","winddirectiondegrees":261,"windspeedms":2.96,"visibility":9020,"precipitation":0,"beaufort":2,"humidity":88,"sunshine":0,"hour":0,"pollenindex":3,"windspeed":11,"sunshinepower":0,"sunpower":0},{"datetime":"2020-07-17T01:00:00","datetimeutc":"2020-07-16T23:00:00","timetype":"Hour","precipitationmm":0.0,"temperature":15.0,"feeltemperature":15.0,"cloudcover":45,"iconcode":"jj","iconid":7,"sources":1,"winddirection":"W","winddirectiondegrees":255,"windspeedms":2.82,"visibility":8820,"precipitation":0,"beaufort":2,"humidity":91,"sunshine":0,"hour":1,"pollenindex":3,"windspeed":10,"sunshinepower":0,"sunpower":0},{"datetime":"2020-07-17T02:00:00","datetimeutc":"2020-07-17T00:00:00","timetype":"Hour","precipitationmm":0.0,"temperature":14.8,"feeltemperature":14.8,"cloudcover":35,"iconcode":"jj","iconid":4,"sources":1,"winddirection":"ZW","winddirectiondegrees":244,"windspeedms":2.71,"visibility":9220,"precipitation":0,"beaufort":2,"humidity":92,"sunshine":0,"hour":2,"pollenindex":3,"windspeed":10,"sunshinepower":0,"sunpower":0},{"datetime":"2020-07-17T03:00:00","datetimeutc":"2020-07-17T01:00:00","timetype":"Hour","precipitationmm":0.0,"temperature":14.7,"feeltemperature":14.7,"cloudcover":48,"iconcode":"jj","iconid":7,"sources":1,"winddirection":"ZW","winddirectiondegrees":230,"windspeedms":2.6,"visibility":10010,"precipitation":0,"beaufort":2,"humidity":93,"sunshine":0,"hour":3,"pollenindex":2,"windspeed":9,"sunshinepower":0,"sunpower":0},{"datetime":"2020-07-17T04:00:00","datetimeutc":"2020-07-17T02:00:00","timetype":"Hour","precipitationmm":0.0,"temperature":14.8,"feeltemperature":14.8,"cloudcover":72,"iconcode":"rr","iconid":7,"sources":1,"winddirection":"ZW","winddirectiondegrees":222,"windspeedms":2.58,"visibility":10010,"precipitation":0,"beaufort":2,"humidity":94,"sunshine":0,"hour":4,"pollenindex":2,"windspeed":9,"sunshinepower":0,"sunpower":0},{"datetime":"2020-07-17T05:00:00","datetimeutc":"2020-07-17T03:00:00","timetype":"Hour","precipitationmm":0.0,"temperature":15.2,"feeltemperature":15.2,"cloudcover":89,"iconcode":"rr","iconid":19,"sources":1,"winddirection":"ZW","winddirectiondegrees":219,"windspeedms":2.65,"visibility":10000,"precipitation":0,"beaufort":2,"humidity":93,"sunshine":0,"hour":5,"pollenindex":2,"windspeed":10,"sunshinepower":0,"sunpower":0},{"datetime":"2020-07-17T06:00:00","datetimeutc":"2020-07-17T04:00:00","timetype":"Hour","precipitationmm":0.0,"temperature":15.8,"feeltemperature":15.8,"cloudcover":94,"iconcode":"c","iconid":19,"sources":1,"winddirection":"ZW","winddirectiondegrees":218,"windspeedms":2.7,"visibility":10000,"precipitation":0,"beaufort":2,"humidity":91,"sunshine":1,"hour":6,"pollenindex":3,"windspeed":10,"sunshinepower":15,"sunpower":15},{"datetime":"2020-07-17T07:00:00","datetimeutc":"2020-07-17T05:00:00","timetype":"Hour","precipitationmm":0.0,"temperature":16.5,"feeltemperature":16.5,"cloudcover":92,"iconcode":"c","iconid":19,"sources":1,"winddirection":"ZW","winddirectiondegrees":218,"windspeedms":2.94,"visibility":10000,"precipitation":0,"beaufort":2,"humidity":89,"sunshine":0,"hour":7,"pollenindex":3,"windspeed":11,"sunshinepower":85,"sunpower":85},{"datetime":"2020-07-17T08:00:00","datetimeutc":"2020-07-17T06:00:00","timetype":"Hour","precipitationmm":0.0,"temperature":17.4,"feeltemperature":17.4,"cloudcover":85,"iconcode":"r","iconid":19,"sources":1,"winddirection":"ZW","winddirectiondegrees":233,"windspeedms":3.58,"visibility":11800,"precipitation":0,"beaufort":2,"humidity":86,"sunshine":1,"hour":8,"pollenindex":3,"windspeed":13,"sunshinepower":187,"sunpower":187},{"datetime":"2020-07-17T09:00:00","datetimeutc":"2020-07-17T07:00:00","timetype":"Hour","precipitationmm":0.0,"temperature":18.3,"feeltemperature":18.3,"cloudcover":68,"iconcode":"b","iconid":7,"sources":1,"winddirection":"ZW","winddirectiondegrees":242,"windspeedms":3.58,"visibility":12000,"precipitation":1,"beaufort":2,"humidity":83,"sunshine":10,"hour":9,"pollenindex":3,"windspeed":13,"sunshinepower":285,"sunpower":285},{"datetime":"2020-07-17T10:00:00","datetimeutc":"2020-07-17T08:00:00","timetype":"Hour","precipitationmm":0.0,"temperature":19.2,"feeltemperature":19.2,"cloudcover":47,"iconcode":"j","iconid":20,"sources":1,"winddirection":"ZW","winddirectiondegrees":247,"windspeedms":3.6,"visibility":12000,"precipitation":1,"beaufort":2,"humidity":80,"sunshine":26,"hour":10,"pollenindex":3,"windspeed":13,"sunshinepower":363,"sunpower":363},{"datetime":"2020-07-17T11:00:00","datetimeutc":"2020-07-17T09:00:00","timetype":"Hour","precipitationmm":0.0,"temperature":20.0,"feeltemperature":20.0,"cloudcover":43,"iconcode":"j","iconid":4,"sources":1,"winddirection":"W","winddirectiondegrees":255,"windspeedms":3.81,"visibility":12200,"precipitation":1,"beaufort":2,"humidity":76,"sunshine":50,"hour":11,"pollenindex":4,"windspeed":14,"sunshinepower":444,"sunpower":444},{"datetime":"2020-07-17T12:00:00","datetimeutc":"2020-07-17T10:00:00","timetype":"Hour","precipitationmm":0.0,"temperature":20.8,"feeltemperature":20.8,"cloudcover":38,"iconcode":"j","iconid":5,"sources":1,"winddirection":"W","winddirectiondegrees":267,"windspeedms":4.21,"visibility":12000,"precipitation":1,"beaufort":3,"humidity":73,"sunshine":55,"hour":12,"pollenindex":4,"windspeed":15,"sunshinepower":522,"sunpower":522},{"datetime":"2020-07-17T13:00:00","datetimeutc":"2020-07-17T11:00:00","timetype":"Hour","precipitationmm":0.0,"temperature":21.2,"feeltemperature":21.2,"cloudcover":38,"iconcode":"j","iconid":5,"sources":1,"winddirection":"W","winddirectiondegrees":279,"windspeedms":4.41,"visibility":12200,"precipitation":1,"beaufort":3,"humidity":71,"sunshine":60,"hour":13,"pollenindex":4,"windspeed":16,"sunshinepower":582,"sunpower":582},{"datetime":"2020-07-17T14:00:00","datetimeutc":"2020-07-17T12:00:00","timetype":"Hour","precipitationmm":0.0,"temperature":21.6,"feeltemperature":21.6,"cloudcover":40,"iconcode":"j","iconid":8,"sources":1,"winddirection":"W","winddirectiondegrees":289,"windspeedms":4.46,"visibility":12800,"precipitation":1,"beaufort":3,"humidity":70,"sunshine":60,"hour":14,"pollenindex":4,"windspeed":16,"sunshinepower":621,"sunpower":621},{"datetime":"2020-07-17T15:00:00","datetimeutc":"2020-07-17T13:00:00","timetype":"Hour","precipitationmm":0.0,"temperature":21.6,"feeltemperature":21.6,"cloudcover":43,"iconcode":"j","iconid":5,"sources":1,"winddirection":"NW","winddirectiondegrees":296,"windspeedms":4.41,"visibility":14600,"precipitation":1,"beaufort":3,"humidity":71,"sunshine":56,"hour":15,"pollenindex":4,"windspeed":16,"sunshinepower":639,"sunpower":639},{"datetime":"2020-07-17T16:00:00","datetimeutc":"2020-07-17T14:00:00","timetype":"Hour","precipitationmm":0.0,"temperature":21.7,"feeltemperature":21.7,"cloudcover":41,"iconcode":"j","iconid":5,"sources":1,"winddirection":"NW","winddirectiondegrees":302,"windspeedms":4.71,"visibility":13800,"precipitation":1,"beaufort":3,"humidity":71,"sunshine":53,"hour":16,"pollenindex":4,"windspeed":17,"sunshinepower":619,"sunpower":619},{"datetime":"2020-07-17T17:00:00","datetimeutc":"2020-07-17T15:00:00","timetype":"Hour","precipitationmm":0.0,"temperature":21.4,"feeltemperature":21.4,"cloudcover":34,"iconcode":"j","iconid":4,"sources":1,"winddirection":"NW","winddirectiondegrees":304,"windspeedms":4.76,"visibility":13000,"precipitation":1,"beaufort":3,"humidity":71,"sunshine":56,"hour":17,"pollenindex":4,"windspeed":17,"sunshinepower":542,"sunpower":542},{"datetime":"2020-07-17T18:00:00","datetimeutc":"2020-07-17T16:00:00","timetype":"Hour","precipitationmm":0.0,"temperature":20.9,"feeltemperature":20.9,"cloudcover":30,"iconcode":"j","iconid":4,"sources":1,"winddirection":"NW","winddirectiondegrees":308,"windspeedms":4.47,"visibility":12600,"precipitation":0,"beaufort":3,"humidity":72,"sunshine":65,"hour":18,"pollenindex":4,"windspeed":16,"sunshinepower":430,"sunpower":430},{"datetime":"2020-07-17T19:00:00","datetimeutc":"2020-07-17T17:00:00","timetype":"Hour","precipitationmm":0.0,"temperature":20.2,"feeltemperature":20.2,"cloudcover":26,"iconcode":"j","iconid":4,"sources":1,"winddirection":"NW","winddirectiondegrees":312,"windspeedms":3.93,"visibility":11800,"precipitation":0,"beaufort":2,"humidity":75,"sunshine":68,"hour":19,"pollenindex":4,"windspeed":14,"sunshinepower":307,"sunpower":307},{"datetime":"2020-07-17T20:00:00","datetimeutc":"2020-07-17T18:00:00","timetype":"Hour","precipitationmm":0.0,"temperature":19.4,"feeltemperature":19.4,"cloudcover":20,"iconcode":"j","iconid":4,"sources":1,"winddirection":"NW","winddirectiondegrees":319,"windspeedms":3.42,"visibility":10800,"precipitation":0,"beaufort":2,"humidity":78,"sunshine":73,"hour":20,"pollenindex":3,"windspeed":12,"sunshinepower":178,"sunpower":178},{"datetime":"2020-07-17T21:00:00","datetimeutc":"2020-07-17T19:00:00","timetype":"Hour","precipitationmm":0.0,"temperature":18.5,"feeltemperature":18.5,"cloudcover":12,"iconcode":"a","iconid":4,"sources":1,"winddirection":"NW","winddirectiondegrees":333,"windspeedms":2.75,"visibility":9600,"precipitation":0,"beaufort":2,"humidity":81,"sunshine":78,"hour":21,"pollenindex":3,"windspeed":10,"sunshinepower":61,"sunpower":61},{"datetime":"2020-07-17T22:00:00","datetimeutc":"2020-07-17T20:00:00","timetype":"Hour","precipitationmm":0.0,"temperature":17.6,"feeltemperature":17.6,"cloudcover":5,"iconcode":"aa","iconid":13,"sources":1,"winddirection":"N","winddirectiondegrees":343,"windspeedms":2.04,"visibility":8610,"precipitation":0,"beaufort":2,"humidity":84,"sunshine":81,"hour":22,"pollenindex":3,"windspeed":7,"sunshinepower":0,"sunpower":0},{"datetime":"2020-07-17T23:00:00","datetimeutc":"2020-07-17T21:00:00","timetype":"Hour","precipitationmm":0.0,"temperature":16.8,"feeltemperature":16.8,"cloudcover":6,"iconcode":"aa","iconid":13,"sources":1,"winddirection":"N","winddirectiondegrees":353,"windspeedms":1.8,"visibility":8410,"precipitation":0,"beaufort":1,"humidity":87,"sunshine":0,"hour":23,"pollenindex":3,"windspeed":6,"sunshinepower":0,"sunpower":0}],"datetime":"2020-07-17T00:00:00","datetimeutc":"2020-07-16T22:00:00","timetype":"Day","precipitationmm":0.0,"mintemperature":14.7,"maxtemperature":21.7,"cloudcover":25,"iconcode":"j","iconid":2,"sources":1,"winddirection":"ZW","winddirectiondegrees":225,"windspeedms":3.41,"precipitation":1,"beaufort":2,"uvindex":6,"bbqindex":8,"mosquitoindex":8,"pollenindex":5,"icescrapeindex":1,"mintemp":14.7,"maxtemp":21.7,"windspeed":3},{"date":"2020-07-18T00:00:00","sunrise":"2020-07-18T05:41:04","sunset":"2020-07-18T21:51:38","hours":[{"datetime":"2020-07-18T00:00:00","datetimeutc":"2020-07-17T22:00:00","timetype":"Hour","precipitationmm":0.0,"temperature":16.3,"feeltemperature":16.3,"cloudcover":16,"iconcode":"jj","iconid":5,"sources":1,"winddirection":"N","winddirectiondegrees":358,"windspeedms":1.62,"visibility":8210,"precipitation":0,"beaufort":1,"humidity":90,"sunshine":0,"hour":0,"pollenindex":3,"windspeed":6,"sunshinepower":0,"sunpower":0},{"datetime":"2020-07-18T01:00:00","datetimeutc":"2020-07-17T23:00:00","timetype":"Hour","precipitationmm":0.0,"temperature":15.8,"feeltemperature":15.8,"cloudcover":39,"iconcode":"jj","iconid":20,"sources":1,"winddirection":"N","winddirectiondegrees":360,"windspeedms":1.36,"visibility":8210,"precipitation":0,"beaufort":1,"humidity":92,"sunshine":0,"hour":1,"pollenindex":3,"windspeed":5,"sunshinepower":0,"sunpower":0},{"datetime":"2020-07-18T02:00:00","datetimeutc":"2020-07-18T00:00:00","timetype":"Hour","precipitationmm":0.0,"temperature":15.3,"feeltemperature":15.3,"cloudcover":56,"iconcode":"nn","iconid":17,"sources":1,"winddirection":"N","winddirectiondegrees":12,"windspeedms":1.19,"visibility":820,"precipitation":0,"beaufort":1,"humidity":93,"sunshine":0,"hour":2,"pollenindex":3,"windspeed":4,"sunshinepower":0,"sunpower":0}],"datetime":"2020-07-18T00:00:00","datetimeutc":"2020-07-17T22:00:00","timetype":"Day","precipitationmm":0.0,"mintemperature":14.2,"maxtemperature":20.7,"cloudcover":75,"iconcode":"r","iconid":3,"sources":1,"winddirection":"N","winddirectiondegrees":0,"windspeedms":2.11,"precipitation":1,"beaufort":2,"pollenindex":5,"icescrapeindex":1,"mintemp":14.2,"maxtemp":20.7,"windspeed":2},{"date":"2020-07-19T00:00:00","sunrise":"2020-07-19T05:42:25","sunset":"2020-07-19T21:50:24","datetime":"2020-07-19T00:00:00","datetimeutc":"2020-07-18T22:00:00","timetype":"Day","precipitationmm":0.0,"mintemperature":15.1,"maxtemperature":21.6,"cloudcover":0,"iconcode":"a","iconid":1,"sources":1,"winddirection":"NO","winddirectiondegrees":45,"windspeedms":1.84,"precipitation":0,"beaufort":1,"pollenindex":5,"mintemp":15.1,"maxtemp":21.6,"windspeed":2},{"date":"2020-07-20T00:00:00","sunrise":"2020-07-20T05:43:46","sunset":"2020-07-20T21:49:07","datetime":"2020-07-20T00:00:00","datetimeutc":"2020-07-19T22:00:00","timetype":"Day","precipitationmm":0.0,"mintemperature":16.3,"maxtemperature":21.8,"cloudcover":0,"iconcode":"a","iconid":1,"sources":1,"winddirection":"O","winddirectiondegrees":90,"windspeedms":2.38,"precipitation":0,"beaufort":2,"pollenindex":5,"mintemp":16.3,"maxtemp":21.8,"windspeed":2},{"date":"2020-07-21T00:00:00","sunrise":"2020-07-21T05:45:10","sunset":"2020-07-21T21:47:49","datetime":"2020-07-21T00:00:00","datetimeutc":"2020-07-20T22:00:00","timetype":"Day","precipitationmm":0.0,"mintemperature":15.6,"maxtemperature":21.0,"cloudcover":0,"iconcode":"a","iconid":1,"sources":1,"winddirection":"NO","winddirectiondegrees":45,"windspeedms":2.36,"precipitation":1,"beaufort":2,"pollenindex":5,"mintemp":15.6,"maxtemp":21.0,"windspeed":2},{"date":"2020-07-22T00:00:00","sunrise":"2020-07-22T05:46:34","sunset":"2020-07-22T21:46:27","datetime":"2020-07-22T00:00:00","datetimeutc":"2020-07-21T22:00:00","timetype":"Day","precipitationmm":0.0,"mintemperature":15.1,"maxtemperature":20.0,"cloudcover":25,"iconcode":"j","iconid":2,"sources":1,"winddirection":"N","winddirectiondegrees":0,"windspeedms":1.5,"precipitation":1,"beaufort":1,"pollenindex":5,"mintemp":15.1,"maxtemp":20.0,"windspeed":2},{"date":"2020-07-23T00:00:00","sunrise":"2020-07-23T05:48:00","sunset":"2020-07-23T21:45:04","datetime":"2020-07-23T00:00:00","datetimeutc":"2020-07-22T22:00:00","timetype":"Day","precipitationmm":0.0,"mintemperature":14.9,"maxtemperature":20.1,"cloudcover":0,"iconcode":"a","iconid":1,"sources":1,"winddirection":"N","winddirectiondegrees":0,"windspeedms":1.51,"precipitation":1,"beaufort":1,"pollenindex":5,"mintemp":14.9,"maxtemp":20.1,"windspeed":2},{"date":"2020-07-24T00:00:00","sunrise":"2020-07-24T05:49:27","sunset":"2020-07-24T21:43:38","datetime":"2020-07-24T00:00:00","datetimeutc":"2020-07-23T22:00:00","timetype":"Day","precipitationmm":2.0,"mintemperature":14.6,"maxtemperature":19.5,"cloudcover":25,"iconcode":"f","iconid":16,"sources":1,"winddirection":"NW","winddirectiondegrees":315,"windspeedms":1.13,"precipitation":57,"beaufort":1,"pollenindex":5,"mintemp":14.6,"maxtemp":19.5,"windspeed":1},{"date":"2020-07-25T00:00:00","sunrise":"2020-07-25T05:50:55","sunset":"2020-07-25T21:42:10","datetime":"2020-07-25T00:00:00","datetimeutc":"2020-07-24T22:00:00","timetype":"Day","precipitationmm":2.1,"mintemperature":14.5,"maxtemperature":20.0,"cloudcover":25,"iconcode":"f","iconid":16,"sources":1,"winddirection":"ZW","winddirectiondegrees":225,"windspeedms":1.2,"precipitation":57,"beaufort":1,"pollenindex":5,"mintemp":14.5,"maxtemp":20.0,"windspeed":1}]}