{"location":{"lat":52.37,"lon":4.89},"timeOffset":2.0,"timestamp":"2020-07-03T10:23:17","altitude":0,"elevation":0,"machinename":"None","elapsedms":0,"pollenindexNowDay":5,"pollenindexNowHour":4,"nowrelevant":{"values":[{"type":"pollenindex","value":5},{"type":"maxtemperature","value":19.7}]},"days":[{"date":"2020-07-03T00:00:00","sunrise":"2020-07-03T05:24:36","sunset":"2020-07-03T22:04:34","afternoon":{"datetime":"2020-07-03T13:00:00","datetimeutc":"2020-07-03T11:00:00","timetype":"Afternoon","precipitationmm":0.1,"mintemperature":19.0,"maxtemperature":19.7,"cloudcover":57,"iconcode":"b","iconid":20,"sources":1,"winddirection":"ZW","winddirectiondegrees":246,"windspeedms":7.5,"visibility":16450,"precipitation":2,"beaufort":4,"humidity":62,"sunshine":34,"hour":13,"mintemp":19.0,"maxtemp":19.7,"windspeed":27,"sunshinepower":512,"sunpower":512},"evening":{"datetime":"2020-07-03T18:00:00","datetimeutc":"2020-07-03T16:00:00","timetype":"Evening","precipitationmm":0.0,"mintemperature":17.2,"maxtemperature":18.9,"cloudcover":63,"iconcode":"b","iconid":20,"sources":1,"winddirection":"ZW","winddirectiondegrees":240,"windspeedms":7.9,"visibility":18086,"precipitation":0,"beaufort":4,"humidity":63,"sunshine":21,"hour":18,"mintemp":17.2,"maxtemp":18.9,"windspeed":28,"sunshinepower":121,"sunpower":121},"hours":[{"datetime":"2020-07-03T13:00:00","datetimeutc":"2020-07-03T11:00:00","timetype":"Hour","precipitationmm":0.0,"temperature":19.7,"feeltemperature":19.7,"cloudcover":75,"iconcode":"r","iconid":20,"sources":3,"winddirection":"ZW","winddirectiondegrees":241,"windspeedms":6.7,"visibility":11410,"precipitation":0,"beaufort":4,"humidity":65,"sunshine":33,"hour":13,"pollenindex":6,"windspeed":24,"sunshinepower":677,"sunpower":677},{"datetime":"2020-07-03T14:00:00","datetimeutc":"2020-07-03T12:00:00","timetype":"Hour","precipitationmm":0.1,"temperature":19.7,"feeltemperature":19.7,"cloudcover":86,"iconcode":"m","iconid":22,"sources":3,"winddirection":"ZW","winddirectiondegrees":244,"windspeedms":7.3,"visibility":14210,"precipitation":1,"beaufort":4,"humidity":64,"sunshine":20,"hour":14,"pollenindex":6,"windspeed":26,"sunshinepower":590,"sunpower":590},{"datetime":"2020-07-03T15:00:00","datetimeutc":"2020-07-03T13:00:00","timetype":"Hour","precipitationmm":0.0,"temperature":19.6,"feeltemperature":19.6,"cloudcover":41,"iconcode":"j","iconid":20,"sources":2,"winddirection":"W","winddirectiondegrees":253,"windspeedms":7.7,"visibility":18410,"precipitation":0,"beaufort":4,"humidity":63,"sunshine":8,"hour":15,"pollenindex":6,"windspeed":28,"sunshinepower":495,"sunpower":495},{"datetime":"2020-07-03T16:00:00","datetimeutc":"2020-07-03T14:00:00","timetype":"Hour","precipitationmm":0.0,"temperature":19.3,"feeltemperature":19.3,"cloudcover":42,"iconcode":"j","iconid":20,"sources":2,"winddirection":"W","winddirectiondegrees":248,"windspeedms":7.9,"visibility":18010,"precipitation":0,"beaufort":4,"humidity":61,"sunshine":56,"hour":16,"pollenindex":6,"windspeed":28,"sunshinepower":430,"sunpower":430},{"datetime":"2020-07-03T17:00:00","datetimeutc":"2020-07-03T15:00:00","timetype":"Hour","precipitationmm":0.0,"temperature":19.0,"feeltemperature":18.3,"cloudcover":41,"iconcode":"j","iconid":20,"sources":2,"winddirection":"ZW","winddirectiondegrees":247,"windspeedms":8.1,"visibility":20210,"precipitation":0,"beaufort":4,"humidity":60,"sunshine":55,"hour":17,"pollenindex":7,"windspeed":29,"sunshinepower":368,"sunpower":368},{"datetime":"2020-07-03T18:00:00","datetimeutc":"2020-07-03T16:00:00","timetype":"Hour","precipitationmm":0.0,"temperature":18.9,"feeltemperature":18.2,"cloudcover":32,"iconcode":"j","iconid":20,"sources":2,"winddirection":"ZW","winddirectiondegrees":247,"windspeedms":8.2,"visibility":23610,"precipitation":0,"beaufort":4,"humidity":60,"sunshine":56,"hour":18,"pollenindex":7,"windspeed":30,"sunshinepower":309,"sunpower":309},{"datetime":"2020-07-03T19:00:00","datetimeutc":"2020-07-03T17:00:00","timetype":"Hour","precipitationmm":0.0,"temperature":18.6,"feeltemperature":17.8,"cloudcover":99,"iconcode":"c","iconid":21,"sources":2,"winddirection":"ZW","winddirectiondegrees":243,"windspeedms":8.0,"visibility":21010,"precipitation":0,"beaufort":4,"humidity":62,"sunshine":66,"hour":19,"pollenindex":5,"windspeed":29,"sunshinepower":223,"sunpower":223},{"datetime":"2020-07-03T20:00:00","datetimeutc":"2020-07-03T18:00:00","timetype":"Hour","precipitationmm":0.0,"temperature":18.2,"feeltemperature":18.2,"cloudcover":96,"iconcode":"c","iconid":22,"sources":2,"winddirection":"ZW","winddirectiondegrees":240,"windspeedms":7.9,"visibility":17010,"precipitation":0,"beaufort":4,"humidity":65,"sunshine":0,"hour":20,"pollenindex":5,"windspeed":28,"sunshinepower":139,"sunpower":139},{"datetime":"2020-07-03T21:00:00","datetimeutc":"2020-07-03T19:00:00","timetype":"Hour","precipitationmm":0.0,"temperature":17.7,"feeltemperature":17.7,"cloudcover":95,"iconcode":"c","iconid":21,"sources":2,"winddirection":"ZW","winddirectiondegrees":239,"windspeedms":7.9,"visibility":16410,"precipitation":0,"beaufort":4,"humidity":65,"sunshine":0,"hour":21,"pollenindex":5,"windspeed":28,"sunshinepower":59,"sunpower":59},{"datetime":"2020-07-03T22:00:00","datetimeutc":"2020-07-03T20:00:00","timetype":"Hour","precipitationmm":0.0,"temperature":17.4,"feeltemperature":17.4,"cloudcover":30,"iconcode":"j","iconid":20,"sources":2,"winddirection":"ZW","winddirectiondegrees":239,"windspeedms":7.8,"visibility":15430,"precipitation":0,"beaufort":4,"humidity":65,"sunshine":0,"hour":22,"pollenindex":5,"windspeed":28,"sunshinepower":0,"sunpower":0},{"datetime":"2020-07-03T23:00:00","datetimeutc":"2020-07-03T21:00:00","timetype":"Hour","precipitationmm":0.0,"temperature":17.2,"feeltemperature":17.2,"cloudcover":30,"iconcode":"jj","iconid":21,"sources":2,"winddirection":"ZW","winddirectiondegrees":234,"windspeedms":7.6,"visibility":15050,"precipitation":0,"beaufort":4,"humidity":66,"sunshine":8,"hour":23,"pollenindex":5,"windspeed":27,"sunshinepower":0,"sunpower":0}],"datetime":"2020-07-03T00:00:00","datetimeutc":"2020-07-02T22:00:00","timetype":"Day","precipitationmm":0.0,"mintemperature":17.2,"maxtemperature":19.7,"cloudcover":60,"iconcode":"b","iconid":3,"sources":2,"winddirection":"ZW","winddirectiondegrees":225,"windspeedms":7.7,"visibility":17342,"precipitation":0,"beaufort":4,"humidity":63,"sunshine":27,"uvindex":4,"bbqindex":6,"mosquitoindex":6,"pollenindex":5,"mintemp":17.2,"maxtemp":19.7,"windspeed":8,"sunshinepower":299,"sunpower":299},{"date":"2020-07-04T00:00:00","sunrise":"2020-07-04T05:25:27","sunset":"2020-07-04T22:04:03","morning":{"datetime":"2020-07-04T07:00:00","datetimeutc":"2020-07-04T05:00:00","timetype":"Morning","precipitationmm":2.8,"mintemperature":15.3,"maxtemperature":16.0,"cloudcover":100,"iconcode":"m","iconid":33,"sources":1,"winddirection":"ZW","winddirectiondegrees":229,"windspeedms":7.6,"visibility":9972,"precipitation":79,"beaufort":4,"humidity":90,"sunshine":0,"hour":7,"mintemp":15.3,"maxtemp":16.0,"windspeed":27,"sunshinepower":46,"sunpower":46},"afternoon":{"datetime":"2020-07-04T12:00:00","datetimeutc":"2020-07-04T10:00:00","timetype":"Afternoon","precipitationmm":0.2,"mintemperature":16.3,"maxtemperature":17.6,"cloudcover":100,"iconcode":"c","iconid":20,"sources":1,"winddirection":"ZW","winddirectiondegrees":232,"windspeedms":8.1,"visibility":10545,"precipitation":65,"beaufort":4,"humidity":89,"sunshine":0,"hour":12,"mintemp":16.3,"maxtemp":17.6,"windspeed":29,"sunshinepower":102,"sunpower":102},"evening":{"datetime":"2020-07-04T18:00:00","datetimeutc":"2020-07-04T16:00:00","timetype":"Evening","precipitationmm":0.0,"mintemperature":17.9,"maxtemperature":18.1,"cloudcover":100,"iconcode":"c","iconid":22,"sources":1,"winddirection":"ZW","winddirectiondegrees":240,"windspeedms":8.4,"visibility":10386,"precipitation":2,"beaufort":4,"humidity":89,"sunshine":0,"hour":18,"mintemp":17.9,"maxtemp":18.1,"windspeed":30,"sunshinepower":35,"sunpower":35},"night":{"datetime":"2020-07-04T00:00:00","datetimeutc":"2020-07-03T22:00:00","timetype":"Night","precipitationmm":1.7,"mintemperature":15.4,"maxtemperature":17.2,"cloudcover":99,"iconcode":"m","iconid":22,"sources":1,"winddirection":"ZW","winddirectiondegrees":239,"windspeedms":7.8,"visibility":11671,"precipitation":45,"beaufort":4,"humidity":77,"sunshine":0,"hour":0,"mintemp":15.4,"maxtemp":17.2,"windspeed":28,"sunshinepower":0,"sunpower":0},"hours":[{"datetime":"2020-07-04T00:00:00","datetimeutc":"2020-07-03T22:00:00","timetype":"Hour","precipitationmm":0.0,"temperature":17.2,"feeltemperature":17.2,"cloudcover":98,"iconcode":"cc","iconid":22,"sources":2,"winddirection":"ZW","winddirectiondegrees":234,"windspeedms":7.7,"visibility":14250,"precipitation":0,"beaufort":4,"humidity":66,"sunshine":0,"hour":0,"pollenindex":5,"windspeed":28,"sunshinepower":0,"sunpower":0},{"datetime":"2020-07-04T01:00:00","datetimeutc":"2020-07-03T23:00:00","timetype":"Hour","precipitationmm":0.0,"temperature":17.0,"feeltemperature":17.0,"cloudcover":100,"iconcode":"cc","iconid":22,"sources":2,"winddirection":"ZW","winddirectiondegrees":238,"windspeedms":7.8,"visibility":13850,"precipitation":1,"beaufort":4,"humidity":68,"sunshine":0,"hour":1,"pollenindex":5,"windspeed":28,"sunshinepower":0,"sunpower":0},{"datetime":"2020-07-04T02:00:00","datetimeutc":"2020-07-04T00:00:00","timetype":"Hour","precipitationmm":0.0,"temperature":16.7,"feeltemperature":16.7,"cloudcover":100,"iconcode":"cc","iconid":22,"sources":2,"winddirection":"ZW","winddirectiondegrees":244,"windspeedms":7.9,"visibility":12450,"precipitation":1,"beaufort":4,"humidity":71,"sunshine":0,"hour":2,"pollenindex":5,"windspeed":28,"sunshinepower":0,"sunpower":0},{"datetime":"2020-07-04T03:00:00","datetimeutc":"2020-07-04T01:00:00","timetype":"Hour","precipitationmm":0.0,"temperature":16.3,"feeltemperature":14.8,"cloudcover":100,"iconcode":"cc","iconid":22,"sources":2,"winddirection":"ZW","winddirectiondegrees":246,"windspeedms":8.0,"visibility":11050,"precipitation":2,"beaufort":4,"humidity":76,"sunshine":0,"hour":3,"pollenindex":5,"windspeed":29,"sunshinepower":0,"sunpower":0},{"datetime":"2020-07-04T04:00:00","datetimeutc":"2020-07-04T02:00:00","timetype":"Hour","precipitationmm":1.2,"temperature":15.9,"feeltemperature":15.9,"cloudcover":100,"iconcode":"mm","iconid":33,"sources":2,"winddirection":"ZW","winddirectiondegrees":244,"windspeedms":7.8,"visibility":10050,"precipitation":80,"beaufort":4,"humidity":83,"sunshine":0,"hour":4,"pollenindex":4,"windspeed":28,"sunshinepower":0,"sunpower":0},{"datetime":"2020-07-04T05:00:00","datetimeutc":"2020-07-04T03:00:00","timetype":"Hour","precipitationmm":0.2,"temperature":15.6,"feeltemperature":15.6,"cloudcover":100,"iconcode":"mm","iconid":33,"sources":2,"winddirection":"ZW","winddirectiondegrees":238,"windspeedms":7.8,"visibility":10030,"precipitation":77,"beaufort":4,"humidity":87,"sunshine":0,"hour":5,"pollenindex":4,"windspeed":28,"sunshinepower":0,"sunpower":0},{"datetime":"2020-07-04T06:00:00","datetimeutc":"2020-07-04T04:00:00","timetype":"Hour","precipitationmm":0.3,"temperature":15.4,"feeltemperature":15.4,"cloudcover":100,"iconcode":"m","iconid":33,"sources":2,"winddirection":"ZW","winddirectiondegrees":232,"windspeedms":7.5,"visibility":10020,"precipitation":78,"beaufort":4,"humidity":90,"sunshine":0,"hour":6,"pollenindex":4,"windspeed":27,"sunshinepower":5,"sunpower":5},{"datetime":"2020-07-04T07:00:00","datetimeutc":"2020-07-04T05:00:00","timetype":"Hour","precipitationmm":0.3,"temperature":15.3,"feeltemperature":15.3,"cloudcover":100,"iconcode":"m","iconid":33,"sources":2,"winddirection":"ZW","winddirectiondegrees":232,"windspeedms":7.4,"visibility":10020,"precipitation":82,"beaufort":4,"humidity":91,"sunshine":0,"hour":7,"pollenindex":4,"windspeed":27,"sunshinepower":17,"sunpower":17},{"datetime":"2020-07-04T08:00:00","datetimeutc":"2020-07-04T06:00:00","timetype":"Hour","precipitationmm":0.2,"temperature":15.3,"feeltemperature":15.3,"cloudcover":100,"iconcode":"m","iconid":33,"sources":2,"winddirection":"ZW","winddirectiondegrees":232,"windspeedms":7.5,"visibility":10010,"precipitation":77,"beaufort":4,"humidity":92,"sunshine":0,"hour":8,"pollenindex":4,"windspeed":27,"sunshinepower":29,"sunpower":29},{"datetime":"2020-07-04T09:00:00","datetimeutc":"2020-07-04T07:00:00","timetype":"Hour","precipitationmm":0.5,"temperature":15.5,"feeltemperature":15.5,"cloudcover":100,"iconcode":"m","iconid":21,"sources":2,"winddirection":"ZW","winddirectiondegrees":229,"windspeedms":7.6,"visibility":9810,"precipitation":84,"beaufort":4,"humidity":92,"sunshine":0,"hour":9,"pollenindex":4,"windspeed":27,"sunshinepower":46,"sunpower":46},{"datetime":"2020-07-04T10:00:00","datetimeutc":"2020-07-04T08:00:00","timetype":"Hour","precipitationmm":1.7,"temperature":15.8,"feeltemperature":15.8,"cloudcover":100,"iconcode":"m","iconid":22,"sources":2,"winddirection":"ZW","winddirectiondegrees":229,"windspeedms":7.6,"visibility":10010,"precipitation":75,"beaufort":4,"humidity":90,"sunshine":0,"hour":10,"pollenindex":5,"windspeed":27,"sunshinepower":66,"sunpower":66},{"datetime":"2020-07-04T11:00:00","datetimeutc":"2020-07-04T09:00:00","timetype":"Hour","precipitationmm":0.1,"temperature":16.0,"feeltemperature":16.0,"cloudcover":100,"iconcode":"m","iconid":21,"sources":2,"winddirection":"ZW","winddirectiondegrees":226,"windspeedms":7.7,"visibility":10010,"precipitation":77,"beaufort":4,"humidity":89,"sunshine":0,"hour":11,"pollenindex":5,"windspeed":28,"sunshinepower":76,"sunpower":76},{"datetime":"2020-07-04T12:00:00","datetimeutc":"2020-07-04T10:00:00","timetype":"Hour","precipitationmm":0.1,"temperature":16.3,"feeltemperature":16.3,"cloudcover":100,"iconcode":"m","iconid":20,"sources":2,"winddirection":"ZW","winddirectiondegrees":225,"windspeedms":7.7,"visibility":10010,"precipitation":77,"beaufort":4,"humidity":87,"sunshine":0,"hour":12,"pollenindex":5,"windspeed":28,"sunshinepower":84,"sunpower":84},{"datetime":"2020-07-04T13:00:00","datetimeutc":"2020-07-04T11:00:00","timetype":"Hour","precipitationmm":0.0,"temperature":16.5,"feeltemperature":16.5,"cloudcover":100,"iconcode":"c","iconid":20,"sources":2,"winddirection":"ZW","winddirectiondegrees":225,"windspeedms":7.8,"visibility":10020,"precipitation":3,"beaufort":4,"humidity":88,"sunshine":0,"hour":13,"pollenindex":5,"windspeed":28,"sunshinepower":98,"sunpower":98},{"datetime":"2020-07-04T14:00:00","datetimeutc":"2020-07-04T12:00:00","timetype":"Hour","precipitationmm":0.1,"temperature":16.7,"feeltemperature":16.7,"cloudcover":100,"iconcode":"m","iconid":33,"sources":2,"winddirection":"ZW","winddirectiondegrees":230,"windspeedms":7.7,"visibility":10210,"precipitation":84,"beaufort":4,"humidity":90,"sunshine":0,"hour":14,"pollenindex":5,"windspeed":28,"sunshinepower":108,"sunpower":108},{"datetime":"2020-07-04T15:00:00","datetimeutc":"2020-07-04T13:00:00","timetype":"Hour","precipitationmm":0.0,"temperature":17.0,"feeltemperature":15.7,"cloudcover":100,"iconcode":"c","iconid":22,"sources":2,"winddirection":"ZW","winddirectiondegrees":236,"windspeedms":8.2,"visibility":11010,"precipitation":3,"beaufort":4,"humidity":91,"sunshine":0,"hour":15,"pollenindex":5,"windspeed":30,"sunshinepower":114,"sunpower":114},{"datetime":"2020-07-04T16:00:00","datetimeutc":"2020-07-04T14:00:00","timetype":"Hour","precipitationmm":0.0,"temperature":17.3,"feeltemperature":16.0,"cloudcover":100,"iconcode":"c","iconid":22,"sources":2,"winddirection":"ZW","winddirectiondegrees":239,"windspeedms":8.7,"visibility":11010,"precipitation":3,"beaufort":4,"humidity":91,"sunshine":0,"hour":16,"pollenindex":5,"windspeed":31,"sunshinepower":112,"sunpower":112},{"datetime":"2020-07-04T17:00:00","datetimeutc":"2020-07-04T15:00:00","timetype":"Hour","precipitationmm":0.0,"temperature":17.6,"feeltemperature":16.4,"cloudcover":100,"iconcode":"c","iconid":33,"sources":2,"winddirection":"ZW","winddirectiondegrees":239,"windspeedms":8.8,"visibility":11010,"precipitation":3,"beaufort":4,"humidity":90,"sunshine":0,"hour":17,"pollenindex":5,"windspeed":32,"sunshinepower":98,"sunpower":98},{"datetime":"2020-07-04T18:00:00","datetimeutc":"2020-07-04T16:00:00","timetype":"Hour","precipitationmm":0.0,"temperature":18.0,"feeltemperature":16.9,"cloudcover":100,"iconcode":"c","iconid":22,"sources":2,"winddirection":"ZW","winddirectiondegrees":239,"windspeedms":8.8,"visibility":11010,"precipitation":3,"beaufort":4,"humidity":89,"sunshine":0,"hour":18,"pollenindex":5,"windspeed":32,"sunshinepower":82,"sunpower":82},{"datetime":"2020-07-04T19:00:00","datetimeutc":"2020-07-04T17:00:00","timetype":"Hour","precipitationmm":0.0,"temperature":18.1,"feeltemperature":17.1,"cloudcover":100,"iconcode":"c","iconid":22,"sources":2,"winddirection":"ZW","winddirectiondegrees":240,"windspeedms":8.7,"visibility":10610,"precipitation":2,"beaufort":4,"humidity":89,"sunshine":0,"hour":19,"pollenindex":4,"windspeed":31,"sunshinepower":66,"sunpower":66},{"datetime":"2020-07-04T20:00:00","datetimeutc":"2020-07-04T18:00:00","timetype":"Hour","precipitationmm":0.0,"temperature":18.0,"feeltemperature":17.0,"cloudcover":100,"iconcode":"c","iconid":22,"sources":2,"winddirection":"ZW","winddirectiondegrees":243,"windspeedms":8.7,"visibility":10610,"precipitation":2,"beaufort":4,"humidity":91,"sunshine":0,"hour":20,"pollenindex":4,"windspeed":31,"sunshinepower":45,"sunpower":45},{"datetime":"2020-07-04T21:00:00","datetimeutc":"2020-07-04T19:00:00","timetype":"Hour","precipitationmm":0.0,"temperature":17.9,"feeltemperature":16.9,"cloudcover":100,"iconcode":"c","iconid":33,"sources":2,"winddirection":"ZW","winddirectiondegrees":242,"windspeedms":8.5,"visibility":10010,"precipitation":3,"beaufort":4,"humidity":90,"sunshine":0,"hour":21,"pollenindex":4,"windspeed":31,"sunshinepower":18,"sunpower":18},{"datetime":"2020-07-04T22:00:00","datetimeutc":"2020-07-04T20:00:00","timetype":"Hour","precipitationmm":0.0,"temperature":17.9,"feeltemperature":16.9,"cloudcover":100,"iconcode":"c","iconid":22,"sources":2,"winddirection":"ZW","winddirectiondegrees":241,"windspeedms":8.1,"visibility":10020,"precipitation":2,"beaufort":4,"humidity":90,"sunshine":0,"hour":22,"pollenindex":4,"windspeed":29,"sunshinepower":0,"sunpower":0},{"datetime":"2020-07-04T23:00:00","datetimeutc":"2020-07-04T21:00:00","timetype":"Hour","precipitationmm":0.0,"temperature":18.0,"feeltemperature":18.0,"cloudcover":100,"iconcode":"cc","iconid":22,"sources":2,"winddirection":"ZW","winddirectiondegrees":238,"windspeedms":7.7,"visibility":10060,"precipitation":2,"beaufort":4,"humidity":90,"sunshine":0,"hour":23,"pollenindex":4,"windspeed":28,"sunshinepower":0,"sunpower":0}],"datetime":"2020-07-04T00:00:00","datetimeutc":"2020-07-03T22:00:00","timetype":"Day","precipitationmm":7.4,"mintemperature":15.3,"maxtemperature":18.1,"cloudcover":99,"iconcode":"q","iconid":12,"sources":2,"winddirection":"ZW","winddirectiondegrees":225,"windspeedms":8.0,"visibility":10714,"precipitation":58,"beaufort":4,"humidity":86,"sunshine":0,"uvindex":2,"bbqindex":6,"mosquitoindex":7,"pollenindex":5,"icescrapeindex":1,"mintemp":15.3,"maxtemp":18.1,"windspeed":8,"sunshinepower":44,"sunpower":44},{"date":"2020-07-05T00:00:00","sunrise":"2020-07-05T05:26:20","sunset":"2020-07-05T22:03:29","morning":{"datetime":"2020-07-05T08:00:00","datetimeutc":"2020-07-05T06:00:00","timetype":"Morning","precipitationmm":0.0,"mintemperature":16.6,"maxtemperature":18.4,"cloudcover":100,"iconcode":"d","iconid":22,"sources":1,"winddirection":"ZW","winddirectiondegrees":234,"windspeedms":9.3,"visibility":4336,"precipitation":1,"beaufort":5,"humidity":90,"sunshine":0,"hour":8,"mintemp":16.6,"maxtemp":18.4,"windspeed":33,"sunshinepower":132,"sunpower":132},"afternoon":{"datetime":"2020-07-05T12:00:00","datetimeutc":"2020-07-05T10:00:00","timetype":"Afternoon","precipitationmm":0.2,"mintemperature":18.8,"maxtemperature":19.7,"cloudcover":91,"iconcode":"c","iconid":22,"sources":1,"winddirection":"ZW","winddirectiondegrees":241,"windspeedms":10.7,"visibility":10116,"precipitation":34,"beaufort":5,"humidity":80,"sunshine":1,"hour":12,"mintemp":18.8,"maxtemp":19.7,"windspeed":39,"sunshinepower":224,"sunpower":224},"evening":{"datetime":"2020-07-05T18:00:00","datetimeutc":"2020-07-05T16:00:00","timetype":"Evening","precipitationmm":0.0,"mintemperature":17.3,"maxtemperature":19.7,"cloudcover":78,"iconcode":"r","iconid":7,"sources":1,"winddirection":"W","winddirectiondegrees":260,"windspeedms":7.5,"visibility":10463,"precipitation":1,"beaufort":4,"humidity":78,"sunshine":11,"hour":18,"mintemp":17.3,"maxtemp":19.7,"windspeed":27,"sunshinepower":105,"sunpower":105},"night":{"datetime":"2020-07-05T00:00:00","datetimeutc":"2020-07-04T22:00:00","timetype":"Night","precipitationmm":0.2,"mintemperature":16.7,"maxtemperature":17.9,"cloudcover":100,"iconcode":"d","iconid":22,"sources":1,"winddirection":"ZW","winddirectiondegrees":238,"windspeedms":7.6,"visibility":1792,"precipitation":40,"beaufort":4,"humidity":93,"sunshine":0,"hour":0,"mintemp":16.7,"maxtemp":17.9,"windspeed":27,"sunshinepower":1,"sunpower":1},"hours":[{"datetime":"2020-07-05T00:00:00","datetimeutc":"2020-07-04T22:00:00","timetype":"Hour","precipitationmm":0.0,"temperature":17.9,"feeltemperature":17.9,"cloudcover":100,"iconcode":"dd","iconid":22,"sources":2,"winddirection":"ZW","winddirectiondegrees":237,"windspeedms":7.7,"visibility":860,"precipitation":2,"beaufort":4,"humidity":91,"sunshine":0,"hour":0,"pollenindex":4,"windspeed":28,"sunshinepower":0,"sunpower":0},{"datetime":"2020-07-05T01:00:00","datetimeutc":"2020-07-04T23:00:00","timetype":"Hour","precipitationmm":0.0,"temperature":17.8,"feeltemperature":17.8,"cloudcover":100,"iconcode":"cc","iconid":22,"sources":2,"winddirection":"ZW","winddirectiondegrees":237,"windspeedms":7.6,"visibility":10060,"precipitation":2,"beaufort":4,"humidity":92,"sunshine":0,"hour":1,"pollenindex":4,"windspeed":27,"sunshinepower":0,"sunpower":0},{"datetime":"2020-07-05T02:00:00","datetimeutc":"2020-07-05T00:00:00","timetype":"Hour","precipitationmm":0.1,"temperature":17.6,"feeltemperature":17.6,"cloudcover":100,"iconcode":"mm","iconid":16,"sources":2,"winddirection":"ZW","winddirectiondegrees":238,"windspeedms":7.6,"visibility":460,"precipitation":78,"beaufort":4,"humidity":92,"sunshine":0,"hour":2,"pollenindex":4,"windspeed":27,"sunshinepower":0,"sunpower":0},{"datetime":"2020-07-05T03:00:00","datetimeutc":"2020-07-05T01:00:00","timetype":"Hour","precipitationmm":0.0,"temperature":17.4,"feeltemperature":17.4,"cloudcover":100,"iconcode":"dd","iconid":16,"sources":2,"winddirection":"ZW","winddirectiondegrees":240,"windspeedms":7.5,"visibility":460,"precipitation":1,"beaufort":4,"humidity":93,"sunshine":0,"hour":3,"pollenindex":3,"windspeed":27,"sunshinepower":0,"sunpower":0},{"datetime":"2020-07-05T04:00:00","datetimeutc":"2020-07-05T02:00:00","timetype":"Hour","precipitationmm":0.0,"temperature":17.2,"feeltemperature":17.2,"cloudcover":100,"iconcode":"dd","iconid":16,"sources":2,"winddirection":"ZW","winddirectiondegrees":243,"windspeedms":7.5,"visibility":260,"precipitation":1,"beaufort":4,"humidity":94,"sunshine":0,"hour":4,"pollenindex":3,"windspeed":27,"sunshinepower":0,"sunpower":0},{"datetime":"2020-07-05T05:00:00","datetimeutc":"2020-07-05T03:00:00","timetype":"Hour","precipitationmm":0.1,"temperature":17.0,"feeltemperature":17.0,"cloudcover":100,"iconcode":"mm","iconid":16,"sources":2,"winddirection":"ZW","winddirectiondegrees":239,"windspeedms":7.6,"visibility":240,"precipitation":80,"beaufort":4,"humidity":94,"sunshine":0,"hour":5,"pollenindex":3,"windspeed":27,"sunshinepower":0,"sunpower":0},{"datetime":"2020-07-05T06:00:00","datetimeutc":"2020-07-05T04:00:00","timetype":"Hour","precipitationmm":0.0,"temperature":16.7,"feeltemperature":16.7,"cloudcover":100,"iconcode":"d","iconid":16,"sources":2,"winddirection":"ZW","winddirectiondegrees":238,"windspeedms":7.8,"visibility":210,"precipitation":1,"beaufort":4,"humidity":95,"sunshine":0,"hour":6,"pollenindex":3,"windspeed":28,"sunshinepower":9,"sunpower":9},{"datetime":"2020-07-05T07:00:00","datetimeutc":"2020-07-05T05:00:00","timetype":"Hour","precipitationmm":0.0,"temperature":16.6,"feeltemperature":15.2,"cloudcover":100,"iconcode":"d","iconid":16,"sources":2,"winddirection":"ZW","winddirectiondegrees":237,"windspeedms":8.2,"visibility":210,"precipitation":1,"beaufort":4,"humidity":93,"sunshine":0,"hour":7,"pollenindex":3,"windspeed":30,"sunshinepower":44,"sunpower":44},{"datetime":"2020-07-05T08:00:00","datetimeutc":"2020-07-05T06:00:00","timetype":"Hour","precipitationmm":0.0,"temperature":16.7,"feeltemperature":15.2,"cloudcover":100,"iconcode":"d","iconid":22,"sources":1,"winddirection":"ZW","winddirectiondegrees":236,"windspeedms":8.75,"visibility":220,"precipitation":1,"beaufort":4,"humidity":93,"sunshine":0,"hour":8,"pollenindex":3,"windspeed":32,"sunshinepower":92,"sunpower":92},{"datetime":"2020-07-05T09:00:00","datetimeutc":"2020-07-05T07:00:00","timetype":"Hour","precipitationmm":0.0,"temperature":17.1,"feeltemperature":15.7,"cloudcover":100,"iconcode":"c","iconid":22,"sources":1,"winddirection":"ZW","winddirectiondegrees":235,"windspeedms":9.44,"visibility":1210,"precipitation":1,"beaufort":5,"humidity":92,"sunshine":0,"hour":9,"pollenindex":4,"windspeed":34,"sunshinepower":141,"sunpower":141},{"datetime":"2020-07-05T10:00:00","datetimeutc":"2020-07-05T08:00:00","timetype":"Hour","precipitationmm":0.0,"temperature":17.8,"feeltemperature":16.6,"cloudcover":100,"iconcode":"c","iconid":22,"sources":1,"winddirection":"ZW","winddirectiondegrees":234,"windspeedms":9.84,"visibility":10020,"precipitation":1,"beaufort":5,"humidity":88,"sunshine":0,"hour":10,"pollenindex":5,"windspeed":35,"sunshinepower":184,"sunpower":184},{"datetime":"2020-07-05T11:00:00","datetimeutc":"2020-07-05T09:00:00","timetype":"Hour","precipitationmm":0.0,"temperature":18.4,"feeltemperature":17.4,"cloudcover":100,"iconcode":"c","iconid":33,"sources":1,"winddirection":"ZW","winddirectiondegrees":230,"windspeedms":10.18,"visibility":10020,"precipitation":2,"beaufort":5,"humidity":84,"sunshine":0,"hour":11,"pollenindex":5,"windspeed":37,"sunshinepower":203,"sunpower":203},{"datetime":"2020-07-05T12:00:00","datetimeutc":"2020-07-05T10:00:00","timetype":"Hour","precipitationmm":0.0,"temperature":18.8,"feeltemperature":17.8,"cloudcover":100,"iconcode":"c","iconid":22,"sources":1,"winddirection":"ZW","winddirectiondegrees":235,"windspeedms":10.57,"visibility":10020,"precipitation":2,"beaufort":5,"humidity":81,"sunshine":0,"hour":12,"pollenindex":5,"windspeed":38,"sunshinepower":192,"sunpower":192},{"datetime":"2020-07-05T13:00:00","datetimeutc":"2020-07-05T11:00:00","timetype":"Hour","precipitationmm":0.0,"temperature":18.9,"feeltemperature":18.0,"cloudcover":100,"iconcode":"c","iconid":22,"sources":1,"winddirection":"ZW","winddirectiondegrees":239,"windspeedms":10.79,"visibility":10010,"precipitation":1,"beaufort":5,"humidity":81,"sunshine":0,"hour":13,"pollenindex":5,"windspeed":39,"sunshinepower":171,"sunpower":171},{"datetime":"2020-07-05T14:00:00","datetimeutc":"2020-07-05T12:00:00","timetype":"Hour","precipitationmm":0.0,"temperature":19.0,"feeltemperature":19.0,"cloudcover":100,"iconcode":"c","iconid":19,"sources":1,"winddirection":"ZW","winddirectiondegrees":240,"windspeedms":11.04,"visibility":10020,"precipitation":2,"beaufort":6,"humidity":80,"sunshine":0,"hour":14,"pollenindex":5,"windspeed":40,"sunshinepower":195,"sunpower":195},{"datetime":"2020-07-05T15:00:00","datetimeutc":"2020-07-05T13:00:00","timetype":"Hour","precipitationmm":0.2,"temperature":19.3,"feeltemperature":19.3,"cloudcover":93,"iconcode":"m","iconid":33,"sources":1,"winddirection":"ZW","winddirectiondegrees":240,"windspeedms":10.85,"visibility":10010,"precipitation":44,"beaufort":5,"humidity":81,"sunshine":0,"hour":15,"pollenindex":5,"windspeed":39,"sunshinepower":247,"sunpower":247},{"datetime":"2020-07-05T16:00:00","datetimeutc":"2020-07-05T14:00:00","timetype":"Hour","precipitationmm":0.0,"temperature":19.6,"feeltemperature":19.6,"cloudcover":82,"iconcode":"r","iconid":19,"sources":1,"winddirection":"ZW","winddirectiondegrees":246,"windspeedms":10.85,"visibility":10620,"precipitation":2,"beaufort":5,"humidity":79,"sunshine":0,"hour":16,"pollenindex":5,"windspeed":39,"sunshinepower":267,"sunpower":267},{"datetime":"2020-07-05T17:00:00","datetimeutc":"2020-07-05T15:00:00","timetype":"Hour","precipitationmm":0.0,"temperature":19.7,"feeltemperature":19.7,"cloudcover":72,"iconcode":"r","iconid":7,"sources":1,"winddirection":"ZW","winddirectiondegrees":247,"windspeedms":10.3,"visibility":10020,"precipitation":2,"beaufort":5,"humidity":78,"sunshine":11,"hour":17,"pollenindex":5,"windspeed":37,"sunshinepower":273,"sunpower":273},{"datetime":"2020-07-05T18:00:00","datetimeutc":"2020-07-05T16:00:00","timetype":"Hour","precipitationmm":0.0,"temperature":19.7,"feeltemperature":19.7,"cloudcover":76,"iconcode":"r","iconid":7,"sources":1,"winddirection":"W","winddirectiondegrees":249,"windspeedms":9.89,"visibility":10020,"precipitation":2,"beaufort":5,"humidity":77,"sunshine":23,"hour":18,"pollenindex":5,"windspeed":36,"sunshinepower":255,"sunpower":255},{"datetime":"2020-07-05T19:00:00","datetimeutc":"2020-07-05T17:00:00","timetype":"Hour","precipitationmm":0.0,"temperature":19.2,"feeltemperature":19.2,"cloudcover":85,"iconcode":"r","iconid":19,"sources":1,"winddirection":"W","winddirectiondegrees":249,"windspeedms":9.19,"visibility":10020,"precipitation":2,"beaufort":5,"humidity":78,"sunshine":20,"hour":19,"pollenindex":4,"windspeed":33,"sunshinepower":200,"sunpower":200},{"datetime":"2020-07-05T20:00:00","datetimeutc":"2020-07-05T18:00:00","timetype":"Hour","precipitationmm":0.0,"temperature":18.5,"feeltemperature":17.7,"cloudcover":90,"iconcode":"c","iconid":19,"sources":1,"winddirection":"W","winddirectiondegrees":261,"windspeedms":8.01,"visibility":9820,"precipitation":2,"beaufort":4,"humidity":80,"sunshine":8,"hour":20,"pollenindex":4,"windspeed":29,"sunshinepower":125,"sunpower":125},{"datetime":"2020-07-05T21:00:00","datetimeutc":"2020-07-05T19:00:00","timetype":"Hour","precipitationmm":0.0,"temperature":17.9,"feeltemperature":17.9,"cloudcover":84,"iconcode":"r","iconid":22,"sources":1,"winddirection":"W","winddirectiondegrees":280,"windspeedms":7.05,"visibility":9820,"precipitation":1,"beaufort":4,"humidity":80,"sunshine":5,"hour":21,"pollenindex":4,"windspeed":25,"sunshinepower":51,"sunpower":51},{"datetime":"2020-07-05T22:00:00","datetimeutc":"2020-07-05T20:00:00","timetype":"Hour","precipitationmm":0.0,"temperature":17.5,"feeltemperature":17.5,"cloudcover":72,"iconcode":"r","iconid":7,"sources":1,"winddirection":"W","winddirectiondegrees":275,"windspeedms":5.87,"visibility":12240,"precipitation":1,"beaufort":3,"humidity":78,"sunshine":10,"hour":22,"pollenindex":4,"windspeed":21,"sunshinepower":0,"sunpower":0},{"datetime":"2020-07-05T23:00:00","datetimeutc":"2020-07-05T21:00:00","timetype":"Hour","precipitationmm":0.0,"temperature":17.3,"feeltemperature":17.3,"cloudcover":62,"iconcode":"bb","iconid":7,"sources":1,"winddirection":"ZW","winddirectiondegrees":247,"windspeedms":5.29,"visibility":10860,"precipitation":1,"beaufort":3,"humidity":77,"sunshine":1,"hour":23,"pollenindex":5,"windspeed":19,"sunshinepower":0,"sunpower":0}],"datetime":"2020-07-05T00:00:00","datetimeutc":"2020-07-04T22:00:00","timetype":"Day","precipitationmm":0.3,"mintemperature":16.6,"maxtemperature":19.7,"cloudcover":92,"iconcode":"m","iconid":12,"sources":2,"winddirection":"ZW","winddirectiondegrees":225,"windspeedms":8.7,"visibility":6571,"precipitation":31,"beaufort":4,"humidity":85,"sunshine":3,"uvindex":3,"bbqindex":6,"mosquitoindex":7,"pollenindex":5,"icescrapeindex":1,"mintemp":16.6,"maxtemp":19.7,"windspeed":9,"sunshinepower":110,"sunpower":110},{"date":"2020-07-06T00:00:00","sunrise":"2020-07-06T05:27:15","sunset":"2020-07-06T22:02:52","hours":[{"datetime":"2020-07-06T00:00:00","datetimeutc":"2020-07-05T22:00:00","timetype":"Hour","precipitationmm":0.0,"temperature":17.1,"feeltemperature":17.1,"cloudcover":56,"iconcode":"bb","iconid":7,"sources":1,"winddirection":"ZW","winddirectiondegrees":245,"windspeedms":5.8,"visibility":10650,"precipitation":0,"beaufort":3,"humidity":76,"sunshine":0,"hour":0,"pollenindex":5,"windspeed":21,"sunshinepower":0,"sunpower":0},{"datetime":"2020-07-06T01:00:00","datetimeutc":"2020-07-05T23:00:00","timetype":"Hour","precipitationmm":0.0,"temperature":16.8,"feeltemperature":16.8,"cloudcover":50,"iconcode":"bb","iconid":22,"sources":1,"winddirection":"W","winddirectiondegrees":274,"windspeedms":6.53,"visibility":17260,"precipitation":0,"beaufort":4,"humidity":73,"sunshine":0,"hour":1,"pollenindex":5,"windspeed":24,"sunshinepower":0,"sunpower":0},{"datetime":"2020-07-06T02:00:00","datetimeutc":"2020-07-06T00:00:00","timetype":"Hour","precipitationmm":0.0,"temperature":16.4,"feeltemperature":16.4,"cloudcover":44,"iconcode":"jj","iconid":7,"sources":1,"winddirection":"W","winddirectiondegrees":275,"windspeedms":6.41,"visibility":18660,"precipitation":0,"beaufort":4,"humidity":71,"sunshine":0,"hour":2,"pollenindex":5,"windspeed":23,"sunshinepower":0,"sunpower":0},{"datetime":"2020-07-06T03:00:00","datetimeutc":"2020-07-06T01:00:00","timetype":"Hour","precipitationmm":0.0,"temperature":16.1,"feeltemperature":16.1,"cloudcover":48,"iconcode":"jj","iconid":19,"sources":1,"winddirection":"W","winddirectiondegrees":276,"windspeedms":7.59,"visibility":18020,"precipitation":1,"beaufort":4,"humidity":71,"sunshine":0,"hour":3,"pollenindex":5,"windspeed":27,"sunshinepower":0,"sunpower":0},{"datetime":"2020-07-06T04:00:00","datetimeutc":"2020-07-06T02:00:00","timetype":"Hour","precipitationmm":0.0,"temperature":15.8,"feeltemperature":15.8,"cloudcover":48,"iconcode":"jj","iconid":19,"sources":1,"winddirection":"W","winddirectiondegrees":276,"windspeedms":7.63,"visibility":17410,"precipitation":1,"beaufort":4,"humidity":72,"sunshine":0,"hour":4,"pollenindex":5,"windspeed":27,"sunshinepower":0,"sunpower":0},{"datetime":"2020-07-06T05:00:00","datetimeutc":"2020-07-06T03:00:00","timetype":"Hour","precipitationmm":0.0,"temperature":15.5,"feeltemperature":15.5,"cloudcover":48,"iconcode":"jj","iconid":19,"sources":1,"winddirection":"W","winddirectiondegrees":278,"windspeedms":7.9,"visibility":17410,"precipitation":1,"beaufort":4,"humidity":72,"sunshine":0,"hour":5,"pollenindex":5,"windspeed":28,"sunshinepower":0,"sunpower":0},{"datetime":"2020-07-06T06:00:00","datetimeutc":"2020-07-06T04:00:00","timetype":"Hour","precipitationmm":0.0,"temperature":15.3,"feeltemperature":13.5,"cloudcover":55,"iconcode":"b","iconid":19,"sources":1,"winddirection":"W","winddirectiondegrees":276,"windspeedms":8.17,"visibility":15610,"precipitation":1,"beaufort":4,"humidity":72,"sunshine":28,"hour":6,"pollenindex":5,"windspeed":29,"sunshinepower":21,"sunpower":21},{"datetime":"2020-07-06T07:00:00","datetimeutc":"2020-07-06T05:00:00","timetype":"Hour","precipitationmm":0.0,"temperature":15.3,"feeltemperature":13.4,"cloudcover":76,"iconcode":"r","iconid":19,"sources":1,"winddirection":"W","winddirectiondegrees":274,"windspeedms":8.85,"visibility":14810,"precipitation":1,"beaufort":4,"humidity":71,"sunshine":41,"hour":7,"pollenindex":5,"windspeed":32,"sunshinepower":95,"sunpower":95},{"datetime":"2020-07-06T08:00:00","datetimeutc":"2020-07-06T06:00:00","timetype":"Hour","precipitationmm":0.0,"temperature":15.4,"feeltemperature":13.6,"cloudcover":89,"iconcode":"r","iconid":19,"sources":1,"winddirection":"W","winddirectiondegrees":273,"windspeedms":9.05,"visibility":13800,"precipitation":1,"beaufort":5,"humidity":71,"sunshine":18,"hour":8,"pollenindex":5,"windspeed":33,"sunshinepower":197,"sunpower":197},{"datetime":"2020-07-06T09:00:00","datetimeutc":"2020-07-06T07:00:00","timetype":"Hour","precipitationmm":0.0,"temperature":15.6,"feeltemperature":13.8,"cloudcover":86,"iconcode":"r","iconid":19,"sources":1,"winddirection":"W","winddirectiondegrees":276,"windspeedms":9.22,"visibility":13400,"precipitation":1,"beaufort":5,"humidity":70,"sunshine":5,"hour":9,"pollenindex":5,"windspeed":33,"sunshinepower":302,"sunpower":302},{"datetime":"2020-07-06T10:00:00","datetimeutc":"2020-07-06T08:00:00","timetype":"Hour","precipitationmm":0.0,"temperature":15.9,"feeltemperature":14.1,"cloudcover":74,"iconcode":"r","iconid":19,"sources":1,"winddirection":"W","winddirectiondegrees":278,"windspeedms":9.16,"visibility":13000,"precipitation":2,"beaufort":5,"humidity":69,"sunshine":8,"hour":10,"pollenindex":6,"windspeed":33,"sunshinepower":388,"sunpower":388},{"datetime":"2020-07-06T11:00:00","datetimeutc":"2020-07-06T09:00:00","timetype":"Hour","precipitationmm":0.0,"temperature":16.2,"feeltemperature":14.5,"cloudcover":65,"iconcode":"b","iconid":19,"sources":1,"winddirection":"W","winddirectiondegrees":283,"windspeedms":9.0,"visibility":12600,"precipitation":2,"beaufort":5,"humidity":67,"sunshine":21,"hour":11,"pollenindex":6,"windspeed":32,"sunshinepower":456,"sunpower":456},{"datetime":"2020-07-06T12:00:00","datetimeutc":"2020-07-06T10:00:00","timetype":"Hour","precipitationmm":0.0,"temperature":16.4,"feeltemperature":14.9,"cloudcover":64,"iconcode":"b","iconid":7,"sources":1,"winddirection":"W","winddirectiondegrees":290,"windspeedms":8.84,"visibility":12200,"precipitation":2,"beaufort":4,"humidity":66,"sunshine":30,"hour":12,"pollenindex":6,"windspeed":32,"sunshinepower":509,"sunpower":509},{"datetime":"2020-07-06T13:00:00","datetimeutc":"2020-07-06T11:00:00","timetype":"Hour","precipitationmm":0.6,"temperature":16.7,"feeltemperature":15.3,"cloudcover":65,"iconcode":"f","iconid":33,"sources":1,"winddirection":"NW","winddirectiondegrees":295,"windspeedms":8.54,"visibility":12000,"precipitation":52,"beaufort":4,"humidity":64,"sunshine":31,"hour":13,"pollenindex":6,"windspeed":31,"sunshinepower":531,"sunpower":531},{"datetime":"2020-07-06T14:00:00","datetimeutc":"2020-07-06T12:00:00","timetype":"Hour","precipitationmm":0.2,"temperature":16.9,"feeltemperature":15.5,"cloudcover":65,"iconcode":"f","iconid":33,"sources":1,"winddirection":"NW","winddirectiondegrees":301,"windspeedms":8.29,"visibility":11600,"precipitation":54,"beaufort":4,"humidity":62,"sunshine":31,"hour":14,"pollenindex":7,"windspeed":30,"sunshinepower":539,"sunpower":539},{"datetime":"2020-07-06T15:00:00","datetimeutc":"2020-07-06T13:00:00","timetype":"Hour","precipitationmm":0.0,"temperature":17.0,"feeltemperature":15.8,"cloudcover":63,"iconcode":"b","iconid":7,"sources":1,"winddirection":"NW","winddirectiondegrees":306,"windspeedms":8.05,"visibility":12000,"precipitation":2,"beaufort":4,"humidity":63,"sunshine":31,"hour":15,"pollenindex":6,"windspeed":29,"sunshinepower":539,"sunpower":539},{"datetime":"2020-07-06T16:00:00","datetimeutc":"2020-07-06T14:00:00","timetype":"Hour","precipitationmm":0.0,"temperature":17.2,"feeltemperature":17.2,"cloudcover":61,"iconcode":"b","iconid":7,"sources":1,"winddirection":"NW","winddirectiondegrees":308,"windspeedms":7.75,"visibility":12000,"precipitation":2,"beaufort":4,"humidity":62,"sunshine":33,"hour":16,"pollenindex":7,"windspeed":28,"sunshinepower":513,"sunpower":513},{"datetime":"2020-07-06T17:00:00","datetimeutc":"2020-07-06T15:00:00","timetype":"Hour","precipitationmm":0.0,"temperature":17.2,"feeltemperature":17.2,"cloudcover":57,"iconcode":"b","iconid":7,"sources":1,"winddirection":"NW","winddirectiondegrees":306,"windspeedms":7.44,"visibility":12600,"precipitation":2,"beaufort":4,"humidity":61,"sunshine":35,"hour":17,"pollenindex":7,"windspeed":27,"sunshinepower":466,"sunpower":466},{"datetime":"2020-07-06T18:00:00","datetimeutc":"2020-07-06T16:00:00","timetype":"Hour","precipitationmm":0.0,"temperature":17.2,"feeltemperature":17.2,"cloudcover":52,"iconcode":"b","iconid":7,"sources":1,"winddirection":"NW","winddirectiondegrees":305,"windspeedms":7.09,"visibility":12600,"precipitation":1,"beaufort":4,"humidity":62,"sunshine":40,"hour":18,"pollenindex":7,"windspeed":26,"sunshinepower":405,"sunpower":405},{"datetime":"2020-07-06T19:00:00","datetimeutc":"2020-07-06T17:00:00","timetype":"Hour","precipitationmm":0.0,"temperature":16.8,"feeltemperature":16.8,"cloudcover":47,"iconcode":"j","iconid":19,"sources":1,"winddirection":"NW","winddirectiondegrees":303,"windspeedms":6.69,"visibility":13800,"precipitation":1,"beaufort":4,"humidity":64,"sunshine":45,"hour":19,"pollenindex":5,"windspeed":24,"sunshinepower":319,"sunpower":319},{"datetime":"2020-07-06T20:00:00","datetimeutc":"2020-07-06T18:00:00","timetype":"Hour","precipitationmm":0.0,"temperature":16.2,"feeltemperature":16.2,"cloudcover":39,"iconcode":"j","iconid":19,"sources":1,"winddirection":"NW","winddirectiondegrees":303,"windspeedms":6.39,"visibility":15000,"precipitation":1,"beaufort":4,"humidity":67,"sunshine":50,"hour":20,"pollenindex":5,"windspeed":23,"sunshinepower":201,"sunpower":201},{"datetime":"2020-07-06T21:00:00","datetimeutc":"2020-07-06T19:00:00","timetype":"Hour","precipitationmm":0.0,"temperature":15.4,"feeltemperature":15.4,"cloudcover":26,"iconcode":"j","iconid":22,"sources":1,"winddirection":"NW","winddirectiondegrees":306,"windspeedms":5.54,"visibility":15400,"precipitation":1,"beaufort":3,"humidity":70,"sunshine":58,"hour":21,"pollenindex":5,"windspeed":20,"sunshinepower":78,"sunpower":78},{"datetime":"2020-07-06T22:00:00","datetimeutc":"2020-07-06T20:00:00","timetype":"Hour","precipitationmm":0.0,"temperature":14.7,"feeltemperature":13.6,"cloudcover":21,"iconcode":"j","iconid":4,"sources":1,"winddirection":"NW","winddirectiondegrees":306,"windspeedms":4.36,"visibility":15600,"precipitation":0,"beaufort":3,"humidity":73,"sunshine":71,"hour":22,"pollenindex":5,"windspeed":16,"sunshinepower":0,"sunpower":0},{"datetime":"2020-07-06T23:00:00","datetimeutc":"2020-07-06T21:00:00","timetype":"Hour","precipitationmm":0.0,"temperature":14.0,"feeltemperature":14.0,"cloudcover":28,"iconcode":"jj","iconid":4,"sources":1,"winddirection":"NW","winddirectiondegrees":293,"windspeedms":3.26,"visibility":13010,"precipitation":0,"beaufort":2,"humidity":76,"sunshine":6,"hour":23,"pollenindex":5,"windspeed":12,"sunshinepower":0,"sunpower":0}],"datetime":"2020-07-06T00:00:00","datetimeutc":"2020-07-05T22:00:00","timetype":"Day","precipitationmm":0.8,"mintemperature":14.0,"maxtemperature":17.2,"cloudcover":25,"iconcode":"f","iconid":16,"sources":1,"winddirection":"W","winddirectiondegrees":270,"windspeedms":7.4,"precipitation":54,"beaufort":4,"uvindex":5,"bbqindex":6,"mosquitoindex":6,"pollenindex":5,"icescrapeindex":1,"mintemp":14.0,"maxtemp":17.2,"windspeed":7},{"date":"2020-07-07T00:00:00","sunrise":"2020-07-07T05:28:13","sunset":"2020-07-07T22:02:12","hours":[{"datetime":"2020-07-07T00:00:00","datetimeutc":"2020-07-06T22:00:00","timetype":"Hour","precipitationmm":0.0,"temperature":13.3,"feeltemperature":13.3,"cloudcover":27,"iconcode":"jj","iconid":4,"sources":1,"winddirection":"W","winddirectiondegrees":278,"windspeedms":2.97,"visibility":11010,"precipitation":0,"beaufort":2,"humidity":80,"sunshine":0,"hour":0,"pollenindex":4,"windspeed":11,"sunshinepower":0,"sunpower":0},{"datetime":"2020-07-07T01:00:00","datetimeutc":"2020-07-06T23:00:00","timetype":"Hour","precipitationmm":0.0,"temperature":12.6,"feeltemperature":12.6,"cloudcover":22,"iconcode":"jj","iconid":4,"sources":1,"winddirection":"W","winddirectiondegrees":265,"windspeedms":2.83,"visibility":10420,"precipitation":0,"beaufort":2,"humidity":83,"sunshine":0,"hour":1,"pollenindex":4,"windspeed":10,"sunshinepower":0,"sunpower":0},{"datetime":"2020-07-07T02:00:00","datetimeutc":"2020-07-07T00:00:00","timetype":"Hour","precipitationmm":0.0,"temperature":11.9,"feeltemperature":11.9,"cloudcover":17,"iconcode":"jj","iconid":19,"sources":1,"winddirection":"W","winddirectiondegrees":256,"windspeedms":2.78,"visibility":10810,"precipitation":0,"beaufort":2,"humidity":84,"sunshine":0,"hour":2,"pollenindex":4,"windspeed":10,"sunshinepower":0,"sunpower":0},{"datetime":"2020-07-07T03:00:00","datetimeutc":"2020-07-07T01:00:00","timetype":"Hour","precipitationmm":0.0,"temperature":11.6,"feeltemperature":11.6,"cloudcover":12,"iconcode":"aa","iconid":4,"sources":1,"winddirection":"W","winddirectiondegrees":254,"windspeedms":2.73,"visibility":11810,"precipitation":0,"beaufort":2,"humidity":86,"sunshine":0,"hour":3,"pollenindex":4,"windspeed":10,"sunshinepower":0,"sunpower":0},{"datetime":"2020-07-07T04:00:00","datetimeutc":"2020-07-07T02:00:00","timetype":"Hour","precipitationmm":0.0,"temperature":11.6,"feeltemperature":11.6,"cloudcover":7,"iconcode":"aa","iconid":7,"sources":1,"winddirection":"W","winddirectiondegrees":256,"windspeedms":2.71,"visibility":12000,"precipitation":0,"beaufort":2,"humidity":85,"sunshine":0,"hour":4,"pollenindex":4,"windspeed":10,"sunshinepower":0,"sunpower":0},{"datetime":"2020-07-07T05:00:00","datetimeutc":"2020-07-07T03:00:00","timetype":"Hour","precipitationmm":0.0,"temperature":12.0,"feeltemperature":12.0,"cloudcover":39,"iconcode":"jj","iconid":19,"sources":1,"winddirection":"W","winddirectiondegrees":249,"windspeedms":2.65,"visibility":11800,"precipitation":0,"beaufort":2,"humidity":85,"sunshine":0,"hour":5,"pollenindex":4,"windspeed":10,"sunshinepower":0,"sunpower":0},{"datetime":"2020-07-07T06:00:00","datetimeutc":"2020-07-07T04:00:00","timetype":"Hour","precipitationmm":0.0,"temperature":12.7,"feeltemperature":12.7,"cloudcover":39,"iconcode":"j","iconid":19,"sources":1,"winddirection":"ZW","winddirectiondegrees":240,"windspeedms":2.67,"visibility":11400,"precipitation":0,"beaufort":2,"humidity":83,"sunshine":33,"hour":6,"pollenindex":4,"windspeed":10,"sunshinepower":21,"sunpower":21},{"datetime":"2020-07-07T07:00:00","datetimeutc":"2020-07-07T05:00:00","timetype":"Hour","precipitationmm":0.0,"temperature":13.6,"feeltemperature":13.6,"cloudcover":45,"iconcode":"j","iconid":22,"sources":1,"winddirection":"ZW","winddirectiondegrees":244,"windspeedms":2.91,"visibility":12000,"precipitation":0,"beaufort":2,"humidity":80,"sunshine":58,"hour":7,"pollenindex":4,"windspeed":10,"sunshinepower":95,"sunpower":95},{"datetime":"2020-07-07T08:00:00","datetimeutc":"2020-07-07T06:00:00","timetype":"Hour","precipitationmm":0.0,"temperature":14.6,"feeltemperature":13.9,"cloudcover":60,"iconcode":"b","iconid":19,"sources":1,"winddirection":"W","winddirectiondegrees":254,"windspeedms":3.47,"visibility":11400,"precipitation":0,"beaufort":2,"humidity":78,"sunshine":51,"hour":8,"pollenindex":4,"windspeed":12,"sunshinepower":197,"sunpower":197},{"datetime":"2020-07-07T09:00:00","datetimeutc":"2020-07-07T07:00:00","timetype":"Hour","precipitationmm":0.0,"temperature":15.6,"feeltemperature":15.6,"cloudcover":58,"iconcode":"b","iconid":22,"sources":1,"winddirection":"W","winddirectiondegrees":270,"windspeedms":4.02,"visibility":11400,"precipitation":0,"beaufort":3,"humidity":74,"sunshine":35,"hour":9,"pollenindex":5,"windspeed":14,"sunshinepower":307,"sunpower":307},{"datetime":"2020-07-07T10:00:00","datetimeutc":"2020-07-07T08:00:00","timetype":"Hour","precipitationmm":0.0,"temperature":16.6,"feeltemperature":16.6,"cloudcover":55,"iconcode":"b","iconid":19,"sources":1,"winddirection":"W","winddirectiondegrees":290,"windspeedms":4.75,"visibility":14200,"precipitation":0,"beaufort":3,"humidity":68,"sunshine":38,"hour":10,"pollenindex":6,"windspeed":17,"sunshinepower":417,"sunpower":417},{"datetime":"2020-07-07T11:00:00","datetimeutc":"2020-07-07T09:00:00","timetype":"Hour","precipitationmm":0.0,"temperature":17.4,"feeltemperature":17.4,"cloudcover":66,"iconcode":"b","iconid":22,"sources":1,"winddirection":"NW","winddirectiondegrees":297,"windspeedms":5.41,"visibility":15400,"precipitation":0,"beaufort":3,"humidity":62,"sunshine":41,"hour":11,"pollenindex":7,"windspeed":19,"sunshinepower":511,"sunpower":511},{"datetime":"2020-07-07T12:00:00","datetimeutc":"2020-07-07T10:00:00","timetype":"Hour","precipitationmm":0.0,"temperature":17.7,"feeltemperature":17.7,"cloudcover":74,"iconcode":"r","iconid":22,"sources":1,"winddirection":"NW","winddirectiondegrees":293,"windspeedms":5.94,"visibility":15800,"precipitation":1,"beaufort":3,"humidity":59,"sunshine":30,"hour":12,"pollenindex":7,"windspeed":21,"sunshinepower":567,"sunpower":567},{"datetime":"2020-07-07T13:00:00","datetimeutc":"2020-07-07T11:00:00","timetype":"Hour","precipitationmm":0.0,"temperature":17.6,"feeltemperature":17.6,"cloudcover":96,"iconcode":"c","iconid":22,"sources":1,"winddirection":"W","winddirectiondegrees":292,"windspeedms":6.16,"visibility":15800,"precipitation":1,"beaufort":4,"humidity":59,"sunshine":20,"hour":13,"pollenindex":7,"windspeed":22,"sunshinepower":576,"sunpower":576},{"datetime":"2020-07-07T14:00:00","datetimeutc":"2020-07-07T12:00:00","timetype":"Hour","precipitationmm":0.0,"temperature":17.4,"feeltemperature":17.4,"cloudcover":99,"iconcode":"c","iconid":22,"sources":1,"winddirection":"NW","winddirectiondegrees":297,"windspeedms":6.16,"visibility":15400,"precipitation":1,"beaufort":4,"humidity":59,"sunshine":0,"hour":14,"pollenindex":7,"windspeed":22,"sunshinepower":578,"sunpower":578},{"datetime":"2020-07-07T15:00:00","datetimeutc":"2020-07-07T13:00:00","timetype":"Hour","precipitationmm":0.0,"temperature":17.4,"feeltemperature":17.4,"cloudcover":85,"iconcode":"r","iconid":22,"sources":1,"winddirection":"NW","winddirectiondegrees":301,"windspeedms":6.41,"visibility":15600,"precipitation":1,"beaufort":4,"humidity":60,"sunshine":0,"hour":15,"pollenindex":7,"windspeed":23,"sunshinepower":584,"sunpower":584},{"datetime":"2020-07-07T16:00:00","datetimeutc":"2020-07-07T14:00:00","timetype":"Hour","precipitationmm":0.0,"temperature":17.2,"feeltemperature":17.2,"cloudcover":66,"iconcode":"b","iconid":19,"sources":1,"winddirection":"NW","winddirectiondegrees":303,"windspeedms":6.71,"visibility":16000,"precipitation":1,"beaufort":4,"humidity":59,"sunshine":8,"hour":16,"pollenindex":7,"windspeed":24,"sunshinepower":564,"sunpower":564},{"datetime":"2020-07-07T17:00:00","datetimeutc":"2020-07-07T15:00:00","timetype":"Hour","precipitationmm":0.0,"temperature":17.0,"feeltemperature":17.0,"cloudcover":58,"iconcode":"b","iconid":7,"sources":1,"winddirection":"NW","winddirectiondegrees":309,"windspeedms":6.58,"visibility":17000,"precipitation":1,"beaufort":4,"humidity":60,"sunshine":30,"hour":17,"pollenindex":7,"windspeed":24,"sunshinepower":519,"sunpower":519},{"datetime":"2020-07-07T18:00:00","datetimeutc":"2020-07-07T16:00:00","timetype":"Hour","precipitationmm":0.0,"temperature":16.6,"feeltemperature":16.6,"cloudcover":53,"iconcode":"b","iconid":7,"sources":1,"winddirection":"NW","winddirectiondegrees":312,"windspeedms":6.04,"visibility":15200,"precipitation":0,"beaufort":4,"humidity":61,"sunshine":38,"hour":18,"pollenindex":7,"windspeed":22,"sunshinepower":441,"sunpower":441},{"datetime":"2020-07-07T19:00:00","datetimeutc":"2020-07-07T17:00:00","timetype":"Hour","precipitationmm":0.0,"temperature":16.0,"feeltemperature":16.0,"cloudcover":48,"iconcode":"j","iconid":7,"sources":1,"winddirection":"NW","winddirectiondegrees":314,"windspeedms":5.26,"visibility":15600,"precipitation":0,"beaufort":3,"humidity":64,"sunshine":43,"hour":19,"pollenindex":5,"windspeed":19,"sunshinepower":333,"sunpower":333},{"datetime":"2020-07-07T20:00:00","datetimeutc":"2020-07-07T18:00:00","timetype":"Hour","precipitationmm":0.0,"temperature":15.3,"feeltemperature":15.3,"cloudcover":40,"iconcode":"j","iconid":7,"sources":1,"winddirection":"NW","winddirectiondegrees":317,"windspeedms":4.75,"visibility":16200,"precipitation":0,"beaufort":3,"humidity":67,"sunshine":48,"hour":20,"pollenindex":5,"windspeed":17,"sunshinepower":205,"sunpower":205},{"datetime":"2020-07-07T21:00:00","datetimeutc":"2020-07-07T19:00:00","timetype":"Hour","precipitationmm":0.0,"temperature":14.3,"feeltemperature":13.3,"cloudcover":37,"iconcode":"j","iconid":4,"sources":1,"winddirection":"NW","winddirectiondegrees":317,"windspeedms":4.01,"visibility":15410,"precipitation":0,"beaufort":3,"humidity":71,"sunshine":56,"hour":21,"pollenindex":5,"windspeed":14,"sunshinepower":79,"sunpower":79},{"datetime":"2020-07-07T22:00:00","datetimeutc":"2020-07-07T20:00:00","timetype":"Hour","precipitationmm":0.0,"temperature":13.5,"feeltemperature":13.5,"cloudcover":33,"iconcode":"j","iconid":4,"sources":1,"winddirection":"NW","winddirectiondegrees":313,"windspeedms":3.01,"visibility":13210,"precipitation":0,"beaufort":2,"humidity":75,"sunshine":60,"hour":22,"pollenindex":5,"windspeed":11,"sunshinepower":0,"sunpower":0},{"datetime":"2020-07-07T23:00:00","datetimeutc":"2020-07-07T21:00:00","timetype":"Hour","precipitationmm":0.0,"temperature":12.8,"feeltemperature":12.8,"cloudcover":17,"iconcode":"jj","iconid":4,"sources":1,"winddirection":"NW","winddirectiondegrees":307,"windspeedms":2.58,"visibility":11210,"precipitation":0,"beaufort":2,"humidity":79,"sunshine":5,"hour":23,"pollenindex":5,"windspeed":9,"sunshinepower":0,"sunpower":0}],"datetime":"2020-07-07T00:00:00","datetimeutc":"2020-07-06T22:00:00","timetype":"Day","precipitationmm":0.0,"mintemperature":11.6,"maxtemperature":17.7,"cloudcover":75,"iconcode":"r","iconid":3,"sources":1,"winddirection":"NW","winddirectiondegrees":315,"windspeedms":4.31,"precipitation":1,"beaufort":3,"uvindex":6,"bbqindex":6,"mosquitoindex":7,"pollenindex":5,"icescrapeindex":1,"mintemp":11.6,"maxtemp":17.7,"windspeed":4},{"date":"2020-07-08T00:00:00","sunrise":"2020-07-08T05:29:13","sunset":"2020-07-08T22:01:29","hours":[{"datetime":"2020-07-08T00:00:00","datetimeutc":"2020-07-07T22:00:00","timetype":"Hour","precipitationmm":0.0,"temperature":12.2,"feeltemperature":12.2,"cloudcover":13,"iconcode":"aa","iconid":4,"sources":1,"winddirection":"NW","winddirectiondegrees":300,"windspeedms":2.48,"visibility":10610,"precipitation":0,"beaufort":2,"humidity":83,"sunshine":0,"hour":0,"pollenindex":4,"windspeed":9,"sunshinepower":0,"sunpower":0},{"datetime":"2020-07-08T01:00:00","datetimeutc":"2020-07-07T23:00:00","timetype":"Hour","precipitationmm":0.0,"temperature":11.9,"feeltemperature":11.9,"cloudcover":5,"iconcode":"aa","iconid":7,"sources":1,"winddirection":"W","winddirectiondegrees":287,"windspeedms":2.5,"visibility":10420,"precipitation":0,"beaufort":2,"humidity":84,"sunshine":0,"hour":1,"pollenindex":4,"windspeed":9,"sunshinepower":0,"sunpower":0},{"datetime":"2020-07-08T02:00:00","datetimeutc":"2020-07-08T00:00:00","timetype":"Hour","precipitationmm":0.0,"temperature":11.6,"feeltemperature":11.6,"cloudcover":33,"iconcode":"jj","iconid":7,"sources":1,"winddirection":"W","winddirectiondegrees":272,"windspeedms":2.7,"visibility":10220,"precipitation":0,"beaufort":2,"humidity":86,"sunshine":0,"hour":2,"pollenindex":4,"windspeed":10,"sunshinepower":0,"sunpower":0},{"datetime":"2020-07-08T03:00:00","datetimeutc":"2020-07-08T01:00:00","timetype":"Hour","precipitationmm":0.0,"temperature":11.7,"feeltemperature":11.7,"cloudcover":12,"iconcode":"aa","iconid":4,"sources":1,"winddirection":"W","winddirectiondegrees":264,"windspeedms":2.47,"visibility":10410,"precipitation":0,"beaufort":2,"humidity":85,"sunshine":0,"hour":3,"pollenindex":4,"windspeed":9,"sunshinepower":0,"sunpower":0},{"datetime":"2020-07-08T04:00:00","datetimeutc":"2020-07-08T02:00:00","timetype":"Hour","precipitationmm":0.0,"temperature":11.8,"feeltemperature":11.8,"cloudcover":15,"iconcode":"jj","iconid":4,"sources":1,"winddirection":"W","winddirectiondegrees":257,"windspeedms":2.52,"visibility":10810,"precipitation":0,"beaufort":2,"humidity":85,"sunshine":0,"hour":4,"pollenindex":4,"windspeed":9,"sunshinepower":0,"sunpower":0},{"datetime":"2020-07-08T05:00:00","datetimeutc":"2020-07-08T03:00:00","timetype":"Hour","precipitationmm":0.0,"temperature":12.1,"feeltemperature":12.1,"cloudcover":18,"iconcode":"jj","iconid":4,"sources":1,"winddirection":"ZW","winddirectiondegrees":246,"windspeedms":2.61,"visibility":11000,"precipitation":0,"beaufort":2,"humidity":84,"sunshine":0,"hour":5,"pollenindex":4,"windspeed":9,"sunshinepower":0,"sunpower":0},{"datetime":"2020-07-08T06:00:00","datetimeutc":"2020-07-08T04:00:00","timetype":"Hour","precipitationmm":0.0,"temperature":12.6,"feeltemperature":12.6,"cloudcover":35,"iconcode":"j","iconid":4,"sources":1,"winddirection":"ZW","winddirectiondegrees":233,"windspeedms":2.91,"visibility":10800,"precipitation":0,"beaufort":2,"humidity":83,"sunshine":43,"hour":6,"pollenindex":4,"windspeed":10,"sunshinepower":25,"sunpower":25},{"datetime":"2020-07-08T07:00:00","datetimeutc":"2020-07-08T05:00:00","timetype":"Hour","precipitationmm":0.0,"temperature":13.3,"feeltemperature":13.3,"cloudcover":26,"iconcode":"j","iconid":5,"sources":1,"winddirection":"ZW","winddirectiondegrees":214,"windspeedms":3.03,"visibility":10000,"precipitation":0,"beaufort":2,"humidity":82,"sunshine":63,"hour":7,"pollenindex":4,"windspeed":11,"sunshinepower":118,"sunpower":118},{"datetime":"2020-07-08T08:00:00","datetimeutc":"2020-07-08T06:00:00","timetype":"Hour","precipitationmm":0.0,"temperature":14.3,"feeltemperature":13.4,"cloudcover":31,"iconcode":"j","iconid":5,"sources":1,"winddirection":"ZW","winddirectiondegrees":218,"windspeedms":3.77,"visibility":10800,"precipitation":0,"beaufort":2,"humidity":79,"sunshine":71,"hour":8,"pollenindex":4,"windspeed":14,"sunshinepower":241,"sunpower":241},{"datetime":"2020-07-08T09:00:00","datetimeutc":"2020-07-08T07:00:00","timetype":"Hour","precipitationmm":0.0,"temperature":15.5,"feeltemperature":15.5,"cloudcover":39,"iconcode":"j","iconid":22,"sources":1,"winddirection":"ZW","winddirectiondegrees":222,"windspeedms":4.56,"visibility":13200,"precipitation":0,"beaufort":3,"humidity":75,"sunshine":68,"hour":9,"pollenindex":5,"windspeed":16,"sunshinepower":352,"sunpower":352},{"datetime":"2020-07-08T10:00:00","datetimeutc":"2020-07-08T08:00:00","timetype":"Hour","precipitationmm":0.0,"temperature":16.7,"feeltemperature":16.7,"cloudcover":47,"iconcode":"j","iconid":22,"sources":1,"winddirection":"ZW","winddirectiondegrees":225,"windspeedms":5.15,"visibility":14800,"precipitation":0,"beaufort":3,"humidity":69,"sunshine":58,"hour":10,"pollenindex":6,"windspeed":19,"sunshinepower":444,"sunpower":444},{"datetime":"2020-07-08T11:00:00","datetimeutc":"2020-07-08T09:00:00","timetype":"Hour","precipitationmm":0.0,"temperature":17.8,"feeltemperature":17.8,"cloudcover":53,"iconcode":"b","iconid":19,"sources":1,"winddirection":"ZW","winddirectiondegrees":229,"windspeedms":5.68,"visibility":16600,"precipitation":0,"beaufort":3,"humidity":64,"sunshine":50,"hour":11,"pollenindex":6,"windspeed":20,"sunshinepower":532,"sunpower":532},{"datetime":"2020-07-08T12:00:00","datetimeutc":"2020-07-08T10:00:00","timetype":"Hour","precipitationmm":0.0,"temperature":18.7,"feeltemperature":18.7,"cloudcover":55,"iconcode":"b","iconid":22,"sources":1,"winddirection":"ZW","winddirectiondegrees":237,"windspeedms":6.1,"visibility":18000,"precipitation":1,"beaufort":4,"humidity":59,"sunshine":43,"hour":12,"pollenindex":7,"windspeed":22,"sunshinepower":596,"sunpower":596},{"datetime":"2020-07-08T13:00:00","datetimeutc":"2020-07-08T11:00:00","timetype":"Hour","precipitationmm":0.0,"temperature":19.2,"feeltemperature":19.2,"cloudcover":54,"iconcode":"b","iconid":22,"sources":1,"winddirection":"ZW","winddirectiondegrees":241,"windspeedms":6.25,"visibility":19200,"precipitation":1,"beaufort":4,"humidity":57,"sunshine":41,"hour":13,"pollenindex":7,"windspeed":22,"sunshinepower":619,"sunpower":619},{"datetime":"2020-07-08T14:00:00","datetimeutc":"2020-07-08T12:00:00","timetype":"Hour","precipitationmm":0.0,"temperature":19.7,"feeltemperature":19.7,"cloudcover":52,"iconcode":"b","iconid":22,"sources":1,"winddirection":"ZW","winddirectiondegrees":241,"windspeedms":6.51,"visibility":20000,"precipitation":1,"beaufort":4,"humidity":54,"sunshine":41,"hour":14,"pollenindex":7,"windspeed":23,"sunshinepower":614,"sunpower":614},{"datetime":"2020-07-08T15:00:00","datetimeutc":"2020-07-08T13:00:00","timetype":"Hour","precipitationmm":0.0,"temperature":20.3,"feeltemperature":20.3,"cloudcover":63,"iconcode":"b","iconid":19,"sources":1,"winddirection":"ZW","winddirectiondegrees":244,"windspeedms":6.66,"visibility":21400,"precipitation":1,"beaufort":4,"humidity":54,"sunshine":45,"hour":15,"pollenindex":7,"windspeed":24,"sunshinepower":593,"sunpower":593},{"datetime":"2020-07-08T16:00:00","datetimeutc":"2020-07-08T14:00:00","timetype":"Hour","precipitationmm":0.0,"temperature":20.8,"feeltemperature":20.8,"cloudcover":95,"iconcode":"c","iconid":19,"sources":1,"winddirection":"W","winddirectiondegrees":249,"windspeedms":6.9,"visibility":23000,"precipitation":1,"beaufort":4,"humidity":53,"sunshine":33,"hour":16,"pollenindex":7,"windspeed":25,"sunshinepower":565,"sunpower":565},{"datetime":"2020-07-08T17:00:00","datetimeutc":"2020-07-08T15:00:00","timetype":"Hour","precipitationmm":0.0,"temperature":20.9,"feeltemperature":20.9,"cloudcover":100,"iconcode":"c","iconid":19,"sources":1,"winddirection":"W","winddirectiondegrees":251,"windspeedms":6.71,"visibility":23600,"precipitation":0,"beaufort":4,"humidity":52,"sunshine":0,"hour":17,"pollenindex":7,"windspeed":24,"sunshinepower":518,"sunpower":518},{"datetime":"2020-07-08T18:00:00","datetimeutc":"2020-07-08T16:00:00","timetype":"Hour","precipitationmm":0.0,"temperature":20.7,"feeltemperature":20.7,"cloudcover":100,"iconcode":"c","iconid":19,"sources":1,"winddirection":"W","winddirectiondegrees":250,"windspeedms":6.24,"visibility":24400,"precipitation":1,"beaufort":4,"humidity":53,"sunshine":0,"hour":18,"pollenindex":7,"windspeed":22,"sunshinepower":430,"sunpower":430},{"datetime":"2020-07-08T19:00:00","datetimeutc":"2020-07-08T17:00:00","timetype":"Hour","precipitationmm":0.0,"temperature":20.1,"feeltemperature":20.1,"cloudcover":30,"iconcode":"j","iconid":21,"sources":1,"winddirection":"W","winddirectiondegrees":249,"windspeedms":5.92,"visibility":24400,"precipitation":1,"beaufort":3,"humidity":55,"sunshine":0,"hour":19,"pollenindex":6,"windspeed":21,"sunshinepower":311,"sunpower":311},{"datetime":"2020-07-08T20:00:00","datetimeutc":"2020-07-08T18:00:00","timetype":"Hour","precipitationmm":0.0,"temperature":19.3,"feeltemperature":19.3,"cloudcover":30,"iconcode":"j","iconid":21,"sources":1,"winddirection":"W","winddirectiondegrees":248,"windspeedms":5.37,"visibility":23200,"precipitation":0,"beaufort":3,"humidity":59,"sunshine":68,"hour":20,"pollenindex":6,"windspeed":19,"sunshinepower":186,"sunpower":186},{"datetime":"2020-07-08T21:00:00","datetimeutc":"2020-07-08T19:00:00","timetype":"Hour","precipitationmm":0.0,"temperature":18.2,"feeltemperature":18.2,"cloudcover":32,"iconcode":"j","iconid":20,"sources":1,"winddirection":"ZW","winddirectiondegrees":239,"windspeedms":4.74,"visibility":20810,"precipitation":0,"beaufort":3,"humidity":63,"sunshine":68,"hour":21,"pollenindex":5,"windspeed":17,"sunshinepower":72,"sunpower":72},{"datetime":"2020-07-08T22:00:00","datetimeutc":"2020-07-08T20:00:00","timetype":"Hour","precipitationmm":0.0,"temperature":17.1,"feeltemperature":17.1,"cloudcover":40,"iconcode":"j","iconid":20,"sources":1,"winddirection":"ZW","winddirectiondegrees":226,"windspeedms":4.27,"visibility":17610,"precipitation":0,"beaufort":3,"humidity":68,"sunshine":65,"hour":22,"pollenindex":5,"windspeed":15,"sunshinepower":0,"sunpower":0},{"datetime":"2020-07-08T23:00:00","datetimeutc":"2020-07-08T21:00:00","timetype":"Hour","precipitationmm":0.0,"temperature":16.5,"feeltemperature":16.5,"cloudcover":44,"iconcode":"jj","iconid":19,"sources":1,"winddirection":"ZW","winddirectiondegrees":218,"windspeedms":4.13,"visibility":15210,"precipitation":0,"beaufort":3,"humidity":72,"sunshine":3,"hour":23,"pollenindex":5,"windspeed":15,"sunshinepower":0,"sunpower":0}],"datetime":"2020-07-08T00:00:00","datetimeutc":"2020-07-07T22:00:00","timetype":"Day","precipitationmm":0.0,"mintemperature":11.6,"maxtemperature":20.9,"cloudcover":75,"iconcode":"r","iconid":3,"sources":1,"winddirection":"ZW","winddirectiondegrees":225,"windspeedms":4.59,"precipitation":1,"beaufort":3,"uvindex":7,"bbqindex":6,"mosquitoindex":8,"pollenindex":5,"icescrapeindex":1,"mintemp":11.6,"maxtemp":20.9,"windspeed":5},{"date":"2020-07-09T00:00:00","sunrise":"2020-07-09T05:30:15","sunset":"2020-07-09T22:00:42","hours":[{"datetime":"2020-07-09T00:00:00","datetimeutc":"2020-07-08T22:00:00","timetype":"Hour","precipitationmm":0.0,"temperature":16.2,"feeltemperature":16.2,"cloudcover":36,"iconcode":"jj","iconid":19,"sources":1,"winddirection":"ZW","winddirectiondegrees":222,"windspeedms":4.28,"visibility":14610,"precipitation":0,"beaufort":3,"humidity":74,"sunshine":0,"hour":0,"pollenindex":5,"windspeed":15,"sunshinepower":0,"sunpower":0},{"datetime":"2020-07-09T01:00:00","datetimeutc":"2020-07-08T23:00:00","timetype":"Hour","precipitationmm":0.0,"temperature":16.1,"feeltemperature":16.1,"cloudcover":30,"iconcode":"jj","iconid":19,"sources":1,"winddirection":"ZW","winddirectiondegrees":223,"windspeedms":4.44,"visibility":14010,"precipitation":0,"beaufort":3,"humidity":75,"sunshine":0,"hour":1,"pollenindex":5,"windspeed":16,"sunshinepower":0,"sunpower":0},{"datetime":"2020-07-09T02:00:00","datetimeutc":"2020-07-09T00:00:00","timetype":"Hour","precipitationmm":0.0,"temperature":15.8,"feeltemperature":15.8,"cloudcover":30,"iconcode":"jj","iconid":19,"sources":1,"winddirection":"ZW","winddirectiondegrees":224,"windspeedms":4.88,"visibility":13010,"precipitation":0,"beaufort":3,"humidity":78,"sunshine":0,"hour":2,"pollenindex":4,"windspeed":18,"sunshinepower":0,"sunpower":0},{"datetime":"2020-07-09T03:00:00","datetimeutc":"2020-07-09T01:00:00","timetype":"Hour","precipitationmm":0.0,"temperature":15.5,"feeltemperature":15.5,"cloudcover":40,"iconcode":"jj","iconid":19,"sources":1,"winddirection":"ZW","winddirectiondegrees":226,"windspeedms":4.72,"visibility":12610,"precipitation":0,"beaufort":3,"humidity":80,"sunshine":0,"hour":3,"pollenindex":4,"windspeed":17,"sunshinepower":0,"sunpower":0},{"datetime":"2020-07-09T04:00:00","datetimeutc":"2020-07-09T02:00:00","timetype":"Hour","precipitationmm":0.0,"temperature":15.2,"feeltemperature":15.2,"cloudcover":70,"iconcode":"rr","iconid":19,"sources":1,"winddirection":"ZW","winddirectiondegrees":231,"windspeedms":4.33,"visibility":11210,"precipitation":0,"beaufort":3,"humidity":83,"sunshine":0,"hour":4,"pollenindex":4,"windspeed":16,"sunshinepower":0,"sunpower":0},{"datetime":"2020-07-09T05:00:00","datetimeutc":"2020-07-09T03:00:00","timetype":"Hour","precipitationmm":0.0,"temperature":15.2,"feeltemperature":15.2,"cloudcover":89,"iconcode":"rr","iconid":20,"sources":1,"winddirection":"ZW","winddirectiondegrees":232,"windspeedms":4.18,"visibility":10000,"precipitation":0,"beaufort":3,"humidity":84,"sunshine":0,"hour":5,"pollenindex":4,"windspeed":15,"sunshinepower":0,"sunpower":0},{"datetime":"2020-07-09T06:00:00","datetimeutc":"2020-07-09T04:00:00","timetype":"Hour","precipitationmm":0.0,"temperature":15.4,"feeltemperature":15.4,"cloudcover":86,"iconcode":"r","iconid":20,"sources":1,"winddirection":"ZW","winddirectiondegrees":231,"windspeedms":4.2,"visibility":10000,"precipitation":0,"beaufort":3,"humidity":85,"sunshine":3,"hour":6,"pollenindex":4,"windspeed":15,"sunshinepower":22,"sunpower":22},{"datetime":"2020-07-09T07:00:00","datetimeutc":"2020-07-09T05:00:00","timetype":"Hour","precipitationmm":0.0,"temperature":16.1,"feeltemperature":16.1,"cloudcover":73,"iconcode":"r","iconid":20,"sources":1,"winddirection":"ZW","winddirectiondegrees":237,"windspeedms":4.48,"visibility":10000,"precipitation":0,"beaufort":3,"humidity":84,"sunshine":8,"hour":7,"pollenindex":4,"windspeed":16,"sunshinepower":103,"sunpower":103},{"datetime":"2020-07-09T08:00:00","datetimeutc":"2020-07-09T06:00:00","timetype":"Hour","precipitationmm":0.0,"temperature":17.1,"feeltemperature":17.1,"cloudcover":68,"iconcode":"b","iconid":20,"sources":1,"winddirection":"ZW","winddirectiondegrees":243,"windspeedms":4.96,"visibility":10600,"precipitation":0,"beaufort":3,"humidity":82,"sunshine":21,"hour":8,"pollenindex":4,"windspeed":18,"sunshinepower":211,"sunpower":211},{"datetime":"2020-07-09T09:00:00","datetimeutc":"2020-07-09T07:00:00","timetype":"Hour","precipitationmm":0.0,"temperature":17.9,"feeltemperature":17.9,"cloudcover":80,"iconcode":"r","iconid":20,"sources":1,"winddirection":"W","winddirectiondegrees":249,"windspeedms":5.9,"visibility":12800,"precipitation":0,"beaufort":3,"humidity":78,"sunshine":28,"hour":9,"pollenindex":4,"windspeed":21,"sunshinepower":319,"sunpower":319},{"datetime":"2020-07-09T10:00:00","datetimeutc":"2020-07-09T08:00:00","timetype":"Hour","precipitationmm":0.0,"temperature":18.8,"feeltemperature":18.8,"cloudcover":99,"iconcode":"c","iconid":20,"sources":1,"winddirection":"W","winddirectiondegrees":253,"windspeedms":6.39,"visibility":13400,"precipitation":0,"beaufort":4,"humidity":73,"sunshine":15,"hour":10,"pollenindex":6,"windspeed":23,"sunshinepower":416,"sunpower":416},{"datetime":"2020-07-09T11:00:00","datetimeutc":"2020-07-09T09:00:00","timetype":"Hour","precipitationmm":0.0,"temperature":19.4,"feeltemperature":19.4,"cloudcover":100,"iconcode":"c","iconid":19,"sources":1,"winddirection":"W","winddirectiondegrees":256,"windspeedms":6.52,"visibility":13600,"precipitation":0,"beaufort":4,"humidity":69,"sunshine":0,"hour":11,"pollenindex":6,"windspeed":23,"sunshinepower":497,"sunpower":497},{"datetime":"2020-07-09T12:00:00","datetimeutc":"2020-07-09T10:00:00","timetype":"Hour","precipitationmm":0.0,"temperature":20.1,"feeltemperature":20.1,"cloudcover":100,"iconcode":"c","iconid":19,"sources":1,"winddirection":"W","winddirectiondegrees":261,"windspeedms":6.71,"visibility":14200,"precipitation":0,"beaufort":4,"humidity":65,"sunshine":0,"hour":12,"pollenindex":6,"windspeed":24,"sunshinepower":557,"sunpower":557},{"datetime":"2020-07-09T13:00:00","datetimeutc":"2020-07-09T11:00:00","timetype":"Hour","precipitationmm":0.0,"temperature":20.5,"feeltemperature":20.5,"cloudcover":100,"iconcode":"c","iconid":19,"sources":1,"winddirection":"W","winddirectiondegrees":264,"windspeedms":7.01,"visibility":15400,"precipitation":0,"beaufort":4,"humidity":62,"sunshine":0,"hour":13,"pollenindex":6,"windspeed":25,"sunshinepower":580,"sunpower":580},{"datetime":"2020-07-09T14:00:00","datetimeutc":"2020-07-09T12:00:00","timetype":"Hour","precipitationmm":0.0,"temperature":20.6,"feeltemperature":20.6,"cloudcover":100,"iconcode":"c","iconid":19,"sources":1,"winddirection":"W","winddirectiondegrees":267,"windspeedms":6.97,"visibility":15400,"precipitation":0,"beaufort":4,"humidity":61,"sunshine":0,"hour":14,"pollenindex":6,"windspeed":25,"sunshinepower":573,"sunpower":573},{"datetime":"2020-07-09T15:00:00","datetimeutc":"2020-07-09T13:00:00","timetype":"Hour","precipitationmm":0.0,"temperature":20.5,"feeltemperature":20.5,"cloudcover":100,"iconcode":"c","iconid":19,"sources":1,"winddirection":"W","winddirectiondegrees":269,"windspeedms":6.98,"visibility":15600,"precipitation":0,"beaufort":4,"humidity":62,"sunshine":0,"hour":15,"pollenindex":6,"windspeed":25,"sunshinepower":548,"sunpower":548},{"datetime":"2020-07-09T16:00:00","datetimeutc":"2020-07-09T14:00:00","timetype":"Hour","precipitationmm":0.0,"temperature":20.1,"feeltemperature":20.1,"cloudcover":100,"iconcode":"c","iconid":19,"sources":1,"winddirection":"W","winddirectiondegrees":273,"windspeedms":6.61,"visibility":16000,"precipitation":0,"beaufort":4,"humidity":64,"sunshine":0,"hour":16,"pollenindex":6,"windspeed":24,"sunshinepower":499,"sunpower":499},{"datetime":"2020-07-09T17:00:00","datetimeutc":"2020-07-09T15:00:00","timetype":"Hour","precipitationmm":0.0,"temperature":19.8,"feeltemperature":19.8,"cloudcover":100,"iconcode":"c","iconid":19,"sources":1,"winddirection":"W","winddirectiondegrees":277,"windspeedms":5.99,"visibility":15800,"precipitation":0,"beaufort":3,"humidity":64,"sunshine":0,"hour":17,"pollenindex":6,"windspeed":22,"sunshinepower":422,"sunpower":422},{"datetime":"2020-07-09T18:00:00","datetimeutc":"2020-07-09T16:00:00","timetype":"Hour","precipitationmm":0.0,"temperature":19.5,"feeltemperature":19.5,"cloudcover":100,"iconcode":"c","iconid":19,"sources":1,"winddirection":"W","winddirectiondegrees":287,"windspeedms":5.07,"visibility":15000,"precipitation":0,"beaufort":3,"humidity":66,"sunshine":0,"hour":18,"pollenindex":6,"windspeed":18,"sunshinepower":328,"sunpower":328},{"datetime":"2020-07-09T19:00:00","datetimeutc":"2020-07-09T17:00:00","timetype":"Hour","precipitationmm":0.0,"temperature":18.9,"feeltemperature":18.9,"cloudcover":100,"iconcode":"c","iconid":19,"sources":1,"winddirection":"NW","winddirectiondegrees":299,"windspeedms":4.39,"visibility":13800,"precipitation":0,"beaufort":3,"humidity":69,"sunshine":0,"hour":19,"pollenindex":5,"windspeed":16,"sunshinepower":234,"sunpower":234},{"datetime":"2020-07-09T20:00:00","datetimeutc":"2020-07-09T18:00:00","timetype":"Hour","precipitationmm":0.0,"temperature":18.2,"feeltemperature":18.2,"cloudcover":100,"iconcode":"c","iconid":19,"sources":1,"winddirection":"NW","winddirectiondegrees":310,"windspeedms":4.03,"visibility":13000,"precipitation":0,"beaufort":3,"humidity":72,"sunshine":0,"hour":20,"pollenindex":5,"windspeed":15,"sunshinepower":138,"sunpower":138},{"datetime":"2020-07-09T21:00:00","datetimeutc":"2020-07-09T19:00:00","timetype":"Hour","precipitationmm":0.0,"temperature":17.4,"feeltemperature":17.4,"cloudcover":100,"iconcode":"c","iconid":20,"sources":1,"winddirection":"NW","winddirectiondegrees":311,"windspeedms":3.71,"visibility":13810,"precipitation":0,"beaufort":2,"humidity":73,"sunshine":0,"hour":21,"pollenindex":5,"windspeed":13,"sunshinepower":51,"sunpower":51},{"datetime":"2020-07-09T22:00:00","datetimeutc":"2020-07-09T20:00:00","timetype":"Hour","precipitationmm":0.0,"temperature":16.9,"feeltemperature":16.9,"cloudcover":100,"iconcode":"c","iconid":19,"sources":1,"winddirection":"NW","winddirectiondegrees":309,"windspeedms":2.91,"visibility":14820,"precipitation":0,"beaufort":2,"humidity":75,"sunshine":0,"hour":22,"pollenindex":5,"windspeed":10,"sunshinepower":0,"sunpower":0},{"datetime":"2020-07-09T23:00:00","datetimeutc":"2020-07-09T21:00:00","timetype":"Hour","precipitationmm":0.0,"temperature":16.5,"feeltemperature":16.5,"cloudcover":100,"iconcode":"cc","iconid":21,"sources":1,"winddirection":"NW","winddirectiondegrees":302,"windspeedms":2.39,"visibility":13220,"precipitation":0,"beaufort":2,"humidity":78,"sunshine":0,"hour":23,"pollenindex":5,"windspeed":9,"sunshinepower":0,"sunpower":0}],"datetime":"2020-07-09T00:00:00","datetimeutc":"2020-07-08T22:00:00","timetype":"Day","precipitationmm":0.0,"mintemperature":15.2,"maxtemperature":20.6,"cloudcover":90,"iconcode":"c","iconid":4,"sources":1,"winddirection":"W","winddirectiondegrees":270,"windspeedms":5.09,"precipitation":0,"beaufort":3,"uvindex":7,"bbqindex":7,"mosquitoindex":8,"pollenindex":5,"icescrapeindex":1,"mintemp":15.2,"maxtemp":20.6,"windspeed":5},{"date":"2020-07-10T00:00:00","sunrise":"2020-07-10T05:31:20","sunset":"2020-07-10T21:59:53","hours":[{"datetime":"2020-07-10T00:00:00","datetimeutc":"2020-07-09T22:00:00","timetype":"Hour","precipitationmm":0.0,"temperature":16.0,"feeltemperature":16.0,"cloudcover":100,"iconcode":"cc","iconid":20,"sources":1,"winddirection":"NW","winddirectiondegrees":294,"windspeedms":2.28,"visibility":12220,"precipitation":0,"beaufort":2,"humidity":81,"sunshine":0,"hour":0,"pollenindex":4,"windspeed":8,"sunshinepower":0,"sunpower":0},{"datetime":"2020-07-10T01:00:00","datetimeutc":"2020-07-09T23:00:00","timetype":"Hour","precipitationmm":0.0,"temperature":15.6,"feeltemperature":15.6,"cloudcover":100,"iconcode":"cc","iconid":19,"sources":1,"winddirection":"W","winddirectiondegrees":287,"windspeedms":2.49,"visibility":12020,"precipitation":0,"beaufort":2,"humidity":82,"sunshine":0,"hour":1,"pollenindex":4,"windspeed":9,"sunshinepower":0,"sunpower":0},{"datetime":"2020-07-10T02:00:00","datetimeutc":"2020-07-10T00:00:00","timetype":"Hour","precipitationmm":0.0,"temperature":15.2,"feeltemperature":15.2,"cloudcover":99,"iconcode":"cc","iconid":21,"sources":1,"winddirection":"W","winddirectiondegrees":284,"windspeedms":2.64,"visibility":12620,"precipitation":0,"beaufort":2,"humidity":81,"sunshine":0,"hour":2,"pollenindex":4,"windspeed":10,"sunshinepower":0,"sunpower":0},{"datetime":"2020-07-10T03:00:00","datetimeutc":"2020-07-10T01:00:00","timetype":"Hour","precipitationmm":0.0,"temperature":15.1,"feeltemperature":15.1,"cloudcover":100,"iconcode":"cc","iconid":22,"sources":1,"winddirection":"W","winddirectiondegrees":286,"windspeedms":2.62,"visibility":13820,"precipitation":0,"beaufort":2,"humidity":81,"sunshine":0,"hour":3,"pollenindex":4,"windspeed":9,"sunshinepower":0,"sunpower":0},{"datetime":"2020-07-10T04:00:00","datetimeutc":"2020-07-10T02:00:00","timetype":"Hour","precipitationmm":0.0,"temperature":15.1,"feeltemperature":15.1,"cloudcover":100,"iconcode":"cc","iconid":22,"sources":1,"winddirection":"W","winddirectiondegrees":281,"windspeedms":2.56,"visibility":15010,"precipitation":0,"beaufort":2,"humidity":81,"sunshine":0,"hour":4,"pollenindex":4,"windspeed":9,"sunshinepower":0,"sunpower":0},{"datetime":"2020-07-10T05:00:00","datetimeutc":"2020-07-10T03:00:00","timetype":"Hour","precipitationmm":0.0,"temperature":15.2,"feeltemperature":15.2,"cloudcover":100,"iconcode":"cc","iconid":22,"sources":1,"winddirection":"W","winddirectiondegrees":283,"windspeedms":3.03,"visibility":15200,"precipitation":0,"beaufort":2,"humidity":81,"sunshine":0,"hour":5,"pollenindex":4,"windspeed":11,"sunshinepower":0,"sunpower":0},{"datetime":"2020-07-10T06:00:00","datetimeutc":"2020-07-10T04:00:00","timetype":"Hour","precipitationmm":0.0,"temperature":15.3,"feeltemperature":15.3,"cloudcover":100,"iconcode":"c","iconid":22,"sources":1,"winddirection":"W","winddirectiondegrees":286,"windspeedms":3.0,"visibility":14010,"precipitation":0,"beaufort":2,"humidity":81,"sunshine":0,"hour":6,"pollenindex":4,"windspeed":11,"sunshinepower":15,"sunpower":15},{"datetime":"2020-07-10T07:00:00","datetimeutc":"2020-07-10T05:00:00","timetype":"Hour","precipitationmm":0.0,"temperature":15.6,"feeltemperature":15.6,"cloudcover":100,"iconcode":"c","iconid":22,"sources":1,"winddirection":"W","winddirectiondegrees":292,"windspeedms":3.79,"visibility":13410,"precipitation":0,"beaufort":2,"humidity":79,"sunshine":0,"hour":7,"pollenindex":4,"windspeed":14,"sunshinepower":72,"sunpower":72},{"datetime":"2020-07-10T08:00:00","datetimeutc":"2020-07-10T06:00:00","timetype":"Hour","precipitationmm":0.0,"temperature":16.0,"feeltemperature":16.0,"cloudcover":100,"iconcode":"c","iconid":22,"sources":1,"winddirection":"W","winddirectiondegrees":291,"windspeedms":4.21,"visibility":13800,"precipitation":1,"beaufort":3,"humidity":76,"sunshine":0,"hour":8,"pollenindex":5,"windspeed":15,"sunshinepower":156,"sunpower":156},{"datetime":"2020-07-10T09:00:00","datetimeutc":"2020-07-10T07:00:00","timetype":"Hour","precipitationmm":0.0,"temperature":16.3,"feeltemperature":16.3,"cloudcover":100,"iconcode":"c","iconid":22,"sources":1,"winddirection":"W","winddirectiondegrees":287,"windspeedms":4.48,"visibility":14200,"precipitation":1,"beaufort":3,"humidity":75,"sunshine":0,"hour":9,"pollenindex":5,"windspeed":16,"sunshinepower":255,"sunpower":255},{"datetime":"2020-07-10T10:00:00","datetimeutc":"2020-07-10T08:00:00","timetype":"Hour","precipitationmm":0.0,"temperature":16.7,"feeltemperature":16.7,"cloudcover":100,"iconcode":"c","iconid":22,"sources":1,"winddirection":"W","winddirectiondegrees":286,"windspeedms":4.88,"visibility":15400,"precipitation":1,"beaufort":3,"humidity":72,"sunshine":0,"hour":10,"pollenindex":6,"windspeed":18,"sunshinepower":352,"sunpower":352},{"datetime":"2020-07-10T11:00:00","datetimeutc":"2020-07-10T09:00:00","timetype":"Hour","precipitationmm":0.0,"temperature":17.1,"feeltemperature":17.1,"cloudcover":98,"iconcode":"c","iconid":22,"sources":1,"winddirection":"W","winddirectiondegrees":285,"windspeedms":5.22,"visibility":16600,"precipitation":1,"beaufort":3,"humidity":68,"sunshine":0,"hour":11,"pollenindex":6,"windspeed":19,"sunshinepower":420,"sunpower":420},{"datetime":"2020-07-10T12:00:00","datetimeutc":"2020-07-10T10:00:00","timetype":"Hour","precipitationmm":0.0,"temperature":17.4,"feeltemperature":17.4,"cloudcover":99,"iconcode":"c","iconid":22,"sources":1,"winddirection":"W","winddirectiondegrees":283,"windspeedms":5.48,"visibility":16400,"precipitation":1,"beaufort":3,"humidity":65,"sunshine":0,"hour":12,"pollenindex":6,"windspeed":20,"sunshinepower":472,"sunpower":472},{"datetime":"2020-07-10T13:00:00","datetimeutc":"2020-07-10T11:00:00","timetype":"Hour","precipitationmm":0.0,"temperature":17.5,"feeltemperature":17.5,"cloudcover":100,"iconcode":"c","iconid":22,"sources":1,"winddirection":"W","winddirectiondegrees":284,"windspeedms":5.62,"visibility":15800,"precipitation":1,"beaufort":3,"humidity":64,"sunshine":0,"hour":13,"pollenindex":6,"windspeed":20,"sunshinepower":327,"sunpower":327},{"datetime":"2020-07-10T14:00:00","datetimeutc":"2020-07-10T12:00:00","timetype":"Hour","precipitationmm":0.0,"temperature":17.6,"feeltemperature":17.6,"cloudcover":100,"iconcode":"c","iconid":22,"sources":1,"winddirection":"W","winddirectiondegrees":282,"windspeedms":5.67,"visibility":14800,"precipitation":1,"beaufort":3,"humidity":63,"sunshine":0,"hour":14,"pollenindex":6,"windspeed":20,"sunshinepower":0,"sunpower":0}],"datetime":"2020-07-10T00:00:00","datetimeutc":"2020-07-09T22:00:00","timetype":"Day","precipitationmm":0.0,"mintemperature":15.1,"maxtemperature":19.1,"cloudcover":90,"iconcode":"c","iconid":4,"sources":1,"winddirection":"W","winddirectiondegrees":270,"windspeedms":3.24,"precipitation":2,"beaufort":2,"mosquitoindex":7,"pollenindex":5,"icescrapeindex":1,"mintemp":15.1,"maxtemp":19.1,"windspeed":3},{"date":"2020-07-11T00:00:00","sunrise":"2020-07-11T05:32:26","sunset":"2020-07-11T21:59:01","datetime":"2020-07-11T00:00:00","datetimeutc":"2020-07-10T22:00:00","timetype":"Day","precipitationmm":2.6,"mintemperature":14.7,"maxtemperature":18.0,"cloudcover":25,"iconcode":"f","iconid":16,"sources":1,"winddirection":"NW","winddirectiondegrees":315,"windspeedms":2.73,"precipitation":57,"beaufort":2,"pollenindex":5,"mintemp":14.7,"maxtemp":18.0,"windspeed":3},{"date":"2020-07-12T00:00:00","sunrise":"2020-07-12T05:33:35","sunset":"2020-07-12T21:58:06","datetime":"2020-07-12T00:00:00","datetimeutc":"2020-07-11T22:00:00","timetype":"Day","precipitationmm":0.0,"mintemperature":14.8,"maxtemperature":18.4,"cloudcover":75,"iconcode":"r","iconid":3,"sources":1,"winddirection":"NW","winddirectiondegrees":315,"windspeedms":3.09,"precipitation":2,"beaufort":2,"pollenindex":5,"mintemp":14.8,"maxtemp":18.4,"windspeed":3},{"date":"2020-07-13T00:00:00","sunrise":"2020-07-13T05:34:45","sunset":"2020-07-13T21:57:08","datetime":"2020-07-13T00:00:00","datetimeutc":"2020-07-12T22:00:00","timetype":"Day","precipitationmm":0.0,"mintemperature":14.6,"maxtemperature":18.9,"cloudcover":25,"iconcode":"j","iconid":2,"sources":1,"winddirection":"N","winddirectiondegrees":0,"windspeedms":2.88,"precipitation":2,"beaufort":2,"pollenindex":5,"mintemp":14.6,"maxtemp":18.9,"windspeed":3},{"date":"2020-07-14T00:00:00","sunrise":"2020-07-14T05:35:58","sunset":"2020-07-14T21:56:08","datetime":"2020-07-14T00:00:00","datetimeutc":"2020-07-13T22:00:00","timetype":"Day","precipitationmm":0.0,"mintemperature":14.9,"maxtemperature":19.9,"cloudcover":25,"iconcode":"j","iconid":2,"sources":1,"winddirection":"N","winddirectiondegrees":0,"windspeedms":2.39,"precipitation":1,"beaufort":2,"pollenindex":5,"mintemp":14.9,"maxtemp":19.9,"windspeed":2},{"date":"2020-07-15T00:00:00","sunrise":"2020-07-15T05:37:12","sunset":"2020-07-15T21:55:04","datetime":"2020-07-15T00:00:00","datetimeutc":"2020-07-14T22:00:00","timetype":"Day","precipitationmm":0.0,"mintemperature":15.9,"maxtemperature":20.1,"cloudcover":25,"iconcode":"j","iconid":2,"sources":1,"winddirection":"NW","winddirectiondegrees":315,"windspeedms":1.82,"precipitation":1,"beaufort":1,"pollenindex":5,"mintemp":15.9,"maxtemp":20.1,"windspeed":2},{"date":"2020-07-16T00:00:00","sunrise":"2020-07-16T05:38:28","sunset":"2020-07-16T21:53:58","datetime":"2020-07-16T00:00:00","datetimeutc":"2020-07-15T22:00:00","timetype":"Day","precipitationmm":0.0,"mintemperature":16.0,"maxtemperature":20.9,"cloudcover":25,"iconcode":"j","iconid":2,"sources":1,"winddirection":"O","winddirectiondegrees":90,"windspeedms":1.52,"precipitation":2,"beaufort":1,"pollenindex":5,"mintemp":16.0,"maxtemp":20.9,"windspeed":2},{"date":"2020-07-17T00:00:00","sunrise":"2020-07-17T05:39:45","sunset":"2020-07-17T21:52:49","datetime":"2020-07-17T00:00:00","datetimeutc":"2020-07-16T22:00:00","timetype":"Day","precipitationmm":0.0,"mintemperature":16.4,"maxtemperature":21.3,"cloudcover":25,"iconcode":"j","iconid":2,"sources":1,"winddirection":"NW","winddirectiondegrees":315,"windspeedms":2.06,"precipitation":2,"beaufort":2,"pollenindex":5,"mintemp":16.4,"maxtemp":21.3,"windspeed":2}]}