{"location":{"lat":52.37,"lon":4.89},"timeOffset":2.0,"timestamp":"2020-07-25T21:32:53","altitude":0,"elevation":0,"machinename":"None","elapsedms":0,"pollenindexNowDay":5,"pollenindexNowHour":4,"nowrelevant":{"values":[{"type":"pollenindex","value":5},{"type":"uvindex","value":5}]},"days":[{"date":"2020-07-26T00:00:00","sunrise":"2020-07-26T05:52:24","sunset":"2020-07-26T21:40:39","morning":{"datetime":"2020-07-26T07:00:00","datetimeutc":"2020-07-26T05:00:00","timetype":"Morning","precipitationmm":0.0,"mintemperature":17.6,"maxtemperature":18.1,"cloudcover":89,"iconcode":"r","iconid":22,"sources":1,"winddirection":"W","winddirectiondegrees":254,"windspeedms":5.9,"visibility":10380,"precipitation":2,"beaufort":3,"humidity":85,"sunshine":3,"hour":7,"mintemp":17.6,"maxtemp":18.1,"windspeed":21,"sunshinepower":251,"sunpower":251},"afternoon":{"datetime":"2020-07-26T12:00:00","datetimeutc":"2020-07-26T10:00:00","timetype":"Afternoon","precipitationmm":0.1,"mintemperature":18.4,"maxtemperature":19.2,"cloudcover":66,"iconcode":"b","iconid":22,"sources":1,"winddirection":"W","winddirectiondegrees":257,"windspeedms":6.8,"visibility":13820,"precipitation":36,"beaufort":4,"humidity":74,"sunshine":24,"hour":12,"mintemp":18.4,"maxtemp":19.2,"windspeed":24,"sunshinepower":577,"sunpower":577},"evening":{"datetime":"2020-07-26T18:00:00","datetimeutc":"2020-07-26T16:00:00","timetype":"Evening","precipitationmm":0.0,"mintemperature":16.8,"maxtemperature":19.3,"cloudcover":25,"iconcode":"j","iconid":6,"sources":1,"winddirection":"ZW","winddirectiondegrees":242,"windspeedms":4.8,"visibility":14028,"precipitation":0,"beaufort":3,"humidity":72,"sunshine":44,"hour":18,"mintemp":16.8,"maxtemp":19.3,"windspeed":17,"sunshinepower":165,"sunpower":165},"night":{"datetime":"2020-07-26T00:00:00","datetimeutc":"2020-07-25T22:00:00","timetype":"Night","precipitationmm":10.1,"mintemperature":17.8,"maxtemperature":18.4,"cloudcover":97,"iconcode":"s","iconid":33,"sources":1,"winddirection":"ZW","winddirectiondegrees":236,"windspeedms":5.7,"visibility":9820,"precipitation":67,"beaufort":3,"humidity":90,"sunshine":0,"hour":0,"mintemp":17.8,"maxtemp":18.4,"windspeed":21,"sunshinepower":0,"sunpower":0},"hours":[{"datetime":"2020-07-26T00:00:00","datetimeutc":"2020-07-25T22:00:00","timetype":"Hour","precipitationmm":1.0,"temperature":18.0,"feeltemperature":18.0,"cloudcover":100,"iconcode":"mm","iconid":33,"sources":3,"winddirection":"ZW","winddirectiondegrees":227,"windspeedms":6.4,"visibility":10060,"precipitation":76,"beaufort":4,"humidity":89,"sunshine":0,"hour":0,"pollenindex":3,"windspeed":23,"sunshinepower":0,"sunpower":0},{"datetime":"2020-07-26T01:00:00","datetimeutc":"2020-07-25T23:00:00","timetype":"Hour","precipitationmm":3.9,"temperature":18.2,"feeltemperature":18.2,"cloudcover":100,"iconcode":"mm","iconid":21,"sources":3,"winddirection":"ZW","winddirectiondegrees":228,"windspeedms":5.9,"visibility":10060,"precipitation":80,"beaufort":3,"humidity":91,"sunshine":0,"hour":1,"pollenindex":3,"windspeed":21,"sunshinepower":0,"sunpower":0},{"datetime":"2020-07-26T02:00:00","datetimeutc":"2020-07-26T00:00:00","timetype":"Hour","precipitationmm":2.5,"temperature":18.4,"feeltemperature":18.4,"cloudcover":100,"iconcode":"mm","iconid":33,"sources":2,"winddirection":"ZW","winddirectiondegrees":229,"windspeedms":5.8,"visibility":10060,"precipitation":77,"beaufort":3,"humidity":91,"sunshine":0,"hour":2,"pollenindex":3,"windspeed":21,"sunshinepower":0,"sunpower":0},{"datetime":"2020-07-26T03:00:00","datetimeutc":"2020-07-26T01:00:00","timetype":"Hour","precipitationmm":1.5,"temperature":18.2,"feeltemperature":18.2,"cloudcover":100,"iconcode":"mm","iconid":33,"sources":2,"winddirection":"ZW","winddirectiondegrees":230,"windspeedms":5.6,"visibility":10060,"precipitation":75,"beaufort":3,"humidity":92,"sunshine":0,"hour":3,"pollenindex":3,"windspeed":20,"sunshinepower":0,"sunpower":0},{"datetime":"2020-07-26T04:00:00","datetimeutc":"2020-07-26T02:00:00","timetype":"Hour","precipitationmm":1.2,"temperature":18.1,"feeltemperature":18.1,"cloudcover":99,"iconcode":"ss","iconid":28,"sources":2,"winddirection":"ZW","winddirectiondegrees":238,"windspeedms":5.3,"visibility":9050,"precipitation":80,"beaufort":3,"humidity":92,"sunshine":0,"hour":4,"pollenindex":3,"windspeed":19,"sunshinepower":0,"sunpower":0},{"datetime":"2020-07-26T05:00:00","datetimeutc":"2020-07-26T03:00:00","timetype":"Hour","precipitationmm":0.0,"temperature":17.9,"feeltemperature":17.9,"cloudcover":93,"iconcode":"cc","iconid":19,"sources":2,"winddirection":"ZW","winddirectiondegrees":246,"windspeedms":5.3,"visibility":9630,"precipitation":2,"beaufort":3,"humidity":91,"sunshine":0,"hour":5,"pollenindex":3,"windspeed":19,"sunshinepower":0,"sunpower":0},{"datetime":"2020-07-26T06:00:00","datetimeutc":"2020-07-26T04:00:00","timetype":"Hour","precipitationmm":0.0,"temperature":17.8,"feeltemperature":17.8,"cloudcover":92,"iconcode":"c","iconid":19,"sources":2,"winddirection":"W","winddirectiondegrees":255,"windspeedms":5.4,"visibility":9820,"precipitation":2,"beaufort":3,"humidity":90,"sunshine":0,"hour":6,"pollenindex":3,"windspeed":19,"sunshinepower":3,"sunpower":3},{"datetime":"2020-07-26T07:00:00","datetimeutc":"2020-07-26T05:00:00","timetype":"Hour","precipitationmm":0.0,"temperature":17.7,"feeltemperature":17.7,"cloudcover":92,"iconcode":"c","iconid":22,"sources":2,"winddirection":"W","winddirectiondegrees":258,"windspeedms":5.4,"visibility":10020,"precipitation":2,"beaufort":3,"humidity":88,"sunshine":1,"hour":7,"pollenindex":3,"windspeed":19,"sunshinepower":58,"sunpower":58},{"datetime":"2020-07-26T08:00:00","datetimeutc":"2020-07-26T06:00:00","timetype":"Hour","precipitationmm":0.0,"temperature":17.6,"feeltemperature":17.6,"cloudcover":91,"iconcode":"c","iconid":19,"sources":2,"winddirection":"W","winddirectiondegrees":256,"windspeedms":5.7,"visibility":10220,"precipitation":1,"beaufort":3,"humidity":87,"sunshine":1,"hour":8,"pollenindex":3,"windspeed":21,"sunshinepower":155,"sunpower":155},{"datetime":"2020-07-26T09:00:00","datetimeutc":"2020-07-26T07:00:00","timetype":"Hour","precipitationmm":0.0,"temperature":17.6,"feeltemperature":17.6,"cloudcover":90,"iconcode":"c","iconid":22,"sources":2,"winddirection":"W","winddirectiondegrees":254,"windspeedms":5.9,"visibility":10220,"precipitation":1,"beaufort":3,"humidity":85,"sunshine":3,"hour":9,"pollenindex":3,"windspeed":21,"sunshinepower":263,"sunpower":263},{"datetime":"2020-07-26T10:00:00","datetimeutc":"2020-07-26T08:00:00","timetype":"Hour","precipitationmm":0.0,"temperature":17.8,"feeltemperature":17.8,"cloudcover":89,"iconcode":"r","iconid":22,"sources":2,"winddirection":"W","winddirectiondegrees":250,"windspeedms":6.2,"visibility":10620,"precipitation":2,"beaufort":4,"humidity":84,"sunshine":5,"hour":10,"pollenindex":4,"windspeed":22,"sunshinepower":351,"sunpower":351},{"datetime":"2020-07-26T11:00:00","datetimeutc":"2020-07-26T09:00:00","timetype":"Hour","precipitationmm":0.0,"temperature":18.1,"feeltemperature":18.1,"cloudcover":86,"iconcode":"r","iconid":22,"sources":2,"winddirection":"W","winddirectiondegrees":253,"windspeedms":6.4,"visibility":10820,"precipitation":3,"beaufort":4,"humidity":81,"sunshine":5,"hour":11,"pollenindex":4,"windspeed":23,"sunshinepower":429,"sunpower":429},{"datetime":"2020-07-26T12:00:00","datetimeutc":"2020-07-26T10:00:00","timetype":"Hour","precipitationmm":0.0,"temperature":18.4,"feeltemperature":18.4,"cloudcover":80,"iconcode":"r","iconid":22,"sources":2,"winddirection":"W","winddirectiondegrees":256,"windspeedms":6.4,"visibility":11620,"precipitation":2,"beaufort":4,"humidity":78,"sunshine":8,"hour":12,"pollenindex":4,"windspeed":23,"sunshinepower":503,"sunpower":503},{"datetime":"2020-07-26T13:00:00","datetimeutc":"2020-07-26T11:00:00","timetype":"Hour","precipitationmm":0.1,"temperature":18.6,"feeltemperature":18.6,"cloudcover":73,"iconcode":"m","iconid":22,"sources":2,"winddirection":"W","winddirectiondegrees":255,"windspeedms":6.6,"visibility":11820,"precipitation":78,"beaufort":4,"humidity":74,"sunshine":15,"hour":13,"pollenindex":4,"windspeed":24,"sunshinepower":554,"sunpower":554},{"datetime":"2020-07-26T14:00:00","datetimeutc":"2020-07-26T12:00:00","timetype":"Hour","precipitationmm":0.0,"temperature":18.7,"feeltemperature":18.7,"cloudcover":66,"iconcode":"b","iconid":7,"sources":2,"winddirection":"W","winddirectiondegrees":255,"windspeedms":7.0,"visibility":13220,"precipitation":1,"beaufort":4,"humidity":73,"sunshine":23,"hour":14,"pollenindex":4,"windspeed":25,"sunshinepower":584,"sunpower":584},{"datetime":"2020-07-26T15:00:00","datetimeutc":"2020-07-26T13:00:00","timetype":"Hour","precipitationmm":0.0,"temperature":18.8,"feeltemperature":18.8,"cloudcover":63,"iconcode":"b","iconid":8,"sources":2,"winddirection":"W","winddirectiondegrees":259,"windspeedms":7.0,"visibility":14220,"precipitation":1,"beaufort":4,"humidity":75,"sunshine":30,"hour":15,"pollenindex":4,"windspeed":25,"sunshinepower":615,"sunpower":615},{"datetime":"2020-07-26T16:00:00","datetimeutc":"2020-07-26T14:00:00","timetype":"Hour","precipitationmm":0.0,"temperature":18.9,"feeltemperature":18.9,"cloudcover":61,"iconcode":"b","iconid":8,"sources":2,"winddirection":"W","winddirectiondegrees":260,"windspeedms":6.9,"visibility":15620,"precipitation":1,"beaufort":4,"humidity":74,"sunshine":33,"hour":16,"pollenindex":4,"windspeed":25,"sunshinepower":631,"sunpower":631},{"datetime":"2020-07-26T17:00:00","datetimeutc":"2020-07-26T15:00:00","timetype":"Hour","precipitationmm":0.0,"temperature":19.2,"feeltemperature":19.2,"cloudcover":55,"iconcode":"b","iconid":9,"sources":2,"winddirection":"W","winddirectiondegrees":261,"windspeedms":6.8,"visibility":16420,"precipitation":1,"beaufort":4,"humidity":71,"sunshine":35,"hour":17,"pollenindex":4,"windspeed":24,"sunshinepower":578,"sunpower":578},{"datetime":"2020-07-26T18:00:00","datetimeutc":"2020-07-26T16:00:00","timetype":"Hour","precipitationmm":0.0,"temperature":19.3,"feeltemperature":19.3,"cloudcover":43,"iconcode":"j","iconid":6,"sources":2,"winddirection":"W","winddirectiondegrees":260,"windspeedms":6.4,"visibility":17810,"precipitation":0,"beaufort":4,"humidity":68,"sunshine":41,"hour":18,"pollenindex":5,"windspeed":23,"sunshinepower":460,"sunpower":460},{"datetime":"2020-07-26T19:00:00","datetimeutc":"2020-07-26T17:00:00","timetype":"Hour","precipitationmm":0.0,"temperature":19.3,"feeltemperature":19.3,"cloudcover":48,"iconcode":"j","iconid":6,"sources":2,"winddirection":"W","winddirectiondegrees":256,"windspeedms":5.9,"visibility":16410,"precipitation":0,"beaufort":3,"humidity":67,"sunshine":53,"hour":19,"pollenindex":5,"windspeed":21,"sunshinepower":316,"sunpower":316},{"datetime":"2020-07-26T20:00:00","datetimeutc":"2020-07-26T18:00:00","timetype":"Hour","precipitationmm":0.0,"temperature":18.9,"feeltemperature":18.9,"cloudcover":30,"iconcode":"j","iconid":4,"sources":2,"winddirection":"W","winddirectiondegrees":249,"windspeedms":5.2,"visibility":15410,"precipitation":0,"beaufort":3,"humidity":69,"sunshine":48,"hour":20,"pollenindex":5,"windspeed":19,"sunshinepower":170,"sunpower":170},{"datetime":"2020-07-26T21:00:00","datetimeutc":"2020-07-26T19:00:00","timetype":"Hour","precipitationmm":0.0,"temperature":18.2,"feeltemperature":18.2,"cloudcover":21,"iconcode":"j","iconid":1,"sources":2,"winddirection":"ZW","winddirectiondegrees":242,"windspeedms":4.2,"visibility":13220,"precipitation":0,"beaufort":3,"humidity":72,"sunshine":68,"hour":21,"pollenindex":4,"windspeed":15,"sunshinepower":49,"sunpower":49},{"datetime":"2020-07-26T22:00:00","datetimeutc":"2020-07-26T20:00:00","timetype":"Hour","precipitationmm":0.0,"temperature":17.5,"feeltemperature":17.5,"cloudcover":8,"iconcode":"aa","iconid":5,"sources":2,"winddirection":"ZW","winddirectiondegrees":230,"windspeedms":3.6,"visibility":11260,"precipitation":0,"beaufort":2,"humidity":76,"sunshine":56,"hour":22,"pollenindex":4,"windspeed":13,"sunshinepower":0,"sunpower":0},{"datetime":"2020-07-26T23:00:00","datetimeutc":"2020-07-26T21:00:00","timetype":"Hour","precipitationmm":0.0,"temperature":16.8,"feeltemperature":16.8,"cloudcover":1,"iconcode":"aa","iconid":13,"sources":2,"winddirection":"ZW","winddirectiondegrees":217,"windspeedms":3.5,"visibility":10060,"precipitation":0,"beaufort":2,"humidity":80,"sunshine":0,"hour":23,"pollenindex":4,"windspeed":13,"sunshinepower":0,"sunpower":0}],"datetime":"2020-07-26T00:00:00","datetimeutc":"2020-07-25T22:00:00","timetype":"Day","precipitationmm":7.7,"mintemperature":16.8,"maxtemperature":19.3,"cloudcover":70,"iconcode":"g","iconid":8,"sources":2,"winddirection":"W","winddirectiondegrees":270,"windspeedms":5.8,"visibility":11988,"precipitation":36,"beaufort":3,"humidity":80,"sunshine":17,"uvindex":5,"bbqindex":7,"mosquitoindex":6,"pollenindex":5,"icescrapeindex":1,"mintemp":16.8,"maxtemp":19.3,"windspeed":6,"sunshinepower":238,"sunpower":238},{"date":"2020-07-27T00:00:00","sunrise":"2020-07-27T05:53:54","sunset":"2020-07-27T21:39:07","morning":{"datetime":"2020-07-27T07:00:00","datetimeutc":"2020-07-27T05:00:00","timetype":"Morning","precipitationmm":0.1,"mintemperature":15.7,"maxtemperature":18.7,"cloudcover":63,"iconcode":"b","iconid":9,"sources":1,"winddirection":"ZW","winddirectiondegrees":217,"windspeedms":4.7,"visibility":10174,"precipitation":22,"beaufort":3,"humidity":81,"sunshine":33,"hour":7,"mintemp":15.7,"maxtemp":18.7,"windspeed":17,"sunshinepower":255,"sunpower":255},"afternoon":{"datetime":"2020-07-27T12:00:00","datetimeutc":"2020-07-27T10:00:00","timetype":"Afternoon","precipitationmm":0.0,"mintemperature":19.6,"maxtemperature":22.0,"cloudcover":100,"iconcode":"c","iconid":22,"sources":1,"winddirection":"ZW","winddirectiondegrees":247,"windspeedms":5.0,"visibility":14613,"precipitation":2,"beaufort":3,"humidity":66,"sunshine":5,"hour":12,"mintemp":19.6,"maxtemp":22.0,"windspeed":18,"sunshinepower":377,"sunpower":377},"evening":{"datetime":"2020-07-27T20:00:00","datetimeutc":"2020-07-27T18:00:00","timetype":"Evening","precipitationmm":0.0,"mintemperature":19.9,"maxtemperature":22.3,"cloudcover":100,"iconcode":"c","iconid":19,"sources":1,"winddirection":"ZO","winddirectiondegrees":127,"windspeedms":3.8,"visibility":16490,"precipitation":1,"beaufort":2,"humidity":66,"sunshine":0,"hour":20,"mintemp":19.9,"maxtemp":22.3,"windspeed":14,"sunshinepower":92,"sunpower":92},"night":{"datetime":"2020-07-27T00:00:00","datetimeutc":"2020-07-26T22:00:00","timetype":"Night","precipitationmm":0.0,"mintemperature":15.0,"maxtemperature":16.3,"cloudcover":52,"iconcode":"b","iconid":4,"sources":1,"winddirection":"ZW","winddirectiondegrees":212,"windspeedms":3.6,"visibility":8334,"precipitation":0,"beaufort":2,"humidity":87,"sunshine":0,"hour":0,"mintemp":15.0,"maxtemp":16.3,"windspeed":13,"sunshinepower":0,"sunpower":0},"hours":[{"datetime":"2020-07-27T00:00:00","datetimeutc":"2020-07-26T22:00:00","timetype":"Hour","precipitationmm":0.0,"temperature":16.3,"feeltemperature":16.3,"cloudcover":28,"iconcode":"jj","iconid":4,"sources":2,"winddirection":"ZW","winddirectiondegrees":215,"windspeedms":3.4,"visibility":9850,"precipitation":0,"beaufort":2,"humidity":82,"sunshine":0,"hour":0,"pollenindex":4,"windspeed":12,"sunshinepower":0,"sunpower":0},{"datetime":"2020-07-27T01:00:00","datetimeutc":"2020-07-26T23:00:00","timetype":"Hour","precipitationmm":0.0,"temperature":15.8,"feeltemperature":15.8,"cloudcover":65,"iconcode":"bb","iconid":8,"sources":2,"winddirection":"ZW","winddirectiondegrees":215,"windspeedms":3.5,"visibility":6860,"precipitation":0,"beaufort":2,"humidity":85,"sunshine":0,"hour":1,"pollenindex":4,"windspeed":13,"sunshinepower":0,"sunpower":0},{"datetime":"2020-07-27T02:00:00","datetimeutc":"2020-07-27T00:00:00","timetype":"Hour","precipitationmm":0.0,"temperature":15.4,"feeltemperature":15.4,"cloudcover":30,"iconcode":"jj","iconid":20,"sources":2,"winddirection":"ZW","winddirectiondegrees":208,"windspeedms":3.5,"visibility":10060,"precipitation":0,"beaufort":2,"humidity":87,"sunshine":0,"hour":2,"pollenindex":3,"windspeed":13,"sunshinepower":0,"sunpower":0},{"datetime":"2020-07-27T03:00:00","datetimeutc":"2020-07-27T01:00:00","timetype":"Hour","precipitationmm":0.0,"temperature":15.2,"feeltemperature":15.2,"cloudcover":78,"iconcode":"rr","iconid":19,"sources":2,"winddirection":"ZW","winddirectiondegrees":211,"windspeedms":3.7,"visibility":10060,"precipitation":0,"beaufort":2,"humidity":89,"sunshine":0,"hour":3,"pollenindex":3,"windspeed":13,"sunshinepower":0,"sunpower":0},{"datetime":"2020-07-27T04:00:00","datetimeutc":"2020-07-27T02:00:00","timetype":"Hour","precipitationmm":0.0,"temperature":15.0,"feeltemperature":15.0,"cloudcover":55,"iconcode":"bb","iconid":22,"sources":2,"winddirection":"ZW","winddirectiondegrees":212,"windspeedms":3.7,"visibility":9660,"precipitation":0,"beaufort":2,"humidity":90,"sunshine":0,"hour":4,"pollenindex":3,"windspeed":13,"sunshinepower":0,"sunpower":0},{"datetime":"2020-07-27T05:00:00","datetimeutc":"2020-07-27T03:00:00","timetype":"Hour","precipitationmm":0.0,"temperature":15.0,"feeltemperature":15.0,"cloudcover":52,"iconcode":"bb","iconid":22,"sources":2,"winddirection":"ZW","winddirectiondegrees":217,"windspeedms":3.7,"visibility":2430,"precipitation":0,"beaufort":2,"humidity":89,"sunshine":0,"hour":5,"pollenindex":3,"windspeed":13,"sunshinepower":0,"sunpower":0},{"datetime":"2020-07-27T06:00:00","datetimeutc":"2020-07-27T04:00:00","timetype":"Hour","precipitationmm":0.0,"temperature":15.2,"feeltemperature":15.2,"cloudcover":59,"iconcode":"b","iconid":22,"sources":2,"winddirection":"ZW","winddirectiondegrees":211,"windspeedms":3.7,"visibility":9420,"precipitation":0,"beaufort":2,"humidity":88,"sunshine":6,"hour":6,"pollenindex":3,"windspeed":13,"sunshinepower":0,"sunpower":0},{"datetime":"2020-07-27T07:00:00","datetimeutc":"2020-07-27T05:00:00","timetype":"Hour","precipitationmm":0.0,"temperature":15.7,"feeltemperature":15.7,"cloudcover":61,"iconcode":"b","iconid":9,"sources":2,"winddirection":"ZW","winddirectiondegrees":207,"windspeedms":4.0,"visibility":9620,"precipitation":0,"beaufort":3,"humidity":86,"sunshine":36,"hour":7,"pollenindex":3,"windspeed":14,"sunshinepower":64,"sunpower":64},{"datetime":"2020-07-27T08:00:00","datetimeutc":"2020-07-27T06:00:00","timetype":"Hour","precipitationmm":0.1,"temperature":16.4,"feeltemperature":16.4,"cloudcover":62,"iconcode":"f","iconid":22,"sources":2,"winddirection":"ZW","winddirectiondegrees":215,"windspeedms":4.3,"visibility":9210,"precipitation":76,"beaufort":3,"humidity":85,"sunshine":35,"hour":8,"pollenindex":3,"windspeed":15,"sunshinepower":167,"sunpower":167},{"datetime":"2020-07-27T09:00:00","datetimeutc":"2020-07-27T07:00:00","timetype":"Hour","precipitationmm":0.0,"temperature":17.2,"feeltemperature":17.2,"cloudcover":64,"iconcode":"b","iconid":9,"sources":2,"winddirection":"ZW","winddirectiondegrees":217,"windspeedms":4.8,"visibility":9610,"precipitation":0,"beaufort":3,"humidity":82,"sunshine":33,"hour":9,"pollenindex":4,"windspeed":17,"sunshinepower":270,"sunpower":270},{"datetime":"2020-07-27T10:00:00","datetimeutc":"2020-07-27T08:00:00","timetype":"Hour","precipitationmm":0.0,"temperature":17.9,"feeltemperature":17.9,"cloudcover":65,"iconcode":"b","iconid":21,"sources":2,"winddirection":"ZW","winddirectiondegrees":222,"windspeedms":5.1,"visibility":10210,"precipitation":1,"beaufort":3,"humidity":80,"sunshine":31,"hour":10,"pollenindex":4,"windspeed":18,"sunshinepower":358,"sunpower":358},{"datetime":"2020-07-27T11:00:00","datetimeutc":"2020-07-27T09:00:00","timetype":"Hour","precipitationmm":0.0,"temperature":18.7,"feeltemperature":18.7,"cloudcover":63,"iconcode":"b","iconid":21,"sources":2,"winddirection":"ZW","winddirectiondegrees":227,"windspeedms":5.2,"visibility":12220,"precipitation":1,"beaufort":3,"humidity":75,"sunshine":30,"hour":11,"pollenindex":4,"windspeed":19,"sunshinepower":420,"sunpower":420},{"datetime":"2020-07-27T12:00:00","datetimeutc":"2020-07-27T10:00:00","timetype":"Hour","precipitationmm":0.0,"temperature":19.6,"feeltemperature":19.6,"cloudcover":100,"iconcode":"c","iconid":22,"sources":2,"winddirection":"ZW","winddirectiondegrees":233,"windspeedms":5.3,"visibility":15420,"precipitation":1,"beaufort":3,"humidity":71,"sunshine":33,"hour":12,"pollenindex":4,"windspeed":19,"sunshinepower":459,"sunpower":459},{"datetime":"2020-07-27T13:00:00","datetimeutc":"2020-07-27T11:00:00","timetype":"Hour","precipitationmm":0.0,"temperature":20.2,"feeltemperature":20.2,"cloudcover":100,"iconcode":"c","iconid":22,"sources":2,"winddirection":"ZW","winddirectiondegrees":242,"windspeedms":5.3,"visibility":17410,"precipitation":1,"beaufort":3,"humidity":67,"sunshine":0,"hour":13,"pollenindex":5,"windspeed":19,"sunshinepower":459,"sunpower":459},{"datetime":"2020-07-27T14:00:00","datetimeutc":"2020-07-27T12:00:00","timetype":"Hour","precipitationmm":0.0,"temperature":20.6,"feeltemperature":20.6,"cloudcover":100,"iconcode":"c","iconid":33,"sources":2,"winddirection":"W","winddirectiondegrees":250,"windspeedms":5.4,"visibility":18020,"precipitation":3,"beaufort":3,"humidity":65,"sunshine":0,"hour":14,"pollenindex":5,"windspeed":19,"sunshinepower":416,"sunpower":416},{"datetime":"2020-07-27T15:00:00","datetimeutc":"2020-07-27T13:00:00","timetype":"Hour","precipitationmm":0.0,"temperature":21.0,"feeltemperature":21.0,"cloudcover":100,"iconcode":"c","iconid":22,"sources":2,"winddirection":"W","winddirectiondegrees":258,"windspeedms":5.2,"visibility":17410,"precipitation":2,"beaufort":3,"humidity":65,"sunshine":0,"hour":15,"pollenindex":5,"windspeed":19,"sunshinepower":354,"sunpower":354},{"datetime":"2020-07-27T16:00:00","datetimeutc":"2020-07-27T14:00:00","timetype":"Hour","precipitationmm":0.0,"temperature":21.5,"feeltemperature":21.5,"cloudcover":100,"iconcode":"c","iconid":21,"sources":2,"winddirection":"W","winddirectiondegrees":267,"windspeedms":4.8,"visibility":5210,"precipitation":2,"beaufort":3,"humidity":65,"sunshine":0,"hour":16,"pollenindex":5,"windspeed":17,"sunshinepower":298,"sunpower":298},{"datetime":"2020-07-27T17:00:00","datetimeutc":"2020-07-27T15:00:00","timetype":"Hour","precipitationmm":0.0,"temperature":22.0,"feeltemperature":24.5,"cloudcover":100,"iconcode":"c","iconid":21,"sources":2,"winddirection":"ZW","winddirectiondegrees":238,"windspeedms":3.7,"visibility":14210,"precipitation":2,"beaufort":2,"humidity":63,"sunshine":0,"hour":17,"pollenindex":5,"windspeed":13,"sunshinepower":276,"sunpower":276},{"datetime":"2020-07-27T18:00:00","datetimeutc":"2020-07-27T16:00:00","timetype":"Hour","precipitationmm":0.0,"temperature":22.3,"feeltemperature":24.7,"cloudcover":100,"iconcode":"c","iconid":22,"sources":2,"winddirection":"Z","winddirectiondegrees":191,"windspeedms":2.8,"visibility":16410,"precipitation":1,"beaufort":2,"humidity":62,"sunshine":0,"hour":18,"pollenindex":5,"windspeed":10,"sunshinepower":244,"sunpower":244},{"datetime":"2020-07-27T19:00:00","datetimeutc":"2020-07-27T17:00:00","timetype":"Hour","precipitationmm":0.0,"temperature":22.2,"feeltemperature":24.6,"cloudcover":100,"iconcode":"c","iconid":21,"sources":2,"winddirection":"ZO","winddirectiondegrees":128,"windspeedms":3.2,"visibility":16610,"precipitation":1,"beaufort":2,"humidity":62,"sunshine":0,"hour":19,"pollenindex":5,"windspeed":12,"sunshinepower":180,"sunpower":180},{"datetime":"2020-07-27T20:00:00","datetimeutc":"2020-07-27T18:00:00","timetype":"Hour","precipitationmm":0.0,"temperature":21.6,"feeltemperature":21.6,"cloudcover":100,"iconcode":"c","iconid":19,"sources":1,"winddirection":"O","winddirectiondegrees":108,"windspeedms":3.83,"visibility":15810,"precipitation":1,"beaufort":2,"humidity":66,"sunshine":0,"hour":20,"pollenindex":5,"windspeed":14,"sunshinepower":104,"sunpower":104},{"datetime":"2020-07-27T21:00:00","datetimeutc":"2020-07-27T19:00:00","timetype":"Hour","precipitationmm":0.0,"temperature":20.8,"feeltemperature":20.8,"cloudcover":100,"iconcode":"c","iconid":22,"sources":1,"winddirection":"O","winddirectiondegrees":110,"windspeedms":3.69,"visibility":16410,"precipitation":1,"beaufort":2,"humidity":68,"sunshine":0,"hour":21,"pollenindex":5,"windspeed":13,"sunshinepower":29,"sunpower":29},{"datetime":"2020-07-27T22:00:00","datetimeutc":"2020-07-27T20:00:00","timetype":"Hour","precipitationmm":0.0,"temperature":20.1,"feeltemperature":20.1,"cloudcover":100,"iconcode":"cc","iconid":22,"sources":1,"winddirection":"ZO","winddirectiondegrees":118,"windspeedms":4.26,"visibility":17040,"precipitation":1,"beaufort":3,"humidity":69,"sunshine":0,"hour":22,"pollenindex":5,"windspeed":15,"sunshinepower":0,"sunpower":0},{"datetime":"2020-07-27T23:00:00","datetimeutc":"2020-07-27T21:00:00","timetype":"Hour","precipitationmm":0.0,"temperature":19.9,"feeltemperature":19.9,"cloudcover":100,"iconcode":"cc","iconid":22,"sources":1,"winddirection":"ZO","winddirectiondegrees":121,"windspeedms":4.81,"visibility":16660,"precipitation":1,"beaufort":3,"humidity":70,"sunshine":0,"hour":23,"pollenindex":4,"windspeed":17,"sunshinepower":0,"sunpower":0}],"datetime":"2020-07-27T00:00:00","datetimeutc":"2020-07-26T22:00:00","timetype":"Day","precipitationmm":0.5,"mintemperature":15.0,"maxtemperature":22.3,"cloudcover":78,"iconcode":"m","iconid":12,"sources":2,"winddirection":"ZW","winddirectiondegrees":225,"windspeedms":4.2,"visibility":12326,"precipitation":19,"beaufort":3,"humidity":75,"sunshine":8,"uvindex":3,"bbqindex":7,"mosquitoindex":6,"pollenindex":5,"icescrapeindex":1,"mintemp":15.0,"maxtemp":22.3,"windspeed":4,"sunshinepower":170,"sunpower":170},{"date":"2020-07-28T00:00:00","sunrise":"2020-07-28T05:55:25","sunset":"2020-07-28T21:37:32","hours":[{"datetime":"2020-07-28T00:00:00","datetimeutc":"2020-07-27T22:00:00","timetype":"Hour","precipitationmm":0.0,"temperature":19.7,"feeltemperature":19.7,"cloudcover":100,"iconcode":"cc","iconid":19,"sources":1,"winddirection":"ZO","winddirectiondegrees":133,"windspeedms":4.86,"visibility":17250,"precipitation":1,"beaufort":3,"humidity":71,"sunshine":0,"hour":0,"pollenindex":4,"windspeed":17,"sunshinepower":0,"sunpower":0},{"datetime":"2020-07-28T01:00:00","datetimeutc":"2020-07-27T23:00:00","timetype":"Hour","precipitationmm":0.0,"temperature":19.3,"feeltemperature":19.3,"cloudcover":98,"iconcode":"cc","iconid":21,"sources":1,"winddirection":"ZO","winddirectiondegrees":147,"windspeedms":4.5,"visibility":16250,"precipitation":1,"beaufort":3,"humidity":74,"sunshine":0,"hour":1,"pollenindex":4,"windspeed":16,"sunshinepower":0,"sunpower":0},{"datetime":"2020-07-28T02:00:00","datetimeutc":"2020-07-28T00:00:00","timetype":"Hour","precipitationmm":0.0,"temperature":18.8,"feeltemperature":18.8,"cloudcover":78,"iconcode":"rr","iconid":20,"sources":1,"winddirection":"ZW","winddirectiondegrees":212,"windspeedms":4.37,"visibility":14450,"precipitation":1,"beaufort":3,"humidity":78,"sunshine":0,"hour":2,"pollenindex":4,"windspeed":16,"sunshinepower":0,"sunpower":0},{"datetime":"2020-07-28T03:00:00","datetimeutc":"2020-07-28T01:00:00","timetype":"Hour","precipitationmm":0.0,"temperature":18.1,"feeltemperature":18.1,"cloudcover":84,"iconcode":"rr","iconid":20,"sources":1,"winddirection":"ZW","winddirectiondegrees":221,"windspeedms":4.32,"visibility":12650,"precipitation":1,"beaufort":3,"humidity":83,"sunshine":0,"hour":3,"pollenindex":4,"windspeed":16,"sunshinepower":0,"sunpower":0},{"datetime":"2020-07-28T04:00:00","datetimeutc":"2020-07-28T02:00:00","timetype":"Hour","precipitationmm":0.0,"temperature":17.6,"feeltemperature":17.6,"cloudcover":86,"iconcode":"rr","iconid":20,"sources":1,"winddirection":"ZW","winddirectiondegrees":232,"windspeedms":4.47,"visibility":12050,"precipitation":1,"beaufort":3,"humidity":86,"sunshine":0,"hour":4,"pollenindex":3,"windspeed":16,"sunshinepower":0,"sunpower":0},{"datetime":"2020-07-28T05:00:00","datetimeutc":"2020-07-28T03:00:00","timetype":"Hour","precipitationmm":0.0,"temperature":17.3,"feeltemperature":17.3,"cloudcover":89,"iconcode":"rr","iconid":20,"sources":1,"winddirection":"W","winddirectiondegrees":250,"windspeedms":5.7,"visibility":11430,"precipitation":1,"beaufort":3,"humidity":88,"sunshine":0,"hour":5,"pollenindex":3,"windspeed":21,"sunshinepower":0,"sunpower":0},{"datetime":"2020-07-28T06:00:00","datetimeutc":"2020-07-28T04:00:00","timetype":"Hour","precipitationmm":0.0,"temperature":17.5,"feeltemperature":17.5,"cloudcover":93,"iconcode":"c","iconid":19,"sources":1,"winddirection":"W","winddirectiondegrees":251,"windspeedms":5.93,"visibility":10020,"precipitation":1,"beaufort":3,"humidity":89,"sunshine":0,"hour":6,"pollenindex":3,"windspeed":21,"sunshinepower":0,"sunpower":0},{"datetime":"2020-07-28T07:00:00","datetimeutc":"2020-07-28T05:00:00","timetype":"Hour","precipitationmm":0.0,"temperature":17.8,"feeltemperature":17.8,"cloudcover":97,"iconcode":"c","iconid":19,"sources":1,"winddirection":"W","winddirectiondegrees":251,"windspeedms":6.02,"visibility":9620,"precipitation":1,"beaufort":4,"humidity":88,"sunshine":0,"hour":7,"pollenindex":3,"windspeed":22,"sunshinepower":49,"sunpower":49},{"datetime":"2020-07-28T08:00:00","datetimeutc":"2020-07-28T06:00:00","timetype":"Hour","precipitationmm":0.4,"temperature":18.1,"feeltemperature":18.1,"cloudcover":95,"iconcode":"m","iconid":33,"sources":1,"winddirection":"W","winddirectiondegrees":253,"windspeedms":6.33,"visibility":10210,"precipitation":46,"beaufort":4,"humidity":84,"sunshine":0,"hour":8,"pollenindex":4,"windspeed":23,"sunshinepower":110,"sunpower":110},{"datetime":"2020-07-28T09:00:00","datetimeutc":"2020-07-28T07:00:00","timetype":"Hour","precipitationmm":0.0,"temperature":18.2,"feeltemperature":18.2,"cloudcover":99,"iconcode":"c","iconid":21,"sources":1,"winddirection":"W","winddirectiondegrees":257,"windspeedms":6.79,"visibility":11420,"precipitation":2,"beaufort":4,"humidity":81,"sunshine":0,"hour":9,"pollenindex":4,"windspeed":24,"sunshinepower":162,"sunpower":162},{"datetime":"2020-07-28T10:00:00","datetimeutc":"2020-07-28T08:00:00","timetype":"Hour","precipitationmm":0.0,"temperature":18.2,"feeltemperature":18.2,"cloudcover":98,"iconcode":"c","iconid":21,"sources":1,"winddirection":"W","winddirectiondegrees":264,"windspeedms":6.66,"visibility":12220,"precipitation":2,"beaufort":4,"humidity":80,"sunshine":0,"hour":10,"pollenindex":4,"windspeed":24,"sunshinepower":208,"sunpower":208},{"datetime":"2020-07-28T11:00:00","datetimeutc":"2020-07-28T09:00:00","timetype":"Hour","precipitationmm":0.0,"temperature":18.3,"feeltemperature":18.3,"cloudcover":95,"iconcode":"c","iconid":21,"sources":1,"winddirection":"W","winddirectiondegrees":283,"windspeedms":6.38,"visibility":10820,"precipitation":1,"beaufort":4,"humidity":77,"sunshine":0,"hour":11,"pollenindex":4,"windspeed":23,"sunshinepower":265,"sunpower":265},{"datetime":"2020-07-28T12:00:00","datetimeutc":"2020-07-28T10:00:00","timetype":"Hour","precipitationmm":0.0,"temperature":18.4,"feeltemperature":18.4,"cloudcover":88,"iconcode":"r","iconid":20,"sources":1,"winddirection":"NW","winddirectiondegrees":295,"windspeedms":6.42,"visibility":12010,"precipitation":1,"beaufort":4,"humidity":75,"sunshine":0,"hour":12,"pollenindex":4,"windspeed":23,"sunshinepower":330,"sunpower":330},{"datetime":"2020-07-28T13:00:00","datetimeutc":"2020-07-28T11:00:00","timetype":"Hour","precipitationmm":0.0,"temperature":18.7,"feeltemperature":18.7,"cloudcover":80,"iconcode":"r","iconid":8,"sources":1,"winddirection":"NW","winddirectiondegrees":298,"windspeedms":6.96,"visibility":14010,"precipitation":1,"beaufort":4,"humidity":72,"sunshine":6,"hour":13,"pollenindex":4,"windspeed":25,"sunshinepower":379,"sunpower":379},{"datetime":"2020-07-28T14:00:00","datetimeutc":"2020-07-28T12:00:00","timetype":"Hour","precipitationmm":0.0,"temperature":18.9,"feeltemperature":18.9,"cloudcover":71,"iconcode":"r","iconid":7,"sources":1,"winddirection":"NW","winddirectiondegrees":299,"windspeedms":6.83,"visibility":13810,"precipitation":1,"beaufort":4,"humidity":71,"sunshine":15,"hour":14,"pollenindex":4,"windspeed":25,"sunshinepower":442,"sunpower":442},{"datetime":"2020-07-28T15:00:00","datetimeutc":"2020-07-28T13:00:00","timetype":"Hour","precipitationmm":0.0,"temperature":19.2,"feeltemperature":19.2,"cloudcover":59,"iconcode":"b","iconid":7,"sources":1,"winddirection":"NW","winddirectiondegrees":305,"windspeedms":6.6,"visibility":11410,"precipitation":1,"beaufort":4,"humidity":70,"sunshine":25,"hour":15,"pollenindex":4,"windspeed":24,"sunshinepower":528,"sunpower":528},{"datetime":"2020-07-28T16:00:00","datetimeutc":"2020-07-28T14:00:00","timetype":"Hour","precipitationmm":0.0,"temperature":19.3,"feeltemperature":19.3,"cloudcover":47,"iconcode":"j","iconid":7,"sources":1,"winddirection":"NW","winddirectiondegrees":313,"windspeedms":6.56,"visibility":13610,"precipitation":1,"beaufort":4,"humidity":69,"sunshine":36,"hour":16,"pollenindex":5,"windspeed":24,"sunshinepower":576,"sunpower":576},{"datetime":"2020-07-28T17:00:00","datetimeutc":"2020-07-28T15:00:00","timetype":"Hour","precipitationmm":0.0,"temperature":19.3,"feeltemperature":19.3,"cloudcover":37,"iconcode":"j","iconid":4,"sources":1,"winddirection":"NW","winddirectiondegrees":311,"windspeedms":6.24,"visibility":15600,"precipitation":1,"beaufort":4,"humidity":66,"sunshine":50,"hour":17,"pollenindex":5,"windspeed":22,"sunshinepower":524,"sunpower":524},{"datetime":"2020-07-28T18:00:00","datetimeutc":"2020-07-28T16:00:00","timetype":"Hour","precipitationmm":0.0,"temperature":19.0,"feeltemperature":19.0,"cloudcover":33,"iconcode":"j","iconid":4,"sources":1,"winddirection":"NW","winddirectiondegrees":306,"windspeedms":5.71,"visibility":15800,"precipitation":0,"beaufort":3,"humidity":65,"sunshine":61,"hour":18,"pollenindex":5,"windspeed":21,"sunshinepower":411,"sunpower":411},{"datetime":"2020-07-28T19:00:00","datetimeutc":"2020-07-28T17:00:00","timetype":"Hour","precipitationmm":0.0,"temperature":18.6,"feeltemperature":18.6,"cloudcover":33,"iconcode":"j","iconid":4,"sources":1,"winddirection":"NW","winddirectiondegrees":303,"windspeedms":5.17,"visibility":16000,"precipitation":0,"beaufort":3,"humidity":66,"sunshine":65,"hour":19,"pollenindex":5,"windspeed":19,"sunshinepower":288,"sunpower":288},{"datetime":"2020-07-28T20:00:00","datetimeutc":"2020-07-28T18:00:00","timetype":"Hour","precipitationmm":0.0,"temperature":17.9,"feeltemperature":17.9,"cloudcover":33,"iconcode":"j","iconid":4,"sources":1,"winddirection":"NW","winddirectiondegrees":306,"windspeedms":4.55,"visibility":16000,"precipitation":0,"beaufort":3,"humidity":68,"sunshine":65,"hour":20,"pollenindex":5,"windspeed":16,"sunshinepower":154,"sunpower":154},{"datetime":"2020-07-28T21:00:00","datetimeutc":"2020-07-28T19:00:00","timetype":"Hour","precipitationmm":0.0,"temperature":17.0,"feeltemperature":17.0,"cloudcover":33,"iconcode":"j","iconid":4,"sources":1,"winddirection":"NW","winddirectiondegrees":303,"windspeedms":3.69,"visibility":14200,"precipitation":0,"beaufort":2,"humidity":71,"sunshine":65,"hour":21,"pollenindex":4,"windspeed":13,"sunshinepower":42,"sunpower":42},{"datetime":"2020-07-28T22:00:00","datetimeutc":"2020-07-28T20:00:00","timetype":"Hour","precipitationmm":0.0,"temperature":16.2,"feeltemperature":16.2,"cloudcover":35,"iconcode":"jj","iconid":7,"sources":1,"winddirection":"NW","winddirectiondegrees":293,"windspeedms":3.04,"visibility":11410,"precipitation":0,"beaufort":2,"humidity":74,"sunshine":43,"hour":22,"pollenindex":4,"windspeed":11,"sunshinepower":0,"sunpower":0},{"datetime":"2020-07-28T23:00:00","datetimeutc":"2020-07-28T21:00:00","timetype":"Hour","precipitationmm":0.0,"temperature":15.6,"feeltemperature":15.6,"cloudcover":67,"iconcode":"bb","iconid":22,"sources":1,"winddirection":"W","winddirectiondegrees":286,"windspeedms":2.76,"visibility":10020,"precipitation":0,"beaufort":2,"humidity":78,"sunshine":0,"hour":23,"pollenindex":4,"windspeed":10,"sunshinepower":0,"sunpower":0}],"datetime":"2020-07-28T00:00:00","datetimeutc":"2020-07-27T22:00:00","timetype":"Day","precipitationmm":0.4,"mintemperature":15.6,"maxtemperature":19.7,"cloudcover":25,"iconcode":"f","iconid":16,"sources":1,"winddirection":"NW","winddirectiondegrees":315,"windspeedms":5.45,"precipitation":39,"beaufort":3,"uvindex":6,"bbqindex":8,"mosquitoindex":6,"pollenindex":5,"icescrapeindex":1,"mintemp":15.6,"maxtemp":19.7,"windspeed":5},{"date":"2020-07-29T00:00:00","sunrise":"2020-07-29T05:56:57","sunset":"2020-07-29T21:35:56","hours":[{"datetime":"2020-07-29T00:00:00","datetimeutc":"2020-07-28T22:00:00","timetype":"Hour","precipitationmm":0.0,"temperature":15.2,"feeltemperature":15.2,"cloudcover":62,"iconcode":"bb","iconid":22,"sources":1,"winddirection":"W","winddirectiondegrees":284,"windspeedms":2.64,"visibility":9820,"precipitation":0,"beaufort":2,"humidity":79,"sunshine":0,"hour":0,"pollenindex":4,"windspeed":10,"sunshinepower":0,"sunpower":0},{"datetime":"2020-07-29T01:00:00","datetimeutc":"2020-07-28T23:00:00","timetype":"Hour","precipitationmm":0.0,"temperature":14.8,"feeltemperature":14.8,"cloudcover":44,"iconcode":"jj","iconid":7,"sources":1,"winddirection":"W","winddirectiondegrees":290,"windspeedms":2.56,"visibility":9820,"precipitation":0,"beaufort":2,"humidity":82,"sunshine":0,"hour":1,"pollenindex":4,"windspeed":9,"sunshinepower":0,"sunpower":0},{"datetime":"2020-07-29T02:00:00","datetimeutc":"2020-07-29T00:00:00","timetype":"Hour","precipitationmm":0.0,"temperature":14.3,"feeltemperature":14.3,"cloudcover":40,"iconcode":"jj","iconid":7,"sources":1,"winddirection":"W","winddirectiondegrees":292,"windspeedms":2.48,"visibility":10020,"precipitation":0,"beaufort":2,"humidity":81,"sunshine":0,"hour":2,"pollenindex":4,"windspeed":9,"sunshinepower":0,"sunpower":0},{"datetime":"2020-07-29T03:00:00","datetimeutc":"2020-07-29T01:00:00","timetype":"Hour","precipitationmm":0.0,"temperature":13.8,"feeltemperature":13.8,"cloudcover":26,"iconcode":"jj","iconid":4,"sources":1,"winddirection":"NW","winddirectiondegrees":295,"windspeedms":2.42,"visibility":10410,"precipitation":0,"beaufort":2,"humidity":84,"sunshine":0,"hour":3,"pollenindex":4,"windspeed":9,"sunshinepower":0,"sunpower":0},{"datetime":"2020-07-29T04:00:00","datetimeutc":"2020-07-29T02:00:00","timetype":"Hour","precipitationmm":0.0,"temperature":13.5,"feeltemperature":13.5,"cloudcover":8,"iconcode":"aa","iconid":4,"sources":1,"winddirection":"W","winddirectiondegrees":292,"windspeedms":2.49,"visibility":11010,"precipitation":0,"beaufort":2,"humidity":86,"sunshine":0,"hour":4,"pollenindex":3,"windspeed":9,"sunshinepower":0,"sunpower":0},{"datetime":"2020-07-29T05:00:00","datetimeutc":"2020-07-29T03:00:00","timetype":"Hour","precipitationmm":0.0,"temperature":13.4,"feeltemperature":13.4,"cloudcover":1,"iconcode":"aa","iconid":1,"sources":1,"winddirection":"W","winddirectiondegrees":291,"windspeedms":2.49,"visibility":11210,"precipitation":0,"beaufort":2,"humidity":85,"sunshine":0,"hour":5,"pollenindex":4,"windspeed":9,"sunshinepower":0,"sunpower":0},{"datetime":"2020-07-29T06:00:00","datetimeutc":"2020-07-29T04:00:00","timetype":"Hour","precipitationmm":0.0,"temperature":13.8,"feeltemperature":13.8,"cloudcover":15,"iconcode":"j","iconid":4,"sources":1,"winddirection":"W","winddirectiondegrees":287,"windspeedms":2.4,"visibility":10810,"precipitation":0,"beaufort":2,"humidity":83,"sunshine":8,"hour":6,"pollenindex":4,"windspeed":9,"sunshinepower":0,"sunpower":0},{"datetime":"2020-07-29T07:00:00","datetimeutc":"2020-07-29T05:00:00","timetype":"Hour","precipitationmm":0.0,"temperature":14.8,"feeltemperature":14.8,"cloudcover":39,"iconcode":"j","iconid":4,"sources":1,"winddirection":"W","winddirectiondegrees":281,"windspeedms":2.47,"visibility":10610,"precipitation":0,"beaufort":2,"humidity":81,"sunshine":85,"hour":7,"pollenindex":4,"windspeed":9,"sunshinepower":69,"sunpower":69},{"datetime":"2020-07-29T08:00:00","datetimeutc":"2020-07-29T06:00:00","timetype":"Hour","precipitationmm":0.0,"temperature":15.8,"feeltemperature":15.8,"cloudcover":58,"iconcode":"b","iconid":19,"sources":1,"winddirection":"W","winddirectiondegrees":287,"windspeedms":2.9,"visibility":12400,"precipitation":0,"beaufort":2,"humidity":79,"sunshine":58,"hour":8,"pollenindex":4,"windspeed":10,"sunshinepower":183,"sunpower":183},{"datetime":"2020-07-29T09:00:00","datetimeutc":"2020-07-29T07:00:00","timetype":"Hour","precipitationmm":0.0,"temperature":16.7,"feeltemperature":16.7,"cloudcover":65,"iconcode":"b","iconid":19,"sources":1,"winddirection":"NW","winddirectiondegrees":293,"windspeedms":3.69,"visibility":13800,"precipitation":1,"beaufort":2,"humidity":74,"sunshine":38,"hour":9,"pollenindex":4,"windspeed":13,"sunshinepower":304,"sunpower":304},{"datetime":"2020-07-29T10:00:00","datetimeutc":"2020-07-29T08:00:00","timetype":"Hour","precipitationmm":0.0,"temperature":17.2,"feeltemperature":17.2,"cloudcover":67,"iconcode":"b","iconid":19,"sources":1,"winddirection":"W","winddirectiondegrees":291,"windspeedms":4.13,"visibility":14800,"precipitation":1,"beaufort":3,"humidity":71,"sunshine":30,"hour":10,"pollenindex":4,"windspeed":15,"sunshinepower":432,"sunpower":432},{"datetime":"2020-07-29T11:00:00","datetimeutc":"2020-07-29T09:00:00","timetype":"Hour","precipitationmm":0.0,"temperature":17.8,"feeltemperature":17.8,"cloudcover":67,"iconcode":"b","iconid":19,"sources":1,"winddirection":"W","winddirectiondegrees":292,"windspeedms":4.58,"visibility":16000,"precipitation":1,"beaufort":3,"humidity":68,"sunshine":28,"hour":11,"pollenindex":5,"windspeed":16,"sunshinepower":546,"sunpower":546},{"datetime":"2020-07-29T12:00:00","datetimeutc":"2020-07-29T10:00:00","timetype":"Hour","precipitationmm":0.0,"temperature":18.2,"feeltemperature":18.2,"cloudcover":66,"iconcode":"b","iconid":22,"sources":1,"winddirection":"NW","winddirectiondegrees":296,"windspeedms":4.94,"visibility":16400,"precipitation":1,"beaufort":3,"humidity":65,"sunshine":28,"hour":12,"pollenindex":5,"windspeed":18,"sunshinepower":622,"sunpower":622},{"datetime":"2020-07-29T13:00:00","datetimeutc":"2020-07-29T11:00:00","timetype":"Hour","precipitationmm":0.0,"temperature":18.5,"feeltemperature":18.5,"cloudcover":64,"iconcode":"b","iconid":22,"sources":1,"winddirection":"NW","winddirectiondegrees":301,"windspeedms":5.11,"visibility":16600,"precipitation":1,"beaufort":3,"humidity":62,"sunshine":30,"hour":13,"pollenindex":5,"windspeed":18,"sunshinepower":654,"sunpower":654},{"datetime":"2020-07-29T14:00:00","datetimeutc":"2020-07-29T12:00:00","timetype":"Hour","precipitationmm":0.0,"temperature":18.5,"feeltemperature":18.5,"cloudcover":59,"iconcode":"b","iconid":19,"sources":1,"winddirection":"NW","winddirectiondegrees":310,"windspeedms":5.14,"visibility":17000,"precipitation":1,"beaufort":3,"humidity":61,"sunshine":31,"hour":14,"pollenindex":5,"windspeed":19,"sunshinepower":658,"sunpower":658},{"datetime":"2020-07-29T15:00:00","datetimeutc":"2020-07-29T13:00:00","timetype":"Hour","precipitationmm":0.0,"temperature":18.6,"feeltemperature":18.6,"cloudcover":48,"iconcode":"j","iconid":8,"sources":1,"winddirection":"NW","winddirectiondegrees":316,"windspeedms":5.03,"visibility":16400,"precipitation":1,"beaufort":3,"humidity":61,"sunshine":36,"hour":15,"pollenindex":5,"windspeed":18,"sunshinepower":648,"sunpower":648},{"datetime":"2020-07-29T16:00:00","datetimeutc":"2020-07-29T14:00:00","timetype":"Hour","precipitationmm":0.0,"temperature":18.6,"feeltemperature":18.6,"cloudcover":39,"iconcode":"j","iconid":5,"sources":1,"winddirection":"NW","winddirectiondegrees":324,"windspeedms":4.96,"visibility":17000,"precipitation":1,"beaufort":3,"humidity":62,"sunshine":48,"hour":16,"pollenindex":5,"windspeed":18,"sunshinepower":618,"sunpower":618},{"datetime":"2020-07-29T17:00:00","datetimeutc":"2020-07-29T15:00:00","timetype":"Hour","precipitationmm":0.0,"temperature":18.5,"feeltemperature":18.5,"cloudcover":39,"iconcode":"j","iconid":9,"sources":1,"winddirection":"NW","winddirectiondegrees":332,"windspeedms":4.77,"visibility":17400,"precipitation":1,"beaufort":3,"humidity":60,"sunshine":58,"hour":17,"pollenindex":5,"windspeed":17,"sunshinepower":547,"sunpower":547},{"datetime":"2020-07-29T18:00:00","datetimeutc":"2020-07-29T16:00:00","timetype":"Hour","precipitationmm":0.0,"temperature":18.2,"feeltemperature":18.2,"cloudcover":39,"iconcode":"j","iconid":9,"sources":1,"winddirection":"N","winddirectiondegrees":341,"windspeedms":4.5,"visibility":17000,"precipitation":1,"beaufort":3,"humidity":60,"sunshine":58,"hour":18,"pollenindex":5,"windspeed":16,"sunshinepower":436,"sunpower":436},{"datetime":"2020-07-29T19:00:00","datetimeutc":"2020-07-29T17:00:00","timetype":"Hour","precipitationmm":0.0,"temperature":17.7,"feeltemperature":17.7,"cloudcover":39,"iconcode":"j","iconid":21,"sources":1,"winddirection":"N","winddirectiondegrees":348,"windspeedms":4.03,"visibility":16610,"precipitation":0,"beaufort":3,"humidity":62,"sunshine":58,"hour":19,"pollenindex":5,"windspeed":15,"sunshinepower":304,"sunpower":304},{"datetime":"2020-07-29T20:00:00","datetimeutc":"2020-07-29T18:00:00","timetype":"Hour","precipitationmm":0.0,"temperature":17.1,"feeltemperature":17.1,"cloudcover":35,"iconcode":"j","iconid":21,"sources":1,"winddirection":"N","winddirectiondegrees":355,"windspeedms":3.39,"visibility":16810,"precipitation":0,"beaufort":2,"humidity":65,"sunshine":58,"hour":20,"pollenindex":5,"windspeed":12,"sunshinepower":161,"sunpower":161},{"datetime":"2020-07-29T21:00:00","datetimeutc":"2020-07-29T19:00:00","timetype":"Hour","precipitationmm":0.0,"temperature":16.3,"feeltemperature":16.3,"cloudcover":41,"iconcode":"j","iconid":21,"sources":1,"winddirection":"N","winddirectiondegrees":2,"windspeedms":2.54,"visibility":16010,"precipitation":0,"beaufort":2,"humidity":67,"sunshine":63,"hour":21,"pollenindex":5,"windspeed":9,"sunshinepower":44,"sunpower":44},{"datetime":"2020-07-29T22:00:00","datetimeutc":"2020-07-29T20:00:00","timetype":"Hour","precipitationmm":0.0,"temperature":15.6,"feeltemperature":15.6,"cloudcover":46,"iconcode":"jj","iconid":21,"sources":1,"winddirection":"N","winddirectiondegrees":16,"windspeedms":1.96,"visibility":14410,"precipitation":0,"beaufort":1,"humidity":70,"sunshine":36,"hour":22,"pollenindex":5,"windspeed":7,"sunshinepower":0,"sunpower":0},{"datetime":"2020-07-29T23:00:00","datetimeutc":"2020-07-29T21:00:00","timetype":"Hour","precipitationmm":0.0,"temperature":15.0,"feeltemperature":15.0,"cloudcover":47,"iconcode":"jj","iconid":21,"sources":1,"winddirection":"NO","winddirectiondegrees":29,"windspeedms":1.55,"visibility":13010,"precipitation":0,"beaufort":1,"humidity":75,"sunshine":0,"hour":23,"pollenindex":4,"windspeed":6,"sunshinepower":0,"sunpower":0}],"datetime":"2020-07-29T00:00:00","datetimeutc":"2020-07-28T22:00:00","timetype":"Day","precipitationmm":0.0,"mintemperature":13.4,"maxtemperature":18.6,"cloudcover":75,"iconcode":"r","iconid":3,"sources":1,"winddirection":"W","winddirectiondegrees":270,"windspeedms":3.47,"precipitation":1,"beaufort":2,"uvindex":4,"bbqindex":8,"mosquitoindex":6,"pollenindex":5,"icescrapeindex":1,"mintemp":13.4,"maxtemp":18.6,"windspeed":3},{"date":"2020-07-30T00:00:00","sunrise":"2020-07-30T05:58:29","sunset":"2020-07-30T21:34:17","hours":[{"datetime":"2020-07-30T00:00:00","datetimeutc":"2020-07-29T22:00:00","timetype":"Hour","precipitationmm":0.0,"temperature":14.4,"feeltemperature":14.4,"cloudcover":38,"iconcode":"jj","iconid":20,"sources":1,"winddirection":"NO","winddirectiondegrees":42,"windspeedms":1.27,"visibility":12010,"precipitation":0,"beaufort":1,"humidity":78,"sunshine":0,"hour":0,"pollenindex":4,"windspeed":5,"sunshinepower":0,"sunpower":0},{"datetime":"2020-07-30T01:00:00","datetimeutc":"2020-07-29T23:00:00","timetype":"Hour","precipitationmm":0.0,"temperature":13.7,"feeltemperature":13.7,"cloudcover":30,"iconcode":"jj","iconid":8,"sources":1,"winddirection":"NO","winddirectiondegrees":58,"windspeedms":1.15,"visibility":11030,"precipitation":0,"beaufort":1,"humidity":81,"sunshine":0,"hour":1,"pollenindex":4,"windspeed":4,"sunshinepower":0,"sunpower":0},{"datetime":"2020-07-30T02:00:00","datetimeutc":"2020-07-30T00:00:00","timetype":"Hour","precipitationmm":0.0,"temperature":13.2,"feeltemperature":13.2,"cloudcover":30,"iconcode":"jj","iconid":7,"sources":1,"winddirection":"O","winddirectiondegrees":90,"windspeedms":1.19,"visibility":10030,"precipitation":0,"beaufort":1,"humidity":83,"sunshine":0,"hour":2,"pollenindex":4,"windspeed":4,"sunshinepower":0,"sunpower":0},{"datetime":"2020-07-30T03:00:00","datetimeutc":"2020-07-30T01:00:00","timetype":"Hour","precipitationmm":0.0,"temperature":12.8,"feeltemperature":12.8,"cloudcover":30,"iconcode":"jj","iconid":7,"sources":1,"winddirection":"O","winddirectiondegrees":105,"windspeedms":1.26,"visibility":9210,"precipitation":0,"beaufort":1,"humidity":86,"sunshine":0,"hour":3,"pollenindex":4,"windspeed":5,"sunshinepower":0,"sunpower":0},{"datetime":"2020-07-30T04:00:00","datetimeutc":"2020-07-30T02:00:00","timetype":"Hour","precipitationmm":0.0,"temperature":12.5,"feeltemperature":12.5,"cloudcover":30,"iconcode":"jj","iconid":19,"sources":1,"winddirection":"ZO","winddirectiondegrees":114,"windspeedms":1.26,"visibility":8410,"precipitation":0,"beaufort":1,"humidity":88,"sunshine":0,"hour":4,"pollenindex":3,"windspeed":5,"sunshinepower":0,"sunpower":0},{"datetime":"2020-07-30T05:00:00","datetimeutc":"2020-07-30T03:00:00","timetype":"Hour","precipitationmm":0.0,"temperature":12.5,"feeltemperature":12.5,"cloudcover":95,"iconcode":"cc","iconid":20,"sources":1,"winddirection":"ZO","winddirectiondegrees":120,"windspeedms":1.31,"visibility":8200,"precipitation":0,"beaufort":1,"humidity":87,"sunshine":0,"hour":5,"pollenindex":3,"windspeed":5,"sunshinepower":0,"sunpower":0},{"datetime":"2020-07-30T06:00:00","datetimeutc":"2020-07-30T04:00:00","timetype":"Hour","precipitationmm":0.0,"temperature":12.9,"feeltemperature":12.9,"cloudcover":72,"iconcode":"n","iconid":8,"sources":1,"winddirection":"ZO","winddirectiondegrees":122,"windspeedms":1.32,"visibility":400,"precipitation":0,"beaufort":1,"humidity":86,"sunshine":0,"hour":6,"pollenindex":4,"windspeed":5,"sunshinepower":0,"sunpower":0},{"datetime":"2020-07-30T07:00:00","datetimeutc":"2020-07-30T05:00:00","timetype":"Hour","precipitationmm":0.0,"temperature":13.5,"feeltemperature":13.5,"cloudcover":31,"iconcode":"n","iconid":5,"sources":1,"winddirection":"ZO","winddirectiondegrees":124,"windspeedms":1.33,"visibility":10,"precipitation":0,"beaufort":1,"humidity":85,"sunshine":23,"hour":7,"pollenindex":4,"windspeed":5,"sunshinepower":77,"sunpower":77},{"datetime":"2020-07-30T08:00:00","datetimeutc":"2020-07-30T06:00:00","timetype":"Hour","precipitationmm":0.0,"temperature":14.5,"feeltemperature":14.5,"cloudcover":17,"iconcode":"j","iconid":13,"sources":1,"winddirection":"ZO","winddirectiondegrees":128,"windspeedms":1.53,"visibility":9410,"precipitation":0,"beaufort":1,"humidity":81,"sunshine":66,"hour":8,"pollenindex":4,"windspeed":6,"sunshinepower":215,"sunpower":215},{"datetime":"2020-07-30T09:00:00","datetimeutc":"2020-07-30T07:00:00","timetype":"Hour","precipitationmm":0.0,"temperature":15.6,"feeltemperature":15.6,"cloudcover":16,"iconcode":"j","iconid":5,"sources":1,"winddirection":"ZO","winddirectiondegrees":131,"windspeedms":2.05,"visibility":12600,"precipitation":0,"beaufort":2,"humidity":75,"sunshine":81,"hour":9,"pollenindex":4,"windspeed":7,"sunshinepower":368,"sunpower":368},{"datetime":"2020-07-30T10:00:00","datetimeutc":"2020-07-30T08:00:00","timetype":"Hour","precipitationmm":0.0,"temperature":16.9,"feeltemperature":16.9,"cloudcover":35,"iconcode":"j","iconid":5,"sources":1,"winddirection":"ZO","winddirectiondegrees":135,"windspeedms":2.19,"visibility":15000,"precipitation":0,"beaufort":2,"humidity":68,"sunshine":83,"hour":10,"pollenindex":5,"windspeed":8,"sunshinepower":512,"sunpower":512},{"datetime":"2020-07-30T11:00:00","datetimeutc":"2020-07-30T09:00:00","timetype":"Hour","precipitationmm":0.0,"temperature":18.0,"feeltemperature":18.0,"cloudcover":48,"iconcode":"j","iconid":8,"sources":1,"winddirection":"ZO","winddirectiondegrees":126,"windspeedms":2.24,"visibility":17400,"precipitation":0,"beaufort":2,"humidity":62,"sunshine":63,"hour":11,"pollenindex":5,"windspeed":8,"sunshinepower":635,"sunpower":635},{"datetime":"2020-07-30T12:00:00","datetimeutc":"2020-07-30T10:00:00","timetype":"Hour","precipitationmm":0.0,"temperature":19.0,"feeltemperature":19.0,"cloudcover":48,"iconcode":"j","iconid":8,"sources":1,"winddirection":"ZO","winddirectiondegrees":116,"windspeedms":2.28,"visibility":20200,"precipitation":0,"beaufort":2,"humidity":58,"sunshine":50,"hour":12,"pollenindex":5,"windspeed":8,"sunshinepower":714,"sunpower":714},{"datetime":"2020-07-30T13:00:00","datetimeutc":"2020-07-30T11:00:00","timetype":"Hour","precipitationmm":0.0,"temperature":19.9,"feeltemperature":19.9,"cloudcover":42,"iconcode":"j","iconid":8,"sources":1,"winddirection":"O","winddirectiondegrees":102,"windspeedms":2.36,"visibility":22600,"precipitation":0,"beaufort":2,"humidity":55,"sunshine":48,"hour":13,"pollenindex":6,"windspeed":8,"sunshinepower":742,"sunpower":742},{"datetime":"2020-07-30T14:00:00","datetimeutc":"2020-07-30T12:00:00","timetype":"Hour","precipitationmm":0.0,"temperature":20.4,"feeltemperature":20.4,"cloudcover":36,"iconcode":"j","iconid":8,"sources":1,"winddirection":"O","winddirectiondegrees":95,"windspeedms":2.66,"visibility":24600,"precipitation":0,"beaufort":2,"humidity":53,"sunshine":55,"hour":14,"pollenindex":6,"windspeed":10,"sunshinepower":752,"sunpower":752},{"datetime":"2020-07-30T15:00:00","datetimeutc":"2020-07-30T13:00:00","timetype":"Hour","precipitationmm":0.0,"temperature":20.8,"feeltemperature":20.8,"cloudcover":33,"iconcode":"j","iconid":7,"sources":1,"winddirection":"O","winddirectiondegrees":88,"windspeedms":3.05,"visibility":24600,"precipitation":0,"beaufort":2,"humidity":54,"sunshine":61,"hour":15,"pollenindex":6,"windspeed":11,"sunshinepower":746,"sunpower":746},{"datetime":"2020-07-30T16:00:00","datetimeutc":"2020-07-30T14:00:00","timetype":"Hour","precipitationmm":0.0,"temperature":20.9,"feeltemperature":20.9,"cloudcover":30,"iconcode":"j","iconid":4,"sources":1,"winddirection":"O","winddirectiondegrees":83,"windspeedms":3.34,"visibility":24800,"precipitation":0,"beaufort":2,"humidity":55,"sunshine":65,"hour":16,"pollenindex":6,"windspeed":12,"sunshinepower":696,"sunpower":696},{"datetime":"2020-07-30T17:00:00","datetimeutc":"2020-07-30T15:00:00","timetype":"Hour","precipitationmm":0.0,"temperature":21.0,"feeltemperature":21.0,"cloudcover":27,"iconcode":"j","iconid":4,"sources":1,"winddirection":"O","winddirectiondegrees":78,"windspeedms":3.46,"visibility":25000,"precipitation":0,"beaufort":2,"humidity":54,"sunshine":68,"hour":17,"pollenindex":6,"windspeed":12,"sunshinepower":603,"sunpower":603},{"datetime":"2020-07-30T18:00:00","datetimeutc":"2020-07-30T16:00:00","timetype":"Hour","precipitationmm":0.0,"temperature":20.8,"feeltemperature":20.8,"cloudcover":23,"iconcode":"j","iconid":4,"sources":1,"winddirection":"O","winddirectiondegrees":73,"windspeedms":3.63,"visibility":25200,"precipitation":0,"beaufort":2,"humidity":54,"sunshine":71,"hour":18,"pollenindex":6,"windspeed":13,"sunshinepower":473,"sunpower":473},{"datetime":"2020-07-30T19:00:00","datetimeutc":"2020-07-30T17:00:00","timetype":"Hour","precipitationmm":0.0,"temperature":20.3,"feeltemperature":20.3,"cloudcover":19,"iconcode":"j","iconid":4,"sources":1,"winddirection":"O","winddirectiondegrees":71,"windspeedms":3.79,"visibility":24800,"precipitation":0,"beaufort":2,"humidity":56,"sunshine":76,"hour":19,"pollenindex":6,"windspeed":14,"sunshinepower":324,"sunpower":324},{"datetime":"2020-07-30T20:00:00","datetimeutc":"2020-07-30T18:00:00","timetype":"Hour","precipitationmm":0.0,"temperature":19.5,"feeltemperature":19.5,"cloudcover":14,"iconcode":"a","iconid":4,"sources":1,"winddirection":"NO","winddirectiondegrees":65,"windspeedms":3.69,"visibility":23010,"precipitation":0,"beaufort":2,"humidity":59,"sunshine":80,"hour":20,"pollenindex":5,"windspeed":13,"sunshinepower":169,"sunpower":169},{"datetime":"2020-07-30T21:00:00","datetimeutc":"2020-07-30T19:00:00","timetype":"Hour","precipitationmm":0.0,"temperature":18.5,"feeltemperature":18.5,"cloudcover":10,"iconcode":"a","iconid":1,"sources":1,"winddirection":"NO","winddirectiondegrees":63,"windspeedms":3.18,"visibility":19000,"precipitation":0,"beaufort":2,"humidity":64,"sunshine":85,"hour":21,"pollenindex":5,"windspeed":11,"sunshinepower":45,"sunpower":45},{"datetime":"2020-07-30T22:00:00","datetimeutc":"2020-07-30T20:00:00","timetype":"Hour","precipitationmm":0.0,"temperature":17.5,"feeltemperature":17.5,"cloudcover":5,"iconcode":"aa","iconid":1,"sources":1,"winddirection":"O","winddirectiondegrees":76,"windspeedms":3.2,"visibility":17600,"precipitation":0,"beaufort":2,"humidity":67,"sunshine":55,"hour":22,"pollenindex":5,"windspeed":12,"sunshinepower":0,"sunpower":0},{"datetime":"2020-07-30T23:00:00","datetimeutc":"2020-07-30T21:00:00","timetype":"Hour","precipitationmm":0.0,"temperature":16.7,"feeltemperature":16.7,"cloudcover":9,"iconcode":"aa","iconid":1,"sources":1,"winddirection":"O","winddirectiondegrees":91,"windspeedms":3.4,"visibility":18210,"precipitation":0,"beaufort":2,"humidity":72,"sunshine":0,"hour":23,"pollenindex":5,"windspeed":12,"sunshinepower":0,"sunpower":0}],"datetime":"2020-07-30T00:00:00","datetimeutc":"2020-07-29T22:00:00","timetype":"Day","precipitationmm":0.0,"mintemperature":12.5,"maxtemperature":21.0,"cloudcover":25,"iconcode":"j","iconid":2,"sources":1,"winddirection":"O","winddirectiondegrees":90,"windspeedms":2.34,"precipitation":0,"beaufort":2,"uvindex":6,"bbqindex":9,"mosquitoindex":8,"pollenindex":5,"icescrapeindex":1,"mintemp":12.5,"maxtemp":21.0,"windspeed":2},{"date":"2020-07-31T00:00:00","sunrise":"2020-07-31T06:00:02","sunset":"2020-07-31T21:32:37","hours":[{"datetime":"2020-07-31T00:00:00","datetimeutc":"2020-07-30T22:00:00","timetype":"Hour","precipitationmm":0.0,"temperature":16.0,"feeltemperature":16.0,"cloudcover":15,"iconcode":"jj","iconid":1,"sources":1,"winddirection":"O","winddirectiondegrees":95,"windspeedms":3.47,"visibility":18410,"precipitation":0,"beaufort":2,"humidity":74,"sunshine":0,"hour":0,"pollenindex":4,"windspeed":12,"sunshinepower":0,"sunpower":0},{"datetime":"2020-07-31T01:00:00","datetimeutc":"2020-07-30T23:00:00","timetype":"Hour","precipitationmm":0.0,"temperature":15.2,"feeltemperature":15.2,"cloudcover":22,"iconcode":"jj","iconid":1,"sources":1,"winddirection":"O","winddirectiondegrees":96,"windspeedms":3.7,"visibility":15820,"precipitation":0,"beaufort":2,"humidity":77,"sunshine":0,"hour":1,"pollenindex":4,"windspeed":13,"sunshinepower":0,"sunpower":0},{"datetime":"2020-07-31T02:00:00","datetimeutc":"2020-07-31T00:00:00","timetype":"Hour","precipitationmm":0.0,"temperature":14.5,"feeltemperature":13.5,"cloudcover":25,"iconcode":"jj","iconid":1,"sources":1,"winddirection":"O","winddirectiondegrees":105,"windspeedms":3.82,"visibility":13020,"precipitation":0,"beaufort":2,"humidity":79,"sunshine":0,"hour":2,"pollenindex":4,"windspeed":14,"sunshinepower":0,"sunpower":0},{"datetime":"2020-07-31T03:00:00","datetimeutc":"2020-07-31T01:00:00","timetype":"Hour","precipitationmm":0.0,"temperature":13.8,"feeltemperature":12.8,"cloudcover":19,"iconcode":"jj","iconid":1,"sources":1,"winddirection":"O","winddirectiondegrees":109,"windspeedms":3.66,"visibility":11810,"precipitation":0,"beaufort":2,"humidity":84,"sunshine":0,"hour":3,"pollenindex":4,"windspeed":13,"sunshinepower":0,"sunpower":0},{"datetime":"2020-07-31T04:00:00","datetimeutc":"2020-07-31T02:00:00","timetype":"Hour","precipitationmm":0.0,"temperature":13.3,"feeltemperature":12.3,"cloudcover":8,"iconcode":"aa","iconid":1,"sources":1,"winddirection":"O","winddirectiondegrees":111,"windspeedms":3.47,"visibility":11210,"precipitation":0,"beaufort":2,"humidity":86,"sunshine":0,"hour":4,"pollenindex":4,"windspeed":12,"sunshinepower":0,"sunpower":0},{"datetime":"2020-07-31T05:00:00","datetimeutc":"2020-07-31T03:00:00","timetype":"Hour","precipitationmm":0.0,"temperature":13.0,"feeltemperature":13.0,"cloudcover":10,"iconcode":"aa","iconid":1,"sources":1,"winddirection":"ZO","winddirectiondegrees":113,"windspeedms":3.37,"visibility":10400,"precipitation":0,"beaufort":2,"humidity":87,"sunshine":0,"hour":5,"pollenindex":3,"windspeed":12,"sunshinepower":0,"sunpower":0},{"datetime":"2020-07-31T06:00:00","datetimeutc":"2020-07-31T04:00:00","timetype":"Hour","precipitationmm":0.0,"temperature":13.3,"feeltemperature":13.3,"cloudcover":19,"iconcode":"jj","iconid":4,"sources":1,"winddirection":"ZO","winddirectiondegrees":114,"windspeedms":3.33,"visibility":10010,"precipitation":0,"beaufort":2,"humidity":86,"sunshine":3,"hour":6,"pollenindex":4,"windspeed":12,"sunshinepower":0,"sunpower":0},{"datetime":"2020-07-31T07:00:00","datetimeutc":"2020-07-31T05:00:00","timetype":"Hour","precipitationmm":0.0,"temperature":14.1,"feeltemperature":13.2,"cloudcover":30,"iconcode":"j","iconid":4,"sources":1,"winddirection":"ZO","winddirectiondegrees":119,"windspeedms":3.43,"visibility":10000,"precipitation":0,"beaufort":2,"humidity":83,"sunshine":80,"hour":7,"pollenindex":4,"windspeed":12,"sunshinepower":73,"sunpower":73},{"datetime":"2020-07-31T08:00:00","datetimeutc":"2020-07-31T06:00:00","timetype":"Hour","precipitationmm":0.0,"temperature":15.4,"feeltemperature":15.4,"cloudcover":30,"iconcode":"j","iconid":4,"sources":1,"winddirection":"ZO","winddirectiondegrees":124,"windspeedms":3.36,"visibility":12800,"precipitation":0,"beaufort":2,"humidity":78,"sunshine":68,"hour":8,"pollenindex":4,"windspeed":12,"sunshinepower":211,"sunpower":211},{"datetime":"2020-07-31T09:00:00","datetimeutc":"2020-07-31T07:00:00","timetype":"Hour","precipitationmm":0.0,"temperature":17.0,"feeltemperature":17.0,"cloudcover":28,"iconcode":"j","iconid":5,"sources":1,"winddirection":"ZO","winddirectiondegrees":127,"windspeedms":3.37,"visibility":15200,"precipitation":0,"beaufort":2,"humidity":72,"sunshine":68,"hour":9,"pollenindex":4,"windspeed":12,"sunshinepower":365,"sunpower":365},{"datetime":"2020-07-31T10:00:00","datetimeutc":"2020-07-31T08:00:00","timetype":"Hour","precipitationmm":0.0,"temperature":18.7,"feeltemperature":18.7,"cloudcover":15,"iconcode":"j","iconid":5,"sources":1,"winddirection":"ZO","winddirectiondegrees":131,"windspeedms":3.82,"visibility":19000,"precipitation":0,"beaufort":2,"humidity":67,"sunshine":70,"hour":10,"pollenindex":5,"windspeed":14,"sunshinepower":513,"sunpower":513},{"datetime":"2020-07-31T11:00:00","datetimeutc":"2020-07-31T09:00:00","timetype":"Hour","precipitationmm":0.0,"temperature":20.4,"feeltemperature":20.4,"cloudcover":20,"iconcode":"j","iconid":1,"sources":1,"winddirection":"ZO","winddirectiondegrees":132,"windspeedms":3.93,"visibility":22400,"precipitation":0,"beaufort":2,"humidity":60,"sunshine":83,"hour":11,"pollenindex":5,"windspeed":14,"sunshinepower":641,"sunpower":641},{"datetime":"2020-07-31T12:00:00","datetimeutc":"2020-07-31T10:00:00","timetype":"Hour","precipitationmm":0.0,"temperature":21.8,"feeltemperature":21.8,"cloudcover":16,"iconcode":"j","iconid":1,"sources":1,"winddirection":"ZO","winddirectiondegrees":140,"windspeedms":4.03,"visibility":27200,"precipitation":0,"beaufort":3,"humidity":55,"sunshine":78,"hour":12,"pollenindex":5,"windspeed":15,"sunshinepower":738,"sunpower":738},{"datetime":"2020-07-31T13:00:00","datetimeutc":"2020-07-31T11:00:00","timetype":"Hour","precipitationmm":0.0,"temperature":23.2,"feeltemperature":25.3,"cloudcover":9,"iconcode":"a","iconid":1,"sources":1,"winddirection":"ZO","winddirectiondegrees":147,"windspeedms":4.32,"visibility":30800,"precipitation":0,"beaufort":3,"humidity":50,"sunshine":83,"hour":13,"pollenindex":6,"windspeed":16,"sunshinepower":798,"sunpower":798},{"datetime":"2020-07-31T14:00:00","datetimeutc":"2020-07-31T12:00:00","timetype":"Hour","precipitationmm":0.0,"temperature":24.5,"feeltemperature":25.8,"cloudcover":4,"iconcode":"a","iconid":1,"sources":1,"winddirection":"ZO","winddirectiondegrees":146,"windspeedms":4.45,"visibility":32400,"precipitation":0,"beaufort":3,"humidity":47,"sunshine":91,"hour":14,"pollenindex":6,"windspeed":16,"sunshinepower":814,"sunpower":814},{"datetime":"2020-07-31T15:00:00","datetimeutc":"2020-07-31T13:00:00","timetype":"Hour","precipitationmm":0.0,"temperature":25.5,"feeltemperature":26.3,"cloudcover":5,"iconcode":"a","iconid":1,"sources":1,"winddirection":"ZO","winddirectiondegrees":147,"windspeedms":4.57,"visibility":34400,"precipitation":0,"beaufort":3,"humidity":46,"sunshine":96,"hour":15,"pollenindex":6,"windspeed":16,"sunshinepower":786,"sunpower":786},{"datetime":"2020-07-31T16:00:00","datetimeutc":"2020-07-31T14:00:00","timetype":"Hour","precipitationmm":0.0,"temperature":25.9,"feeltemperature":26.6,"cloudcover":9,"iconcode":"a","iconid":1,"sources":1,"winddirection":"ZO","winddirectiondegrees":147,"windspeedms":4.56,"visibility":36000,"precipitation":0,"beaufort":3,"humidity":46,"sunshine":95,"hour":16,"pollenindex":6,"windspeed":16,"sunshinepower":716,"sunpower":716},{"datetime":"2020-07-31T17:00:00","datetimeutc":"2020-07-31T15:00:00","timetype":"Hour","precipitationmm":0.0,"temperature":25.8,"feeltemperature":26.5,"cloudcover":13,"iconcode":"a","iconid":1,"sources":1,"winddirection":"ZO","winddirectiondegrees":146,"windspeedms":4.51,"visibility":37000,"precipitation":0,"beaufort":3,"humidity":46,"sunshine":90,"hour":17,"pollenindex":6,"windspeed":16,"sunshinepower":607,"sunpower":607},{"datetime":"2020-07-31T18:00:00","datetimeutc":"2020-07-31T16:00:00","timetype":"Hour","precipitationmm":0.0,"temperature":25.4,"feeltemperature":26.3,"cloudcover":15,"iconcode":"j","iconid":2,"sources":1,"winddirection":"ZO","winddirectiondegrees":142,"windspeedms":4.37,"visibility":37200,"precipitation":0,"beaufort":3,"humidity":47,"sunshine":86,"hour":18,"pollenindex":6,"windspeed":16,"sunshinepower":469,"sunpower":469},{"datetime":"2020-07-31T19:00:00","datetimeutc":"2020-07-31T17:00:00","timetype":"Hour","precipitationmm":0.0,"temperature":24.7,"feeltemperature":26.0,"cloudcover":16,"iconcode":"j","iconid":4,"sources":1,"winddirection":"ZO","winddirectiondegrees":135,"windspeedms":4.14,"visibility":35800,"precipitation":0,"beaufort":3,"humidity":51,"sunshine":85,"hour":19,"pollenindex":6,"windspeed":15,"sunshinepower":318,"sunpower":318},{"datetime":"2020-07-31T20:00:00","datetimeutc":"2020-07-31T18:00:00","timetype":"Hour","precipitationmm":0.0,"temperature":23.6,"feeltemperature":25.4,"cloudcover":18,"iconcode":"j","iconid":1,"sources":1,"winddirection":"ZO","winddirectiondegrees":123,"windspeedms":3.62,"visibility":30800,"precipitation":0,"beaufort":2,"humidity":57,"sunshine":83,"hour":20,"pollenindex":5,"windspeed":13,"sunshinepower":165,"sunpower":165},{"datetime":"2020-07-31T21:00:00","datetimeutc":"2020-07-31T19:00:00","timetype":"Hour","precipitationmm":0.0,"temperature":22.3,"feeltemperature":24.8,"cloudcover":22,"iconcode":"j","iconid":2,"sources":1,"winddirection":"ZO","winddirectiondegrees":115,"windspeedms":3.47,"visibility":27200,"precipitation":0,"beaufort":2,"humidity":61,"sunshine":81,"hour":21,"pollenindex":5,"windspeed":12,"sunshinepower":43,"sunpower":43},{"datetime":"2020-07-31T22:00:00","datetimeutc":"2020-07-31T20:00:00","timetype":"Hour","precipitationmm":0.0,"temperature":21.1,"feeltemperature":21.1,"cloudcover":27,"iconcode":"jj","iconid":2,"sources":1,"winddirection":"ZO","winddirectiondegrees":115,"windspeedms":3.81,"visibility":24810,"precipitation":0,"beaufort":2,"humidity":63,"sunshine":45,"hour":22,"pollenindex":5,"windspeed":14,"sunshinepower":0,"sunpower":0},{"datetime":"2020-07-31T23:00:00","datetimeutc":"2020-07-31T21:00:00","timetype":"Hour","precipitationmm":0.0,"temperature":20.2,"feeltemperature":20.2,"cloudcover":27,"iconcode":"jj","iconid":13,"sources":1,"winddirection":"ZO","winddirectiondegrees":115,"windspeedms":4.29,"visibility":20610,"precipitation":0,"beaufort":3,"humidity":67,"sunshine":0,"hour":23,"pollenindex":5,"windspeed":15,"sunshinepower":0,"sunpower":0}],"datetime":"2020-07-31T00:00:00","datetimeutc":"2020-07-30T22:00:00","timetype":"Day","precipitationmm":0.0,"mintemperature":13.0,"maxtemperature":25.9,"cloudcover":25,"iconcode":"j","iconid":2,"sources":1,"winddirection":"ZO","winddirectiondegrees":135,"windspeedms":3.87,"precipitation":0,"beaufort":2,"uvindex":6,"bbqindex":9,"mosquitoindex":6,"pollenindex":5,"icescrapeindex":1,"mintemp":13.0,"maxtemp":25.9,"windspeed":4},{"date":"2020-08-01T00:00:00","sunrise":"2020-08-01T06:01:36","sunset":"2020-08-01T21:30:55","hours":[{"datetime":"2020-08-01T00:00:00","datetimeutc":"2020-07-31T22:00:00","timetype":"Hour","precipitationmm":0.0,"temperature":19.5,"feeltemperature":19.5,"cloudcover":20,"iconcode":"jj","iconid":2,"sources":1,"winddirection":"ZO","winddirectiondegrees":126,"windspeedms":4.53,"visibility":18810,"precipitation":0,"beaufort":3,"humidity":69,"sunshine":0,"hour":0,"pollenindex":5,"windspeed":16,"sunshinepower":0,"sunpower":0},{"datetime":"2020-08-01T01:00:00","datetimeutc":"2020-07-31T23:00:00","timetype":"Hour","precipitationmm":0.0,"temperature":18.7,"feeltemperature":18.7,"cloudcover":8,"iconcode":"aa","iconid":13,"sources":1,"winddirection":"ZO","winddirectiondegrees":135,"windspeedms":4.83,"visibility":19420,"precipitation":0,"beaufort":3,"humidity":71,"sunshine":0,"hour":1,"pollenindex":5,"windspeed":17,"sunshinepower":0,"sunpower":0},{"datetime":"2020-08-01T02:00:00","datetimeutc":"2020-08-01T00:00:00","timetype":"Hour","precipitationmm":0.0,"temperature":18.0,"feeltemperature":18.0,"cloudcover":54,"iconcode":"bb","iconid":1,"sources":1,"winddirection":"ZO","winddirectiondegrees":140,"windspeedms":4.83,"visibility":18820,"precipitation":0,"beaufort":3,"humidity":73,"sunshine":0,"hour":2,"pollenindex":4,"windspeed":17,"sunshinepower":0,"sunpower":0},{"datetime":"2020-08-01T03:00:00","datetimeutc":"2020-08-01T01:00:00","timetype":"Hour","precipitationmm":0.0,"temperature":17.2,"feeltemperature":17.2,"cloudcover":61,"iconcode":"bb","iconid":1,"sources":1,"winddirection":"ZO","winddirectiondegrees":149,"windspeedms":4.63,"visibility":15620,"precipitation":0,"beaufort":3,"humidity":78,"sunshine":0,"hour":3,"pollenindex":4,"windspeed":17,"sunshinepower":0,"sunpower":0},{"datetime":"2020-08-01T04:00:00","datetimeutc":"2020-08-01T02:00:00","timetype":"Hour","precipitationmm":0.0,"temperature":16.7,"feeltemperature":16.7,"cloudcover":54,"iconcode":"bb","iconid":1,"sources":1,"winddirection":"Z","winddirectiondegrees":162,"windspeedms":4.31,"visibility":13010,"precipitation":0,"beaufort":3,"humidity":82,"sunshine":0,"hour":4,"pollenindex":4,"windspeed":16,"sunshinepower":0,"sunpower":0},{"datetime":"2020-08-01T05:00:00","datetimeutc":"2020-08-01T03:00:00","timetype":"Hour","precipitationmm":0.0,"temperature":16.3,"feeltemperature":16.3,"cloudcover":61,"iconcode":"bb","iconid":1,"sources":1,"winddirection":"Z","winddirectiondegrees":176,"windspeedms":4.09,"visibility":11000,"precipitation":0,"beaufort":3,"humidity":84,"sunshine":0,"hour":5,"pollenindex":4,"windspeed":15,"sunshinepower":0,"sunpower":0},{"datetime":"2020-08-01T06:00:00","datetimeutc":"2020-08-01T04:00:00","timetype":"Hour","precipitationmm":0.0,"temperature":16.4,"feeltemperature":16.4,"cloudcover":58,"iconcode":"bb","iconid":1,"sources":1,"winddirection":"ZW","winddirectiondegrees":214,"windspeedms":4.2,"visibility":10000,"precipitation":0,"beaufort":3,"humidity":85,"sunshine":0,"hour":6,"pollenindex":4,"windspeed":15,"sunshinepower":0,"sunpower":0},{"datetime":"2020-08-01T07:00:00","datetimeutc":"2020-08-01T05:00:00","timetype":"Hour","precipitationmm":0.0,"temperature":16.9,"feeltemperature":16.9,"cloudcover":0,"iconcode":"a","iconid":13,"sources":1,"winddirection":"W","winddirectiondegrees":269,"windspeedms":5.07,"visibility":10000,"precipitation":0,"beaufort":3,"humidity":81,"sunshine":38,"hour":7,"pollenindex":4,"windspeed":18,"sunshinepower":64,"sunpower":64},{"datetime":"2020-08-01T08:00:00","datetimeutc":"2020-08-01T06:00:00","timetype":"Hour","precipitationmm":0.0,"temperature":18.2,"feeltemperature":18.2,"cloudcover":0,"iconcode":"a","iconid":14,"sources":1,"winddirection":"NW","winddirectiondegrees":299,"windspeedms":6.01,"visibility":11200,"precipitation":0,"beaufort":4,"humidity":75,"sunshine":100,"hour":8,"pollenindex":4,"windspeed":22,"sunshinepower":197,"sunpower":197},{"datetime":"2020-08-01T09:00:00","datetimeutc":"2020-08-01T07:00:00","timetype":"Hour","precipitationmm":0.0,"temperature":20.0,"feeltemperature":20.0,"cloudcover":0,"iconcode":"a","iconid":13,"sources":1,"winddirection":"NW","winddirectiondegrees":307,"windspeedms":6.37,"visibility":12200,"precipitation":0,"beaufort":4,"humidity":69,"sunshine":100,"hour":9,"pollenindex":5,"windspeed":23,"sunshinepower":351,"sunpower":351},{"datetime":"2020-08-01T10:00:00","datetimeutc":"2020-08-01T08:00:00","timetype":"Hour","precipitationmm":0.0,"temperature":22.1,"feeltemperature":24.5,"cloudcover":0,"iconcode":"a","iconid":13,"sources":1,"winddirection":"NW","winddirectiondegrees":298,"windspeedms":6.4,"visibility":11200,"precipitation":0,"beaufort":4,"humidity":63,"sunshine":100,"hour":10,"pollenindex":5,"windspeed":23,"sunshinepower":486,"sunpower":486},{"datetime":"2020-08-01T11:00:00","datetimeutc":"2020-08-01T09:00:00","timetype":"Hour","precipitationmm":0.0,"temperature":24.1,"feeltemperature":25.6,"cloudcover":0,"iconcode":"a","iconid":13,"sources":1,"winddirection":"NW","winddirectiondegrees":295,"windspeedms":6.49,"visibility":11000,"precipitation":0,"beaufort":4,"humidity":58,"sunshine":100,"hour":11,"pollenindex":5,"windspeed":23,"sunshinepower":580,"sunpower":580},{"datetime":"2020-08-01T12:00:00","datetimeutc":"2020-08-01T10:00:00","timetype":"Hour","precipitationmm":0.0,"temperature":26.0,"feeltemperature":26.9,"cloudcover":32,"iconcode":"j","iconid":13,"sources":1,"winddirection":"NW","winddirectiondegrees":293,"windspeedms":6.53,"visibility":10200,"precipitation":0,"beaufort":4,"humidity":51,"sunshine":100,"hour":12,"pollenindex":6,"windspeed":24,"sunshinepower":639,"sunpower":639},{"datetime":"2020-08-01T13:00:00","datetimeutc":"2020-08-01T11:00:00","timetype":"Hour","precipitationmm":0.0,"temperature":26.6,"feeltemperature":27.3,"cloudcover":35,"iconcode":"j","iconid":13,"sources":1,"winddirection":"NW","winddirectiondegrees":296,"windspeedms":6.46,"visibility":10400,"precipitation":0,"beaufort":4,"humidity":49,"sunshine":66,"hour":13,"pollenindex":6,"windspeed":23,"sunshinepower":674,"sunpower":674},{"datetime":"2020-08-01T14:00:00","datetimeutc":"2020-08-01T12:00:00","timetype":"Hour","precipitationmm":0.0,"temperature":26.7,"feeltemperature":27.5,"cloudcover":32,"iconcode":"j","iconid":13,"sources":1,"winddirection":"NW","winddirectiondegrees":301,"windspeedms":6.39,"visibility":12000,"precipitation":0,"beaufort":4,"humidity":51,"sunshine":63,"hour":14,"pollenindex":6,"windspeed":23,"sunshinepower":677,"sunpower":677},{"datetime":"2020-08-01T15:00:00","datetimeutc":"2020-08-01T13:00:00","timetype":"Hour","precipitationmm":0.0,"temperature":26.1,"feeltemperature":27.2,"cloudcover":35,"iconcode":"j","iconid":13,"sources":1,"winddirection":"NW","winddirectiondegrees":301,"windspeedms":6.14,"visibility":13000,"precipitation":0,"beaufort":4,"humidity":56,"sunshine":66,"hour":15,"pollenindex":5,"windspeed":22,"sunshinepower":655,"sunpower":655},{"datetime":"2020-08-01T16:00:00","datetimeutc":"2020-08-01T14:00:00","timetype":"Hour","precipitationmm":0.0,"temperature":26.0,"feeltemperature":27.0,"cloudcover":39,"iconcode":"j","iconid":13,"sources":1,"winddirection":"NW","winddirectiondegrees":299,"windspeedms":6.07,"visibility":12600,"precipitation":0,"beaufort":4,"humidity":56,"sunshine":63,"hour":16,"pollenindex":5,"windspeed":22,"sunshinepower":589,"sunpower":589},{"datetime":"2020-08-01T17:00:00","datetimeutc":"2020-08-01T15:00:00","timetype":"Hour","precipitationmm":0.0,"temperature":25.7,"feeltemperature":26.8,"cloudcover":39,"iconcode":"j","iconid":13,"sources":1,"winddirection":"NW","winddirectiondegrees":299,"windspeedms":5.93,"visibility":12200,"precipitation":0,"beaufort":3,"humidity":56,"sunshine":58,"hour":17,"pollenindex":5,"windspeed":21,"sunshinepower":484,"sunpower":484},{"datetime":"2020-08-01T18:00:00","datetimeutc":"2020-08-01T16:00:00","timetype":"Hour","precipitationmm":0.0,"temperature":25.3,"feeltemperature":26.5,"cloudcover":39,"iconcode":"j","iconid":13,"sources":1,"winddirection":"NW","winddirectiondegrees":303,"windspeedms":5.54,"visibility":12800,"precipitation":0,"beaufort":3,"humidity":56,"sunshine":58,"hour":18,"pollenindex":5,"windspeed":20,"sunshinepower":380,"sunpower":380},{"datetime":"2020-08-01T19:00:00","datetimeutc":"2020-08-01T17:00:00","timetype":"Hour","precipitationmm":0.0,"temperature":24.5,"feeltemperature":25.9,"cloudcover":43,"iconcode":"j","iconid":13,"sources":1,"winddirection":"NW","winddirectiondegrees":307,"windspeedms":4.98,"visibility":13000,"precipitation":0,"beaufort":3,"humidity":59,"sunshine":58,"hour":19,"pollenindex":5,"windspeed":18,"sunshinepower":268,"sunpower":268},{"datetime":"2020-08-01T20:00:00","datetimeutc":"2020-08-01T18:00:00","timetype":"Hour","precipitationmm":0.0,"temperature":23.3,"feeltemperature":25.1,"cloudcover":39,"iconcode":"j","iconid":13,"sources":1,"winddirection":"NW","winddirectiondegrees":310,"windspeedms":4.32,"visibility":13400,"precipitation":0,"beaufort":3,"humidity":62,"sunshine":55,"hour":20,"pollenindex":5,"windspeed":16,"sunshinepower":141,"sunpower":141},{"datetime":"2020-08-01T21:00:00","datetimeutc":"2020-08-01T19:00:00","timetype":"Hour","precipitationmm":0.0,"temperature":21.8,"feeltemperature":21.8,"cloudcover":39,"iconcode":"j","iconid":13,"sources":1,"winddirection":"NW","winddirectiondegrees":311,"windspeedms":3.35,"visibility":13200,"precipitation":0,"beaufort":2,"humidity":66,"sunshine":58,"hour":21,"pollenindex":5,"windspeed":12,"sunshinepower":36,"sunpower":36},{"datetime":"2020-08-01T22:00:00","datetimeutc":"2020-08-01T20:00:00","timetype":"Hour","precipitationmm":0.0,"temperature":20.3,"feeltemperature":20.3,"cloudcover":11,"iconcode":"aa","iconid":5,"sources":1,"winddirection":"NW","winddirectiondegrees":301,"windspeedms":2.83,"visibility":11410,"precipitation":0,"beaufort":2,"humidity":71,"sunshine":33,"hour":22,"pollenindex":5,"windspeed":10,"sunshinepower":0,"sunpower":0},{"datetime":"2020-08-01T23:00:00","datetimeutc":"2020-08-01T21:00:00","timetype":"Hour","precipitationmm":0.0,"temperature":19.1,"feeltemperature":19.1,"cloudcover":17,"iconcode":"jj","iconid":5,"sources":1,"winddirection":"W","winddirectiondegrees":292,"windspeedms":2.82,"visibility":10610,"precipitation":0,"beaufort":2,"humidity":77,"sunshine":0,"hour":23,"pollenindex":4,"windspeed":10,"sunshinepower":0,"sunpower":0}],"datetime":"2020-08-01T00:00:00","datetimeutc":"2020-07-31T22:00:00","timetype":"Day","precipitationmm":0.0,"mintemperature":16.3,"maxtemperature":26.7,"cloudcover":25,"iconcode":"j","iconid":2,"sources":1,"winddirection":"NW","winddirectiondegrees":315,"windspeedms":5.13,"precipitation":0,"beaufort":3,"uvindex":6,"bbqindex":8,"mosquitoindex":6,"pollenindex":5,"icescrapeindex":1,"mintemp":16.3,"maxtemp":26.7,"windspeed":5},{"date":"2020-08-02T00:00:00","sunrise":"2020-08-02T06:03:11","sunset":"2020-08-02T21:29:10","hours":[{"datetime":"2020-08-02T00:00:00","datetimeutc":"2020-08-01T22:00:00","timetype":"Hour","precipitationmm":0.0,"temperature":18.2,"feeltemperature":18.2,"cloudcover":27,"iconcode":"jj","iconid":5,"sources":1,"winddirection":"W","winddirectiondegrees":279,"windspeedms":2.91,"visibility":10410,"precipitation":1,"beaufort":2,"humidity":79,"sunshine":0,"hour":0,"pollenindex":4,"windspeed":10,"sunshinepower":0,"sunpower":0},{"datetime":"2020-08-02T01:00:00","datetimeutc":"2020-08-01T23:00:00","timetype":"Hour","precipitationmm":0.0,"temperature":17.5,"feeltemperature":17.5,"cloudcover":30,"iconcode":"jj","iconid":5,"sources":1,"winddirection":"W","winddirectiondegrees":270,"windspeedms":3.14,"visibility":10630,"precipitation":1,"beaufort":2,"humidity":81,"sunshine":0,"hour":1,"pollenindex":4,"windspeed":11,"sunshinepower":0,"sunpower":0},{"datetime":"2020-08-02T02:00:00","datetimeutc":"2020-08-02T00:00:00","timetype":"Hour","precipitationmm":0.0,"temperature":16.9,"feeltemperature":16.9,"cloudcover":39,"iconcode":"jj","iconid":8,"sources":1,"winddirection":"W","winddirectiondegrees":272,"windspeedms":3.1,"visibility":10620,"precipitation":1,"beaufort":2,"humidity":82,"sunshine":0,"hour":2,"pollenindex":4,"windspeed":11,"sunshinepower":0,"sunpower":0}],"datetime":"2020-08-02T00:00:00","datetimeutc":"2020-08-01T22:00:00","timetype":"Day","precipitationmm":0.0,"mintemperature":16.8,"maxtemperature":23.1,"cloudcover":25,"iconcode":"j","iconid":2,"sources":1,"winddirection":"NO","winddirectiondegrees":45,"windspeedms":2.78,"precipitation":1,"beaufort":2,"pollenindex":6,"icescrapeindex":1,"mintemp":16.8,"maxtemp":23.1,"windspeed":3},{"date":"2020-08-03T00:00:00","sunrise":"2020-08-03T06:04:46","sunset":"2020-08-03T21:27:25","datetime":"2020-08-03T00:00:00","datetimeutc":"2020-08-02T22:00:00","timetype":"Day","precipitationmm":0.0,"mintemperature":17.0,"maxtemperature":22.5,"cloudcover":25,"iconcode":"j","iconid":2,"sources":1,"winddirection":"O","winddirectiondegrees":90,"windspeedms":1.99,"precipitation":2,"beaufort":1,"pollenindex":5,"mintemp":17.0,"maxtemp":22.5,"windspeed":2},{"date":"2020-08-04T00:00:00","sunrise":"2020-08-04T06:06:21","sunset":"2020-08-04T21:25:37","datetime":"2020-08-04T00:00:00","datetimeutc":"2020-08-03T22:00:00","timetype":"Day","precipitationmm":4.1,"mintemperature":16.8,"maxtemperature":22.0,"cloudcover":25,"iconcode":"f","iconid":16,"sources":1,"winddirection":"N","winddirectiondegrees":0,"windspeedms":1.28,"precipitation":57,"beaufort":1,"pollenindex":5,"mintemp":16.8,"maxtemp":22.0,"windspeed":1},{"date":"2020-08-05T00:00:00","sunrise":"2020-08-05T06:07:58","sunset":"2020-08-05T21:23:48","datetime":"2020-08-05T00:00:00","datetimeutc":"2020-08-04T22:00:00","timetype":"Day","precipitationmm":3.2,"mintemperature":16.5,"maxtemperature":21.8,"cloudcover":25,"iconcode":"f","iconid":16,"sources":1,"winddirection":"NW","winddirectiondegrees":315,"windspeedms":1.44,"precipitation":61,"beaufort":1,"pollenindex":5,"mintemp":16.5,"maxtemp":21.8,"windspeed":1},{"date":"2020-08-06T00:00:00","sunrise":"2020-08-06T06:09:34","sunset":"2020-08-06T21:21:57","datetime":"2020-08-06T00:00:00","datetimeutc":"2020-08-05T22:00:00","timetype":"Day","precipitationmm":2.1,"mintemperature":16.4,"maxtemperature":22.1,"cloudcover":25,"iconcode":"f","iconid":16,"sources":1,"winddirection":"NW","winddirectiondegrees":315,"windspeedms":1.36,"precipitation":62,"beaufort":1,"pollenindex":5,"mintemp":16.4,"maxtemp":22.1,"windspeed":1},{"date":"2020-08-07T00:00:00","sunrise":"2020-08-07T06:11:11","sunset":"2020-08-07T21:20:05","datetime":"2020-08-07T00:00:00","datetimeutc":"2020-08-06T22:00:00","timetype":"Day","precipitationmm":0.0,"mintemperature":17.0,"maxtemperature":23.1,"cloudcover":0,"iconcode":"a","iconid":1,"sources":1,"winddirection":"ZO","winddirectiondegrees":135,"windspeedms":1.22,"precipitation":2,"beaufort":1,"pollenindex":5,"mintemp":17.0,"maxtemp":23.1,"windspeed":1},{"date":"2020-08-08T00:00:00","sunrise":"2020-08-08T06:12:48","sunset":"2020-08-08T21:18:11","datetime":"2020-08-08T00:00:00","datetimeutc":"2020-08-07T22:00:00","timetype":"Day","precipitationmm":0.0,"mintemperature":17.1,"maxtemperature":22.4,"cloudcover":25,"iconcode":"j","iconid":2,"sources":1,"winddirection":"N","winddirectiondegrees":0,"windspeedms":1.54,"precipitation":2,"beaufort":1,"pollenindex":6,"mintemp":17.1,"maxtemp":22.4,"windspeed":2},{"date":"2020-08-09T00:00:00","sunrise":"2020-08-09T06:14:26","sunset":"2020-08-09T21:16:15","datetime":"2020-08-09T00:00:00","datetimeutc":"2020-08-08T22:00:00","timetype":"Day","precipitationmm":0.0,"mintemperature":16.8,"maxtemperature":22.5,"cloudcover":25,"iconcode":"j","iconid":2,"sources":1,"winddirection":"O","winddirectiondegrees":90,"windspeedms":1.34,"precipitation":1,"beaufort":1,"pollenindex":6,"mintemp":16.8,"maxtemp":22.5,"windspeed":1}]}