{"location":{"lat":52.37,"lon":4.89},"timeOffset":2.0,"timestamp":"2020-07-22T21:25:10","altitude":0,"elevation":0,"machinename":"None","elapsedms":0,"pollenindexNowDay":5,"pollenindexNowHour":4,"nowrelevant":{"values":[{"type":"pollenindex","value":5},{"type":"uvindex","value":5}]},"days":[{"date":"2020-07-23T00:00:00","sunrise":"2020-07-23T05:48:00","sunset":"2020-07-23T21:45:04","morning":{"datetime":"2020-07-23T07:00:00","datetimeutc":"2020-07-23T05:00:00","timetype":"Morning","precipitationmm":0.0,"mintemperature":15.5,"maxtemperature":20.0,"cloudcover":90,"iconcode":"c","iconid":22,"sources":1,"winddirection":"ZW","winddirectiondegrees":220,"windspeedms":4.7,"visibility":18460,"precipitation":0,"beaufort":3,"humidity":62,"sunshine":10,"hour":7,"mintemp":15.5,"maxtemp":20.0,"windspeed":17,"sunshinepower":275,"sunpower":275},"afternoon":{"datetime":"2020-07-23T12:00:00","datetimeutc":"2020-07-23T10:00:00","timetype":"Afternoon","precipitationmm":0.0,"mintemperature":20.8,"maxtemperature":22.6,"cloudcover":66,"iconcode":"b","iconid":22,"sources":1,"winddirection":"W","winddirectiondegrees":257,"windspeedms":5.8,"visibility":24051,"precipitation":0,"beaufort":3,"humidity":54,"sunshine":20,"hour":12,"mintemp":20.8,"maxtemp":22.6,"windspeed":21,"sunshinepower":487,"sunpower":487},"evening":{"datetime":"2020-07-23T18:00:00","datetimeutc":"2020-07-23T16:00:00","timetype":"Evening","precipitationmm":0.0,"mintemperature":18.8,"maxtemperature":22.2,"cloudcover":94,"iconcode":"c","iconid":22,"sources":1,"winddirection":"ZW","winddirectiondegrees":231,"windspeedms":3.6,"visibility":25161,"precipitation":0,"beaufort":2,"humidity":57,"sunshine":11,"hour":18,"mintemp":18.8,"maxtemp":22.2,"windspeed":13,"sunshinepower":119,"sunpower":119},"night":{"datetime":"2020-07-23T00:00:00","datetimeutc":"2020-07-22T22:00:00","timetype":"Night","precipitationmm":0.0,"mintemperature":14.1,"maxtemperature":16.0,"cloudcover":89,"iconcode":"r","iconid":22,"sources":1,"winddirection":"Z","winddirectiondegrees":171,"windspeedms":2.1,"visibility":16714,"precipitation":0,"beaufort":2,"humidity":69,"sunshine":0,"hour":0,"mintemp":14.1,"maxtemp":16.0,"windspeed":8,"sunshinepower":1,"sunpower":1},"hours":[{"datetime":"2020-07-23T00:00:00","datetimeutc":"2020-07-22T22:00:00","timetype":"Hour","precipitationmm":0.0,"temperature":16.0,"feeltemperature":16.0,"cloudcover":95,"iconcode":"cc","iconid":22,"sources":3,"winddirection":"ZO","winddirectiondegrees":141,"windspeedms":1.6,"visibility":18460,"precipitation":0,"beaufort":1,"humidity":65,"sunshine":0,"hour":0,"pollenindex":5,"windspeed":6,"sunshinepower":0,"sunpower":0},{"datetime":"2020-07-23T01:00:00","datetimeutc":"2020-07-22T23:00:00","timetype":"Hour","precipitationmm":0.0,"temperature":15.3,"feeltemperature":15.3,"cloudcover":100,"iconcode":"cc","iconid":22,"sources":3,"winddirection":"Z","winddirectiondegrees":158,"windspeedms":1.8,"visibility":16670,"precipitation":0,"beaufort":1,"humidity":68,"sunshine":0,"hour":1,"pollenindex":5,"windspeed":6,"sunshinepower":0,"sunpower":0},{"datetime":"2020-07-23T02:00:00","datetimeutc":"2020-07-23T00:00:00","timetype":"Hour","precipitationmm":0.0,"temperature":14.6,"feeltemperature":14.6,"cloudcover":100,"iconcode":"cc","iconid":22,"sources":2,"winddirection":"Z","winddirectiondegrees":168,"windspeedms":1.8,"visibility":16470,"precipitation":0,"beaufort":1,"humidity":69,"sunshine":0,"hour":2,"pollenindex":5,"windspeed":6,"sunshinepower":0,"sunpower":0},{"datetime":"2020-07-23T03:00:00","datetimeutc":"2020-07-23T01:00:00","timetype":"Hour","precipitationmm":0.0,"temperature":14.2,"feeltemperature":14.2,"cloudcover":98,"iconcode":"cc","iconid":22,"sources":2,"winddirection":"Z","winddirectiondegrees":183,"windspeedms":1.8,"visibility":16670,"precipitation":0,"beaufort":1,"humidity":72,"sunshine":0,"hour":3,"pollenindex":5,"windspeed":6,"sunshinepower":0,"sunpower":0},{"datetime":"2020-07-23T04:00:00","datetimeutc":"2020-07-23T02:00:00","timetype":"Hour","precipitationmm":0.0,"temperature":14.1,"feeltemperature":14.1,"cloudcover":85,"iconcode":"rr","iconid":22,"sources":2,"winddirection":"Z","winddirectiondegrees":183,"windspeedms":2.0,"visibility":16060,"precipitation":0,"beaufort":2,"humidity":73,"sunshine":0,"hour":4,"pollenindex":4,"windspeed":7,"sunshinepower":0,"sunpower":0},{"datetime":"2020-07-23T05:00:00","datetimeutc":"2020-07-23T03:00:00","timetype":"Hour","precipitationmm":0.0,"temperature":14.3,"feeltemperature":14.3,"cloudcover":75,"iconcode":"rr","iconid":22,"sources":2,"winddirection":"Z","winddirectiondegrees":182,"windspeedms":2.6,"visibility":16250,"precipitation":0,"beaufort":2,"humidity":71,"sunshine":0,"hour":5,"pollenindex":5,"windspeed":9,"sunshinepower":0,"sunpower":0},{"datetime":"2020-07-23T06:00:00","datetimeutc":"2020-07-23T04:00:00","timetype":"Hour","precipitationmm":0.0,"temperature":14.8,"feeltemperature":14.8,"cloudcover":74,"iconcode":"r","iconid":19,"sources":2,"winddirection":"Z","winddirectiondegrees":186,"windspeedms":3.3,"visibility":16420,"precipitation":0,"beaufort":2,"humidity":70,"sunshine":5,"hour":6,"pollenindex":5,"windspeed":12,"sunshinepower":7,"sunpower":7},{"datetime":"2020-07-23T07:00:00","datetimeutc":"2020-07-23T05:00:00","timetype":"Hour","precipitationmm":0.0,"temperature":15.5,"feeltemperature":15.5,"cloudcover":77,"iconcode":"r","iconid":22,"sources":2,"winddirection":"Z","winddirectiondegrees":193,"windspeedms":4.0,"visibility":17620,"precipitation":0,"beaufort":3,"humidity":67,"sunshine":21,"hour":7,"pollenindex":5,"windspeed":14,"sunshinepower":74,"sunpower":74},{"datetime":"2020-07-23T08:00:00","datetimeutc":"2020-07-23T06:00:00","timetype":"Hour","precipitationmm":0.0,"temperature":16.6,"feeltemperature":16.6,"cloudcover":83,"iconcode":"r","iconid":22,"sources":2,"winddirection":"ZW","winddirectiondegrees":208,"windspeedms":4.5,"visibility":17220,"precipitation":0,"beaufort":3,"humidity":64,"sunshine":18,"hour":8,"pollenindex":5,"windspeed":16,"sunshinepower":186,"sunpower":186},{"datetime":"2020-07-23T09:00:00","datetimeutc":"2020-07-23T07:00:00","timetype":"Hour","precipitationmm":0.0,"temperature":17.8,"feeltemperature":17.8,"cloudcover":92,"iconcode":"c","iconid":22,"sources":2,"winddirection":"ZW","winddirectiondegrees":223,"windspeedms":4.8,"visibility":18420,"precipitation":0,"beaufort":3,"humidity":61,"sunshine":11,"hour":9,"pollenindex":5,"windspeed":17,"sunshinepower":293,"sunpower":293},{"datetime":"2020-07-23T10:00:00","datetimeutc":"2020-07-23T08:00:00","timetype":"Hour","precipitationmm":0.0,"temperature":19.0,"feeltemperature":19.0,"cloudcover":100,"iconcode":"c","iconid":19,"sources":2,"winddirection":"ZW","winddirectiondegrees":235,"windspeedms":5.0,"visibility":19020,"precipitation":0,"beaufort":3,"humidity":60,"sunshine":1,"hour":10,"pollenindex":5,"windspeed":18,"sunshinepower":377,"sunpower":377},{"datetime":"2020-07-23T11:00:00","datetimeutc":"2020-07-23T09:00:00","timetype":"Hour","precipitationmm":0.0,"temperature":20.0,"feeltemperature":20.0,"cloudcover":100,"iconcode":"c","iconid":19,"sources":2,"winddirection":"ZW","winddirectiondegrees":241,"windspeedms":5.1,"visibility":20020,"precipitation":0,"beaufort":3,"humidity":59,"sunshine":0,"hour":11,"pollenindex":5,"windspeed":18,"sunshinepower":448,"sunpower":448},{"datetime":"2020-07-23T12:00:00","datetimeutc":"2020-07-23T10:00:00","timetype":"Hour","precipitationmm":0.0,"temperature":20.8,"feeltemperature":20.8,"cloudcover":100,"iconcode":"c","iconid":22,"sources":2,"winddirection":"ZW","winddirectiondegrees":247,"windspeedms":5.4,"visibility":20220,"precipitation":0,"beaufort":3,"humidity":57,"sunshine":0,"hour":12,"pollenindex":5,"windspeed":19,"sunshinepower":493,"sunpower":493},{"datetime":"2020-07-23T13:00:00","datetimeutc":"2020-07-23T11:00:00","timetype":"Hour","precipitationmm":0.0,"temperature":21.4,"feeltemperature":21.4,"cloudcover":100,"iconcode":"c","iconid":19,"sources":2,"winddirection":"W","winddirectiondegrees":252,"windspeedms":5.6,"visibility":21420,"precipitation":0,"beaufort":3,"humidity":56,"sunshine":0,"hour":13,"pollenindex":5,"windspeed":20,"sunshinepower":495,"sunpower":495},{"datetime":"2020-07-23T14:00:00","datetimeutc":"2020-07-23T12:00:00","timetype":"Hour","precipitationmm":0.0,"temperature":21.9,"feeltemperature":21.9,"cloudcover":78,"iconcode":"r","iconid":19,"sources":2,"winddirection":"W","winddirectiondegrees":261,"windspeedms":5.9,"visibility":23610,"precipitation":0,"beaufort":3,"humidity":55,"sunshine":0,"hour":14,"pollenindex":5,"windspeed":21,"sunshinepower":499,"sunpower":499},{"datetime":"2020-07-23T15:00:00","datetimeutc":"2020-07-23T13:00:00","timetype":"Hour","precipitationmm":0.0,"temperature":22.4,"feeltemperature":25.1,"cloudcover":58,"iconcode":"b","iconid":20,"sources":2,"winddirection":"W","winddirectiondegrees":262,"windspeedms":6.0,"visibility":27620,"precipitation":0,"beaufort":4,"humidity":53,"sunshine":16,"hour":15,"pollenindex":5,"windspeed":22,"sunshinepower":513,"sunpower":513},{"datetime":"2020-07-23T16:00:00","datetimeutc":"2020-07-23T14:00:00","timetype":"Hour","precipitationmm":0.0,"temperature":22.6,"feeltemperature":25.2,"cloudcover":30,"iconcode":"j","iconid":20,"sources":2,"winddirection":"W","winddirectiondegrees":262,"windspeedms":6.2,"visibility":26220,"precipitation":0,"beaufort":4,"humidity":53,"sunshine":38,"hour":16,"pollenindex":5,"windspeed":22,"sunshinepower":494,"sunpower":494},{"datetime":"2020-07-23T17:00:00","datetimeutc":"2020-07-23T15:00:00","timetype":"Hour","precipitationmm":0.0,"temperature":22.6,"feeltemperature":25.2,"cloudcover":30,"iconcode":"j","iconid":20,"sources":2,"winddirection":"W","winddirectiondegrees":259,"windspeedms":5.9,"visibility":25220,"precipitation":0,"beaufort":3,"humidity":50,"sunshine":68,"hour":17,"pollenindex":6,"windspeed":21,"sunshinepower":431,"sunpower":431},{"datetime":"2020-07-23T18:00:00","datetimeutc":"2020-07-23T16:00:00","timetype":"Hour","precipitationmm":0.0,"temperature":22.2,"feeltemperature":25.1,"cloudcover":95,"iconcode":"c","iconid":22,"sources":2,"winddirection":"W","winddirectiondegrees":257,"windspeedms":5.5,"visibility":27820,"precipitation":0,"beaufort":3,"humidity":51,"sunshine":68,"hour":18,"pollenindex":5,"windspeed":20,"sunshinepower":332,"sunpower":332},{"datetime":"2020-07-23T19:00:00","datetimeutc":"2020-07-23T17:00:00","timetype":"Hour","precipitationmm":0.0,"temperature":21.5,"feeltemperature":21.5,"cloudcover":93,"iconcode":"c","iconid":22,"sources":2,"winddirection":"W","winddirectiondegrees":255,"windspeedms":4.7,"visibility":26420,"precipitation":0,"beaufort":3,"humidity":53,"sunshine":0,"hour":19,"pollenindex":5,"windspeed":17,"sunshinepower":223,"sunpower":223},{"datetime":"2020-07-23T20:00:00","datetimeutc":"2020-07-23T18:00:00","timetype":"Hour","precipitationmm":0.0,"temperature":20.6,"feeltemperature":20.6,"cloudcover":93,"iconcode":"c","iconid":22,"sources":2,"winddirection":"ZW","winddirectiondegrees":243,"windspeedms":3.9,"visibility":23410,"precipitation":0,"beaufort":2,"humidity":56,"sunshine":1,"hour":20,"pollenindex":5,"windspeed":14,"sunshinepower":122,"sunpower":122},{"datetime":"2020-07-23T21:00:00","datetimeutc":"2020-07-23T19:00:00","timetype":"Hour","precipitationmm":0.0,"temperature":19.8,"feeltemperature":19.8,"cloudcover":95,"iconcode":"c","iconid":22,"sources":2,"winddirection":"ZW","winddirectiondegrees":208,"windspeedms":2.8,"visibility":26420,"precipitation":0,"beaufort":2,"humidity":59,"sunshine":1,"hour":21,"pollenindex":5,"windspeed":10,"sunshinepower":38,"sunpower":38},{"datetime":"2020-07-23T22:00:00","datetimeutc":"2020-07-23T20:00:00","timetype":"Hour","precipitationmm":0.0,"temperature":19.2,"feeltemperature":19.2,"cloudcover":94,"iconcode":"cc","iconid":22,"sources":2,"winddirection":"ZW","winddirectiondegrees":215,"windspeedms":2.3,"visibility":25640,"precipitation":0,"beaufort":2,"humidity":61,"sunshine":0,"hour":22,"pollenindex":5,"windspeed":8,"sunshinepower":0,"sunpower":0},{"datetime":"2020-07-23T23:00:00","datetimeutc":"2020-07-23T21:00:00","timetype":"Hour","precipitationmm":0.0,"temperature":18.8,"feeltemperature":18.8,"cloudcover":94,"iconcode":"cc","iconid":22,"sources":2,"winddirection":"ZW","winddirectiondegrees":213,"windspeedms":2.6,"visibility":21260,"precipitation":0,"beaufort":2,"humidity":63,"sunshine":0,"hour":23,"pollenindex":5,"windspeed":9,"sunshinepower":0,"sunpower":0}],"datetime":"2020-07-23T00:00:00","datetimeutc":"2020-07-22T22:00:00","timetype":"Day","precipitationmm":0.0,"mintemperature":14.1,"maxtemperature":22.6,"cloudcover":84,"iconcode":"r","iconid":3,"sources":2,"winddirection":"ZW","winddirectiondegrees":225,"windspeedms":4.0,"visibility":21024,"precipitation":0,"beaufort":3,"humidity":61,"sunshine":10,"uvindex":5,"bbqindex":7,"mosquitoindex":6,"pollenindex":5,"icescrapeindex":1,"mintemp":14.1,"maxtemp":22.6,"windspeed":4,"sunshinepower":209,"sunpower":209},{"date":"2020-07-24T00:00:00","sunrise":"2020-07-24T05:49:27","sunset":"2020-07-24T21:43:38","morning":{"datetime":"2020-07-24T07:00:00","datetimeutc":"2020-07-24T05:00:00","timetype":"Morning","precipitationmm":0.5,"mintemperature":17.7,"maxtemperature":20.4,"cloudcover":60,"iconcode":"b","iconid":19,"sources":1,"winddirection":"W","winddirectiondegrees":291,"windspeedms":4.0,"visibility":12736,"precipitation":35,"beaufort":3,"humidity":75,"sunshine":27,"hour":7,"mintemp":17.7,"maxtemp":20.4,"windspeed":14,"sunshinepower":253,"sunpower":253},"afternoon":{"datetime":"2020-07-24T12:00:00","datetimeutc":"2020-07-24T10:00:00","timetype":"Afternoon","precipitationmm":0.0,"mintemperature":20.4,"maxtemperature":20.9,"cloudcover":94,"iconcode":"c","iconid":19,"sources":1,"winddirection":"W","winddirectiondegrees":287,"windspeedms":6.0,"visibility":15216,"precipitation":0,"beaufort":4,"humidity":67,"sunshine":11,"hour":12,"mintemp":20.4,"maxtemp":20.9,"windspeed":22,"sunshinepower":527,"sunpower":527},"evening":{"datetime":"2020-07-24T20:00:00","datetimeutc":"2020-07-24T18:00:00","timetype":"Evening","precipitationmm":0.0,"mintemperature":16.3,"maxtemperature":20.0,"cloudcover":93,"iconcode":"c","iconid":19,"sources":1,"winddirection":"NW","winddirectiondegrees":293,"windspeedms":3.2,"visibility":12560,"precipitation":0,"beaufort":2,"humidity":73,"sunshine":2,"hour":20,"mintemp":16.3,"maxtemp":20.0,"windspeed":12,"sunshinepower":150,"sunpower":150},"night":{"datetime":"2020-07-24T00:00:00","datetimeutc":"2020-07-23T22:00:00","timetype":"Night","precipitationmm":0.0,"mintemperature":16.4,"maxtemperature":18.4,"cloudcover":80,"iconcode":"r","iconid":20,"sources":1,"winddirection":"ZW","winddirectiondegrees":224,"windspeedms":3.0,"visibility":15645,"precipitation":0,"beaufort":2,"humidity":73,"sunshine":0,"hour":0,"mintemp":16.4,"maxtemp":18.4,"windspeed":11,"sunshinepower":1,"sunpower":1},"hours":[{"datetime":"2020-07-24T00:00:00","datetimeutc":"2020-07-23T22:00:00","timetype":"Hour","precipitationmm":0.0,"temperature":18.4,"feeltemperature":18.4,"cloudcover":93,"iconcode":"cc","iconid":20,"sources":2,"winddirection":"ZW","winddirectiondegrees":222,"windspeedms":2.7,"visibility":18650,"precipitation":0,"beaufort":2,"humidity":65,"sunshine":0,"hour":0,"pollenindex":5,"windspeed":10,"sunshinepower":0,"sunpower":0},{"datetime":"2020-07-24T01:00:00","datetimeutc":"2020-07-23T23:00:00","timetype":"Hour","precipitationmm":0.0,"temperature":17.9,"feeltemperature":17.9,"cloudcover":91,"iconcode":"cc","iconid":22,"sources":2,"winddirection":"ZW","winddirectiondegrees":224,"windspeedms":2.9,"visibility":16850,"precipitation":0,"beaufort":2,"humidity":67,"sunshine":0,"hour":1,"pollenindex":5,"windspeed":10,"sunshinepower":0,"sunpower":0},{"datetime":"2020-07-24T02:00:00","datetimeutc":"2020-07-24T00:00:00","timetype":"Hour","precipitationmm":0.0,"temperature":17.3,"feeltemperature":17.3,"cloudcover":87,"iconcode":"rr","iconid":22,"sources":2,"winddirection":"ZW","winddirectiondegrees":216,"windspeedms":3.2,"visibility":15650,"precipitation":0,"beaufort":2,"humidity":71,"sunshine":0,"hour":2,"pollenindex":4,"windspeed":12,"sunshinepower":0,"sunpower":0},{"datetime":"2020-07-24T03:00:00","datetimeutc":"2020-07-24T01:00:00","timetype":"Hour","precipitationmm":0.0,"temperature":16.7,"feeltemperature":16.7,"cloudcover":85,"iconcode":"rr","iconid":22,"sources":2,"winddirection":"ZW","winddirectiondegrees":216,"windspeedms":3.3,"visibility":17450,"precipitation":0,"beaufort":2,"humidity":75,"sunshine":0,"hour":3,"pollenindex":4,"windspeed":12,"sunshinepower":0,"sunpower":0},{"datetime":"2020-07-24T04:00:00","datetimeutc":"2020-07-24T02:00:00","timetype":"Hour","precipitationmm":0.0,"temperature":16.4,"feeltemperature":16.4,"cloudcover":30,"iconcode":"jj","iconid":19,"sources":2,"winddirection":"ZW","winddirectiondegrees":223,"windspeedms":3.2,"visibility":16450,"precipitation":0,"beaufort":2,"humidity":77,"sunshine":0,"hour":4,"pollenindex":4,"windspeed":12,"sunshinepower":0,"sunpower":0},{"datetime":"2020-07-24T05:00:00","datetimeutc":"2020-07-24T03:00:00","timetype":"Hour","precipitationmm":0.0,"temperature":16.4,"feeltemperature":16.4,"cloudcover":85,"iconcode":"rr","iconid":19,"sources":2,"winddirection":"ZW","winddirectiondegrees":232,"windspeedms":3.0,"visibility":13450,"precipitation":0,"beaufort":2,"humidity":79,"sunshine":0,"hour":5,"pollenindex":4,"windspeed":11,"sunshinepower":0,"sunpower":0},{"datetime":"2020-07-24T06:00:00","datetimeutc":"2020-07-24T04:00:00","timetype":"Hour","precipitationmm":0.0,"temperature":16.9,"feeltemperature":16.9,"cloudcover":90,"iconcode":"c","iconid":20,"sources":2,"winddirection":"ZW","winddirectiondegrees":238,"windspeedms":2.8,"visibility":11020,"precipitation":0,"beaufort":2,"humidity":80,"sunshine":1,"hour":6,"pollenindex":4,"windspeed":10,"sunshinepower":7,"sunpower":7},{"datetime":"2020-07-24T07:00:00","datetimeutc":"2020-07-24T05:00:00","timetype":"Hour","precipitationmm":0.0,"temperature":17.7,"feeltemperature":17.7,"cloudcover":96,"iconcode":"c","iconid":19,"sources":2,"winddirection":"W","winddirectiondegrees":261,"windspeedms":2.6,"visibility":9820,"precipitation":0,"beaufort":2,"humidity":80,"sunshine":3,"hour":7,"pollenindex":4,"windspeed":9,"sunshinepower":67,"sunpower":67},{"datetime":"2020-07-24T08:00:00","datetimeutc":"2020-07-24T06:00:00","timetype":"Hour","precipitationmm":0.0,"temperature":18.6,"feeltemperature":18.6,"cloudcover":98,"iconcode":"c","iconid":19,"sources":2,"winddirection":"NW","winddirectiondegrees":314,"windspeedms":3.5,"visibility":12010,"precipitation":0,"beaufort":2,"humidity":77,"sunshine":0,"hour":8,"pollenindex":4,"windspeed":13,"sunshinepower":169,"sunpower":169},{"datetime":"2020-07-24T09:00:00","datetimeutc":"2020-07-24T07:00:00","timetype":"Hour","precipitationmm":0.3,"temperature":19.3,"feeltemperature":19.3,"cloudcover":30,"iconcode":"f","iconid":19,"sources":2,"winddirection":"NW","winddirectiondegrees":304,"windspeedms":4.2,"visibility":13220,"precipitation":75,"beaufort":3,"humidity":75,"sunshine":0,"hour":9,"pollenindex":4,"windspeed":15,"sunshinepower":265,"sunpower":265},{"datetime":"2020-07-24T10:00:00","datetimeutc":"2020-07-24T08:00:00","timetype":"Hour","precipitationmm":0.2,"temperature":19.9,"feeltemperature":19.9,"cloudcover":31,"iconcode":"f","iconid":19,"sources":2,"winddirection":"W","winddirectiondegrees":291,"windspeedms":4.5,"visibility":13020,"precipitation":75,"beaufort":3,"humidity":73,"sunshine":68,"hour":10,"pollenindex":4,"windspeed":16,"sunshinepower":341,"sunpower":341},{"datetime":"2020-07-24T11:00:00","datetimeutc":"2020-07-24T09:00:00","timetype":"Hour","precipitationmm":0.0,"temperature":20.4,"feeltemperature":20.4,"cloudcover":49,"iconcode":"j","iconid":19,"sources":2,"winddirection":"W","winddirectiondegrees":288,"windspeedms":5.1,"visibility":15610,"precipitation":1,"beaufort":3,"humidity":71,"sunshine":66,"hour":11,"pollenindex":4,"windspeed":18,"sunshinepower":426,"sunpower":426},{"datetime":"2020-07-24T12:00:00","datetimeutc":"2020-07-24T10:00:00","timetype":"Hour","precipitationmm":0.0,"temperature":20.7,"feeltemperature":20.7,"cloudcover":72,"iconcode":"r","iconid":19,"sources":2,"winddirection":"W","winddirectiondegrees":284,"windspeedms":5.6,"visibility":16420,"precipitation":1,"beaufort":3,"humidity":68,"sunshine":46,"hour":12,"pollenindex":4,"windspeed":20,"sunshinepower":504,"sunpower":504},{"datetime":"2020-07-24T13:00:00","datetimeutc":"2020-07-24T11:00:00","timetype":"Hour","precipitationmm":0.0,"temperature":20.9,"feeltemperature":20.9,"cloudcover":96,"iconcode":"c","iconid":19,"sources":2,"winddirection":"W","winddirectiondegrees":283,"windspeedms":6.1,"visibility":16010,"precipitation":1,"beaufort":4,"humidity":66,"sunshine":23,"hour":13,"pollenindex":5,"windspeed":22,"sunshinepower":544,"sunpower":544},{"datetime":"2020-07-24T14:00:00","datetimeutc":"2020-07-24T12:00:00","timetype":"Hour","precipitationmm":0.0,"temperature":20.9,"feeltemperature":20.9,"cloudcover":100,"iconcode":"c","iconid":19,"sources":2,"winddirection":"W","winddirectiondegrees":286,"windspeedms":6.2,"visibility":14820,"precipitation":0,"beaufort":4,"humidity":66,"sunshine":0,"hour":14,"pollenindex":5,"windspeed":22,"sunshinepower":555,"sunpower":555},{"datetime":"2020-07-24T15:00:00","datetimeutc":"2020-07-24T13:00:00","timetype":"Hour","precipitationmm":0.0,"temperature":20.8,"feeltemperature":20.8,"cloudcover":100,"iconcode":"c","iconid":19,"sources":2,"winddirection":"W","winddirectiondegrees":288,"windspeedms":6.4,"visibility":15010,"precipitation":0,"beaufort":4,"humidity":67,"sunshine":0,"hour":15,"pollenindex":4,"windspeed":23,"sunshinepower":548,"sunpower":548},{"datetime":"2020-07-24T16:00:00","datetimeutc":"2020-07-24T14:00:00","timetype":"Hour","precipitationmm":0.0,"temperature":20.7,"feeltemperature":20.7,"cloudcover":100,"iconcode":"c","iconid":19,"sources":2,"winddirection":"W","winddirectiondegrees":292,"windspeedms":6.0,"visibility":14820,"precipitation":0,"beaufort":4,"humidity":68,"sunshine":0,"hour":16,"pollenindex":4,"windspeed":22,"sunshinepower":530,"sunpower":530},{"datetime":"2020-07-24T17:00:00","datetimeutc":"2020-07-24T15:00:00","timetype":"Hour","precipitationmm":0.0,"temperature":20.4,"feeltemperature":20.4,"cloudcover":96,"iconcode":"c","iconid":19,"sources":2,"winddirection":"W","winddirectiondegrees":291,"windspeedms":5.5,"visibility":14220,"precipitation":0,"beaufort":3,"humidity":67,"sunshine":0,"hour":17,"pollenindex":5,"windspeed":20,"sunshinepower":484,"sunpower":484},{"datetime":"2020-07-24T18:00:00","datetimeutc":"2020-07-24T16:00:00","timetype":"Hour","precipitationmm":0.0,"temperature":20.0,"feeltemperature":20.0,"cloudcover":92,"iconcode":"c","iconid":19,"sources":2,"winddirection":"NW","winddirectiondegrees":297,"windspeedms":4.9,"visibility":12220,"precipitation":0,"beaufort":3,"humidity":67,"sunshine":0,"hour":18,"pollenindex":5,"windspeed":18,"sunshinepower":401,"sunpower":401},{"datetime":"2020-07-24T19:00:00","datetimeutc":"2020-07-24T17:00:00","timetype":"Hour","precipitationmm":0.0,"temperature":19.5,"feeltemperature":19.5,"cloudcover":87,"iconcode":"r","iconid":19,"sources":2,"winddirection":"NW","winddirectiondegrees":293,"windspeedms":4.3,"visibility":11820,"precipitation":0,"beaufort":3,"humidity":68,"sunshine":1,"hour":19,"pollenindex":5,"windspeed":15,"sunshinepower":289,"sunpower":289},{"datetime":"2020-07-24T20:00:00","datetimeutc":"2020-07-24T18:00:00","timetype":"Hour","precipitationmm":0.0,"temperature":18.8,"feeltemperature":18.8,"cloudcover":86,"iconcode":"r","iconid":19,"sources":1,"winddirection":"NW","winddirectiondegrees":293,"windspeedms":3.74,"visibility":13020,"precipitation":0,"beaufort":2,"humidity":72,"sunshine":8,"hour":20,"pollenindex":4,"windspeed":13,"sunshinepower":164,"sunpower":164},{"datetime":"2020-07-24T21:00:00","datetimeutc":"2020-07-24T19:00:00","timetype":"Hour","precipitationmm":0.0,"temperature":17.8,"feeltemperature":17.8,"cloudcover":95,"iconcode":"c","iconid":19,"sources":1,"winddirection":"NW","winddirectiondegrees":297,"windspeedms":2.8,"visibility":12620,"precipitation":0,"beaufort":2,"humidity":75,"sunshine":8,"hour":21,"pollenindex":4,"windspeed":10,"sunshinepower":50,"sunpower":50},{"datetime":"2020-07-24T22:00:00","datetimeutc":"2020-07-24T20:00:00","timetype":"Hour","precipitationmm":0.0,"temperature":16.9,"feeltemperature":16.9,"cloudcover":100,"iconcode":"cc","iconid":19,"sources":1,"winddirection":"NW","winddirectiondegrees":297,"windspeedms":1.91,"visibility":13030,"precipitation":0,"beaufort":1,"humidity":78,"sunshine":0,"hour":22,"pollenindex":4,"windspeed":7,"sunshinepower":0,"sunpower":0},{"datetime":"2020-07-24T23:00:00","datetimeutc":"2020-07-24T21:00:00","timetype":"Hour","precipitationmm":0.0,"temperature":16.3,"feeltemperature":16.3,"cloudcover":100,"iconcode":"cc","iconid":19,"sources":1,"winddirection":"W","winddirectiondegrees":283,"windspeedms":1.4,"visibility":12650,"precipitation":0,"beaufort":1,"humidity":81,"sunshine":0,"hour":23,"pollenindex":4,"windspeed":5,"sunshinepower":0,"sunpower":0}],"datetime":"2020-07-24T00:00:00","datetimeutc":"2020-07-23T22:00:00","timetype":"Day","precipitationmm":0.0,"mintemperature":16.3,"maxtemperature":20.9,"cloudcover":82,"iconcode":"r","iconid":3,"sources":2,"winddirection":"W","winddirectiondegrees":270,"windspeedms":4.0,"visibility":14160,"precipitation":1,"beaufort":3,"humidity":72,"sunshine":9,"uvindex":5,"bbqindex":7,"mosquitoindex":7,"pollenindex":5,"icescrapeindex":1,"mintemp":16.3,"maxtemp":20.9,"windspeed":4,"sunshinepower":222,"sunpower":222},{"date":"2020-07-25T00:00:00","sunrise":"2020-07-25T05:50:55","sunset":"2020-07-25T21:42:10","hours":[{"datetime":"2020-07-25T00:00:00","datetimeutc":"2020-07-24T22:00:00","timetype":"Hour","precipitationmm":0.0,"temperature":16.0,"feeltemperature":16.0,"cloudcover":100,"iconcode":"cc","iconid":20,"sources":1,"winddirection":"W","winddirectiondegrees":270,"windspeedms":1.27,"visibility":11460,"precipitation":0,"beaufort":1,"humidity":83,"sunshine":0,"hour":0,"pollenindex":4,"windspeed":5,"sunshinepower":0,"sunpower":0},{"datetime":"2020-07-25T01:00:00","datetimeutc":"2020-07-24T23:00:00","timetype":"Hour","precipitationmm":0.0,"temperature":15.6,"feeltemperature":15.6,"cloudcover":100,"iconcode":"cc","iconid":20,"sources":1,"winddirection":"ZW","winddirectiondegrees":236,"windspeedms":1.4,"visibility":10260,"precipitation":0,"beaufort":1,"humidity":85,"sunshine":0,"hour":1,"pollenindex":4,"windspeed":5,"sunshinepower":0,"sunpower":0},{"datetime":"2020-07-25T02:00:00","datetimeutc":"2020-07-25T00:00:00","timetype":"Hour","precipitationmm":0.0,"temperature":15.3,"feeltemperature":15.3,"cloudcover":95,"iconcode":"cc","iconid":21,"sources":1,"winddirection":"ZW","winddirectiondegrees":207,"windspeedms":1.72,"visibility":8870,"precipitation":0,"beaufort":1,"humidity":87,"sunshine":0,"hour":2,"pollenindex":3,"windspeed":6,"sunshinepower":0,"sunpower":0},{"datetime":"2020-07-25T03:00:00","datetimeutc":"2020-07-25T01:00:00","timetype":"Hour","precipitationmm":0.0,"temperature":15.0,"feeltemperature":15.0,"cloudcover":100,"iconcode":"dd","iconid":16,"sources":1,"winddirection":"ZW","winddirectiondegrees":214,"windspeedms":2.06,"visibility":260,"precipitation":0,"beaufort":2,"humidity":91,"sunshine":0,"hour":3,"pollenindex":3,"windspeed":7,"sunshinepower":0,"sunpower":0},{"datetime":"2020-07-25T04:00:00","datetimeutc":"2020-07-25T02:00:00","timetype":"Hour","precipitationmm":0.0,"temperature":15.1,"feeltemperature":15.1,"cloudcover":100,"iconcode":"dd","iconid":16,"sources":1,"winddirection":"ZW","winddirectiondegrees":217,"windspeedms":2.27,"visibility":60,"precipitation":0,"beaufort":2,"humidity":92,"sunshine":0,"hour":4,"pollenindex":3,"windspeed":8,"sunshinepower":0,"sunpower":0},{"datetime":"2020-07-25T05:00:00","datetimeutc":"2020-07-25T03:00:00","timetype":"Hour","precipitationmm":0.0,"temperature":15.3,"feeltemperature":15.3,"cloudcover":99,"iconcode":"dd","iconid":17,"sources":1,"winddirection":"Z","winddirectiondegrees":202,"windspeedms":2.51,"visibility":60,"precipitation":0,"beaufort":2,"humidity":92,"sunshine":0,"hour":5,"pollenindex":3,"windspeed":9,"sunshinepower":0,"sunpower":0},{"datetime":"2020-07-25T06:00:00","datetimeutc":"2020-07-25T04:00:00","timetype":"Hour","precipitationmm":0.0,"temperature":16.0,"feeltemperature":16.0,"cloudcover":100,"iconcode":"d","iconid":17,"sources":1,"winddirection":"Z","winddirectiondegrees":194,"windspeedms":2.81,"visibility":20,"precipitation":0,"beaufort":2,"humidity":90,"sunshine":0,"hour":6,"pollenindex":3,"windspeed":10,"sunshinepower":6,"sunpower":6},{"datetime":"2020-07-25T07:00:00","datetimeutc":"2020-07-25T05:00:00","timetype":"Hour","precipitationmm":0.0,"temperature":16.8,"feeltemperature":16.8,"cloudcover":100,"iconcode":"d","iconid":17,"sources":1,"winddirection":"Z","winddirectiondegrees":197,"windspeedms":3.08,"visibility":20,"precipitation":0,"beaufort":2,"humidity":89,"sunshine":0,"hour":7,"pollenindex":3,"windspeed":11,"sunshinepower":53,"sunpower":53},{"datetime":"2020-07-25T08:00:00","datetimeutc":"2020-07-25T06:00:00","timetype":"Hour","precipitationmm":0.0,"temperature":17.7,"feeltemperature":17.7,"cloudcover":100,"iconcode":"d","iconid":17,"sources":1,"winddirection":"ZW","winddirectiondegrees":213,"windspeedms":3.73,"visibility":220,"precipitation":0,"beaufort":2,"humidity":85,"sunshine":0,"hour":8,"pollenindex":4,"windspeed":13,"sunshinepower":137,"sunpower":137},{"datetime":"2020-07-25T09:00:00","datetimeutc":"2020-07-25T07:00:00","timetype":"Hour","precipitationmm":0.0,"temperature":18.7,"feeltemperature":18.7,"cloudcover":94,"iconcode":"c","iconid":20,"sources":1,"winddirection":"ZW","winddirectiondegrees":227,"windspeedms":4.31,"visibility":9220,"precipitation":0,"beaufort":3,"humidity":81,"sunshine":0,"hour":9,"pollenindex":4,"windspeed":16,"sunshinepower":237,"sunpower":237},{"datetime":"2020-07-25T10:00:00","datetimeutc":"2020-07-25T08:00:00","timetype":"Hour","precipitationmm":0.0,"temperature":19.8,"feeltemperature":19.8,"cloudcover":90,"iconcode":"c","iconid":20,"sources":1,"winddirection":"ZW","winddirectiondegrees":229,"windspeedms":4.75,"visibility":10820,"precipitation":0,"beaufort":3,"humidity":77,"sunshine":0,"hour":10,"pollenindex":4,"windspeed":17,"sunshinepower":344,"sunpower":344},{"datetime":"2020-07-25T11:00:00","datetimeutc":"2020-07-25T09:00:00","timetype":"Hour","precipitationmm":0.0,"temperature":20.7,"feeltemperature":20.7,"cloudcover":83,"iconcode":"r","iconid":21,"sources":1,"winddirection":"ZW","winddirectiondegrees":231,"windspeedms":5.13,"visibility":12420,"precipitation":0,"beaufort":3,"humidity":72,"sunshine":5,"hour":11,"pollenindex":4,"windspeed":18,"sunshinepower":432,"sunpower":432},{"datetime":"2020-07-25T12:00:00","datetimeutc":"2020-07-25T10:00:00","timetype":"Hour","precipitationmm":0.0,"temperature":21.4,"feeltemperature":21.4,"cloudcover":67,"iconcode":"b","iconid":9,"sources":1,"winddirection":"ZW","winddirectiondegrees":235,"windspeedms":5.28,"visibility":13020,"precipitation":1,"beaufort":3,"humidity":69,"sunshine":11,"hour":12,"pollenindex":4,"windspeed":19,"sunshinepower":497,"sunpower":497},{"datetime":"2020-07-25T13:00:00","datetimeutc":"2020-07-25T11:00:00","timetype":"Hour","precipitationmm":0.0,"temperature":21.7,"feeltemperature":21.7,"cloudcover":99,"iconcode":"c","iconid":22,"sources":1,"winddirection":"ZW","winddirectiondegrees":242,"windspeedms":5.66,"visibility":14020,"precipitation":2,"beaufort":3,"humidity":68,"sunshine":28,"hour":13,"pollenindex":5,"windspeed":20,"sunshinepower":544,"sunpower":544},{"datetime":"2020-07-25T14:00:00","datetimeutc":"2020-07-25T12:00:00","timetype":"Hour","precipitationmm":0.0,"temperature":21.6,"feeltemperature":21.6,"cloudcover":45,"iconcode":"j","iconid":21,"sources":1,"winddirection":"ZW","winddirectiondegrees":244,"windspeedms":5.97,"visibility":15220,"precipitation":2,"beaufort":3,"humidity":70,"sunshine":0,"hour":14,"pollenindex":4,"windspeed":21,"sunshinepower":553,"sunpower":553},{"datetime":"2020-07-25T15:00:00","datetimeutc":"2020-07-25T13:00:00","timetype":"Hour","precipitationmm":0.0,"temperature":21.3,"feeltemperature":21.3,"cloudcover":56,"iconcode":"b","iconid":20,"sources":1,"winddirection":"W","winddirectiondegrees":251,"windspeedms":6.13,"visibility":15600,"precipitation":3,"beaufort":4,"humidity":72,"sunshine":51,"hour":15,"pollenindex":4,"windspeed":22,"sunshinepower":518,"sunpower":518},{"datetime":"2020-07-25T16:00:00","datetimeutc":"2020-07-25T14:00:00","timetype":"Hour","precipitationmm":0.0,"temperature":20.9,"feeltemperature":20.9,"cloudcover":100,"iconcode":"c","iconid":22,"sources":1,"winddirection":"W","winddirectiondegrees":254,"windspeedms":6.43,"visibility":15600,"precipitation":3,"beaufort":4,"humidity":77,"sunshine":40,"hour":16,"pollenindex":4,"windspeed":23,"sunshinepower":430,"sunpower":430},{"datetime":"2020-07-25T17:00:00","datetimeutc":"2020-07-25T15:00:00","timetype":"Hour","precipitationmm":1.1,"temperature":20.7,"feeltemperature":20.7,"cloudcover":100,"iconcode":"m","iconid":33,"sources":1,"winddirection":"W","winddirectiondegrees":252,"windspeedms":6.5,"visibility":15000,"precipitation":71,"beaufort":4,"humidity":77,"sunshine":0,"hour":17,"pollenindex":4,"windspeed":23,"sunshinepower":313,"sunpower":313},{"datetime":"2020-07-25T18:00:00","datetimeutc":"2020-07-25T16:00:00","timetype":"Hour","precipitationmm":0.0,"temperature":20.4,"feeltemperature":20.4,"cloudcover":100,"iconcode":"c","iconid":22,"sources":1,"winddirection":"W","winddirectiondegrees":252,"windspeedms":6.17,"visibility":14000,"precipitation":3,"beaufort":4,"humidity":77,"sunshine":0,"hour":18,"pollenindex":4,"windspeed":22,"sunshinepower":210,"sunpower":210},{"datetime":"2020-07-25T19:00:00","datetimeutc":"2020-07-25T17:00:00","timetype":"Hour","precipitationmm":0.0,"temperature":20.0,"feeltemperature":20.0,"cloudcover":100,"iconcode":"c","iconid":22,"sources":1,"winddirection":"W","winddirectiondegrees":253,"windspeedms":5.52,"visibility":13000,"precipitation":3,"beaufort":3,"humidity":78,"sunshine":0,"hour":19,"pollenindex":4,"windspeed":20,"sunshinepower":132,"sunpower":132},{"datetime":"2020-07-25T20:00:00","datetimeutc":"2020-07-25T18:00:00","timetype":"Hour","precipitationmm":0.0,"temperature":19.5,"feeltemperature":19.5,"cloudcover":100,"iconcode":"c","iconid":22,"sources":1,"winddirection":"W","winddirectiondegrees":248,"windspeedms":4.81,"visibility":11600,"precipitation":3,"beaufort":3,"humidity":81,"sunshine":0,"hour":20,"pollenindex":4,"windspeed":17,"sunshinepower":69,"sunpower":69},{"datetime":"2020-07-25T21:00:00","datetimeutc":"2020-07-25T19:00:00","timetype":"Hour","precipitationmm":0.0,"temperature":19.0,"feeltemperature":19.0,"cloudcover":100,"iconcode":"c","iconid":22,"sources":1,"winddirection":"ZW","winddirectiondegrees":240,"windspeedms":4.39,"visibility":9800,"precipitation":3,"beaufort":3,"humidity":85,"sunshine":0,"hour":21,"pollenindex":3,"windspeed":16,"sunshinepower":19,"sunpower":19},{"datetime":"2020-07-25T22:00:00","datetimeutc":"2020-07-25T20:00:00","timetype":"Hour","precipitationmm":0.0,"temperature":18.7,"feeltemperature":18.7,"cloudcover":100,"iconcode":"cc","iconid":21,"sources":1,"winddirection":"ZW","winddirectiondegrees":221,"windspeedms":3.88,"visibility":8020,"precipitation":3,"beaufort":2,"humidity":86,"sunshine":0,"hour":22,"pollenindex":3,"windspeed":14,"sunshinepower":0,"sunpower":0},{"datetime":"2020-07-25T23:00:00","datetimeutc":"2020-07-25T21:00:00","timetype":"Hour","precipitationmm":1.6,"temperature":18.6,"feeltemperature":18.6,"cloudcover":96,"iconcode":"mm","iconid":33,"sources":1,"winddirection":"ZW","winddirectiondegrees":224,"windspeedms":4.18,"visibility":2820,"precipitation":63,"beaufort":3,"humidity":88,"sunshine":0,"hour":23,"pollenindex":3,"windspeed":15,"sunshinepower":0,"sunpower":0}],"datetime":"2020-07-25T00:00:00","datetimeutc":"2020-07-24T22:00:00","timetype":"Day","precipitationmm":2.7,"mintemperature":15.0,"maxtemperature":21.7,"cloudcover":90,"iconcode":"m","iconid":12,"sources":1,"winddirection":"ZW","winddirectiondegrees":225,"windspeedms":4.16,"precipitation":71,"beaufort":3,"uvindex":4,"bbqindex":4,"mosquitoindex":7,"pollenindex":5,"icescrapeindex":1,"mintemp":15.0,"maxtemp":21.7,"windspeed":4},{"date":"2020-07-26T00:00:00","sunrise":"2020-07-26T05:52:24","sunset":"2020-07-26T21:40:39","hours":[{"datetime":"2020-07-26T00:00:00","datetimeutc":"2020-07-25T22:00:00","timetype":"Hour","precipitationmm":1.5,"temperature":18.5,"feeltemperature":18.5,"cloudcover":96,"iconcode":"mm","iconid":33,"sources":1,"winddirection":"ZW","winddirectiondegrees":228,"windspeedms":4.27,"visibility":8630,"precipitation":71,"beaufort":3,"humidity":89,"sunshine":0,"hour":0,"pollenindex":3,"windspeed":15,"sunshinepower":0,"sunpower":0},{"datetime":"2020-07-26T01:00:00","datetimeutc":"2020-07-25T23:00:00","timetype":"Hour","precipitationmm":1.2,"temperature":18.3,"feeltemperature":18.3,"cloudcover":98,"iconcode":"mm","iconid":33,"sources":1,"winddirection":"ZW","winddirectiondegrees":213,"windspeedms":4.42,"visibility":8820,"precipitation":74,"beaufort":3,"humidity":90,"sunshine":0,"hour":1,"pollenindex":3,"windspeed":16,"sunshinepower":0,"sunpower":0},{"datetime":"2020-07-26T02:00:00","datetimeutc":"2020-07-26T00:00:00","timetype":"Hour","precipitationmm":0.0,"temperature":18.0,"feeltemperature":18.0,"cloudcover":100,"iconcode":"dd","iconid":18,"sources":1,"winddirection":"Z","winddirectiondegrees":199,"windspeedms":4.65,"visibility":820,"precipitation":2,"beaufort":3,"humidity":92,"sunshine":0,"hour":2,"pollenindex":3,"windspeed":17,"sunshinepower":0,"sunpower":0},{"datetime":"2020-07-26T03:00:00","datetimeutc":"2020-07-26T01:00:00","timetype":"Hour","precipitationmm":2.1,"temperature":17.8,"feeltemperature":17.8,"cloudcover":100,"iconcode":"mm","iconid":33,"sources":1,"winddirection":"Z","winddirectiondegrees":194,"windspeedms":4.88,"visibility":1210,"precipitation":68,"beaufort":3,"humidity":94,"sunshine":0,"hour":3,"pollenindex":3,"windspeed":18,"sunshinepower":0,"sunpower":0},{"datetime":"2020-07-26T04:00:00","datetimeutc":"2020-07-26T02:00:00","timetype":"Hour","precipitationmm":1.8,"temperature":17.7,"feeltemperature":17.7,"cloudcover":100,"iconcode":"mm","iconid":33,"sources":1,"winddirection":"Z","winddirectiondegrees":198,"windspeedms":4.98,"visibility":1210,"precipitation":69,"beaufort":3,"humidity":96,"sunshine":0,"hour":4,"pollenindex":2,"windspeed":18,"sunshinepower":0,"sunpower":0},{"datetime":"2020-07-26T05:00:00","datetimeutc":"2020-07-26T03:00:00","timetype":"Hour","precipitationmm":1.8,"temperature":17.8,"feeltemperature":17.8,"cloudcover":100,"iconcode":"mm","iconid":33,"sources":1,"winddirection":"Z","winddirectiondegrees":199,"windspeedms":5.05,"visibility":800,"precipitation":70,"beaufort":3,"humidity":95,"sunshine":0,"hour":5,"pollenindex":2,"windspeed":18,"sunshinepower":0,"sunpower":0},{"datetime":"2020-07-26T06:00:00","datetimeutc":"2020-07-26T04:00:00","timetype":"Hour","precipitationmm":0.0,"temperature":18.1,"feeltemperature":18.1,"cloudcover":100,"iconcode":"d","iconid":16,"sources":1,"winddirection":"ZW","winddirectiondegrees":207,"windspeedms":5.3,"visibility":200,"precipitation":3,"beaufort":3,"humidity":94,"sunshine":0,"hour":6,"pollenindex":3,"windspeed":19,"sunshinepower":3,"sunpower":3},{"datetime":"2020-07-26T07:00:00","datetimeutc":"2020-07-26T05:00:00","timetype":"Hour","precipitationmm":0.0,"temperature":18.4,"feeltemperature":18.4,"cloudcover":100,"iconcode":"d","iconid":22,"sources":1,"winddirection":"ZW","winddirectiondegrees":225,"windspeedms":5.4,"visibility":200,"precipitation":2,"beaufort":3,"humidity":94,"sunshine":0,"hour":7,"pollenindex":3,"windspeed":19,"sunshinepower":36,"sunpower":36},{"datetime":"2020-07-26T08:00:00","datetimeutc":"2020-07-26T06:00:00","timetype":"Hour","precipitationmm":0.0,"temperature":18.6,"feeltemperature":18.6,"cloudcover":100,"iconcode":"d","iconid":22,"sources":1,"winddirection":"ZW","winddirectiondegrees":237,"windspeedms":5.92,"visibility":400,"precipitation":2,"beaufort":3,"humidity":91,"sunshine":0,"hour":8,"pollenindex":3,"windspeed":21,"sunshinepower":98,"sunpower":98},{"datetime":"2020-07-26T09:00:00","datetimeutc":"2020-07-26T07:00:00","timetype":"Hour","precipitationmm":0.0,"temperature":18.8,"feeltemperature":18.8,"cloudcover":98,"iconcode":"c","iconid":22,"sources":1,"winddirection":"ZW","winddirectiondegrees":245,"windspeedms":6.57,"visibility":9010,"precipitation":2,"beaufort":4,"humidity":88,"sunshine":0,"hour":9,"pollenindex":3,"windspeed":24,"sunshinepower":188,"sunpower":188},{"datetime":"2020-07-26T10:00:00","datetimeutc":"2020-07-26T08:00:00","timetype":"Hour","precipitationmm":0.0,"temperature":18.9,"feeltemperature":18.9,"cloudcover":94,"iconcode":"c","iconid":19,"sources":1,"winddirection":"W","winddirectiondegrees":250,"windspeedms":6.92,"visibility":10200,"precipitation":2,"beaufort":4,"humidity":85,"sunshine":0,"hour":10,"pollenindex":3,"windspeed":25,"sunshinepower":297,"sunpower":297},{"datetime":"2020-07-26T11:00:00","datetimeutc":"2020-07-26T09:00:00","timetype":"Hour","precipitationmm":0.0,"temperature":19.0,"feeltemperature":19.0,"cloudcover":92,"iconcode":"c","iconid":19,"sources":1,"winddirection":"W","winddirectiondegrees":253,"windspeedms":7.38,"visibility":10600,"precipitation":2,"beaufort":4,"humidity":83,"sunshine":0,"hour":11,"pollenindex":4,"windspeed":27,"sunshinepower":394,"sunpower":394},{"datetime":"2020-07-26T12:00:00","datetimeutc":"2020-07-26T10:00:00","timetype":"Hour","precipitationmm":0.0,"temperature":19.2,"feeltemperature":19.2,"cloudcover":88,"iconcode":"r","iconid":19,"sources":1,"winddirection":"W","winddirectiondegrees":256,"windspeedms":7.54,"visibility":10800,"precipitation":2,"beaufort":4,"humidity":79,"sunshine":1,"hour":12,"pollenindex":4,"windspeed":27,"sunshinepower":459,"sunpower":459},{"datetime":"2020-07-26T13:00:00","datetimeutc":"2020-07-26T11:00:00","timetype":"Hour","precipitationmm":0.0,"temperature":19.5,"feeltemperature":19.5,"cloudcover":82,"iconcode":"r","iconid":19,"sources":1,"winddirection":"W","winddirectiondegrees":261,"windspeedms":7.63,"visibility":10600,"precipitation":2,"beaufort":4,"humidity":75,"sunshine":6,"hour":13,"pollenindex":4,"windspeed":27,"sunshinepower":495,"sunpower":495},{"datetime":"2020-07-26T14:00:00","datetimeutc":"2020-07-26T12:00:00","timetype":"Hour","precipitationmm":0.7,"temperature":19.8,"feeltemperature":19.8,"cloudcover":72,"iconcode":"m","iconid":33,"sources":1,"winddirection":"W","winddirectiondegrees":266,"windspeedms":7.48,"visibility":10400,"precipitation":56,"beaufort":4,"humidity":74,"sunshine":13,"hour":14,"pollenindex":4,"windspeed":27,"sunshinepower":517,"sunpower":517},{"datetime":"2020-07-26T15:00:00","datetimeutc":"2020-07-26T13:00:00","timetype":"Hour","precipitationmm":0.0,"temperature":20.1,"feeltemperature":20.1,"cloudcover":65,"iconcode":"b","iconid":19,"sources":1,"winddirection":"W","winddirectiondegrees":262,"windspeedms":7.32,"visibility":10400,"precipitation":2,"beaufort":4,"humidity":71,"sunshine":23,"hour":15,"pollenindex":4,"windspeed":26,"sunshinepower":532,"sunpower":532},{"datetime":"2020-07-26T16:00:00","datetimeutc":"2020-07-26T14:00:00","timetype":"Hour","precipitationmm":0.0,"temperature":20.2,"feeltemperature":20.2,"cloudcover":61,"iconcode":"b","iconid":7,"sources":1,"winddirection":"W","winddirectiondegrees":266,"windspeedms":7.21,"visibility":11000,"precipitation":2,"beaufort":4,"humidity":72,"sunshine":31,"hour":16,"pollenindex":4,"windspeed":26,"sunshinepower":521,"sunpower":521},{"datetime":"2020-07-26T17:00:00","datetimeutc":"2020-07-26T15:00:00","timetype":"Hour","precipitationmm":0.0,"temperature":20.1,"feeltemperature":20.1,"cloudcover":61,"iconcode":"b","iconid":7,"sources":1,"winddirection":"W","winddirectiondegrees":272,"windspeedms":6.81,"visibility":11400,"precipitation":1,"beaufort":4,"humidity":70,"sunshine":35,"hour":17,"pollenindex":4,"windspeed":25,"sunshinepower":473,"sunpower":473},{"datetime":"2020-07-26T18:00:00","datetimeutc":"2020-07-26T16:00:00","timetype":"Hour","precipitationmm":0.0,"temperature":19.8,"feeltemperature":19.8,"cloudcover":54,"iconcode":"b","iconid":4,"sources":1,"winddirection":"W","winddirectiondegrees":272,"windspeedms":6.21,"visibility":11600,"precipitation":1,"beaufort":4,"humidity":70,"sunshine":35,"hour":18,"pollenindex":4,"windspeed":22,"sunshinepower":397,"sunpower":397},{"datetime":"2020-07-26T19:00:00","datetimeutc":"2020-07-26T17:00:00","timetype":"Hour","precipitationmm":0.0,"temperature":19.5,"feeltemperature":19.5,"cloudcover":60,"iconcode":"b","iconid":4,"sources":1,"winddirection":"W","winddirectiondegrees":269,"windspeedms":5.69,"visibility":11800,"precipitation":1,"beaufort":3,"humidity":70,"sunshine":41,"hour":19,"pollenindex":4,"windspeed":20,"sunshinepower":297,"sunpower":297},{"datetime":"2020-07-26T20:00:00","datetimeutc":"2020-07-26T18:00:00","timetype":"Hour","precipitationmm":0.0,"temperature":19.0,"feeltemperature":19.0,"cloudcover":60,"iconcode":"b","iconid":1,"sources":1,"winddirection":"W","winddirectiondegrees":266,"windspeedms":5.18,"visibility":11600,"precipitation":1,"beaufort":3,"humidity":72,"sunshine":36,"hour":20,"pollenindex":4,"windspeed":19,"sunshinepower":169,"sunpower":169},{"datetime":"2020-07-26T21:00:00","datetimeutc":"2020-07-26T19:00:00","timetype":"Hour","precipitationmm":0.0,"temperature":18.1,"feeltemperature":18.1,"cloudcover":55,"iconcode":"b","iconid":1,"sources":1,"winddirection":"W","winddirectiondegrees":262,"windspeedms":4.57,"visibility":11000,"precipitation":0,"beaufort":3,"humidity":76,"sunshine":36,"hour":21,"pollenindex":4,"windspeed":16,"sunshinepower":50,"sunpower":50},{"datetime":"2020-07-26T22:00:00","datetimeutc":"2020-07-26T20:00:00","timetype":"Hour","precipitationmm":0.0,"temperature":17.2,"feeltemperature":17.2,"cloudcover":40,"iconcode":"jj","iconid":13,"sources":1,"winddirection":"W","winddirectiondegrees":251,"windspeedms":3.84,"visibility":10210,"precipitation":0,"beaufort":2,"humidity":78,"sunshine":30,"hour":22,"pollenindex":4,"windspeed":14,"sunshinepower":0,"sunpower":0},{"datetime":"2020-07-26T23:00:00","datetimeutc":"2020-07-26T21:00:00","timetype":"Hour","precipitationmm":0.0,"temperature":16.5,"feeltemperature":16.5,"cloudcover":30,"iconcode":"jj","iconid":1,"sources":1,"winddirection":"ZW","winddirectiondegrees":233,"windspeedms":3.53,"visibility":9810,"precipitation":0,"beaufort":2,"humidity":82,"sunshine":0,"hour":23,"pollenindex":4,"windspeed":13,"sunshinepower":0,"sunpower":0}],"datetime":"2020-07-26T00:00:00","datetimeutc":"2020-07-25T22:00:00","timetype":"Day","precipitationmm":9.2,"mintemperature":16.5,"maxtemperature":20.2,"cloudcover":90,"iconcode":"q","iconid":14,"sources":1,"winddirection":"W","winddirectiondegrees":270,"windspeedms":5.78,"precipitation":74,"beaufort":3,"uvindex":5,"bbqindex":6,"mosquitoindex":7,"pollenindex":5,"icescrapeindex":1,"mintemp":16.5,"maxtemp":20.2,"windspeed":6},{"date":"2020-07-27T00:00:00","sunrise":"2020-07-27T05:53:54","sunset":"2020-07-27T21:39:07","hours":[{"datetime":"2020-07-27T00:00:00","datetimeutc":"2020-07-26T22:00:00","timetype":"Hour","precipitationmm":0.0,"temperature":16.2,"feeltemperature":16.2,"cloudcover":30,"iconcode":"jj","iconid":6,"sources":1,"winddirection":"ZW","winddirectiondegrees":215,"windspeedms":3.63,"visibility":9810,"precipitation":0,"beaufort":2,"humidity":82,"sunshine":0,"hour":0,"pollenindex":4,"windspeed":13,"sunshinepower":0,"sunpower":0},{"datetime":"2020-07-27T01:00:00","datetimeutc":"2020-07-26T23:00:00","timetype":"Hour","precipitationmm":0.0,"temperature":16.0,"feeltemperature":16.0,"cloudcover":34,"iconcode":"jj","iconid":8,"sources":1,"winddirection":"ZW","winddirectiondegrees":205,"windspeedms":3.65,"visibility":9630,"precipitation":0,"beaufort":2,"humidity":83,"sunshine":0,"hour":1,"pollenindex":4,"windspeed":13,"sunshinepower":0,"sunpower":0},{"datetime":"2020-07-27T02:00:00","datetimeutc":"2020-07-27T00:00:00","timetype":"Hour","precipitationmm":0.0,"temperature":15.7,"feeltemperature":15.7,"cloudcover":48,"iconcode":"jj","iconid":20,"sources":1,"winddirection":"Z","winddirectiondegrees":202,"windspeedms":3.76,"visibility":9820,"precipitation":0,"beaufort":2,"humidity":84,"sunshine":0,"hour":2,"pollenindex":4,"windspeed":14,"sunshinepower":0,"sunpower":0},{"datetime":"2020-07-27T03:00:00","datetimeutc":"2020-07-27T01:00:00","timetype":"Hour","precipitationmm":0.0,"temperature":15.3,"feeltemperature":15.3,"cloudcover":99,"iconcode":"cc","iconid":20,"sources":1,"winddirection":"ZW","winddirectiondegrees":207,"windspeedms":3.84,"visibility":10010,"precipitation":1,"beaufort":2,"humidity":89,"sunshine":0,"hour":3,"pollenindex":3,"windspeed":14,"sunshinepower":0,"sunpower":0},{"datetime":"2020-07-27T04:00:00","datetimeutc":"2020-07-27T02:00:00","timetype":"Hour","precipitationmm":0.0,"temperature":14.9,"feeltemperature":14.1,"cloudcover":92,"iconcode":"cc","iconid":20,"sources":1,"winddirection":"ZW","winddirectiondegrees":208,"windspeedms":3.77,"visibility":10010,"precipitation":1,"beaufort":2,"humidity":91,"sunshine":0,"hour":4,"pollenindex":3,"windspeed":14,"sunshinepower":0,"sunpower":0},{"datetime":"2020-07-27T05:00:00","datetimeutc":"2020-07-27T03:00:00","timetype":"Hour","precipitationmm":0.0,"temperature":14.6,"feeltemperature":13.6,"cloudcover":80,"iconcode":"nn","iconid":19,"sources":1,"winddirection":"ZW","winddirectiondegrees":207,"windspeedms":3.86,"visibility":210,"precipitation":1,"beaufort":2,"humidity":93,"sunshine":0,"hour":5,"pollenindex":3,"windspeed":14,"sunshinepower":0,"sunpower":0},{"datetime":"2020-07-27T06:00:00","datetimeutc":"2020-07-27T04:00:00","timetype":"Hour","precipitationmm":0.0,"temperature":14.8,"feeltemperature":13.9,"cloudcover":76,"iconcode":"n","iconid":7,"sources":1,"winddirection":"ZW","winddirectiondegrees":208,"windspeedms":3.94,"visibility":210,"precipitation":1,"beaufort":2,"humidity":91,"sunshine":1,"hour":6,"pollenindex":3,"windspeed":14,"sunshinepower":0,"sunpower":0},{"datetime":"2020-07-27T07:00:00","datetimeutc":"2020-07-27T05:00:00","timetype":"Hour","precipitationmm":0.0,"temperature":15.5,"feeltemperature":15.5,"cloudcover":74,"iconcode":"n","iconid":19,"sources":1,"winddirection":"ZW","winddirectiondegrees":213,"windspeedms":4.09,"visibility":1000,"precipitation":1,"beaufort":3,"humidity":89,"sunshine":20,"hour":7,"pollenindex":3,"windspeed":15,"sunshinepower":73,"sunpower":73},{"datetime":"2020-07-27T08:00:00","datetimeutc":"2020-07-27T06:00:00","timetype":"Hour","precipitationmm":0.0,"temperature":16.6,"feeltemperature":16.6,"cloudcover":75,"iconcode":"r","iconid":19,"sources":1,"winddirection":"ZW","winddirectiondegrees":222,"windspeedms":4.52,"visibility":10000,"precipitation":1,"beaufort":3,"humidity":86,"sunshine":21,"hour":8,"pollenindex":3,"windspeed":16,"sunshinepower":188,"sunpower":188},{"datetime":"2020-07-27T09:00:00","datetimeutc":"2020-07-27T07:00:00","timetype":"Hour","precipitationmm":0.0,"temperature":17.5,"feeltemperature":17.5,"cloudcover":82,"iconcode":"r","iconid":19,"sources":1,"winddirection":"ZW","winddirectiondegrees":232,"windspeedms":4.99,"visibility":9600,"precipitation":2,"beaufort":3,"humidity":81,"sunshine":20,"hour":9,"pollenindex":4,"windspeed":18,"sunshinepower":281,"sunpower":281},{"datetime":"2020-07-27T10:00:00","datetimeutc":"2020-07-27T08:00:00","timetype":"Hour","precipitationmm":1.1,"temperature":18.1,"feeltemperature":18.1,"cloudcover":88,"iconcode":"m","iconid":33,"sources":1,"winddirection":"ZW","winddirectiondegrees":237,"windspeedms":5.46,"visibility":11000,"precipitation":49,"beaufort":3,"humidity":76,"sunshine":13,"hour":10,"pollenindex":4,"windspeed":20,"sunshinepower":344,"sunpower":344},{"datetime":"2020-07-27T11:00:00","datetimeutc":"2020-07-27T09:00:00","timetype":"Hour","precipitationmm":1.1,"temperature":18.6,"feeltemperature":18.6,"cloudcover":91,"iconcode":"m","iconid":33,"sources":1,"winddirection":"ZW","winddirectiondegrees":239,"windspeedms":5.65,"visibility":11200,"precipitation":56,"beaufort":3,"humidity":71,"sunshine":6,"hour":11,"pollenindex":4,"windspeed":20,"sunshinepower":422,"sunpower":422},{"datetime":"2020-07-27T12:00:00","datetimeutc":"2020-07-27T10:00:00","timetype":"Hour","precipitationmm":0.0,"temperature":19.1,"feeltemperature":19.1,"cloudcover":86,"iconcode":"r","iconid":19,"sources":1,"winddirection":"ZW","winddirectiondegrees":239,"windspeedms":5.84,"visibility":11600,"precipitation":2,"beaufort":3,"humidity":67,"sunshine":3,"hour":12,"pollenindex":5,"windspeed":21,"sunshinepower":502,"sunpower":502},{"datetime":"2020-07-27T13:00:00","datetimeutc":"2020-07-27T11:00:00","timetype":"Hour","precipitationmm":0.0,"temperature":19.5,"feeltemperature":19.5,"cloudcover":72,"iconcode":"r","iconid":7,"sources":1,"winddirection":"ZW","winddirectiondegrees":238,"windspeedms":6.19,"visibility":11200,"precipitation":3,"beaufort":4,"humidity":64,"sunshine":8,"hour":13,"pollenindex":5,"windspeed":22,"sunshinepower":544,"sunpower":544},{"datetime":"2020-07-27T14:00:00","datetimeutc":"2020-07-27T12:00:00","timetype":"Hour","precipitationmm":1.4,"temperature":19.8,"feeltemperature":19.8,"cloudcover":61,"iconcode":"f","iconid":33,"sources":1,"winddirection":"ZW","winddirectiondegrees":239,"windspeedms":6.46,"visibility":10600,"precipitation":72,"beaufort":4,"humidity":64,"sunshine":23,"hour":14,"pollenindex":5,"windspeed":23,"sunshinepower":550,"sunpower":550},{"datetime":"2020-07-27T15:00:00","datetimeutc":"2020-07-27T13:00:00","timetype":"Hour","precipitationmm":0.0,"temperature":20.0,"feeltemperature":20.0,"cloudcover":61,"iconcode":"b","iconid":19,"sources":1,"winddirection":"ZW","winddirectiondegrees":243,"windspeedms":6.41,"visibility":10600,"precipitation":3,"beaufort":4,"humidity":64,"sunshine":35,"hour":15,"pollenindex":5,"windspeed":23,"sunshinepower":535,"sunpower":535},{"datetime":"2020-07-27T16:00:00","datetimeutc":"2020-07-27T14:00:00","timetype":"Hour","precipitationmm":1.0,"temperature":20.2,"feeltemperature":20.2,"cloudcover":61,"iconcode":"f","iconid":33,"sources":1,"winddirection":"W","winddirectiondegrees":251,"windspeedms":6.36,"visibility":11600,"precipitation":71,"beaufort":4,"humidity":64,"sunshine":35,"hour":16,"pollenindex":5,"windspeed":23,"sunshinepower":499,"sunpower":499},{"datetime":"2020-07-27T17:00:00","datetimeutc":"2020-07-27T15:00:00","timetype":"Hour","precipitationmm":0.0,"temperature":20.2,"feeltemperature":20.2,"cloudcover":55,"iconcode":"b","iconid":7,"sources":1,"winddirection":"W","winddirectiondegrees":264,"windspeedms":6.24,"visibility":11400,"precipitation":3,"beaufort":4,"humidity":63,"sunshine":35,"hour":17,"pollenindex":5,"windspeed":22,"sunshinepower":438,"sunpower":438},{"datetime":"2020-07-27T18:00:00","datetimeutc":"2020-07-27T16:00:00","timetype":"Hour","precipitationmm":0.0,"temperature":19.8,"feeltemperature":19.8,"cloudcover":56,"iconcode":"b","iconid":4,"sources":1,"winddirection":"W","winddirectiondegrees":272,"windspeedms":5.95,"visibility":10800,"precipitation":2,"beaufort":3,"humidity":64,"sunshine":41,"hour":18,"pollenindex":5,"windspeed":21,"sunshinepower":354,"sunpower":354},{"datetime":"2020-07-27T19:00:00","datetimeutc":"2020-07-27T17:00:00","timetype":"Hour","precipitationmm":0.0,"temperature":19.2,"feeltemperature":19.2,"cloudcover":56,"iconcode":"b","iconid":4,"sources":1,"winddirection":"W","winddirectiondegrees":270,"windspeedms":5.47,"visibility":11000,"precipitation":2,"beaufort":3,"humidity":65,"sunshine":40,"hour":19,"pollenindex":5,"windspeed":20,"sunshinepower":261,"sunpower":261},{"datetime":"2020-07-27T20:00:00","datetimeutc":"2020-07-27T18:00:00","timetype":"Hour","precipitationmm":0.0,"temperature":18.2,"feeltemperature":18.2,"cloudcover":51,"iconcode":"b","iconid":4,"sources":1,"winddirection":"W","winddirectiondegrees":266,"windspeedms":4.89,"visibility":11800,"precipitation":2,"beaufort":3,"humidity":69,"sunshine":40,"hour":20,"pollenindex":4,"windspeed":18,"sunshinepower":152,"sunpower":152},{"datetime":"2020-07-27T21:00:00","datetimeutc":"2020-07-27T19:00:00","timetype":"Hour","precipitationmm":0.0,"temperature":17.2,"feeltemperature":17.2,"cloudcover":45,"iconcode":"j","iconid":4,"sources":1,"winddirection":"W","winddirectiondegrees":263,"windspeedms":3.95,"visibility":11600,"precipitation":1,"beaufort":2,"humidity":74,"sunshine":45,"hour":21,"pollenindex":4,"windspeed":14,"sunshinepower":46,"sunpower":46},{"datetime":"2020-07-27T22:00:00","datetimeutc":"2020-07-27T20:00:00","timetype":"Hour","precipitationmm":0.0,"temperature":16.4,"feeltemperature":16.4,"cloudcover":6,"iconcode":"aa","iconid":8,"sources":1,"winddirection":"W","winddirectiondegrees":252,"windspeedms":3.08,"visibility":10610,"precipitation":1,"beaufort":2,"humidity":75,"sunshine":36,"hour":22,"pollenindex":4,"windspeed":11,"sunshinepower":0,"sunpower":0},{"datetime":"2020-07-27T23:00:00","datetimeutc":"2020-07-27T21:00:00","timetype":"Hour","precipitationmm":0.0,"temperature":15.9,"feeltemperature":15.9,"cloudcover":0,"iconcode":"aa","iconid":5,"sources":1,"winddirection":"ZW","winddirectiondegrees":235,"windspeedms":2.73,"visibility":10410,"precipitation":1,"beaufort":2,"humidity":79,"sunshine":0,"hour":23,"pollenindex":4,"windspeed":10,"sunshinepower":0,"sunpower":0}],"datetime":"2020-07-27T00:00:00","datetimeutc":"2020-07-26T22:00:00","timetype":"Day","precipitationmm":4.5,"mintemperature":14.6,"maxtemperature":20.2,"cloudcover":25,"iconcode":"f","iconid":16,"sources":1,"winddirection":"ZW","winddirectiondegrees":225,"windspeedms":4.78,"precipitation":72,"beaufort":3,"uvindex":5,"bbqindex":7,"mosquitoindex":6,"pollenindex":5,"icescrapeindex":1,"mintemp":14.6,"maxtemp":20.2,"windspeed":5},{"date":"2020-07-28T00:00:00","sunrise":"2020-07-28T05:55:25","sunset":"2020-07-28T21:37:32","hours":[{"datetime":"2020-07-28T00:00:00","datetimeutc":"2020-07-27T22:00:00","timetype":"Hour","precipitationmm":0.0,"temperature":15.5,"feeltemperature":15.5,"cloudcover":10,"iconcode":"aa","iconid":5,"sources":1,"winddirection":"ZW","winddirectiondegrees":207,"windspeedms":2.8,"visibility":10210,"precipitation":1,"beaufort":2,"humidity":81,"sunshine":0,"hour":0,"pollenindex":4,"windspeed":10,"sunshinepower":0,"sunpower":0},{"datetime":"2020-07-28T01:00:00","datetimeutc":"2020-07-27T23:00:00","timetype":"Hour","precipitationmm":0.0,"temperature":15.1,"feeltemperature":15.1,"cloudcover":22,"iconcode":"jj","iconid":5,"sources":1,"winddirection":"Z","winddirectiondegrees":189,"windspeedms":3.03,"visibility":9830,"precipitation":1,"beaufort":2,"humidity":83,"sunshine":0,"hour":1,"pollenindex":4,"windspeed":11,"sunshinepower":0,"sunpower":0},{"datetime":"2020-07-28T02:00:00","datetimeutc":"2020-07-28T00:00:00","timetype":"Hour","precipitationmm":0.0,"temperature":14.8,"feeltemperature":14.8,"cloudcover":30,"iconcode":"jj","iconid":6,"sources":1,"winddirection":"Z","winddirectiondegrees":180,"windspeedms":3.27,"visibility":9220,"precipitation":1,"beaufort":2,"humidity":87,"sunshine":0,"hour":2,"pollenindex":3,"windspeed":12,"sunshinepower":0,"sunpower":0},{"datetime":"2020-07-28T03:00:00","datetimeutc":"2020-07-28T01:00:00","timetype":"Hour","precipitationmm":0.0,"temperature":14.8,"feeltemperature":14.1,"cloudcover":35,"iconcode":"jj","iconid":22,"sources":1,"winddirection":"Z","winddirectiondegrees":182,"windspeedms":3.41,"visibility":9410,"precipitation":1,"beaufort":2,"humidity":89,"sunshine":0,"hour":3,"pollenindex":3,"windspeed":12,"sunshinepower":0,"sunpower":0},{"datetime":"2020-07-28T04:00:00","datetimeutc":"2020-07-28T02:00:00","timetype":"Hour","precipitationmm":0.0,"temperature":15.0,"feeltemperature":15.0,"cloudcover":79,"iconcode":"rr","iconid":22,"sources":1,"winddirection":"Z","winddirectiondegrees":190,"windspeedms":3.61,"visibility":10010,"precipitation":1,"beaufort":2,"humidity":88,"sunshine":0,"hour":4,"pollenindex":3,"windspeed":13,"sunshinepower":0,"sunpower":0},{"datetime":"2020-07-28T05:00:00","datetimeutc":"2020-07-28T03:00:00","timetype":"Hour","precipitationmm":0.0,"temperature":15.3,"feeltemperature":15.3,"cloudcover":100,"iconcode":"cc","iconid":22,"sources":1,"winddirection":"Z","winddirectiondegrees":194,"windspeedms":3.6,"visibility":10010,"precipitation":1,"beaufort":2,"humidity":86,"sunshine":0,"hour":5,"pollenindex":3,"windspeed":13,"sunshinepower":0,"sunpower":0},{"datetime":"2020-07-28T06:00:00","datetimeutc":"2020-07-28T04:00:00","timetype":"Hour","precipitationmm":0.0,"temperature":15.8,"feeltemperature":15.8,"cloudcover":100,"iconcode":"c","iconid":22,"sources":1,"winddirection":"Z","winddirectiondegrees":189,"windspeedms":3.64,"visibility":9210,"precipitation":1,"beaufort":2,"humidity":85,"sunshine":0,"hour":6,"pollenindex":4,"windspeed":13,"sunshinepower":0,"sunpower":0},{"datetime":"2020-07-28T07:00:00","datetimeutc":"2020-07-28T05:00:00","timetype":"Hour","precipitationmm":0.0,"temperature":16.1,"feeltemperature":16.1,"cloudcover":100,"iconcode":"c","iconid":22,"sources":1,"winddirection":"Z","winddirectiondegrees":186,"windspeedms":3.96,"visibility":9610,"precipitation":1,"beaufort":2,"humidity":84,"sunshine":0,"hour":7,"pollenindex":4,"windspeed":14,"sunshinepower":41,"sunpower":41},{"datetime":"2020-07-28T08:00:00","datetimeutc":"2020-07-28T06:00:00","timetype":"Hour","precipitationmm":0.0,"temperature":16.5,"feeltemperature":16.5,"cloudcover":100,"iconcode":"c","iconid":22,"sources":1,"winddirection":"Z","winddirectiondegrees":196,"windspeedms":4.38,"visibility":10000,"precipitation":1,"beaufort":3,"humidity":82,"sunshine":0,"hour":8,"pollenindex":4,"windspeed":16,"sunshinepower":94,"sunpower":94},{"datetime":"2020-07-28T09:00:00","datetimeutc":"2020-07-28T07:00:00","timetype":"Hour","precipitationmm":0.0,"temperature":16.8,"feeltemperature":16.8,"cloudcover":100,"iconcode":"c","iconid":20,"sources":1,"winddirection":"ZW","winddirectiondegrees":204,"windspeedms":4.83,"visibility":9400,"precipitation":2,"beaufort":3,"humidity":81,"sunshine":0,"hour":9,"pollenindex":4,"windspeed":17,"sunshinepower":136,"sunpower":136},{"datetime":"2020-07-28T10:00:00","datetimeutc":"2020-07-28T08:00:00","timetype":"Hour","precipitationmm":2.3,"temperature":17.2,"feeltemperature":17.2,"cloudcover":100,"iconcode":"m","iconid":33,"sources":1,"winddirection":"ZW","winddirectiondegrees":206,"windspeedms":5.13,"visibility":8600,"precipitation":51,"beaufort":3,"humidity":79,"sunshine":0,"hour":10,"pollenindex":4,"windspeed":18,"sunshinepower":166,"sunpower":166},{"datetime":"2020-07-28T11:00:00","datetimeutc":"2020-07-28T09:00:00","timetype":"Hour","precipitationmm":0.0,"temperature":17.6,"feeltemperature":17.6,"cloudcover":100,"iconcode":"c","iconid":21,"sources":1,"winddirection":"Z","winddirectiondegrees":202,"windspeedms":5.24,"visibility":6400,"precipitation":2,"beaufort":3,"humidity":76,"sunshine":0,"hour":11,"pollenindex":4,"windspeed":19,"sunshinepower":187,"sunpower":187},{"datetime":"2020-07-28T12:00:00","datetimeutc":"2020-07-28T10:00:00","timetype":"Hour","precipitationmm":0.0,"temperature":18.1,"feeltemperature":18.1,"cloudcover":100,"iconcode":"c","iconid":21,"sources":1,"winddirection":"Z","winddirectiondegrees":195,"windspeedms":5.17,"visibility":6800,"precipitation":2,"beaufort":3,"humidity":74,"sunshine":0,"hour":12,"pollenindex":4,"windspeed":19,"sunshinepower":200,"sunpower":200},{"datetime":"2020-07-28T13:00:00","datetimeutc":"2020-07-28T11:00:00","timetype":"Hour","precipitationmm":0.0,"temperature":18.6,"feeltemperature":18.6,"cloudcover":100,"iconcode":"c","iconid":21,"sources":1,"winddirection":"Z","winddirectiondegrees":179,"windspeedms":5.14,"visibility":1600,"precipitation":2,"beaufort":3,"humidity":73,"sunshine":0,"hour":13,"pollenindex":4,"windspeed":19,"sunshinepower":198,"sunpower":198},{"datetime":"2020-07-28T14:00:00","datetimeutc":"2020-07-28T12:00:00","timetype":"Hour","precipitationmm":0.0,"temperature":18.7,"feeltemperature":18.7,"cloudcover":100,"iconcode":"d","iconid":21,"sources":1,"winddirection":"Z","winddirectiondegrees":171,"windspeedms":5.64,"visibility":400,"precipitation":2,"beaufort":3,"humidity":74,"sunshine":0,"hour":14,"pollenindex":4,"windspeed":20,"sunshinepower":195,"sunpower":195},{"datetime":"2020-07-28T15:00:00","datetimeutc":"2020-07-28T13:00:00","timetype":"Hour","precipitationmm":0.0,"temperature":18.6,"feeltemperature":18.6,"cloudcover":100,"iconcode":"d","iconid":21,"sources":1,"winddirection":"Z","winddirectiondegrees":186,"windspeedms":6.17,"visibility":600,"precipitation":2,"beaufort":4,"humidity":76,"sunshine":0,"hour":15,"pollenindex":4,"windspeed":22,"sunshinepower":201,"sunpower":201},{"datetime":"2020-07-28T16:00:00","datetimeutc":"2020-07-28T14:00:00","timetype":"Hour","precipitationmm":0.0,"temperature":18.3,"feeltemperature":18.3,"cloudcover":100,"iconcode":"c","iconid":21,"sources":1,"winddirection":"ZW","winddirectiondegrees":207,"windspeedms":6.49,"visibility":8800,"precipitation":2,"beaufort":4,"humidity":77,"sunshine":0,"hour":16,"pollenindex":4,"windspeed":23,"sunshinepower":200,"sunpower":200},{"datetime":"2020-07-28T17:00:00","datetimeutc":"2020-07-28T15:00:00","timetype":"Hour","precipitationmm":1.4,"temperature":18.2,"feeltemperature":18.2,"cloudcover":100,"iconcode":"m","iconid":33,"sources":1,"winddirection":"ZW","winddirectiondegrees":214,"windspeedms":5.95,"visibility":8600,"precipitation":55,"beaufort":3,"humidity":76,"sunshine":0,"hour":17,"pollenindex":4,"windspeed":21,"sunshinepower":174,"sunpower":174},{"datetime":"2020-07-28T18:00:00","datetimeutc":"2020-07-28T16:00:00","timetype":"Hour","precipitationmm":1.5,"temperature":17.9,"feeltemperature":17.9,"cloudcover":100,"iconcode":"m","iconid":33,"sources":1,"winddirection":"ZW","winddirectiondegrees":204,"windspeedms":5.43,"visibility":8000,"precipitation":53,"beaufort":3,"humidity":77,"sunshine":0,"hour":18,"pollenindex":4,"windspeed":20,"sunshinepower":127,"sunpower":127},{"datetime":"2020-07-28T19:00:00","datetimeutc":"2020-07-28T17:00:00","timetype":"Hour","precipitationmm":1.7,"temperature":17.5,"feeltemperature":17.5,"cloudcover":100,"iconcode":"m","iconid":33,"sources":1,"winddirection":"Z","winddirectiondegrees":194,"windspeedms":5.01,"visibility":8200,"precipitation":44,"beaufort":3,"humidity":81,"sunshine":0,"hour":19,"pollenindex":4,"windspeed":18,"sunshinepower":79,"sunpower":79},{"datetime":"2020-07-28T20:00:00","datetimeutc":"2020-07-28T18:00:00","timetype":"Hour","precipitationmm":0.0,"temperature":17.2,"feeltemperature":17.2,"cloudcover":100,"iconcode":"d","iconid":21,"sources":1,"winddirection":"Z","winddirectiondegrees":193,"windspeedms":4.58,"visibility":400,"precipitation":2,"beaufort":3,"humidity":84,"sunshine":0,"hour":20,"pollenindex":4,"windspeed":16,"sunshinepower":42,"sunpower":42},{"datetime":"2020-07-28T21:00:00","datetimeutc":"2020-07-28T19:00:00","timetype":"Hour","precipitationmm":0.0,"temperature":16.9,"feeltemperature":16.9,"cloudcover":100,"iconcode":"c","iconid":22,"sources":1,"winddirection":"ZW","winddirectiondegrees":221,"windspeedms":4.84,"visibility":8600,"precipitation":2,"beaufort":3,"humidity":86,"sunshine":0,"hour":21,"pollenindex":3,"windspeed":17,"sunshinepower":15,"sunpower":15},{"datetime":"2020-07-28T22:00:00","datetimeutc":"2020-07-28T20:00:00","timetype":"Hour","precipitationmm":0.0,"temperature":16.7,"feeltemperature":16.7,"cloudcover":100,"iconcode":"cc","iconid":22,"sources":1,"winddirection":"ZW","winddirectiondegrees":237,"windspeedms":4.83,"visibility":8410,"precipitation":1,"beaufort":3,"humidity":85,"sunshine":0,"hour":22,"pollenindex":3,"windspeed":17,"sunshinepower":0,"sunpower":0},{"datetime":"2020-07-28T23:00:00","datetimeutc":"2020-07-28T21:00:00","timetype":"Hour","precipitationmm":0.0,"temperature":16.6,"feeltemperature":16.6,"cloudcover":100,"iconcode":"dd","iconid":22,"sources":1,"winddirection":"ZW","winddirectiondegrees":227,"windspeedms":4.62,"visibility":410,"precipitation":1,"beaufort":3,"humidity":87,"sunshine":0,"hour":23,"pollenindex":3,"windspeed":17,"sunshinepower":0,"sunpower":0}],"datetime":"2020-07-28T00:00:00","datetimeutc":"2020-07-27T22:00:00","timetype":"Day","precipitationmm":6.8,"mintemperature":14.8,"maxtemperature":18.7,"cloudcover":90,"iconcode":"q","iconid":12,"sources":1,"winddirection":"Z","winddirectiondegrees":180,"windspeedms":4.62,"precipitation":55,"beaufort":3,"uvindex":6,"bbqindex":4,"mosquitoindex":6,"pollenindex":5,"icescrapeindex":1,"mintemp":14.8,"maxtemp":18.7,"windspeed":5},{"date":"2020-07-29T00:00:00","sunrise":"2020-07-29T05:56:57","sunset":"2020-07-29T21:35:56","hours":[{"datetime":"2020-07-29T00:00:00","datetimeutc":"2020-07-28T22:00:00","timetype":"Hour","precipitationmm":0.0,"temperature":16.3,"feeltemperature":16.3,"cloudcover":100,"iconcode":"dd","iconid":22,"sources":1,"winddirection":"ZW","winddirectiondegrees":221,"windspeedms":4.33,"visibility":410,"precipitation":1,"beaufort":3,"humidity":87,"sunshine":0,"hour":0,"pollenindex":3,"windspeed":16,"sunshinepower":0,"sunpower":0},{"datetime":"2020-07-29T01:00:00","datetimeutc":"2020-07-28T23:00:00","timetype":"Hour","precipitationmm":0.0,"temperature":15.8,"feeltemperature":15.8,"cloudcover":100,"iconcode":"dd","iconid":16,"sources":1,"winddirection":"ZW","winddirectiondegrees":224,"windspeedms":4.11,"visibility":420,"precipitation":1,"beaufort":3,"humidity":89,"sunshine":0,"hour":1,"pollenindex":3,"windspeed":15,"sunshinepower":0,"sunpower":0},{"datetime":"2020-07-29T02:00:00","datetimeutc":"2020-07-29T00:00:00","timetype":"Hour","precipitationmm":0.0,"temperature":15.4,"feeltemperature":15.4,"cloudcover":100,"iconcode":"dd","iconid":16,"sources":1,"winddirection":"ZW","winddirectiondegrees":223,"windspeedms":4.02,"visibility":220,"precipitation":1,"beaufort":3,"humidity":90,"sunshine":0,"hour":2,"pollenindex":3,"windspeed":14,"sunshinepower":0,"sunpower":0},{"datetime":"2020-07-29T03:00:00","datetimeutc":"2020-07-29T01:00:00","timetype":"Hour","precipitationmm":0.0,"temperature":15.2,"feeltemperature":15.2,"cloudcover":100,"iconcode":"dd","iconid":20,"sources":1,"winddirection":"ZW","winddirectiondegrees":219,"windspeedms":3.89,"visibility":410,"precipitation":2,"beaufort":2,"humidity":94,"sunshine":0,"hour":3,"pollenindex":3,"windspeed":14,"sunshinepower":0,"sunpower":0},{"datetime":"2020-07-29T04:00:00","datetimeutc":"2020-07-29T02:00:00","timetype":"Hour","precipitationmm":0.0,"temperature":15.0,"feeltemperature":15.0,"cloudcover":100,"iconcode":"dd","iconid":16,"sources":1,"winddirection":"ZW","winddirectiondegrees":237,"windspeedms":3.77,"visibility":210,"precipitation":1,"beaufort":2,"humidity":96,"sunshine":0,"hour":4,"pollenindex":2,"windspeed":14,"sunshinepower":0,"sunpower":0},{"datetime":"2020-07-29T05:00:00","datetimeutc":"2020-07-29T03:00:00","timetype":"Hour","precipitationmm":0.0,"temperature":14.8,"feeltemperature":14.1,"cloudcover":100,"iconcode":"dd","iconid":22,"sources":1,"winddirection":"W","winddirectiondegrees":276,"windspeedms":3.55,"visibility":410,"precipitation":1,"beaufort":2,"humidity":98,"sunshine":0,"hour":5,"pollenindex":2,"windspeed":13,"sunshinepower":0,"sunpower":0},{"datetime":"2020-07-29T06:00:00","datetimeutc":"2020-07-29T04:00:00","timetype":"Hour","precipitationmm":0.0,"temperature":14.9,"feeltemperature":14.1,"cloudcover":100,"iconcode":"c","iconid":19,"sources":1,"winddirection":"NW","winddirectiondegrees":311,"windspeedms":3.76,"visibility":8810,"precipitation":1,"beaufort":2,"humidity":95,"sunshine":0,"hour":6,"pollenindex":2,"windspeed":14,"sunshinepower":0,"sunpower":0},{"datetime":"2020-07-29T07:00:00","datetimeutc":"2020-07-29T05:00:00","timetype":"Hour","precipitationmm":0.0,"temperature":15.3,"feeltemperature":15.3,"cloudcover":100,"iconcode":"c","iconid":19,"sources":1,"winddirection":"NW","winddirectiondegrees":300,"windspeedms":3.94,"visibility":8810,"precipitation":1,"beaufort":2,"humidity":95,"sunshine":0,"hour":7,"pollenindex":2,"windspeed":14,"sunshinepower":40,"sunpower":40},{"datetime":"2020-07-29T08:00:00","datetimeutc":"2020-07-29T06:00:00","timetype":"Hour","precipitationmm":0.0,"temperature":15.9,"feeltemperature":15.9,"cloudcover":100,"iconcode":"c","iconid":19,"sources":1,"winddirection":"NW","winddirectiondegrees":295,"windspeedms":4.39,"visibility":8800,"precipitation":1,"beaufort":3,"humidity":92,"sunshine":0,"hour":8,"pollenindex":3,"windspeed":16,"sunshinepower":109,"sunpower":109},{"datetime":"2020-07-29T09:00:00","datetimeutc":"2020-07-29T07:00:00","timetype":"Hour","precipitationmm":0.0,"temperature":16.2,"feeltemperature":16.2,"cloudcover":100,"iconcode":"c","iconid":21,"sources":1,"winddirection":"NW","winddirectiondegrees":296,"windspeedms":4.59,"visibility":12000,"precipitation":1,"beaufort":3,"humidity":88,"sunshine":0,"hour":9,"pollenindex":3,"windspeed":17,"sunshinepower":178,"sunpower":178},{"datetime":"2020-07-29T10:00:00","datetimeutc":"2020-07-29T08:00:00","timetype":"Hour","precipitationmm":3.2,"temperature":16.4,"feeltemperature":16.4,"cloudcover":100,"iconcode":"m","iconid":23,"sources":1,"winddirection":"W","winddirectiondegrees":284,"windspeedms":5.14,"visibility":13400,"precipitation":44,"beaufort":3,"humidity":85,"sunshine":0,"hour":10,"pollenindex":3,"windspeed":19,"sunshinepower":231,"sunpower":231},{"datetime":"2020-07-29T11:00:00","datetimeutc":"2020-07-29T09:00:00","timetype":"Hour","precipitationmm":2.5,"temperature":16.4,"feeltemperature":16.4,"cloudcover":100,"iconcode":"m","iconid":33,"sources":1,"winddirection":"W","winddirectiondegrees":277,"windspeedms":5.59,"visibility":13600,"precipitation":46,"beaufort":3,"humidity":83,"sunshine":0,"hour":11,"pollenindex":4,"windspeed":20,"sunshinepower":276,"sunpower":276},{"datetime":"2020-07-29T12:00:00","datetimeutc":"2020-07-29T10:00:00","timetype":"Hour","precipitationmm":2.5,"temperature":16.5,"feeltemperature":16.5,"cloudcover":100,"iconcode":"m","iconid":33,"sources":1,"winddirection":"W","winddirectiondegrees":275,"windspeedms":6.12,"visibility":14010,"precipitation":50,"beaufort":4,"humidity":82,"sunshine":0,"hour":12,"pollenindex":4,"windspeed":22,"sunshinepower":314,"sunpower":314},{"datetime":"2020-07-29T13:00:00","datetimeutc":"2020-07-29T11:00:00","timetype":"Hour","precipitationmm":0.0,"temperature":16.6,"feeltemperature":16.6,"cloudcover":98,"iconcode":"c","iconid":20,"sources":1,"winddirection":"W","winddirectiondegrees":278,"windspeedms":6.41,"visibility":15000,"precipitation":2,"beaufort":4,"humidity":81,"sunshine":0,"hour":13,"pollenindex":4,"windspeed":23,"sunshinepower":326,"sunpower":326},{"datetime":"2020-07-29T14:00:00","datetimeutc":"2020-07-29T12:00:00","timetype":"Hour","precipitationmm":1.0,"temperature":16.8,"feeltemperature":16.8,"cloudcover":100,"iconcode":"m","iconid":33,"sources":1,"winddirection":"W","winddirectiondegrees":281,"windspeedms":6.35,"visibility":15400,"precipitation":58,"beaufort":4,"humidity":80,"sunshine":0,"hour":14,"pollenindex":4,"windspeed":23,"sunshinepower":313,"sunpower":313},{"datetime":"2020-07-29T15:00:00","datetimeutc":"2020-07-29T13:00:00","timetype":"Hour","precipitationmm":0.7,"temperature":17.0,"feeltemperature":17.0,"cloudcover":100,"iconcode":"m","iconid":33,"sources":1,"winddirection":"W","winddirectiondegrees":282,"windspeedms":6.11,"visibility":15000,"precipitation":54,"beaufort":4,"humidity":77,"sunshine":0,"hour":15,"pollenindex":4,"windspeed":22,"sunshinepower":309,"sunpower":309},{"datetime":"2020-07-29T16:00:00","datetimeutc":"2020-07-29T14:00:00","timetype":"Hour","precipitationmm":0.0,"temperature":17.1,"feeltemperature":17.1,"cloudcover":100,"iconcode":"c","iconid":20,"sources":1,"winddirection":"W","winddirectiondegrees":284,"windspeedms":6.06,"visibility":14800,"precipitation":2,"beaufort":4,"humidity":77,"sunshine":0,"hour":16,"pollenindex":4,"windspeed":22,"sunshinepower":297,"sunpower":297},{"datetime":"2020-07-29T17:00:00","datetimeutc":"2020-07-29T15:00:00","timetype":"Hour","precipitationmm":0.0,"temperature":17.0,"feeltemperature":17.0,"cloudcover":100,"iconcode":"c","iconid":21,"sources":1,"winddirection":"W","winddirectiondegrees":286,"windspeedms":5.98,"visibility":14000,"precipitation":2,"beaufort":3,"humidity":76,"sunshine":0,"hour":17,"pollenindex":4,"windspeed":22,"sunshinepower":255,"sunpower":255},{"datetime":"2020-07-29T18:00:00","datetimeutc":"2020-07-29T16:00:00","timetype":"Hour","precipitationmm":0.0,"temperature":16.7,"feeltemperature":16.7,"cloudcover":100,"iconcode":"c","iconid":20,"sources":1,"winddirection":"W","winddirectiondegrees":289,"windspeedms":5.78,"visibility":12600,"precipitation":2,"beaufort":3,"humidity":75,"sunshine":0,"hour":18,"pollenindex":4,"windspeed":21,"sunshinepower":203,"sunpower":203},{"datetime":"2020-07-29T19:00:00","datetimeutc":"2020-07-29T17:00:00","timetype":"Hour","precipitationmm":0.0,"temperature":16.4,"feeltemperature":16.4,"cloudcover":100,"iconcode":"c","iconid":19,"sources":1,"winddirection":"W","winddirectiondegrees":291,"windspeedms":5.43,"visibility":11800,"precipitation":2,"beaufort":3,"humidity":75,"sunshine":0,"hour":19,"pollenindex":4,"windspeed":20,"sunshinepower":143,"sunpower":143},{"datetime":"2020-07-29T20:00:00","datetimeutc":"2020-07-29T18:00:00","timetype":"Hour","precipitationmm":0.0,"temperature":16.0,"feeltemperature":16.0,"cloudcover":100,"iconcode":"c","iconid":19,"sources":1,"winddirection":"NW","winddirectiondegrees":297,"windspeedms":5.05,"visibility":11600,"precipitation":1,"beaufort":3,"humidity":76,"sunshine":0,"hour":20,"pollenindex":4,"windspeed":18,"sunshinepower":80,"sunpower":80},{"datetime":"2020-07-29T21:00:00","datetimeutc":"2020-07-29T19:00:00","timetype":"Hour","precipitationmm":0.0,"temperature":15.4,"feeltemperature":15.4,"cloudcover":100,"iconcode":"c","iconid":19,"sources":1,"winddirection":"NW","winddirectiondegrees":305,"windspeedms":4.62,"visibility":11600,"precipitation":1,"beaufort":3,"humidity":78,"sunshine":0,"hour":21,"pollenindex":4,"windspeed":17,"sunshinepower":23,"sunpower":23},{"datetime":"2020-07-29T22:00:00","datetimeutc":"2020-07-29T20:00:00","timetype":"Hour","precipitationmm":0.0,"temperature":15.0,"feeltemperature":14.1,"cloudcover":100,"iconcode":"cc","iconid":19,"sources":1,"winddirection":"NW","winddirectiondegrees":306,"windspeedms":4.14,"visibility":11810,"precipitation":1,"beaufort":3,"humidity":78,"sunshine":0,"hour":22,"pollenindex":4,"windspeed":15,"sunshinepower":0,"sunpower":0},{"datetime":"2020-07-29T23:00:00","datetimeutc":"2020-07-29T21:00:00","timetype":"Hour","precipitationmm":0.0,"temperature":14.5,"feeltemperature":13.6,"cloudcover":100,"iconcode":"cc","iconid":19,"sources":1,"winddirection":"NW","winddirectiondegrees":298,"windspeedms":3.92,"visibility":12210,"precipitation":1,"beaufort":2,"humidity":80,"sunshine":0,"hour":23,"pollenindex":4,"windspeed":14,"sunshinepower":0,"sunpower":0}],"datetime":"2020-07-29T00:00:00","datetimeutc":"2020-07-28T22:00:00","timetype":"Day","precipitationmm":9.8,"mintemperature":14.5,"maxtemperature":17.1,"cloudcover":90,"iconcode":"q","iconid":12,"sources":1,"winddirection":"W","winddirectiondegrees":270,"windspeedms":4.88,"precipitation":58,"beaufort":3,"uvindex":6,"bbqindex":6,"mosquitoindex":6,"pollenindex":4,"icescrapeindex":1,"mintemp":14.5,"maxtemp":17.1,"windspeed":5},{"date":"2020-07-30T00:00:00","sunrise":"2020-07-30T05:58:29","sunset":"2020-07-30T21:34:17","hours":[{"datetime":"2020-07-30T00:00:00","datetimeutc":"2020-07-29T22:00:00","timetype":"Hour","precipitationmm":0.0,"temperature":14.2,"feeltemperature":13.3,"cloudcover":99,"iconcode":"cc","iconid":19,"sources":1,"winddirection":"W","winddirectiondegrees":289,"windspeedms":3.53,"visibility":12620,"precipitation":1,"beaufort":2,"humidity":81,"sunshine":0,"hour":0,"pollenindex":4,"windspeed":13,"sunshinepower":0,"sunpower":0},{"datetime":"2020-07-30T01:00:00","datetimeutc":"2020-07-29T23:00:00","timetype":"Hour","precipitationmm":0.0,"temperature":13.7,"feeltemperature":13.7,"cloudcover":93,"iconcode":"cc","iconid":19,"sources":1,"winddirection":"W","winddirectiondegrees":286,"windspeedms":3.39,"visibility":13430,"precipitation":1,"beaufort":2,"humidity":82,"sunshine":0,"hour":1,"pollenindex":4,"windspeed":12,"sunshinepower":0,"sunpower":0},{"datetime":"2020-07-30T02:00:00","datetimeutc":"2020-07-30T00:00:00","timetype":"Hour","precipitationmm":0.0,"temperature":13.3,"feeltemperature":13.3,"cloudcover":88,"iconcode":"rr","iconid":19,"sources":1,"winddirection":"W","winddirectiondegrees":286,"windspeedms":3.11,"visibility":13820,"precipitation":1,"beaufort":2,"humidity":83,"sunshine":0,"hour":2,"pollenindex":4,"windspeed":11,"sunshinepower":0,"sunpower":0}],"datetime":"2020-07-30T00:00:00","datetimeutc":"2020-07-29T22:00:00","timetype":"Day","precipitationmm":3.9,"mintemperature":13.3,"maxtemperature":18.4,"cloudcover":25,"iconcode":"f","iconid":16,"sources":1,"winddirection":"W","winddirectiondegrees":270,"windspeedms":3.68,"precipitation":85,"beaufort":2,"pollenindex":5,"icescrapeindex":1,"mintemp":13.3,"maxtemp":18.4,"windspeed":4},{"date":"2020-07-31T00:00:00","sunrise":"2020-07-31T06:00:02","sunset":"2020-07-31T21:32:37","datetime":"2020-07-31T00:00:00","datetimeutc":"2020-07-30T22:00:00","timetype":"Day","precipitationmm":1.7,"mintemperature":15.3,"maxtemperature":19.9,"cloudcover":25,"iconcode":"f","iconid":16,"sources":1,"winddirection":"W","winddirectiondegrees":270,"windspeedms":2.01,"precipitation":77,"beaufort":2,"pollenindex":5,"mintemp":15.3,"maxtemp":19.9,"windspeed":2},{"date":"2020-08-01T00:00:00","sunrise":"2020-08-01T06:01:36","sunset":"2020-08-01T21:30:55","datetime":"2020-08-01T00:00:00","datetimeutc":"2020-07-31T22:00:00","timetype":"Day","precipitationmm":2.1,"mintemperature":16.6,"maxtemperature":20.1,"cloudcover":25,"iconcode":"f","iconid":16,"sources":1,"winddirection":"W","winddirectiondegrees":270,"windspeedms":1.84,"precipitation":61,"beaufort":1,"pollenindex":5,"mintemp":16.6,"maxtemp":20.1,"windspeed":2},{"date":"2020-08-02T00:00:00","sunrise":"2020-08-02T06:03:11","sunset":"2020-08-02T21:29:10","datetime":"2020-08-02T00:00:00","datetimeutc":"2020-08-01T22:00:00","timetype":"Day","precipitationmm":2.1,"mintemperature":16.5,"maxtemperature":20.6,"cloudcover":50,"iconcode":"g","iconid":8,"sources":1,"winddirection":"W","winddirectiondegrees":270,"windspeedms":2.38,"precipitation":57,"beaufort":2,"pollenindex":5,"mintemp":16.5,"maxtemp":20.6,"windspeed":2},{"date":"2020-08-03T00:00:00","sunrise":"2020-08-03T06:04:46","sunset":"2020-08-03T21:27:25","datetime":"2020-08-03T00:00:00","datetimeutc":"2020-08-02T22:00:00","timetype":"Day","precipitationmm":2.6,"mintemperature":16.5,"maxtemperature":19.9,"cloudcover":25,"iconcode":"f","iconid":16,"sources":1,"winddirection":"W","winddirectiondegrees":270,"windspeedms":3.58,"precipitation":66,"beaufort":2,"pollenindex":5,"mintemp":16.5,"maxtemp":19.9,"windspeed":4},{"date":"2020-08-04T00:00:00","sunrise":"2020-08-04T06:06:21","sunset":"2020-08-04T21:25:37","datetime":"2020-08-04T00:00:00","datetimeutc":"2020-08-03T22:00:00","timetype":"Day","precipitationmm":1.9,"mintemperature":16.4,"maxtemperature":20.7,"cloudcover":25,"iconcode":"f","iconid":16,"sources":1,"winddirection":"ZW","winddirectiondegrees":225,"windspeedms":3.01,"precipitation":71,"beaufort":2,"pollenindex":5,"mintemp":16.4,"maxtemp":20.7,"windspeed":3},{"date":"2020-08-05T00:00:00","sunrise":"2020-08-05T06:07:58","sunset":"2020-08-05T21:23:48","datetime":"2020-08-05T00:00:00","datetimeutc":"2020-08-04T22:00:00","timetype":"Day","precipitationmm":1.8,"mintemperature":16.5,"maxtemperature":21.4,"cloudcover":25,"iconcode":"f","iconid":16,"sources":1,"winddirection":"ZW","winddirectiondegrees":225,"windspeedms":2.43,"precipitation":57,"beaufort":2,"pollenindex":5,"mintemp":16.5,"maxtemp":21.4,"windspeed":2},{"date":"2020-08-06T00:00:00","sunrise":"2020-08-06T06:09:34","sunset":"2020-08-06T21:21:57","datetime":"2020-08-06T00:00:00","datetimeutc":"2020-08-05T22:00:00","timetype":"Day","precipitationmm":2.1,"mintemperature":16.7,"maxtemperature":20.9,"cloudcover":25,"iconcode":"f","iconid":16,"sources":1,"winddirection":"W","winddirectiondegrees":270,"windspeedms":2.3,"precipitation":57,"beaufort":2,"pollenindex":5,"mintemp":16.7,"maxtemp":20.9,"windspeed":2}]}