{"location":{"lat":52.37,"lon":4.89},"timeOffset":2.0,"timestamp":"2020-06-23T21:42:39","altitude":0,"elevation":0,"machinename":"None","elapsedms":0,"pollenindexNowDay":6,"pollenindexNowHour":5,"nowrelevant":{"values":[{"type":"temperature","value":28.8},{"type":"pollenindex","value":6}]},"days":[{"date":"2020-06-24T00:00:00","sunrise":"2020-06-24T05:19:04","sunset":"2020-06-24T22:06:46","morning":{"datetime":"2020-06-24T07:00:00","datetimeutc":"2020-06-24T05:00:00","timetype":"Morning","precipitationmm":0.0,"mintemperature":18.5,"maxtemperature":24.8,"cloudcover":13,"iconcode":"a","iconid":2,"sources":1,"winddirection":"ZO","winddirectiondegrees":114,"windspeedms":3.0,"visibility":15900,"precipitation":0,"beaufort":2,"humidity":64,"sunshine":88,"hour":7,"mintemp":18.5,"maxtemp":24.8,"windspeed":11,"sunshinepower":430,"sunpower":430},"afternoon":{"datetime":"2020-06-24T12:00:00","datetimeutc":"2020-06-24T10:00:00","timetype":"Afternoon","precipitationmm":0.0,"mintemperature":26.0,"maxtemperature":28.8,"cloudcover":6,"iconcode":"a","iconid":2,"sources":1,"winddirection":"O","winddirectiondegrees":94,"windspeedms":4.5,"visibility":28085,"precipitation":0,"beaufort":3,"humidity":42,"sunshine":88,"hour":12,"mintemp":26.0,"maxtemp":28.8,"windspeed":16,"sunshinepower":795,"sunpower":795},"evening":{"datetime":"2020-06-24T18:00:00","datetimeutc":"2020-06-24T16:00:00","timetype":"Evening","precipitationmm":0.0,"mintemperature":22.9,"maxtemperature":28.6,"cloudcover":0,"iconcode":"a","iconid":1,"sources":1,"winddirection":"O","winddirectiondegrees":89,"windspeedms":4.2,"visibility":27726,"precipitation":0,"beaufort":3,"humidity":48,"sunshine":85,"hour":18,"mintemp":22.9,"maxtemp":28.6,"windspeed":15,"sunshinepower":204,"sunpower":204},"night":{"datetime":"2020-06-24T00:00:00","datetimeutc":"2020-06-23T22:00:00","timetype":"Night","precipitationmm":0.0,"mintemperature":17.1,"maxtemperature":19.8,"cloudcover":7,"iconcode":"a","iconid":1,"sources":1,"winddirection":"O","winddirectiondegrees":86,"windspeedms":3.2,"visibility":10844,"precipitation":0,"beaufort":2,"humidity":80,"sunshine":8,"hour":0,"mintemp":17.1,"maxtemp":19.8,"windspeed":12,"sunshinepower":5,"sunpower":5},"hours":[{"datetime":"2020-06-24T00:00:00","datetimeutc":"2020-06-23T22:00:00","timetype":"Hour","precipitationmm":0.0,"temperature":19.8,"feeltemperature":19.8,"cloudcover":0,"iconcode":"aa","iconid":1,"sources":3,"winddirection":"NO","winddirectiondegrees":56,"windspeedms":3.4,"visibility":11250,"precipitation":0,"beaufort":2,"humidity":72,"sunshine":0,"hour":0,"pollenindex":6,"windspeed":12,"sunshinepower":0,"sunpower":0},{"datetime":"2020-06-24T01:00:00","datetimeutc":"2020-06-23T23:00:00","timetype":"Hour","precipitationmm":0.0,"temperature":19.2,"feeltemperature":19.2,"cloudcover":0,"iconcode":"aa","iconid":1,"sources":3,"winddirection":"O","winddirectiondegrees":73,"windspeedms":3.6,"visibility":12250,"precipitation":0,"beaufort":2,"humidity":78,"sunshine":0,"hour":1,"pollenindex":5,"windspeed":13,"sunshinepower":0,"sunpower":0},{"datetime":"2020-06-24T02:00:00","datetimeutc":"2020-06-24T00:00:00","timetype":"Hour","precipitationmm":0.0,"temperature":18.5,"feeltemperature":18.5,"cloudcover":0,"iconcode":"aa","iconid":1,"sources":2,"winddirection":"O","winddirectiondegrees":83,"windspeedms":3.5,"visibility":11660,"precipitation":0,"beaufort":2,"humidity":80,"sunshine":0,"hour":2,"pollenindex":5,"windspeed":13,"sunshinepower":0,"sunpower":0},{"datetime":"2020-06-24T03:00:00","datetimeutc":"2020-06-24T01:00:00","timetype":"Hour","precipitationmm":0.0,"temperature":17.8,"feeltemperature":17.8,"cloudcover":6,"iconcode":"aa","iconid":1,"sources":2,"winddirection":"O","winddirectiondegrees":90,"windspeedms":3.2,"visibility":10660,"precipitation":0,"beaufort":2,"humidity":82,"sunshine":0,"hour":3,"pollenindex":5,"windspeed":12,"sunshinepower":0,"sunpower":0},{"datetime":"2020-06-24T04:00:00","datetimeutc":"2020-06-24T02:00:00","timetype":"Hour","precipitationmm":0.0,"temperature":17.2,"feeltemperature":17.2,"cloudcover":14,"iconcode":"aa","iconid":1,"sources":2,"winddirection":"O","winddirectiondegrees":98,"windspeedms":3.0,"visibility":10050,"precipitation":0,"beaufort":2,"humidity":84,"sunshine":0,"hour":4,"pollenindex":4,"windspeed":11,"sunshinepower":0,"sunpower":0},{"datetime":"2020-06-24T05:00:00","datetimeutc":"2020-06-24T03:00:00","timetype":"Hour","precipitationmm":0.0,"temperature":17.1,"feeltemperature":17.1,"cloudcover":18,"iconcode":"jj","iconid":2,"sources":2,"winddirection":"O","winddirectiondegrees":101,"windspeedms":2.8,"visibility":10030,"precipitation":0,"beaufort":2,"humidity":83,"sunshine":0,"hour":5,"pollenindex":5,"windspeed":10,"sunshinepower":0,"sunpower":0},{"datetime":"2020-06-24T06:00:00","datetimeutc":"2020-06-24T04:00:00","timetype":"Hour","precipitationmm":0.0,"temperature":17.5,"feeltemperature":17.5,"cloudcover":13,"iconcode":"a","iconid":2,"sources":2,"winddirection":"O","winddirectiondegrees":104,"windspeedms":2.8,"visibility":10010,"precipitation":0,"beaufort":2,"humidity":81,"sunshine":58,"hour":6,"pollenindex":5,"windspeed":10,"sunshinepower":35,"sunpower":35},{"datetime":"2020-06-24T07:00:00","datetimeutc":"2020-06-24T05:00:00","timetype":"Hour","precipitationmm":0.0,"temperature":18.5,"feeltemperature":18.5,"cloudcover":5,"iconcode":"a","iconid":2,"sources":2,"winddirection":"O","winddirectiondegrees":105,"windspeedms":2.7,"visibility":10420,"precipitation":0,"beaufort":2,"humidity":76,"sunshine":85,"hour":7,"pollenindex":5,"windspeed":10,"sunshinepower":144,"sunpower":144},{"datetime":"2020-06-24T08:00:00","datetimeutc":"2020-06-24T06:00:00","timetype":"Hour","precipitationmm":0.0,"temperature":20.0,"feeltemperature":20.0,"cloudcover":2,"iconcode":"a","iconid":2,"sources":2,"winddirection":"ZO","winddirectiondegrees":118,"windspeedms":2.9,"visibility":13220,"precipitation":0,"beaufort":2,"humidity":70,"sunshine":95,"hour":8,"pollenindex":6,"windspeed":10,"sunshinepower":288,"sunpower":288},{"datetime":"2020-06-24T09:00:00","datetimeutc":"2020-06-24T07:00:00","timetype":"Hour","precipitationmm":0.0,"temperature":21.7,"feeltemperature":21.7,"cloudcover":10,"iconcode":"a","iconid":2,"sources":2,"winddirection":"ZO","winddirectiondegrees":117,"windspeedms":2.8,"visibility":14820,"precipitation":0,"beaufort":2,"humidity":64,"sunshine":98,"hour":9,"pollenindex":6,"windspeed":10,"sunshinepower":438,"sunpower":438},{"datetime":"2020-06-24T10:00:00","datetimeutc":"2020-06-24T08:00:00","timetype":"Hour","precipitationmm":0.0,"temperature":23.5,"feeltemperature":25.3,"cloudcover":22,"iconcode":"j","iconid":2,"sources":2,"winddirection":"ZO","winddirectiondegrees":120,"windspeedms":3.1,"visibility":18620,"precipitation":0,"beaufort":2,"humidity":59,"sunshine":90,"hour":10,"pollenindex":7,"windspeed":11,"sunshinepower":581,"sunpower":581},{"datetime":"2020-06-24T11:00:00","datetimeutc":"2020-06-24T09:00:00","timetype":"Hour","precipitationmm":0.0,"temperature":24.8,"feeltemperature":26.1,"cloudcover":29,"iconcode":"j","iconid":2,"sources":2,"winddirection":"ZO","winddirectiondegrees":113,"windspeedms":3.7,"visibility":22420,"precipitation":0,"beaufort":2,"humidity":53,"sunshine":76,"hour":11,"pollenindex":8,"windspeed":13,"sunshinepower":703,"sunpower":703},{"datetime":"2020-06-24T12:00:00","datetimeutc":"2020-06-24T10:00:00","timetype":"Hour","precipitationmm":0.0,"temperature":26.0,"feeltemperature":26.7,"cloudcover":23,"iconcode":"j","iconid":2,"sources":2,"winddirection":"O","winddirectiondegrees":104,"windspeedms":4.0,"visibility":24420,"precipitation":0,"beaufort":3,"humidity":47,"sunshine":68,"hour":12,"pollenindex":8,"windspeed":14,"sunshinepower":795,"sunpower":795},{"datetime":"2020-06-24T13:00:00","datetimeutc":"2020-06-24T11:00:00","timetype":"Hour","precipitationmm":0.0,"temperature":27.0,"feeltemperature":27.3,"cloudcover":11,"iconcode":"a","iconid":2,"sources":2,"winddirection":"O","winddirectiondegrees":97,"windspeedms":4.3,"visibility":25820,"precipitation":0,"beaufort":3,"humidity":44,"sunshine":75,"hour":13,"pollenindex":8,"windspeed":15,"sunshinepower":850,"sunpower":850},{"datetime":"2020-06-24T14:00:00","datetimeutc":"2020-06-24T12:00:00","timetype":"Hour","precipitationmm":0.0,"temperature":27.9,"feeltemperature":27.9,"cloudcover":2,"iconcode":"a","iconid":2,"sources":2,"winddirection":"O","winddirectiondegrees":96,"windspeedms":4.5,"visibility":28620,"precipitation":0,"beaufort":3,"humidity":41,"sunshine":88,"hour":14,"pollenindex":8,"windspeed":16,"sunshinepower":864,"sunpower":864},{"datetime":"2020-06-24T15:00:00","datetimeutc":"2020-06-24T13:00:00","timetype":"Hour","precipitationmm":0.0,"temperature":28.4,"feeltemperature":28.3,"cloudcover":0,"iconcode":"a","iconid":1,"sources":2,"winddirection":"O","winddirectiondegrees":94,"windspeedms":4.7,"visibility":29010,"precipitation":0,"beaufort":3,"humidity":41,"sunshine":98,"hour":15,"pollenindex":8,"windspeed":17,"sunshinepower":835,"sunpower":835},{"datetime":"2020-06-24T16:00:00","datetimeutc":"2020-06-24T14:00:00","timetype":"Hour","precipitationmm":0.0,"temperature":28.7,"feeltemperature":28.5,"cloudcover":0,"iconcode":"a","iconid":1,"sources":2,"winddirection":"O","winddirectiondegrees":90,"windspeedms":4.8,"visibility":29620,"precipitation":0,"beaufort":3,"humidity":40,"sunshine":100,"hour":16,"pollenindex":8,"windspeed":17,"sunshinepower":766,"sunpower":766},{"datetime":"2020-06-24T17:00:00","datetimeutc":"2020-06-24T15:00:00","timetype":"Hour","precipitationmm":0.0,"temperature":28.8,"feeltemperature":28.6,"cloudcover":0,"iconcode":"a","iconid":1,"sources":2,"winddirection":"O","winddirectiondegrees":86,"windspeedms":4.8,"visibility":31020,"precipitation":0,"beaufort":3,"humidity":40,"sunshine":100,"hour":17,"pollenindex":8,"windspeed":17,"sunshinepower":662,"sunpower":662},{"datetime":"2020-06-24T18:00:00","datetimeutc":"2020-06-24T16:00:00","timetype":"Hour","precipitationmm":0.0,"temperature":28.6,"feeltemperature":28.5,"cloudcover":0,"iconcode":"a","iconid":1,"sources":2,"winddirection":"O","winddirectiondegrees":86,"windspeedms":4.8,"visibility":32620,"precipitation":0,"beaufort":3,"humidity":41,"sunshine":100,"hour":18,"pollenindex":8,"windspeed":17,"sunshinepower":530,"sunpower":530},{"datetime":"2020-06-24T19:00:00","datetimeutc":"2020-06-24T17:00:00","timetype":"Hour","precipitationmm":0.0,"temperature":28.1,"feeltemperature":28.2,"cloudcover":0,"iconcode":"a","iconid":1,"sources":2,"winddirection":"O","winddirectiondegrees":89,"windspeedms":4.6,"visibility":32220,"precipitation":0,"beaufort":3,"humidity":43,"sunshine":100,"hour":19,"pollenindex":7,"windspeed":17,"sunshinepower":380,"sunpower":380},{"datetime":"2020-06-24T20:00:00","datetimeutc":"2020-06-24T18:00:00","timetype":"Hour","precipitationmm":0.0,"temperature":27.0,"feeltemperature":27.5,"cloudcover":0,"iconcode":"a","iconid":1,"sources":2,"winddirection":"O","winddirectiondegrees":90,"windspeedms":4.3,"visibility":30020,"precipitation":0,"beaufort":3,"humidity":47,"sunshine":100,"hour":20,"pollenindex":7,"windspeed":15,"sunshinepower":227,"sunpower":227},{"datetime":"2020-06-24T21:00:00","datetimeutc":"2020-06-24T19:00:00","timetype":"Hour","precipitationmm":0.0,"temperature":25.6,"feeltemperature":26.6,"cloudcover":0,"iconcode":"a","iconid":1,"sources":2,"winddirection":"O","winddirectiondegrees":87,"windspeedms":3.8,"visibility":26410,"precipitation":0,"beaufort":2,"humidity":51,"sunshine":100,"hour":21,"pollenindex":7,"windspeed":14,"sunshinepower":89,"sunpower":89},{"datetime":"2020-06-24T22:00:00","datetimeutc":"2020-06-24T20:00:00","timetype":"Hour","precipitationmm":0.0,"temperature":24.1,"feeltemperature":25.7,"cloudcover":0,"iconcode":"a","iconid":1,"sources":2,"winddirection":"O","winddirectiondegrees":90,"windspeedms":3.8,"visibility":23430,"precipitation":0,"beaufort":2,"humidity":53,"sunshine":100,"hour":22,"pollenindex":7,"windspeed":14,"sunshinepower":0,"sunpower":0},{"datetime":"2020-06-24T23:00:00","datetimeutc":"2020-06-24T21:00:00","timetype":"Hour","precipitationmm":0.0,"temperature":22.9,"feeltemperature":25.1,"cloudcover":0,"iconcode":"aa","iconid":1,"sources":2,"winddirection":"O","winddirectiondegrees":95,"windspeedms":4.0,"visibility":21660,"precipitation":0,"beaufort":3,"humidity":57,"sunshine":15,"hour":23,"pollenindex":7,"windspeed":14,"sunshinepower":0,"sunpower":0}],"datetime":"2020-06-24T00:00:00","datetimeutc":"2020-06-23T22:00:00","timetype":"Day","precipitationmm":0.0,"mintemperature":17.1,"maxtemperature":28.8,"cloudcover":6,"iconcode":"a","iconid":1,"sources":2,"winddirection":"O","winddirectiondegrees":90,"windspeedms":3.7,"visibility":20428,"precipitation":0,"beaufort":2,"humidity":59,"sunshine":64,"uvindex":7,"bbqindex":9,"mosquitoindex":7,"pollenindex":6,"icescrapeindex":1,"mintemp":17.1,"maxtemp":28.8,"windspeed":4,"sunshinepower":341,"sunpower":341},{"date":"2020-06-25T00:00:00","sunrise":"2020-06-25T05:19:30","sunset":"2020-06-25T22:06:45","morning":{"datetime":"2020-06-25T07:00:00","datetimeutc":"2020-06-25T05:00:00","timetype":"Morning","precipitationmm":0.0,"mintemperature":19.5,"maxtemperature":25.8,"cloudcover":0,"iconcode":"a","iconid":1,"sources":1,"winddirection":"ZO","winddirectiondegrees":118,"windspeedms":3.9,"visibility":18176,"precipitation":0,"beaufort":2,"humidity":59,"sunshine":100,"hour":7,"mintemp":19.5,"maxtemp":25.8,"windspeed":14,"sunshinepower":430,"sunpower":430},"afternoon":{"datetime":"2020-06-25T12:00:00","datetimeutc":"2020-06-25T10:00:00","timetype":"Afternoon","precipitationmm":0.0,"mintemperature":27.1,"maxtemperature":29.8,"cloudcover":19,"iconcode":"j","iconid":1,"sources":1,"winddirection":"ZO","winddirectiondegrees":113,"windspeedms":5.4,"visibility":28015,"precipitation":0,"beaufort":3,"humidity":42,"sunshine":85,"hour":12,"mintemp":27.1,"maxtemp":29.8,"windspeed":19,"sunshinepower":784,"sunpower":784},"evening":{"datetime":"2020-06-25T20:00:00","datetimeutc":"2020-06-25T18:00:00","timetype":"Evening","precipitationmm":0.0,"mintemperature":24.6,"maxtemperature":29.5,"cloudcover":31,"iconcode":"j","iconid":7,"sources":1,"winddirection":"ZO","winddirectiondegrees":118,"windspeedms":4.5,"visibility":24955,"precipitation":0,"beaufort":3,"humidity":51,"sunshine":50,"hour":20,"mintemp":24.6,"maxtemp":29.5,"windspeed":16,"sunshinepower":189,"sunpower":189},"night":{"datetime":"2020-06-25T00:00:00","datetimeutc":"2020-06-24T22:00:00","timetype":"Night","precipitationmm":0.0,"mintemperature":18.2,"maxtemperature":22.0,"cloudcover":0,"iconcode":"a","iconid":1,"sources":1,"winddirection":"O","winddirectiondegrees":100,"windspeedms":3.5,"visibility":15705,"precipitation":0,"beaufort":2,"humidity":66,"sunshine":10,"hour":0,"mintemp":18.2,"maxtemp":22.0,"windspeed":13,"sunshinepower":4,"sunpower":4},"hours":[{"datetime":"2020-06-25T00:00:00","datetimeutc":"2020-06-24T22:00:00","timetype":"Hour","precipitationmm":0.0,"temperature":22.0,"feeltemperature":24.8,"cloudcover":0,"iconcode":"aa","iconid":1,"sources":2,"winddirection":"O","winddirectiondegrees":96,"windspeedms":4.0,"visibility":21860,"precipitation":0,"beaufort":3,"humidity":59,"sunshine":0,"hour":0,"pollenindex":7,"windspeed":14,"sunshinepower":0,"sunpower":0},{"datetime":"2020-06-25T01:00:00","datetimeutc":"2020-06-24T23:00:00","timetype":"Hour","precipitationmm":0.0,"temperature":21.0,"feeltemperature":21.0,"cloudcover":0,"iconcode":"aa","iconid":1,"sources":2,"winddirection":"O","winddirectiondegrees":94,"windspeedms":3.8,"visibility":20260,"precipitation":0,"beaufort":2,"humidity":62,"sunshine":0,"hour":1,"pollenindex":6,"windspeed":14,"sunshinepower":0,"sunpower":0},{"datetime":"2020-06-25T02:00:00","datetimeutc":"2020-06-25T00:00:00","timetype":"Hour","precipitationmm":0.0,"temperature":20.0,"feeltemperature":20.0,"cloudcover":0,"iconcode":"aa","iconid":1,"sources":2,"winddirection":"O","winddirectiondegrees":100,"windspeedms":3.7,"visibility":17250,"precipitation":0,"beaufort":2,"humidity":65,"sunshine":0,"hour":2,"pollenindex":6,"windspeed":13,"sunshinepower":0,"sunpower":0},{"datetime":"2020-06-25T03:00:00","datetimeutc":"2020-06-25T01:00:00","timetype":"Hour","precipitationmm":0.0,"temperature":19.1,"feeltemperature":19.1,"cloudcover":0,"iconcode":"aa","iconid":1,"sources":2,"winddirection":"O","winddirectiondegrees":96,"windspeedms":3.5,"visibility":14860,"precipitation":0,"beaufort":2,"humidity":67,"sunshine":0,"hour":3,"pollenindex":6,"windspeed":13,"sunshinepower":0,"sunpower":0},{"datetime":"2020-06-25T04:00:00","datetimeutc":"2020-06-25T02:00:00","timetype":"Hour","precipitationmm":0.0,"temperature":18.5,"feeltemperature":18.5,"cloudcover":0,"iconcode":"aa","iconid":1,"sources":2,"winddirection":"O","winddirectiondegrees":97,"windspeedms":3.4,"visibility":13250,"precipitation":0,"beaufort":2,"humidity":71,"sunshine":0,"hour":4,"pollenindex":6,"windspeed":12,"sunshinepower":0,"sunpower":0},{"datetime":"2020-06-25T05:00:00","datetimeutc":"2020-06-25T03:00:00","timetype":"Hour","precipitationmm":0.0,"temperature":18.2,"feeltemperature":18.2,"cloudcover":0,"iconcode":"aa","iconid":1,"sources":2,"winddirection":"O","winddirectiondegrees":111,"windspeedms":3.3,"visibility":11840,"precipitation":0,"beaufort":2,"humidity":72,"sunshine":0,"hour":5,"pollenindex":6,"windspeed":12,"sunshinepower":0,"sunpower":0},{"datetime":"2020-06-25T06:00:00","datetimeutc":"2020-06-25T04:00:00","timetype":"Hour","precipitationmm":0.0,"temperature":18.5,"feeltemperature":18.5,"cloudcover":0,"iconcode":"a","iconid":1,"sources":2,"winddirection":"ZO","winddirectiondegrees":113,"windspeedms":3.1,"visibility":10620,"precipitation":0,"beaufort":2,"humidity":72,"sunshine":71,"hour":6,"pollenindex":5,"windspeed":11,"sunshinepower":34,"sunpower":34},{"datetime":"2020-06-25T07:00:00","datetimeutc":"2020-06-25T05:00:00","timetype":"Hour","precipitationmm":0.0,"temperature":19.5,"feeltemperature":19.5,"cloudcover":0,"iconcode":"a","iconid":1,"sources":2,"winddirection":"O","winddirectiondegrees":110,"windspeedms":3.0,"visibility":11620,"precipitation":0,"beaufort":2,"humidity":69,"sunshine":100,"hour":7,"pollenindex":6,"windspeed":11,"sunshinepower":141,"sunpower":141},{"datetime":"2020-06-25T08:00:00","datetimeutc":"2020-06-25T06:00:00","timetype":"Hour","precipitationmm":0.0,"temperature":21.0,"feeltemperature":21.0,"cloudcover":0,"iconcode":"a","iconid":1,"sources":2,"winddirection":"ZO","winddirectiondegrees":118,"windspeedms":3.4,"visibility":15410,"precipitation":0,"beaufort":2,"humidity":65,"sunshine":100,"hour":8,"pollenindex":6,"windspeed":12,"sunshinepower":287,"sunpower":287},{"datetime":"2020-06-25T09:00:00","datetimeutc":"2020-06-25T07:00:00","timetype":"Hour","precipitationmm":0.0,"temperature":22.7,"feeltemperature":24.9,"cloudcover":0,"iconcode":"a","iconid":1,"sources":2,"winddirection":"ZO","winddirectiondegrees":117,"windspeedms":3.9,"visibility":17610,"precipitation":0,"beaufort":2,"humidity":60,"sunshine":100,"hour":9,"pollenindex":6,"windspeed":14,"sunshinepower":438,"sunpower":438},{"datetime":"2020-06-25T10:00:00","datetimeutc":"2020-06-25T08:00:00","timetype":"Hour","precipitationmm":0.0,"temperature":24.4,"feeltemperature":25.8,"cloudcover":0,"iconcode":"a","iconid":1,"sources":2,"winddirection":"ZO","winddirectiondegrees":122,"windspeedms":4.4,"visibility":21220,"precipitation":0,"beaufort":3,"humidity":55,"sunshine":100,"hour":10,"pollenindex":8,"windspeed":16,"sunshinepower":581,"sunpower":581},{"datetime":"2020-06-25T11:00:00","datetimeutc":"2020-06-25T09:00:00","timetype":"Hour","precipitationmm":0.0,"temperature":25.8,"feeltemperature":26.6,"cloudcover":0,"iconcode":"a","iconid":1,"sources":2,"winddirection":"ZO","winddirectiondegrees":125,"windspeedms":4.9,"visibility":25020,"precipitation":0,"beaufort":3,"humidity":49,"sunshine":100,"hour":11,"pollenindex":8,"windspeed":18,"sunshinepower":703,"sunpower":703},{"datetime":"2020-06-25T12:00:00","datetimeutc":"2020-06-25T10:00:00","timetype":"Hour","precipitationmm":0.0,"temperature":27.1,"feeltemperature":27.4,"cloudcover":0,"iconcode":"a","iconid":1,"sources":2,"winddirection":"ZO","winddirectiondegrees":123,"windspeedms":5.2,"visibility":27820,"precipitation":0,"beaufort":3,"humidity":44,"sunshine":100,"hour":12,"pollenindex":8,"windspeed":19,"sunshinepower":794,"sunpower":794},{"datetime":"2020-06-25T13:00:00","datetimeutc":"2020-06-25T11:00:00","timetype":"Hour","precipitationmm":0.0,"temperature":28.0,"feeltemperature":28.0,"cloudcover":1,"iconcode":"a","iconid":1,"sources":2,"winddirection":"ZO","winddirectiondegrees":119,"windspeedms":5.3,"visibility":28020,"precipitation":0,"beaufort":3,"humidity":42,"sunshine":100,"hour":13,"pollenindex":8,"windspeed":19,"sunshinepower":847,"sunpower":847},{"datetime":"2020-06-25T14:00:00","datetimeutc":"2020-06-25T12:00:00","timetype":"Hour","precipitationmm":0.0,"temperature":28.8,"feeltemperature":28.7,"cloudcover":3,"iconcode":"a","iconid":1,"sources":2,"winddirection":"ZO","winddirectiondegrees":115,"windspeedms":5.4,"visibility":28420,"precipitation":0,"beaufort":3,"humidity":41,"sunshine":98,"hour":14,"pollenindex":8,"windspeed":19,"sunshinepower":857,"sunpower":857},{"datetime":"2020-06-25T15:00:00","datetimeutc":"2020-06-25T13:00:00","timetype":"Hour","precipitationmm":0.0,"temperature":29.3,"feeltemperature":29.2,"cloudcover":34,"iconcode":"j","iconid":4,"sources":2,"winddirection":"O","winddirectiondegrees":107,"windspeedms":5.4,"visibility":27410,"precipitation":0,"beaufort":3,"humidity":41,"sunshine":96,"hour":15,"pollenindex":8,"windspeed":19,"sunshinepower":825,"sunpower":825},{"datetime":"2020-06-25T16:00:00","datetimeutc":"2020-06-25T14:00:00","timetype":"Hour","precipitationmm":0.0,"temperature":29.6,"feeltemperature":29.7,"cloudcover":39,"iconcode":"j","iconid":7,"sources":2,"winddirection":"O","winddirectiondegrees":106,"windspeedms":5.5,"visibility":28010,"precipitation":0,"beaufort":3,"humidity":42,"sunshine":63,"hour":16,"pollenindex":8,"windspeed":20,"sunshinepower":749,"sunpower":749},{"datetime":"2020-06-25T17:00:00","datetimeutc":"2020-06-25T15:00:00","timetype":"Hour","precipitationmm":0.0,"temperature":29.8,"feeltemperature":29.9,"cloudcover":39,"iconcode":"j","iconid":7,"sources":2,"winddirection":"ZO","winddirectiondegrees":113,"windspeedms":5.7,"visibility":28410,"precipitation":0,"beaufort":3,"humidity":42,"sunshine":58,"hour":17,"pollenindex":8,"windspeed":21,"sunshinepower":636,"sunpower":636},{"datetime":"2020-06-25T18:00:00","datetimeutc":"2020-06-25T16:00:00","timetype":"Hour","precipitationmm":0.0,"temperature":29.5,"feeltemperature":29.7,"cloudcover":39,"iconcode":"j","iconid":7,"sources":2,"winddirection":"ZO","winddirectiondegrees":117,"windspeedms":5.6,"visibility":29010,"precipitation":0,"beaufort":3,"humidity":43,"sunshine":58,"hour":18,"pollenindex":8,"windspeed":20,"sunshinepower":497,"sunpower":497},{"datetime":"2020-06-25T19:00:00","datetimeutc":"2020-06-25T17:00:00","timetype":"Hour","precipitationmm":0.0,"temperature":29.1,"feeltemperature":29.6,"cloudcover":39,"iconcode":"j","iconid":7,"sources":2,"winddirection":"ZO","winddirectiondegrees":121,"windspeedms":5.4,"visibility":28210,"precipitation":0,"beaufort":3,"humidity":46,"sunshine":58,"hour":19,"pollenindex":7,"windspeed":19,"sunshinepower":349,"sunpower":349},{"datetime":"2020-06-25T20:00:00","datetimeutc":"2020-06-25T18:00:00","timetype":"Hour","precipitationmm":0.0,"temperature":28.3,"feeltemperature":28.9,"cloudcover":39,"iconcode":"j","iconid":7,"sources":1,"winddirection":"ZO","winddirectiondegrees":119,"windspeedms":5.04,"visibility":27610,"precipitation":0,"beaufort":3,"humidity":49,"sunshine":58,"hour":20,"pollenindex":7,"windspeed":18,"sunshinepower":209,"sunpower":209},{"datetime":"2020-06-25T21:00:00","datetimeutc":"2020-06-25T19:00:00","timetype":"Hour","precipitationmm":0.0,"temperature":27.1,"feeltemperature":27.9,"cloudcover":39,"iconcode":"j","iconid":4,"sources":1,"winddirection":"ZO","winddirectiondegrees":119,"windspeedms":4.28,"visibility":25010,"precipitation":0,"beaufort":3,"humidity":52,"sunshine":58,"hour":21,"pollenindex":7,"windspeed":15,"sunshinepower":84,"sunpower":84},{"datetime":"2020-06-25T22:00:00","datetimeutc":"2020-06-25T20:00:00","timetype":"Hour","precipitationmm":0.0,"temperature":25.7,"feeltemperature":26.8,"cloudcover":21,"iconcode":"j","iconid":4,"sources":1,"winddirection":"ZO","winddirectiondegrees":118,"windspeedms":3.52,"visibility":21430,"precipitation":0,"beaufort":2,"humidity":56,"sunshine":58,"hour":22,"pollenindex":7,"windspeed":13,"sunshinepower":0,"sunpower":0},{"datetime":"2020-06-25T23:00:00","datetimeutc":"2020-06-25T21:00:00","timetype":"Hour","precipitationmm":0.0,"temperature":24.6,"feeltemperature":26.0,"cloudcover":11,"iconcode":"aa","iconid":4,"sources":1,"winddirection":"ZO","winddirectiondegrees":115,"windspeedms":3.31,"visibility":18460,"precipitation":0,"beaufort":2,"humidity":62,"sunshine":11,"hour":23,"pollenindex":6,"windspeed":12,"sunshinepower":0,"sunpower":0}],"datetime":"2020-06-25T00:00:00","datetimeutc":"2020-06-24T22:00:00","timetype":"Day","precipitationmm":0.0,"mintemperature":18.2,"maxtemperature":29.8,"cloudcover":12,"iconcode":"a","iconid":2,"sources":2,"winddirection":"ZO","winddirectiondegrees":135,"windspeedms":4.3,"visibility":21610,"precipitation":0,"beaufort":3,"humidity":55,"sunshine":57,"uvindex":7,"bbqindex":8,"mosquitoindex":7,"pollenindex":6,"icescrapeindex":1,"mintemp":18.2,"maxtemp":29.8,"windspeed":4,"sunshinepower":334,"sunpower":334},{"date":"2020-06-26T00:00:00","sunrise":"2020-06-26T05:19:58","sunset":"2020-06-26T22:06:40","hours":[{"datetime":"2020-06-26T00:00:00","datetimeutc":"2020-06-25T22:00:00","timetype":"Hour","precipitationmm":0.0,"temperature":23.8,"feeltemperature":25.2,"cloudcover":5,"iconcode":"aa","iconid":1,"sources":1,"winddirection":"ZO","winddirectiondegrees":118,"windspeedms":3.42,"visibility":16850,"precipitation":0,"beaufort":2,"humidity":66,"sunshine":0,"hour":0,"pollenindex":6,"windspeed":12,"sunshinepower":0,"sunpower":0},{"datetime":"2020-06-26T01:00:00","datetimeutc":"2020-06-25T23:00:00","timetype":"Hour","precipitationmm":0.0,"temperature":23.0,"feeltemperature":24.5,"cloudcover":2,"iconcode":"aa","iconid":1,"sources":1,"winddirection":"ZO","winddirectiondegrees":121,"windspeedms":3.38,"visibility":15450,"precipitation":0,"beaufort":2,"humidity":69,"sunshine":0,"hour":1,"pollenindex":6,"windspeed":12,"sunshinepower":0,"sunpower":0},{"datetime":"2020-06-26T02:00:00","datetimeutc":"2020-06-26T00:00:00","timetype":"Hour","precipitationmm":0.0,"temperature":22.2,"feeltemperature":23.9,"cloudcover":0,"iconcode":"aa","iconid":1,"sources":1,"winddirection":"ZO","winddirectiondegrees":118,"windspeedms":3.31,"visibility":13660,"precipitation":0,"beaufort":2,"humidity":71,"sunshine":0,"hour":2,"pollenindex":5,"windspeed":12,"sunshinepower":0,"sunpower":0},{"datetime":"2020-06-26T03:00:00","datetimeutc":"2020-06-26T01:00:00","timetype":"Hour","precipitationmm":0.0,"temperature":21.5,"feeltemperature":21.5,"cloudcover":0,"iconcode":"aa","iconid":2,"sources":1,"winddirection":"ZO","winddirectiondegrees":119,"windspeedms":3.26,"visibility":12060,"precipitation":0,"beaufort":2,"humidity":74,"sunshine":0,"hour":3,"pollenindex":5,"windspeed":12,"sunshinepower":0,"sunpower":0},{"datetime":"2020-06-26T04:00:00","datetimeutc":"2020-06-26T02:00:00","timetype":"Hour","precipitationmm":0.0,"temperature":20.9,"feeltemperature":20.9,"cloudcover":0,"iconcode":"aa","iconid":1,"sources":1,"winddirection":"ZO","winddirectiondegrees":116,"windspeedms":3.2,"visibility":11050,"precipitation":0,"beaufort":2,"humidity":77,"sunshine":0,"hour":4,"pollenindex":5,"windspeed":12,"sunshinepower":0,"sunpower":0},{"datetime":"2020-06-26T05:00:00","datetimeutc":"2020-06-26T03:00:00","timetype":"Hour","precipitationmm":0.0,"temperature":20.8,"feeltemperature":20.8,"cloudcover":0,"iconcode":"aa","iconid":2,"sources":1,"winddirection":"ZO","winddirectiondegrees":113,"windspeedms":3.22,"visibility":10040,"precipitation":0,"beaufort":2,"humidity":77,"sunshine":0,"hour":5,"pollenindex":5,"windspeed":12,"sunshinepower":0,"sunpower":0},{"datetime":"2020-06-26T06:00:00","datetimeutc":"2020-06-26T04:00:00","timetype":"Hour","precipitationmm":0.0,"temperature":21.0,"feeltemperature":21.0,"cloudcover":0,"iconcode":"a","iconid":2,"sources":1,"winddirection":"ZO","winddirectiondegrees":120,"windspeedms":3.52,"visibility":10010,"precipitation":0,"beaufort":2,"humidity":75,"sunshine":70,"hour":6,"pollenindex":5,"windspeed":13,"sunshinepower":33,"sunpower":33},{"datetime":"2020-06-26T07:00:00","datetimeutc":"2020-06-26T05:00:00","timetype":"Hour","precipitationmm":0.0,"temperature":21.8,"feeltemperature":21.8,"cloudcover":0,"iconcode":"a","iconid":1,"sources":1,"winddirection":"ZO","winddirectiondegrees":138,"windspeedms":3.7,"visibility":11410,"precipitation":0,"beaufort":2,"humidity":71,"sunshine":100,"hour":7,"pollenindex":5,"windspeed":13,"sunshinepower":139,"sunpower":139},{"datetime":"2020-06-26T08:00:00","datetimeutc":"2020-06-26T06:00:00","timetype":"Hour","precipitationmm":0.0,"temperature":23.2,"feeltemperature":24.8,"cloudcover":0,"iconcode":"a","iconid":1,"sources":1,"winddirection":"ZO","winddirectiondegrees":153,"windspeedms":4.01,"visibility":14810,"precipitation":0,"beaufort":3,"humidity":66,"sunshine":100,"hour":8,"pollenindex":6,"windspeed":14,"sunshinepower":284,"sunpower":284},{"datetime":"2020-06-26T09:00:00","datetimeutc":"2020-06-26T07:00:00","timetype":"Hour","precipitationmm":0.0,"temperature":24.8,"feeltemperature":26.1,"cloudcover":0,"iconcode":"a","iconid":1,"sources":1,"winddirection":"ZO","winddirectiondegrees":150,"windspeedms":4.15,"visibility":17420,"precipitation":0,"beaufort":3,"humidity":60,"sunshine":100,"hour":9,"pollenindex":6,"windspeed":15,"sunshinepower":435,"sunpower":435},{"datetime":"2020-06-26T10:00:00","datetimeutc":"2020-06-26T08:00:00","timetype":"Hour","precipitationmm":0.0,"temperature":26.4,"feeltemperature":27.4,"cloudcover":0,"iconcode":"a","iconid":1,"sources":1,"winddirection":"ZO","winddirectiondegrees":137,"windspeedms":4.61,"visibility":20020,"precipitation":0,"beaufort":3,"humidity":55,"sunshine":100,"hour":10,"pollenindex":8,"windspeed":17,"sunshinepower":577,"sunpower":577},{"datetime":"2020-06-26T11:00:00","datetimeutc":"2020-06-26T09:00:00","timetype":"Hour","precipitationmm":0.0,"temperature":27.8,"feeltemperature":28.4,"cloudcover":0,"iconcode":"a","iconid":1,"sources":1,"winddirection":"ZO","winddirectiondegrees":141,"windspeedms":5.12,"visibility":23220,"precipitation":0,"beaufort":3,"humidity":49,"sunshine":100,"hour":11,"pollenindex":8,"windspeed":18,"sunshinepower":699,"sunpower":699},{"datetime":"2020-06-26T12:00:00","datetimeutc":"2020-06-26T10:00:00","timetype":"Hour","precipitationmm":0.0,"temperature":29.0,"feeltemperature":29.1,"cloudcover":2,"iconcode":"a","iconid":1,"sources":1,"winddirection":"ZO","winddirectiondegrees":155,"windspeedms":5.72,"visibility":27820,"precipitation":0,"beaufort":3,"humidity":43,"sunshine":100,"hour":12,"pollenindex":8,"windspeed":21,"sunshinepower":791,"sunpower":791},{"datetime":"2020-06-26T13:00:00","datetimeutc":"2020-06-26T11:00:00","timetype":"Hour","precipitationmm":0.0,"temperature":30.0,"feeltemperature":30.0,"cloudcover":45,"iconcode":"j","iconid":13,"sources":1,"winddirection":"Z","winddirectiondegrees":160,"windspeedms":5.8,"visibility":29620,"precipitation":0,"beaufort":3,"humidity":40,"sunshine":98,"hour":13,"pollenindex":8,"windspeed":21,"sunshinepower":847,"sunpower":847},{"datetime":"2020-06-26T14:00:00","datetimeutc":"2020-06-26T12:00:00","timetype":"Hour","precipitationmm":0.0,"temperature":30.9,"feeltemperature":30.6,"cloudcover":41,"iconcode":"j","iconid":7,"sources":1,"winddirection":"ZO","winddirectiondegrees":156,"windspeedms":5.79,"visibility":31020,"precipitation":0,"beaufort":3,"humidity":37,"sunshine":53,"hour":14,"pollenindex":8,"windspeed":21,"sunshinepower":859,"sunpower":859},{"datetime":"2020-06-26T15:00:00","datetimeutc":"2020-06-26T13:00:00","timetype":"Hour","precipitationmm":0.0,"temperature":31.5,"feeltemperature":30.8,"cloudcover":29,"iconcode":"j","iconid":10,"sources":1,"winddirection":"ZO","winddirectiondegrees":156,"windspeedms":6.08,"visibility":29600,"precipitation":0,"beaufort":4,"humidity":33,"sunshine":56,"hour":15,"pollenindex":8,"windspeed":22,"sunshinepower":827,"sunpower":827},{"datetime":"2020-06-26T16:00:00","datetimeutc":"2020-06-26T14:00:00","timetype":"Hour","precipitationmm":0.0,"temperature":31.8,"feeltemperature":31.0,"cloudcover":34,"iconcode":"j","iconid":10,"sources":1,"winddirection":"Z","winddirectiondegrees":161,"windspeedms":5.71,"visibility":32200,"precipitation":0,"beaufort":3,"humidity":32,"sunshine":68,"hour":16,"pollenindex":8,"windspeed":21,"sunshinepower":748,"sunpower":748},{"datetime":"2020-06-26T17:00:00","datetimeutc":"2020-06-26T15:00:00","timetype":"Hour","precipitationmm":0.0,"temperature":31.9,"feeltemperature":31.1,"cloudcover":46,"iconcode":"j","iconid":4,"sources":1,"winddirection":"Z","winddirectiondegrees":167,"windspeedms":5.48,"visibility":34200,"precipitation":0,"beaufort":3,"humidity":32,"sunshine":63,"hour":17,"pollenindex":8,"windspeed":20,"sunshinepower":627,"sunpower":627},{"datetime":"2020-06-26T18:00:00","datetimeutc":"2020-06-26T16:00:00","timetype":"Hour","precipitationmm":0.0,"temperature":31.4,"feeltemperature":30.8,"cloudcover":46,"iconcode":"j","iconid":10,"sources":1,"winddirection":"Z","winddirectiondegrees":175,"windspeedms":5.16,"visibility":34200,"precipitation":0,"beaufort":3,"humidity":34,"sunshine":51,"hour":18,"pollenindex":8,"windspeed":19,"sunshinepower":481,"sunpower":481},{"datetime":"2020-06-26T19:00:00","datetimeutc":"2020-06-26T17:00:00","timetype":"Hour","precipitationmm":0.0,"temperature":30.3,"feeltemperature":30.0,"cloudcover":46,"iconcode":"j","iconid":11,"sources":1,"winddirection":"Z","winddirectiondegrees":183,"windspeedms":5.27,"visibility":33000,"precipitation":0,"beaufort":3,"humidity":38,"sunshine":51,"hour":19,"pollenindex":7,"windspeed":19,"sunshinepower":328,"sunpower":328},{"datetime":"2020-06-26T20:00:00","datetimeutc":"2020-06-26T18:00:00","timetype":"Hour","precipitationmm":0.0,"temperature":28.6,"feeltemperature":28.9,"cloudcover":61,"iconcode":"b","iconid":11,"sources":1,"winddirection":"Z","winddirectiondegrees":197,"windspeedms":4.57,"visibility":26600,"precipitation":0,"beaufort":3,"humidity":45,"sunshine":51,"hour":20,"pollenindex":7,"windspeed":16,"sunshinepower":187,"sunpower":187},{"datetime":"2020-06-26T21:00:00","datetimeutc":"2020-06-26T19:00:00","timetype":"Hour","precipitationmm":0.0,"temperature":26.4,"feeltemperature":27.2,"cloudcover":52,"iconcode":"b","iconid":11,"sources":1,"winddirection":"ZW","winddirectiondegrees":239,"windspeedms":4.18,"visibility":16600,"precipitation":0,"beaufort":3,"humidity":51,"sunshine":35,"hour":21,"pollenindex":7,"windspeed":15,"sunshinepower":71,"sunpower":71},{"datetime":"2020-06-26T22:00:00","datetimeutc":"2020-06-26T20:00:00","timetype":"Hour","precipitationmm":0.0,"temperature":24.4,"feeltemperature":25.8,"cloudcover":58,"iconcode":"b","iconid":5,"sources":1,"winddirection":"W","winddirectiondegrees":270,"windspeedms":3.93,"visibility":12410,"precipitation":0,"beaufort":2,"humidity":56,"sunshine":45,"hour":22,"pollenindex":6,"windspeed":14,"sunshinepower":0,"sunpower":0},{"datetime":"2020-06-26T23:00:00","datetimeutc":"2020-06-26T21:00:00","timetype":"Hour","precipitationmm":0.0,"temperature":22.8,"feeltemperature":24.7,"cloudcover":58,"iconcode":"bb","iconid":5,"sources":1,"winddirection":"W","winddirectiondegrees":270,"windspeedms":3.39,"visibility":11010,"precipitation":1,"beaufort":2,"humidity":64,"sunshine":5,"hour":23,"pollenindex":6,"windspeed":12,"sunshinepower":0,"sunpower":0}],"datetime":"2020-06-26T00:00:00","datetimeutc":"2020-06-25T22:00:00","timetype":"Day","precipitationmm":0.0,"mintemperature":20.8,"maxtemperature":31.9,"cloudcover":25,"iconcode":"j","iconid":2,"sources":1,"winddirection":"ZO","winddirectiondegrees":135,"windspeedms":4.42,"precipitation":1,"beaufort":3,"uvindex":6,"bbqindex":8,"mosquitoindex":7,"pollenindex":6,"icescrapeindex":1,"mintemp":20.8,"maxtemp":31.9,"windspeed":4},{"date":"2020-06-27T00:00:00","sunrise":"2020-06-27T05:20:29","sunset":"2020-06-27T22:06:31","hours":[{"datetime":"2020-06-27T00:00:00","datetimeutc":"2020-06-26T22:00:00","timetype":"Hour","precipitationmm":0.0,"temperature":21.6,"feeltemperature":21.6,"cloudcover":46,"iconcode":"jj","iconid":11,"sources":1,"winddirection":"W","winddirectiondegrees":259,"windspeedms":3.28,"visibility":10810,"precipitation":1,"beaufort":2,"humidity":71,"sunshine":0,"hour":0,"pollenindex":5,"windspeed":12,"sunshinepower":0,"sunpower":0},{"datetime":"2020-06-27T01:00:00","datetimeutc":"2020-06-26T23:00:00","timetype":"Hour","precipitationmm":0.0,"temperature":20.8,"feeltemperature":20.8,"cloudcover":53,"iconcode":"bb","iconid":22,"sources":1,"winddirection":"W","winddirectiondegrees":250,"windspeedms":3.39,"visibility":10010,"precipitation":1,"beaufort":2,"humidity":79,"sunshine":0,"hour":1,"pollenindex":5,"windspeed":12,"sunshinepower":0,"sunpower":0},{"datetime":"2020-06-27T02:00:00","datetimeutc":"2020-06-27T00:00:00","timetype":"Hour","precipitationmm":0.0,"temperature":20.0,"feeltemperature":20.0,"cloudcover":65,"iconcode":"bb","iconid":22,"sources":1,"winddirection":"W","winddirectiondegrees":249,"windspeedms":3.67,"visibility":10020,"precipitation":2,"beaufort":2,"humidity":84,"sunshine":0,"hour":2,"pollenindex":4,"windspeed":13,"sunshinepower":0,"sunpower":0},{"datetime":"2020-06-27T03:00:00","datetimeutc":"2020-06-27T01:00:00","timetype":"Hour","precipitationmm":2.0,"temperature":19.4,"feeltemperature":19.4,"cloudcover":84,"iconcode":"ss","iconid":28,"sources":1,"winddirection":"ZW","winddirectiondegrees":242,"windspeedms":4.03,"visibility":10010,"precipitation":60,"beaufort":3,"humidity":87,"sunshine":0,"hour":3,"pollenindex":4,"windspeed":15,"sunshinepower":0,"sunpower":0},{"datetime":"2020-06-27T04:00:00","datetimeutc":"2020-06-27T02:00:00","timetype":"Hour","precipitationmm":0.0,"temperature":19.0,"feeltemperature":19.0,"cloudcover":100,"iconcode":"cc","iconid":21,"sources":1,"winddirection":"ZW","winddirectiondegrees":234,"windspeedms":3.54,"visibility":9800,"precipitation":2,"beaufort":2,"humidity":89,"sunshine":0,"hour":4,"pollenindex":4,"windspeed":13,"sunshinepower":0,"sunpower":0},{"datetime":"2020-06-27T05:00:00","datetimeutc":"2020-06-27T03:00:00","timetype":"Hour","precipitationmm":0.0,"temperature":18.9,"feeltemperature":18.9,"cloudcover":100,"iconcode":"cc","iconid":22,"sources":1,"winddirection":"ZW","winddirectiondegrees":220,"windspeedms":2.78,"visibility":9400,"precipitation":2,"beaufort":2,"humidity":88,"sunshine":0,"hour":5,"pollenindex":4,"windspeed":10,"sunshinepower":0,"sunpower":0},{"datetime":"2020-06-27T06:00:00","datetimeutc":"2020-06-27T04:00:00","timetype":"Hour","precipitationmm":0.0,"temperature":19.0,"feeltemperature":19.0,"cloudcover":100,"iconcode":"c","iconid":20,"sources":1,"winddirection":"ZW","winddirectiondegrees":213,"windspeedms":2.94,"visibility":8400,"precipitation":2,"beaufort":2,"humidity":86,"sunshine":0,"hour":6,"pollenindex":4,"windspeed":11,"sunshinepower":26,"sunpower":26},{"datetime":"2020-06-27T07:00:00","datetimeutc":"2020-06-27T05:00:00","timetype":"Hour","precipitationmm":0.0,"temperature":19.3,"feeltemperature":19.3,"cloudcover":100,"iconcode":"c","iconid":20,"sources":1,"winddirection":"ZW","winddirectiondegrees":226,"windspeedms":3.53,"visibility":10000,"precipitation":2,"beaufort":2,"humidity":80,"sunshine":0,"hour":7,"pollenindex":5,"windspeed":13,"sunshinepower":100,"sunpower":100},{"datetime":"2020-06-27T08:00:00","datetimeutc":"2020-06-27T06:00:00","timetype":"Hour","precipitationmm":0.0,"temperature":20.0,"feeltemperature":20.0,"cloudcover":94,"iconcode":"c","iconid":19,"sources":1,"winddirection":"ZW","winddirectiondegrees":225,"windspeedms":3.88,"visibility":9600,"precipitation":2,"beaufort":2,"humidity":75,"sunshine":0,"hour":8,"pollenindex":5,"windspeed":14,"sunshinepower":189,"sunpower":189},{"datetime":"2020-06-27T09:00:00","datetimeutc":"2020-06-27T07:00:00","timetype":"Hour","precipitationmm":0.0,"temperature":20.9,"feeltemperature":20.9,"cloudcover":80,"iconcode":"r","iconid":19,"sources":1,"winddirection":"ZW","winddirectiondegrees":230,"windspeedms":4.0,"visibility":10600,"precipitation":1,"beaufort":3,"humidity":68,"sunshine":0,"hour":9,"pollenindex":6,"windspeed":14,"sunshinepower":285,"sunpower":285},{"datetime":"2020-06-27T10:00:00","datetimeutc":"2020-06-27T08:00:00","timetype":"Hour","precipitationmm":0.0,"temperature":22.0,"feeltemperature":22.0,"cloudcover":63,"iconcode":"b","iconid":19,"sources":1,"winddirection":"ZW","winddirectiondegrees":239,"windspeedms":4.04,"visibility":10400,"precipitation":1,"beaufort":3,"humidity":64,"sunshine":15,"hour":10,"pollenindex":7,"windspeed":15,"sunshinepower":390,"sunpower":390},{"datetime":"2020-06-27T11:00:00","datetimeutc":"2020-06-27T09:00:00","timetype":"Hour","precipitationmm":0.0,"temperature":22.8,"feeltemperature":25.0,"cloudcover":53,"iconcode":"b","iconid":19,"sources":1,"winddirection":"W","winddirectiondegrees":250,"windspeedms":4.36,"visibility":10600,"precipitation":1,"beaufort":3,"humidity":59,"sunshine":33,"hour":11,"pollenindex":7,"windspeed":16,"sunshinepower":470,"sunpower":470},{"datetime":"2020-06-27T12:00:00","datetimeutc":"2020-06-27T10:00:00","timetype":"Hour","precipitationmm":0.0,"temperature":23.3,"feeltemperature":25.3,"cloudcover":60,"iconcode":"b","iconid":19,"sources":1,"winddirection":"W","winddirectiondegrees":262,"windspeedms":4.82,"visibility":11000,"precipitation":1,"beaufort":3,"humidity":57,"sunshine":43,"hour":12,"pollenindex":7,"windspeed":17,"sunshinepower":508,"sunpower":508},{"datetime":"2020-06-27T13:00:00","datetimeutc":"2020-06-27T11:00:00","timetype":"Hour","precipitationmm":0.0,"temperature":23.6,"feeltemperature":25.4,"cloudcover":75,"iconcode":"r","iconid":22,"sources":1,"winddirection":"W","winddirectiondegrees":266,"windspeedms":5.16,"visibility":11800,"precipitation":1,"beaufort":3,"humidity":56,"sunshine":36,"hour":13,"pollenindex":8,"windspeed":19,"sunshinepower":523,"sunpower":523},{"datetime":"2020-06-27T14:00:00","datetimeutc":"2020-06-27T12:00:00","timetype":"Hour","precipitationmm":0.0,"temperature":23.9,"feeltemperature":25.6,"cloudcover":82,"iconcode":"r","iconid":22,"sources":1,"winddirection":"W","winddirectiondegrees":257,"windspeedms":5.28,"visibility":12600,"precipitation":1,"beaufort":3,"humidity":54,"sunshine":20,"hour":14,"pollenindex":8,"windspeed":19,"sunshinepower":545,"sunpower":545},{"datetime":"2020-06-27T15:00:00","datetimeutc":"2020-06-27T13:00:00","timetype":"Hour","precipitationmm":0.0,"temperature":24.3,"feeltemperature":25.8,"cloudcover":74,"iconcode":"r","iconid":22,"sources":1,"winddirection":"ZW","winddirectiondegrees":246,"windspeedms":5.1,"visibility":13400,"precipitation":1,"beaufort":3,"humidity":54,"sunshine":13,"hour":15,"pollenindex":8,"windspeed":18,"sunshinepower":561,"sunpower":561},{"datetime":"2020-06-27T16:00:00","datetimeutc":"2020-06-27T14:00:00","timetype":"Hour","precipitationmm":0.0,"temperature":24.5,"feeltemperature":25.9,"cloudcover":58,"iconcode":"b","iconid":22,"sources":1,"winddirection":"ZW","winddirectiondegrees":236,"windspeedms":5.25,"visibility":14600,"precipitation":1,"beaufort":3,"humidity":54,"sunshine":21,"hour":16,"pollenindex":8,"windspeed":19,"sunshinepower":527,"sunpower":527},{"datetime":"2020-06-27T17:00:00","datetimeutc":"2020-06-27T15:00:00","timetype":"Hour","precipitationmm":0.0,"temperature":24.4,"feeltemperature":25.8,"cloudcover":46,"iconcode":"j","iconid":22,"sources":1,"winddirection":"ZW","winddirectiondegrees":230,"windspeedms":5.18,"visibility":16200,"precipitation":1,"beaufort":3,"humidity":53,"sunshine":38,"hour":17,"pollenindex":8,"windspeed":19,"sunshinepower":457,"sunpower":457},{"datetime":"2020-06-27T18:00:00","datetimeutc":"2020-06-27T16:00:00","timetype":"Hour","precipitationmm":0.0,"temperature":23.9,"feeltemperature":25.6,"cloudcover":48,"iconcode":"j","iconid":7,"sources":1,"winddirection":"ZW","winddirectiondegrees":221,"windspeedms":4.62,"visibility":17000,"precipitation":0,"beaufort":3,"humidity":55,"sunshine":51,"hour":18,"pollenindex":8,"windspeed":17,"sunshinepower":359,"sunpower":359},{"datetime":"2020-06-27T19:00:00","datetimeutc":"2020-06-27T17:00:00","timetype":"Hour","precipitationmm":0.0,"temperature":23.2,"feeltemperature":25.2,"cloudcover":59,"iconcode":"b","iconid":20,"sources":1,"winddirection":"ZW","winddirectiondegrees":210,"windspeedms":4.6,"visibility":16600,"precipitation":0,"beaufort":3,"humidity":59,"sunshine":48,"hour":19,"pollenindex":6,"windspeed":17,"sunshinepower":250,"sunpower":250},{"datetime":"2020-06-27T20:00:00","datetimeutc":"2020-06-27T18:00:00","timetype":"Hour","precipitationmm":0.0,"temperature":22.0,"feeltemperature":24.5,"cloudcover":59,"iconcode":"b","iconid":22,"sources":1,"winddirection":"ZW","winddirectiondegrees":225,"windspeedms":4.71,"visibility":15800,"precipitation":0,"beaufort":3,"humidity":63,"sunshine":36,"hour":20,"pollenindex":6,"windspeed":17,"sunshinepower":143,"sunpower":143},{"datetime":"2020-06-27T21:00:00","datetimeutc":"2020-06-27T19:00:00","timetype":"Hour","precipitationmm":0.0,"temperature":20.8,"feeltemperature":20.8,"cloudcover":39,"iconcode":"j","iconid":22,"sources":1,"winddirection":"W","winddirectiondegrees":259,"windspeedms":4.68,"visibility":12400,"precipitation":0,"beaufort":3,"humidity":64,"sunshine":36,"hour":21,"pollenindex":6,"windspeed":17,"sunshinepower":49,"sunpower":49},{"datetime":"2020-06-27T22:00:00","datetimeutc":"2020-06-27T20:00:00","timetype":"Hour","precipitationmm":0.0,"temperature":19.8,"feeltemperature":19.8,"cloudcover":34,"iconcode":"j","iconid":4,"sources":1,"winddirection":"W","winddirectiondegrees":270,"windspeedms":4.38,"visibility":7410,"precipitation":0,"beaufort":3,"humidity":66,"sunshine":58,"hour":22,"pollenindex":6,"windspeed":16,"sunshinepower":0,"sunpower":0},{"datetime":"2020-06-27T23:00:00","datetimeutc":"2020-06-27T21:00:00","timetype":"Hour","precipitationmm":0.0,"temperature":19.3,"feeltemperature":19.3,"cloudcover":52,"iconcode":"bb","iconid":4,"sources":1,"winddirection":"ZW","winddirectiondegrees":244,"windspeedms":4.34,"visibility":10010,"precipitation":0,"beaufort":3,"humidity":71,"sunshine":10,"hour":23,"pollenindex":5,"windspeed":16,"sunshinepower":0,"sunpower":0}],"datetime":"2020-06-27T00:00:00","datetimeutc":"2020-06-26T22:00:00","timetype":"Day","precipitationmm":2.0,"mintemperature":18.9,"maxtemperature":24.5,"cloudcover":50,"iconcode":"g","iconid":8,"sources":1,"winddirection":"ZW","winddirectiondegrees":225,"windspeedms":4.23,"precipitation":60,"beaufort":3,"uvindex":4,"bbqindex":8,"mosquitoindex":8,"pollenindex":6,"icescrapeindex":1,"mintemp":18.9,"maxtemp":24.5,"windspeed":4},{"date":"2020-06-28T00:00:00","sunrise":"2020-06-28T05:21:04","sunset":"2020-06-28T22:06:20","hours":[{"datetime":"2020-06-28T00:00:00","datetimeutc":"2020-06-27T22:00:00","timetype":"Hour","precipitationmm":0.0,"temperature":19.1,"feeltemperature":19.1,"cloudcover":38,"iconcode":"jj","iconid":4,"sources":1,"winddirection":"ZW","winddirectiondegrees":240,"windspeedms":4.94,"visibility":8810,"precipitation":0,"beaufort":3,"humidity":74,"sunshine":0,"hour":0,"pollenindex":5,"windspeed":18,"sunshinepower":0,"sunpower":0},{"datetime":"2020-06-28T01:00:00","datetimeutc":"2020-06-27T23:00:00","timetype":"Hour","precipitationmm":0.0,"temperature":18.8,"feeltemperature":18.8,"cloudcover":38,"iconcode":"jj","iconid":22,"sources":1,"winddirection":"ZW","winddirectiondegrees":245,"windspeedms":5.53,"visibility":9210,"precipitation":0,"beaufort":3,"humidity":76,"sunshine":0,"hour":1,"pollenindex":5,"windspeed":20,"sunshinepower":0,"sunpower":0},{"datetime":"2020-06-28T02:00:00","datetimeutc":"2020-06-28T00:00:00","timetype":"Hour","precipitationmm":0.0,"temperature":18.2,"feeltemperature":18.2,"cloudcover":49,"iconcode":"jj","iconid":22,"sources":1,"winddirection":"ZW","winddirectiondegrees":245,"windspeedms":6.05,"visibility":10020,"precipitation":0,"beaufort":4,"humidity":79,"sunshine":0,"hour":2,"pollenindex":5,"windspeed":22,"sunshinepower":0,"sunpower":0},{"datetime":"2020-06-28T03:00:00","datetimeutc":"2020-06-28T01:00:00","timetype":"Hour","precipitationmm":0.0,"temperature":17.6,"feeltemperature":17.6,"cloudcover":56,"iconcode":"bb","iconid":22,"sources":1,"winddirection":"ZW","winddirectiondegrees":246,"windspeedms":5.73,"visibility":9820,"precipitation":0,"beaufort":3,"humidity":79,"sunshine":0,"hour":3,"pollenindex":5,"windspeed":21,"sunshinepower":0,"sunpower":0},{"datetime":"2020-06-28T04:00:00","datetimeutc":"2020-06-28T02:00:00","timetype":"Hour","precipitationmm":0.0,"temperature":17.1,"feeltemperature":17.1,"cloudcover":63,"iconcode":"bb","iconid":22,"sources":1,"winddirection":"W","winddirectiondegrees":251,"windspeedms":5.56,"visibility":9600,"precipitation":0,"beaufort":3,"humidity":81,"sunshine":0,"hour":4,"pollenindex":5,"windspeed":20,"sunshinepower":0,"sunpower":0},{"datetime":"2020-06-28T05:00:00","datetimeutc":"2020-06-28T03:00:00","timetype":"Hour","precipitationmm":0.0,"temperature":17.0,"feeltemperature":17.0,"cloudcover":87,"iconcode":"rr","iconid":22,"sources":1,"winddirection":"W","winddirectiondegrees":257,"windspeedms":5.5,"visibility":10000,"precipitation":0,"beaufort":3,"humidity":80,"sunshine":0,"hour":5,"pollenindex":5,"windspeed":20,"sunshinepower":0,"sunpower":0},{"datetime":"2020-06-28T06:00:00","datetimeutc":"2020-06-28T04:00:00","timetype":"Hour","precipitationmm":0.0,"temperature":17.0,"feeltemperature":17.0,"cloudcover":90,"iconcode":"c","iconid":22,"sources":1,"winddirection":"W","winddirectiondegrees":260,"windspeedms":5.22,"visibility":10400,"precipitation":0,"beaufort":3,"humidity":80,"sunshine":5,"hour":6,"pollenindex":5,"windspeed":19,"sunshinepower":21,"sunpower":21},{"datetime":"2020-06-28T07:00:00","datetimeutc":"2020-06-28T05:00:00","timetype":"Hour","precipitationmm":0.0,"temperature":17.3,"feeltemperature":17.3,"cloudcover":85,"iconcode":"r","iconid":19,"sources":1,"winddirection":"W","winddirectiondegrees":268,"windspeedms":5.16,"visibility":11600,"precipitation":0,"beaufort":3,"humidity":79,"sunshine":5,"hour":7,"pollenindex":5,"windspeed":19,"sunshinepower":95,"sunpower":95},{"datetime":"2020-06-28T08:00:00","datetimeutc":"2020-06-28T06:00:00","timetype":"Hour","precipitationmm":0.0,"temperature":17.6,"feeltemperature":17.6,"cloudcover":88,"iconcode":"r","iconid":20,"sources":1,"winddirection":"W","winddirectiondegrees":273,"windspeedms":5.14,"visibility":13800,"precipitation":1,"beaufort":3,"humidity":77,"sunshine":10,"hour":8,"pollenindex":5,"windspeed":19,"sunshinepower":197,"sunpower":197},{"datetime":"2020-06-28T09:00:00","datetimeutc":"2020-06-28T07:00:00","timetype":"Hour","precipitationmm":0.0,"temperature":17.8,"feeltemperature":17.8,"cloudcover":83,"iconcode":"r","iconid":20,"sources":1,"winddirection":"W","winddirectiondegrees":267,"windspeedms":5.24,"visibility":15010,"precipitation":1,"beaufort":3,"humidity":74,"sunshine":6,"hour":9,"pollenindex":5,"windspeed":19,"sunshinepower":291,"sunpower":291},{"datetime":"2020-06-28T10:00:00","datetimeutc":"2020-06-28T08:00:00","timetype":"Hour","precipitationmm":0.0,"temperature":18.2,"feeltemperature":18.2,"cloudcover":73,"iconcode":"r","iconid":21,"sources":1,"winddirection":"W","winddirectiondegrees":258,"windspeedms":5.62,"visibility":16200,"precipitation":2,"beaufort":3,"humidity":72,"sunshine":11,"hour":10,"pollenindex":6,"windspeed":20,"sunshinepower":361,"sunpower":361},{"datetime":"2020-06-28T11:00:00","datetimeutc":"2020-06-28T09:00:00","timetype":"Hour","precipitationmm":0.5,"temperature":18.6,"feeltemperature":18.6,"cloudcover":100,"iconcode":"m","iconid":33,"sources":1,"winddirection":"W","winddirectiondegrees":255,"windspeedms":6.06,"visibility":18000,"precipitation":46,"beaufort":4,"humidity":68,"sunshine":23,"hour":11,"pollenindex":7,"windspeed":22,"sunshinepower":425,"sunpower":425},{"datetime":"2020-06-28T12:00:00","datetimeutc":"2020-06-28T10:00:00","timetype":"Hour","precipitationmm":0.0,"temperature":19.0,"feeltemperature":19.0,"cloudcover":83,"iconcode":"r","iconid":21,"sources":1,"winddirection":"W","winddirectiondegrees":259,"windspeedms":6.7,"visibility":20000,"precipitation":2,"beaufort":4,"humidity":66,"sunshine":0,"hour":12,"pollenindex":7,"windspeed":24,"sunshinepower":485,"sunpower":485},{"datetime":"2020-06-28T13:00:00","datetimeutc":"2020-06-28T11:00:00","timetype":"Hour","precipitationmm":0.0,"temperature":19.6,"feeltemperature":19.6,"cloudcover":100,"iconcode":"c","iconid":20,"sources":1,"winddirection":"W","winddirectiondegrees":265,"windspeedms":7.02,"visibility":19800,"precipitation":2,"beaufort":4,"humidity":63,"sunshine":11,"hour":13,"pollenindex":7,"windspeed":25,"sunshinepower":519,"sunpower":519},{"datetime":"2020-06-28T14:00:00","datetimeutc":"2020-06-28T12:00:00","timetype":"Hour","precipitationmm":0.0,"temperature":20.1,"feeltemperature":20.1,"cloudcover":100,"iconcode":"c","iconid":20,"sources":1,"winddirection":"W","winddirectiondegrees":265,"windspeedms":7.04,"visibility":19200,"precipitation":2,"beaufort":4,"humidity":59,"sunshine":0,"hour":14,"pollenindex":7,"windspeed":25,"sunshinepower":519,"sunpower":519},{"datetime":"2020-06-28T15:00:00","datetimeutc":"2020-06-28T13:00:00","timetype":"Hour","precipitationmm":0.0,"temperature":20.5,"feeltemperature":20.5,"cloudcover":100,"iconcode":"c","iconid":20,"sources":1,"winddirection":"W","winddirectiondegrees":261,"windspeedms":6.83,"visibility":18000,"precipitation":2,"beaufort":4,"humidity":56,"sunshine":0,"hour":15,"pollenindex":8,"windspeed":25,"sunshinepower":477,"sunpower":477},{"datetime":"2020-06-28T16:00:00","datetimeutc":"2020-06-28T14:00:00","timetype":"Hour","precipitationmm":0.0,"temperature":20.6,"feeltemperature":20.6,"cloudcover":100,"iconcode":"c","iconid":21,"sources":1,"winddirection":"W","winddirectiondegrees":253,"windspeedms":6.72,"visibility":16000,"precipitation":1,"beaufort":4,"humidity":54,"sunshine":0,"hour":16,"pollenindex":8,"windspeed":24,"sunshinepower":422,"sunpower":422},{"datetime":"2020-06-28T17:00:00","datetimeutc":"2020-06-28T15:00:00","timetype":"Hour","precipitationmm":0.0,"temperature":20.4,"feeltemperature":20.4,"cloudcover":100,"iconcode":"c","iconid":21,"sources":1,"winddirection":"W","winddirectiondegrees":248,"windspeedms":6.53,"visibility":15600,"precipitation":1,"beaufort":4,"humidity":53,"sunshine":0,"hour":17,"pollenindex":8,"windspeed":24,"sunshinepower":365,"sunpower":365},{"datetime":"2020-06-28T18:00:00","datetimeutc":"2020-06-28T16:00:00","timetype":"Hour","precipitationmm":0.0,"temperature":19.9,"feeltemperature":19.9,"cloudcover":100,"iconcode":"c","iconid":21,"sources":1,"winddirection":"ZW","winddirectiondegrees":245,"windspeedms":6.36,"visibility":16000,"precipitation":1,"beaufort":4,"humidity":55,"sunshine":0,"hour":18,"pollenindex":8,"windspeed":23,"sunshinepower":297,"sunpower":297},{"datetime":"2020-06-28T19:00:00","datetimeutc":"2020-06-28T17:00:00","timetype":"Hour","precipitationmm":0.0,"temperature":19.3,"feeltemperature":19.3,"cloudcover":83,"iconcode":"r","iconid":20,"sources":1,"winddirection":"W","winddirectiondegrees":249,"windspeedms":6.31,"visibility":15800,"precipitation":1,"beaufort":4,"humidity":58,"sunshine":0,"hour":19,"pollenindex":6,"windspeed":23,"sunshinepower":215,"sunpower":215},{"datetime":"2020-06-28T20:00:00","datetimeutc":"2020-06-28T18:00:00","timetype":"Hour","precipitationmm":0.0,"temperature":18.4,"feeltemperature":18.4,"cloudcover":66,"iconcode":"b","iconid":8,"sources":1,"winddirection":"W","winddirectiondegrees":255,"windspeedms":6.0,"visibility":16800,"precipitation":0,"beaufort":4,"humidity":61,"sunshine":11,"hour":20,"pollenindex":6,"windspeed":22,"sunshinepower":135,"sunpower":135},{"datetime":"2020-06-28T21:00:00","datetimeutc":"2020-06-28T19:00:00","timetype":"Hour","precipitationmm":0.0,"temperature":17.4,"feeltemperature":17.4,"cloudcover":59,"iconcode":"b","iconid":8,"sources":1,"winddirection":"W","winddirectiondegrees":259,"windspeedms":5.38,"visibility":16800,"precipitation":0,"beaufort":3,"humidity":64,"sunshine":30,"hour":21,"pollenindex":6,"windspeed":19,"sunshinepower":59,"sunpower":59},{"datetime":"2020-06-28T22:00:00","datetimeutc":"2020-06-28T20:00:00","timetype":"Hour","precipitationmm":0.0,"temperature":16.5,"feeltemperature":16.5,"cloudcover":56,"iconcode":"b","iconid":8,"sources":1,"winddirection":"W","winddirectiondegrees":265,"windspeedms":4.8,"visibility":15810,"precipitation":0,"beaufort":3,"humidity":66,"sunshine":38,"hour":22,"pollenindex":6,"windspeed":17,"sunshinepower":0,"sunpower":0},{"datetime":"2020-06-28T23:00:00","datetimeutc":"2020-06-28T21:00:00","timetype":"Hour","precipitationmm":0.0,"temperature":15.9,"feeltemperature":15.9,"cloudcover":57,"iconcode":"bb","iconid":7,"sources":1,"winddirection":"W","winddirectiondegrees":275,"windspeedms":4.51,"visibility":16610,"precipitation":0,"beaufort":3,"humidity":70,"sunshine":6,"hour":23,"pollenindex":6,"windspeed":16,"sunshinepower":0,"sunpower":0}],"datetime":"2020-06-28T00:00:00","datetimeutc":"2020-06-27T22:00:00","timetype":"Day","precipitationmm":0.5,"mintemperature":15.9,"maxtemperature":20.6,"cloudcover":25,"iconcode":"f","iconid":16,"sources":1,"winddirection":"W","winddirectiondegrees":270,"windspeedms":5.83,"precipitation":39,"beaufort":3,"uvindex":4,"bbqindex":6,"mosquitoindex":7,"pollenindex":6,"icescrapeindex":1,"mintemp":15.9,"maxtemp":20.6,"windspeed":6},{"date":"2020-06-29T00:00:00","sunrise":"2020-06-29T05:21:41","sunset":"2020-06-29T22:06:05","hours":[{"datetime":"2020-06-29T00:00:00","datetimeutc":"2020-06-28T22:00:00","timetype":"Hour","precipitationmm":0.0,"temperature":15.6,"feeltemperature":15.6,"cloudcover":65,"iconcode":"bb","iconid":7,"sources":1,"winddirection":"W","winddirectiondegrees":279,"windspeedms":3.91,"visibility":16220,"precipitation":0,"beaufort":2,"humidity":72,"sunshine":0,"hour":0,"pollenindex":5,"windspeed":14,"sunshinepower":0,"sunpower":0},{"datetime":"2020-06-29T01:00:00","datetimeutc":"2020-06-28T23:00:00","timetype":"Hour","precipitationmm":0.0,"temperature":15.3,"feeltemperature":15.3,"cloudcover":78,"iconcode":"rr","iconid":7,"sources":1,"winddirection":"W","winddirectiondegrees":278,"windspeedms":3.57,"visibility":13420,"precipitation":0,"beaufort":2,"humidity":74,"sunshine":0,"hour":1,"pollenindex":5,"windspeed":13,"sunshinepower":0,"sunpower":0},{"datetime":"2020-06-29T02:00:00","datetimeutc":"2020-06-29T00:00:00","timetype":"Hour","precipitationmm":0.0,"temperature":14.8,"feeltemperature":14.1,"cloudcover":81,"iconcode":"rr","iconid":19,"sources":1,"winddirection":"W","winddirectiondegrees":282,"windspeedms":3.42,"visibility":11620,"precipitation":0,"beaufort":2,"humidity":77,"sunshine":0,"hour":2,"pollenindex":5,"windspeed":12,"sunshinepower":0,"sunpower":0},{"datetime":"2020-06-29T03:00:00","datetimeutc":"2020-06-29T01:00:00","timetype":"Hour","precipitationmm":0.0,"temperature":14.4,"feeltemperature":14.4,"cloudcover":65,"iconcode":"bb","iconid":7,"sources":1,"winddirection":"W","winddirectiondegrees":283,"windspeedms":3.33,"visibility":10420,"precipitation":0,"beaufort":2,"humidity":79,"sunshine":0,"hour":3,"pollenindex":5,"windspeed":12,"sunshinepower":0,"sunpower":0},{"datetime":"2020-06-29T04:00:00","datetimeutc":"2020-06-29T02:00:00","timetype":"Hour","precipitationmm":0.0,"temperature":14.1,"feeltemperature":14.1,"cloudcover":41,"iconcode":"jj","iconid":7,"sources":1,"winddirection":"W","winddirectiondegrees":287,"windspeedms":3.15,"visibility":10010,"precipitation":0,"beaufort":2,"humidity":82,"sunshine":0,"hour":4,"pollenindex":5,"windspeed":11,"sunshinepower":0,"sunpower":0},{"datetime":"2020-06-29T05:00:00","datetimeutc":"2020-06-29T03:00:00","timetype":"Hour","precipitationmm":0.0,"temperature":14.3,"feeltemperature":14.3,"cloudcover":26,"iconcode":"jj","iconid":4,"sources":1,"winddirection":"W","winddirectiondegrees":283,"windspeedms":3.13,"visibility":10000,"precipitation":0,"beaufort":2,"humidity":81,"sunshine":0,"hour":5,"pollenindex":5,"windspeed":11,"sunshinepower":0,"sunpower":0},{"datetime":"2020-06-29T06:00:00","datetimeutc":"2020-06-29T04:00:00","timetype":"Hour","precipitationmm":0.0,"temperature":15.0,"feeltemperature":15.0,"cloudcover":37,"iconcode":"j","iconid":4,"sources":1,"winddirection":"W","winddirectiondegrees":273,"windspeedms":3.34,"visibility":10400,"precipitation":0,"beaufort":2,"humidity":80,"sunshine":48,"hour":6,"pollenindex":5,"windspeed":12,"sunshinepower":29,"sunpower":29},{"datetime":"2020-06-29T07:00:00","datetimeutc":"2020-06-29T05:00:00","timetype":"Hour","precipitationmm":0.0,"temperature":16.1,"feeltemperature":16.1,"cloudcover":47,"iconcode":"j","iconid":7,"sources":1,"winddirection":"W","winddirectiondegrees":275,"windspeedms":3.62,"visibility":12400,"precipitation":0,"beaufort":2,"humidity":76,"sunshine":61,"hour":7,"pollenindex":5,"windspeed":13,"sunshinepower":123,"sunpower":123},{"datetime":"2020-06-29T08:00:00","datetimeutc":"2020-06-29T06:00:00","timetype":"Hour","precipitationmm":0.0,"temperature":17.1,"feeltemperature":17.1,"cloudcover":60,"iconcode":"b","iconid":7,"sources":1,"winddirection":"W","winddirectiondegrees":287,"windspeedms":4.46,"visibility":16800,"precipitation":0,"beaufort":3,"humidity":70,"sunshine":50,"hour":8,"pollenindex":5,"windspeed":16,"sunshinepower":249,"sunpower":249},{"datetime":"2020-06-29T09:00:00","datetimeutc":"2020-06-29T07:00:00","timetype":"Hour","precipitationmm":0.0,"temperature":17.9,"feeltemperature":17.9,"cloudcover":68,"iconcode":"b","iconid":22,"sources":1,"winddirection":"W","winddirectiondegrees":286,"windspeedms":4.71,"visibility":17400,"precipitation":0,"beaufort":3,"humidity":65,"sunshine":35,"hour":9,"pollenindex":6,"windspeed":17,"sunshinepower":379,"sunpower":379},{"datetime":"2020-06-29T10:00:00","datetimeutc":"2020-06-29T08:00:00","timetype":"Hour","precipitationmm":0.0,"temperature":18.4,"feeltemperature":18.4,"cloudcover":73,"iconcode":"r","iconid":22,"sources":1,"winddirection":"W","winddirectiondegrees":282,"windspeedms":5.03,"visibility":17600,"precipitation":1,"beaufort":3,"humidity":62,"sunshine":28,"hour":10,"pollenindex":7,"windspeed":18,"sunshinepower":474,"sunpower":474},{"datetime":"2020-06-29T11:00:00","datetimeutc":"2020-06-29T09:00:00","timetype":"Hour","precipitationmm":0.0,"temperature":18.8,"feeltemperature":18.8,"cloudcover":74,"iconcode":"r","iconid":22,"sources":1,"winddirection":"W","winddirectiondegrees":279,"windspeedms":5.3,"visibility":18200,"precipitation":1,"beaufort":3,"humidity":58,"sunshine":21,"hour":11,"pollenindex":7,"windspeed":19,"sunshinepower":546,"sunpower":546},{"datetime":"2020-06-29T12:00:00","datetimeutc":"2020-06-29T10:00:00","timetype":"Hour","precipitationmm":0.0,"temperature":19.1,"feeltemperature":19.1,"cloudcover":66,"iconcode":"b","iconid":19,"sources":1,"winddirection":"W","winddirectiondegrees":278,"windspeedms":5.49,"visibility":19000,"precipitation":1,"beaufort":3,"humidity":56,"sunshine":21,"hour":12,"pollenindex":8,"windspeed":20,"sunshinepower":628,"sunpower":628},{"datetime":"2020-06-29T13:00:00","datetimeutc":"2020-06-29T11:00:00","timetype":"Hour","precipitationmm":0.0,"temperature":19.2,"feeltemperature":19.2,"cloudcover":53,"iconcode":"b","iconid":8,"sources":1,"winddirection":"W","winddirectiondegrees":279,"windspeedms":5.49,"visibility":19400,"precipitation":1,"beaufort":3,"humidity":55,"sunshine":30,"hour":13,"pollenindex":8,"windspeed":20,"sunshinepower":701,"sunpower":701},{"datetime":"2020-06-29T14:00:00","datetimeutc":"2020-06-29T12:00:00","timetype":"Hour","precipitationmm":0.0,"temperature":19.4,"feeltemperature":19.4,"cloudcover":45,"iconcode":"j","iconid":8,"sources":1,"winddirection":"W","winddirectiondegrees":277,"windspeedms":5.49,"visibility":19800,"precipitation":1,"beaufort":3,"humidity":54,"sunshine":43,"hour":14,"pollenindex":8,"windspeed":20,"sunshinepower":742,"sunpower":742},{"datetime":"2020-06-29T15:00:00","datetimeutc":"2020-06-29T13:00:00","timetype":"Hour","precipitationmm":0.0,"temperature":19.5,"feeltemperature":19.5,"cloudcover":48,"iconcode":"j","iconid":8,"sources":1,"winddirection":"W","winddirectiondegrees":274,"windspeedms":5.28,"visibility":21200,"precipitation":1,"beaufort":3,"humidity":53,"sunshine":51,"hour":15,"pollenindex":8,"windspeed":19,"sunshinepower":740,"sunpower":740},{"datetime":"2020-06-29T16:00:00","datetimeutc":"2020-06-29T14:00:00","timetype":"Hour","precipitationmm":0.0,"temperature":19.6,"feeltemperature":19.6,"cloudcover":57,"iconcode":"b","iconid":8,"sources":1,"winddirection":"W","winddirectiondegrees":274,"windspeedms":5.24,"visibility":23000,"precipitation":1,"beaufort":3,"humidity":52,"sunshine":48,"hour":16,"pollenindex":8,"windspeed":19,"sunshinepower":680,"sunpower":680},{"datetime":"2020-06-29T17:00:00","datetimeutc":"2020-06-29T15:00:00","timetype":"Hour","precipitationmm":0.0,"temperature":19.5,"feeltemperature":19.5,"cloudcover":57,"iconcode":"b","iconid":19,"sources":1,"winddirection":"W","winddirectiondegrees":278,"windspeedms":5.05,"visibility":23200,"precipitation":1,"beaufort":3,"humidity":51,"sunshine":40,"hour":17,"pollenindex":8,"windspeed":18,"sunshinepower":579,"sunpower":579},{"datetime":"2020-06-29T18:00:00","datetimeutc":"2020-06-29T16:00:00","timetype":"Hour","precipitationmm":0.0,"temperature":19.2,"feeltemperature":19.2,"cloudcover":41,"iconcode":"j","iconid":22,"sources":1,"winddirection":"W","winddirectiondegrees":287,"windspeedms":4.68,"visibility":23200,"precipitation":0,"beaufort":3,"humidity":52,"sunshine":40,"hour":18,"pollenindex":8,"windspeed":17,"sunshinepower":459,"sunpower":459},{"datetime":"2020-06-29T19:00:00","datetimeutc":"2020-06-29T17:00:00","timetype":"Hour","precipitationmm":0.0,"temperature":18.7,"feeltemperature":18.7,"cloudcover":17,"iconcode":"j","iconid":19,"sources":1,"winddirection":"W","winddirectiondegrees":288,"windspeedms":4.03,"visibility":22810,"precipitation":0,"beaufort":3,"humidity":54,"sunshine":56,"hour":19,"pollenindex":7,"windspeed":15,"sunshinepower":324,"sunpower":324},{"datetime":"2020-06-29T20:00:00","datetimeutc":"2020-06-29T18:00:00","timetype":"Hour","precipitationmm":0.0,"temperature":18.1,"feeltemperature":18.1,"cloudcover":4,"iconcode":"a","iconid":13,"sources":1,"winddirection":"W","winddirectiondegrees":289,"windspeedms":3.43,"visibility":21610,"precipitation":0,"beaufort":2,"humidity":56,"sunshine":81,"hour":20,"pollenindex":7,"windspeed":12,"sunshinepower":188,"sunpower":188},{"datetime":"2020-06-29T21:00:00","datetimeutc":"2020-06-29T19:00:00","timetype":"Hour","precipitationmm":0.0,"temperature":17.5,"feeltemperature":17.5,"cloudcover":21,"iconcode":"j","iconid":22,"sources":1,"winddirection":"NW","winddirectiondegrees":293,"windspeedms":2.81,"visibility":20210,"precipitation":0,"beaufort":2,"humidity":58,"sunshine":96,"hour":21,"pollenindex":7,"windspeed":10,"sunshinepower":71,"sunpower":71},{"datetime":"2020-06-29T22:00:00","datetimeutc":"2020-06-29T20:00:00","timetype":"Hour","precipitationmm":0.0,"temperature":17.0,"feeltemperature":17.0,"cloudcover":50,"iconcode":"b","iconid":22,"sources":1,"winddirection":"NW","winddirectiondegrees":294,"windspeedms":2.17,"visibility":18410,"precipitation":0,"beaufort":2,"humidity":62,"sunshine":78,"hour":22,"pollenindex":6,"windspeed":8,"sunshinepower":0,"sunpower":0},{"datetime":"2020-06-29T23:00:00","datetimeutc":"2020-06-29T21:00:00","timetype":"Hour","precipitationmm":0.0,"temperature":16.5,"feeltemperature":16.5,"cloudcover":65,"iconcode":"bb","iconid":19,"sources":1,"winddirection":"W","winddirectiondegrees":287,"windspeedms":1.92,"visibility":16810,"precipitation":0,"beaufort":1,"humidity":67,"sunshine":6,"hour":23,"pollenindex":6,"windspeed":7,"sunshinepower":0,"sunpower":0}],"datetime":"2020-06-29T00:00:00","datetimeutc":"2020-06-28T22:00:00","timetype":"Day","precipitationmm":0.0,"mintemperature":14.1,"maxtemperature":19.6,"cloudcover":25,"iconcode":"j","iconid":2,"sources":1,"winddirection":"W","winddirectiondegrees":270,"windspeedms":4.09,"precipitation":1,"beaufort":3,"uvindex":7,"bbqindex":8,"mosquitoindex":7,"pollenindex":6,"icescrapeindex":1,"mintemp":14.1,"maxtemp":19.6,"windspeed":4},{"date":"2020-06-30T00:00:00","sunrise":"2020-06-30T05:22:20","sunset":"2020-06-30T22:05:47","hours":[{"datetime":"2020-06-30T00:00:00","datetimeutc":"2020-06-29T22:00:00","timetype":"Hour","precipitationmm":0.0,"temperature":16.1,"feeltemperature":16.1,"cloudcover":30,"iconcode":"jj","iconid":7,"sources":1,"winddirection":"W","winddirectiondegrees":276,"windspeedms":2.13,"visibility":15610,"precipitation":0,"beaufort":2,"humidity":70,"sunshine":0,"hour":0,"pollenindex":6,"windspeed":8,"sunshinepower":0,"sunpower":0},{"datetime":"2020-06-30T01:00:00","datetimeutc":"2020-06-29T23:00:00","timetype":"Hour","precipitationmm":0.0,"temperature":15.5,"feeltemperature":15.5,"cloudcover":26,"iconcode":"jj","iconid":4,"sources":1,"winddirection":"W","winddirectiondegrees":267,"windspeedms":2.27,"visibility":14220,"precipitation":0,"beaufort":2,"humidity":74,"sunshine":0,"hour":1,"pollenindex":5,"windspeed":8,"sunshinepower":0,"sunpower":0},{"datetime":"2020-06-30T02:00:00","datetimeutc":"2020-06-30T00:00:00","timetype":"Hour","precipitationmm":0.0,"temperature":14.8,"feeltemperature":14.8,"cloudcover":15,"iconcode":"jj","iconid":4,"sources":1,"winddirection":"ZW","winddirectiondegrees":243,"windspeedms":2.55,"visibility":13220,"precipitation":0,"beaufort":2,"humidity":77,"sunshine":0,"hour":2,"pollenindex":5,"windspeed":9,"sunshinepower":0,"sunpower":0},{"datetime":"2020-06-30T03:00:00","datetimeutc":"2020-06-30T01:00:00","timetype":"Hour","precipitationmm":0.0,"temperature":14.3,"feeltemperature":14.3,"cloudcover":29,"iconcode":"jj","iconid":4,"sources":1,"winddirection":"ZW","winddirectiondegrees":229,"windspeedms":2.77,"visibility":12410,"precipitation":0,"beaufort":2,"humidity":79,"sunshine":0,"hour":3,"pollenindex":5,"windspeed":10,"sunshinepower":0,"sunpower":0},{"datetime":"2020-06-30T04:00:00","datetimeutc":"2020-06-30T02:00:00","timetype":"Hour","precipitationmm":0.0,"temperature":13.8,"feeltemperature":13.8,"cloudcover":52,"iconcode":"bb","iconid":19,"sources":1,"winddirection":"ZW","winddirectiondegrees":218,"windspeedms":2.82,"visibility":12210,"precipitation":0,"beaufort":2,"humidity":82,"sunshine":0,"hour":4,"pollenindex":5,"windspeed":10,"sunshinepower":0,"sunpower":0},{"datetime":"2020-06-30T05:00:00","datetimeutc":"2020-06-30T03:00:00","timetype":"Hour","precipitationmm":0.0,"temperature":13.9,"feeltemperature":13.9,"cloudcover":68,"iconcode":"bb","iconid":7,"sources":1,"winddirection":"ZW","winddirectiondegrees":212,"windspeedms":3.03,"visibility":12000,"precipitation":0,"beaufort":2,"humidity":82,"sunshine":0,"hour":5,"pollenindex":5,"windspeed":11,"sunshinepower":0,"sunpower":0},{"datetime":"2020-06-30T06:00:00","datetimeutc":"2020-06-30T04:00:00","timetype":"Hour","precipitationmm":0.0,"temperature":14.6,"feeltemperature":13.8,"cloudcover":64,"iconcode":"b","iconid":7,"sources":1,"winddirection":"ZW","winddirectiondegrees":204,"windspeedms":3.48,"visibility":11600,"precipitation":0,"beaufort":2,"humidity":80,"sunshine":18,"hour":6,"pollenindex":5,"windspeed":13,"sunshinepower":24,"sunpower":24},{"datetime":"2020-06-30T07:00:00","datetimeutc":"2020-06-30T05:00:00","timetype":"Hour","precipitationmm":0.0,"temperature":15.8,"feeltemperature":15.8,"cloudcover":65,"iconcode":"b","iconid":7,"sources":1,"winddirection":"ZW","winddirectiondegrees":211,"windspeedms":4.24,"visibility":13200,"precipitation":0,"beaufort":3,"humidity":78,"sunshine":31,"hour":7,"pollenindex":5,"windspeed":15,"sunshinepower":113,"sunpower":113},{"datetime":"2020-06-30T08:00:00","datetimeutc":"2020-06-30T06:00:00","timetype":"Hour","precipitationmm":0.0,"temperature":17.2,"feeltemperature":17.2,"cloudcover":66,"iconcode":"b","iconid":8,"sources":1,"winddirection":"ZW","winddirectiondegrees":225,"windspeedms":4.93,"visibility":13800,"precipitation":0,"beaufort":3,"humidity":74,"sunshine":30,"hour":8,"pollenindex":5,"windspeed":18,"sunshinepower":237,"sunpower":237},{"datetime":"2020-06-30T09:00:00","datetimeutc":"2020-06-30T07:00:00","timetype":"Hour","precipitationmm":0.0,"temperature":18.4,"feeltemperature":18.4,"cloudcover":66,"iconcode":"b","iconid":7,"sources":1,"winddirection":"ZW","winddirectiondegrees":235,"windspeedms":5.41,"visibility":15000,"precipitation":0,"beaufort":3,"humidity":68,"sunshine":30,"hour":9,"pollenindex":6,"windspeed":19,"sunshinepower":365,"sunpower":365},{"datetime":"2020-06-30T10:00:00","datetimeutc":"2020-06-30T08:00:00","timetype":"Hour","precipitationmm":0.0,"temperature":19.6,"feeltemperature":19.6,"cloudcover":66,"iconcode":"b","iconid":7,"sources":1,"winddirection":"ZW","winddirectiondegrees":239,"windspeedms":5.75,"visibility":17400,"precipitation":0,"beaufort":3,"humidity":64,"sunshine":30,"hour":10,"pollenindex":7,"windspeed":21,"sunshinepower":472,"sunpower":472},{"datetime":"2020-06-30T11:00:00","datetimeutc":"2020-06-30T09:00:00","timetype":"Hour","precipitationmm":0.0,"temperature":20.7,"feeltemperature":20.7,"cloudcover":86,"iconcode":"r","iconid":19,"sources":1,"winddirection":"ZW","winddirectiondegrees":246,"windspeedms":5.94,"visibility":20000,"precipitation":1,"beaufort":3,"humidity":58,"sunshine":30,"hour":11,"pollenindex":7,"windspeed":21,"sunshinepower":562,"sunpower":562},{"datetime":"2020-06-30T12:00:00","datetimeutc":"2020-06-30T10:00:00","timetype":"Hour","precipitationmm":0.0,"temperature":21.6,"feeltemperature":21.6,"cloudcover":92,"iconcode":"c","iconid":19,"sources":1,"winddirection":"W","winddirectiondegrees":251,"windspeedms":5.99,"visibility":20800,"precipitation":1,"beaufort":3,"humidity":55,"sunshine":8,"hour":12,"pollenindex":8,"windspeed":22,"sunshinepower":642,"sunpower":642},{"datetime":"2020-06-30T13:00:00","datetimeutc":"2020-06-30T11:00:00","timetype":"Hour","precipitationmm":0.0,"temperature":22.1,"feeltemperature":25.1,"cloudcover":95,"iconcode":"c","iconid":19,"sources":1,"winddirection":"W","winddirectiondegrees":256,"windspeedms":5.87,"visibility":21200,"precipitation":1,"beaufort":3,"humidity":52,"sunshine":3,"hour":13,"pollenindex":8,"windspeed":21,"sunshinepower":689,"sunpower":689},{"datetime":"2020-06-30T14:00:00","datetimeutc":"2020-06-30T12:00:00","timetype":"Hour","precipitationmm":0.0,"temperature":22.8,"feeltemperature":25.2,"cloudcover":74,"iconcode":"r","iconid":19,"sources":1,"winddirection":"W","winddirectiondegrees":258,"windspeedms":5.61,"visibility":22200,"precipitation":1,"beaufort":3,"humidity":50,"sunshine":0,"hour":14,"pollenindex":8,"windspeed":20,"sunshinepower":692,"sunpower":692},{"datetime":"2020-06-30T15:00:00","datetimeutc":"2020-06-30T13:00:00","timetype":"Hour","precipitationmm":0.0,"temperature":23.2,"feeltemperature":25.3,"cloudcover":66,"iconcode":"b","iconid":19,"sources":1,"winddirection":"W","winddirectiondegrees":262,"windspeedms":5.03,"visibility":23200,"precipitation":1,"beaufort":3,"humidity":51,"sunshine":21,"hour":15,"pollenindex":8,"windspeed":18,"sunshinepower":663,"sunpower":663},{"datetime":"2020-06-30T16:00:00","datetimeutc":"2020-06-30T14:00:00","timetype":"Hour","precipitationmm":0.0,"temperature":23.5,"feeltemperature":25.5,"cloudcover":55,"iconcode":"b","iconid":19,"sources":1,"winddirection":"W","winddirectiondegrees":268,"windspeedms":4.69,"visibility":23800,"precipitation":1,"beaufort":3,"humidity":50,"sunshine":30,"hour":16,"pollenindex":8,"windspeed":17,"sunshinepower":603,"sunpower":603},{"datetime":"2020-06-30T17:00:00","datetimeutc":"2020-06-30T15:00:00","timetype":"Hour","precipitationmm":0.0,"temperature":23.4,"feeltemperature":25.4,"cloudcover":53,"iconcode":"b","iconid":19,"sources":1,"winddirection":"W","winddirectiondegrees":270,"windspeedms":4.16,"visibility":24000,"precipitation":1,"beaufort":3,"humidity":50,"sunshine":41,"hour":17,"pollenindex":8,"windspeed":15,"sunshinepower":513,"sunpower":513},{"datetime":"2020-06-30T18:00:00","datetimeutc":"2020-06-30T16:00:00","timetype":"Hour","precipitationmm":0.0,"temperature":23.1,"feeltemperature":25.3,"cloudcover":72,"iconcode":"r","iconid":20,"sources":1,"winddirection":"W","winddirectiondegrees":277,"windspeedms":3.49,"visibility":23800,"precipitation":1,"beaufort":2,"humidity":51,"sunshine":43,"hour":18,"pollenindex":8,"windspeed":13,"sunshinepower":402,"sunpower":402},{"datetime":"2020-06-30T19:00:00","datetimeutc":"2020-06-30T17:00:00","timetype":"Hour","precipitationmm":0.0,"temperature":22.7,"feeltemperature":25.1,"cloudcover":98,"iconcode":"c","iconid":20,"sources":1,"winddirection":"W","winddirectiondegrees":283,"windspeedms":2.5,"visibility":23600,"precipitation":1,"beaufort":2,"humidity":55,"sunshine":23,"hour":19,"pollenindex":7,"windspeed":9,"sunshinepower":282,"sunpower":282},{"datetime":"2020-06-30T20:00:00","datetimeutc":"2020-06-30T18:00:00","timetype":"Hour","precipitationmm":0.0,"temperature":22.1,"feeltemperature":24.9,"cloudcover":100,"iconcode":"c","iconid":20,"sources":1,"winddirection":"W","winddirectiondegrees":288,"windspeedms":1.68,"visibility":23000,"precipitation":1,"beaufort":1,"humidity":57,"sunshine":0,"hour":20,"pollenindex":6,"windspeed":6,"sunshinepower":167,"sunpower":167},{"datetime":"2020-06-30T21:00:00","datetimeutc":"2020-06-30T19:00:00","timetype":"Hour","precipitationmm":0.0,"temperature":21.3,"feeltemperature":21.3,"cloudcover":100,"iconcode":"c","iconid":20,"sources":1,"winddirection":"NW","winddirectiondegrees":328,"windspeedms":1.11,"visibility":21800,"precipitation":1,"beaufort":1,"humidity":62,"sunshine":0,"hour":21,"pollenindex":6,"windspeed":4,"sunshinepower":66,"sunpower":66},{"datetime":"2020-06-30T22:00:00","datetimeutc":"2020-06-30T20:00:00","timetype":"Hour","precipitationmm":0.0,"temperature":20.4,"feeltemperature":20.4,"cloudcover":94,"iconcode":"c","iconid":21,"sources":1,"winddirection":"NO","winddirectiondegrees":31,"windspeedms":1.26,"visibility":20410,"precipitation":1,"beaufort":1,"humidity":63,"sunshine":0,"hour":22,"pollenindex":6,"windspeed":5,"sunshinepower":0,"sunpower":0},{"datetime":"2020-06-30T23:00:00","datetimeutc":"2020-06-30T21:00:00","timetype":"Hour","precipitationmm":0.0,"temperature":19.6,"feeltemperature":19.6,"cloudcover":85,"iconcode":"rr","iconid":21,"sources":1,"winddirection":"NO","winddirectiondegrees":66,"windspeedms":1.6,"visibility":19010,"precipitation":1,"beaufort":1,"humidity":67,"sunshine":0,"hour":23,"pollenindex":6,"windspeed":6,"sunshinepower":0,"sunpower":0}],"datetime":"2020-06-30T00:00:00","datetimeutc":"2020-06-29T22:00:00","timetype":"Day","precipitationmm":0.0,"mintemperature":13.8,"maxtemperature":23.5,"cloudcover":75,"iconcode":"r","iconid":3,"sources":1,"winddirection":"W","winddirectiondegrees":270,"windspeedms":3.68,"precipitation":1,"beaufort":2,"uvindex":7,"bbqindex":8,"mosquitoindex":7,"pollenindex":6,"icescrapeindex":1,"mintemp":13.8,"maxtemp":23.5,"windspeed":4},{"date":"2020-07-01T00:00:00","sunrise":"2020-07-01T05:23:03","sunset":"2020-07-01T22:05:26","hours":[{"datetime":"2020-07-01T00:00:00","datetimeutc":"2020-06-30T22:00:00","timetype":"Hour","precipitationmm":0.0,"temperature":19.0,"feeltemperature":19.0,"cloudcover":71,"iconcode":"rr","iconid":21,"sources":1,"winddirection":"O","winddirectiondegrees":85,"windspeedms":1.98,"visibility":17210,"precipitation":0,"beaufort":1,"humidity":70,"sunshine":0,"hour":0,"pollenindex":5,"windspeed":7,"sunshinepower":0,"sunpower":0},{"datetime":"2020-07-01T01:00:00","datetimeutc":"2020-06-30T23:00:00","timetype":"Hour","precipitationmm":0.0,"temperature":18.5,"feeltemperature":18.5,"cloudcover":50,"iconcode":"bb","iconid":20,"sources":1,"winddirection":"O","winddirectiondegrees":96,"windspeedms":2.42,"visibility":15020,"precipitation":0,"beaufort":2,"humidity":74,"sunshine":0,"hour":1,"pollenindex":5,"windspeed":9,"sunshinepower":0,"sunpower":0},{"datetime":"2020-07-01T02:00:00","datetimeutc":"2020-07-01T00:00:00","timetype":"Hour","precipitationmm":0.0,"temperature":17.9,"feeltemperature":17.9,"cloudcover":100,"iconcode":"cc","iconid":20,"sources":1,"winddirection":"O","winddirectiondegrees":105,"windspeedms":2.74,"visibility":12620,"precipitation":0,"beaufort":2,"humidity":79,"sunshine":0,"hour":2,"pollenindex":4,"windspeed":10,"sunshinepower":0,"sunpower":0}],"datetime":"2020-07-01T00:00:00","datetimeutc":"2020-06-30T22:00:00","timetype":"Day","precipitationmm":0.0,"mintemperature":16.4,"maxtemperature":22.9,"cloudcover":75,"iconcode":"r","iconid":3,"sources":1,"winddirection":"W","winddirectiondegrees":270,"windspeedms":4.54,"precipitation":2,"beaufort":3,"pollenindex":5,"icescrapeindex":1,"mintemp":16.4,"maxtemp":22.9,"windspeed":5},{"date":"2020-07-02T00:00:00","sunrise":"2020-07-02T05:23:48","sunset":"2020-07-02T22:05:02","datetime":"2020-07-02T00:00:00","datetimeutc":"2020-07-01T22:00:00","timetype":"Day","precipitationmm":0.0,"mintemperature":16.8,"maxtemperature":21.8,"cloudcover":75,"iconcode":"r","iconid":3,"sources":1,"winddirection":"W","winddirectiondegrees":270,"windspeedms":5.28,"precipitation":2,"beaufort":3,"pollenindex":5,"mintemp":16.8,"maxtemp":21.8,"windspeed":5},{"date":"2020-07-03T00:00:00","sunrise":"2020-07-03T05:24:36","sunset":"2020-07-03T22:04:34","datetime":"2020-07-03T00:00:00","datetimeutc":"2020-07-02T22:00:00","timetype":"Day","precipitationmm":2.6,"mintemperature":16.0,"maxtemperature":21.0,"cloudcover":25,"iconcode":"f","iconid":16,"sources":1,"winddirection":"W","winddirectiondegrees":270,"windspeedms":6.28,"precipitation":76,"beaufort":4,"pollenindex":5,"mintemp":16.0,"maxtemp":21.0,"windspeed":6},{"date":"2020-07-04T00:00:00","sunrise":"2020-07-04T05:25:27","sunset":"2020-07-04T22:04:03","datetime":"2020-07-04T00:00:00","datetimeutc":"2020-07-03T22:00:00","timetype":"Day","precipitationmm":3.6,"mintemperature":15.8,"maxtemperature":21.1,"cloudcover":25,"iconcode":"f","iconid":16,"sources":1,"winddirection":"W","winddirectiondegrees":270,"windspeedms":5.92,"precipitation":71,"beaufort":3,"pollenindex":5,"mintemp":15.8,"maxtemp":21.1,"windspeed":6},{"date":"2020-07-05T00:00:00","sunrise":"2020-07-05T05:26:20","sunset":"2020-07-05T22:03:29","datetime":"2020-07-05T00:00:00","datetimeutc":"2020-07-04T22:00:00","timetype":"Day","precipitationmm":2.8,"mintemperature":15.6,"maxtemperature":20.8,"cloudcover":25,"iconcode":"f","iconid":16,"sources":1,"winddirection":"W","winddirectiondegrees":270,"windspeedms":5.29,"precipitation":71,"beaufort":3,"pollenindex":5,"mintemp":15.6,"maxtemp":20.8,"windspeed":5},{"date":"2020-07-06T00:00:00","sunrise":"2020-07-06T05:27:15","sunset":"2020-07-06T22:02:52","datetime":"2020-07-06T00:00:00","datetimeutc":"2020-07-05T22:00:00","timetype":"Day","precipitationmm":1.7,"mintemperature":15.4,"maxtemperature":21.2,"cloudcover":25,"iconcode":"f","iconid":16,"sources":1,"winddirection":"W","winddirectiondegrees":270,"windspeedms":4.88,"precipitation":61,"beaufort":3,"pollenindex":5,"mintemp":15.4,"maxtemp":21.2,"windspeed":5},{"date":"2020-07-07T00:00:00","sunrise":"2020-07-07T05:28:13","sunset":"2020-07-07T22:02:12","datetime":"2020-07-07T00:00:00","datetimeutc":"2020-07-06T22:00:00","timetype":"Day","precipitationmm":3.1,"mintemperature":15.8,"maxtemperature":21.1,"cloudcover":90,"iconcode":"m","iconid":12,"sources":1,"winddirection":"W","winddirectiondegrees":270,"windspeedms":5.26,"precipitation":61,"beaufort":3,"pollenindex":5,"mintemp":15.8,"maxtemp":21.1,"windspeed":5},{"date":"2020-07-08T00:00:00","sunrise":"2020-07-08T05:29:13","sunset":"2020-07-08T22:01:29","datetime":"2020-07-08T00:00:00","datetimeutc":"2020-07-07T22:00:00","timetype":"Day","precipitationmm":5.0,"mintemperature":16.0,"maxtemperature":21.8,"cloudcover":25,"iconcode":"f","iconid":16,"sources":1,"winddirection":"W","winddirectiondegrees":270,"windspeedms":5.23,"precipitation":66,"beaufort":3,"pollenindex":5,"mintemp":16.0,"maxtemp":21.8,"windspeed":5}]}