{"location":{"lat":52.37,"lon":4.89},"timeOffset":2.0,"timestamp":"2020-06-21T23:29:13","altitude":0,"elevation":0,"machinename":"None","elapsedms":0,"pollenindexNowDay":6,"pollenindexNowHour":5,"nowrelevant":{"values":[{"type":"pollenindex","value":6},{"type":"uvindex","value":7}]},"days":[{"date":"2020-06-22T00:00:00","sunrise":"2020-06-22T05:18:23","sunset":"2020-06-22T22:06:40","morning":{"datetime":"2020-06-22T07:00:00","datetimeutc":"2020-06-22T05:00:00","timetype":"Morning","precipitationmm":0.0,"mintemperature":15.7,"maxtemperature":19.9,"cloudcover":23,"iconcode":"j","iconid":4,"sources":1,"winddirection":"NW","winddirectiondegrees":294,"windspeedms":3.2,"visibility":15096,"precipitation":0,"beaufort":2,"humidity":70,"sunshine":72,"hour":7,"mintemp":15.7,"maxtemp":19.9,"windspeed":12,"sunshinepower":426,"sunpower":426},"afternoon":{"datetime":"2020-06-22T12:00:00","datetimeutc":"2020-06-22T10:00:00","timetype":"Afternoon","precipitationmm":0.0,"mintemperature":20.6,"maxtemperature":21.2,"cloudcover":17,"iconcode":"j","iconid":4,"sources":1,"winddirection":"W","winddirectiondegrees":287,"windspeedms":4.6,"visibility":25385,"precipitation":0,"beaufort":3,"humidity":48,"sunshine":75,"hour":12,"mintemp":20.6,"maxtemp":21.2,"windspeed":17,"sunshinepower":789,"sunpower":789},"evening":{"datetime":"2020-06-22T18:00:00","datetimeutc":"2020-06-22T16:00:00","timetype":"Evening","precipitationmm":0.0,"mintemperature":15.6,"maxtemperature":20.5,"cloudcover":1,"iconcode":"a","iconid":1,"sources":1,"winddirection":"W","winddirectiondegrees":286,"windspeedms":2.2,"visibility":26656,"precipitation":0,"beaufort":2,"humidity":54,"sunshine":85,"hour":18,"mintemp":15.6,"maxtemp":20.5,"windspeed":8,"sunshinepower":205,"sunpower":205},"night":{"datetime":"2020-06-22T02:00:00","datetimeutc":"2020-06-22T00:00:00","timetype":"Night","precipitationmm":0.0,"mintemperature":14.4,"maxtemperature":15.3,"cloudcover":45,"iconcode":"j","iconid":7,"sources":1,"winddirection":"W","winddirectiondegrees":268,"windspeedms":2.5,"visibility":9846,"precipitation":0,"beaufort":2,"humidity":91,"sunshine":6,"hour":2,"mintemp":14.4,"maxtemp":15.3,"windspeed":9,"sunshinepower":6,"sunpower":6},"hours":[{"datetime":"2020-06-22T02:00:00","datetimeutc":"2020-06-22T00:00:00","timetype":"Hour","precipitationmm":0.0,"temperature":15.3,"feeltemperature":15.3,"cloudcover":45,"iconcode":"jj","iconid":7,"sources":3,"winddirection":"W","winddirectiondegrees":258,"windspeedms":3.0,"visibility":9460,"precipitation":0,"beaufort":2,"humidity":90,"sunshine":0,"hour":2,"pollenindex":4,"windspeed":11,"sunshinepower":0,"sunpower":0},{"datetime":"2020-06-22T03:00:00","datetimeutc":"2020-06-22T01:00:00","timetype":"Hour","precipitationmm":0.0,"temperature":14.8,"feeltemperature":14.8,"cloudcover":39,"iconcode":"jj","iconid":4,"sources":3,"winddirection":"W","winddirectiondegrees":270,"windspeedms":2.6,"visibility":10060,"precipitation":0,"beaufort":2,"humidity":92,"sunshine":0,"hour":3,"pollenindex":4,"windspeed":9,"sunshinepower":0,"sunpower":0},{"datetime":"2020-06-22T04:00:00","datetimeutc":"2020-06-22T02:00:00","timetype":"Hour","precipitationmm":0.0,"temperature":14.4,"feeltemperature":14.4,"cloudcover":42,"iconcode":"jj","iconid":7,"sources":2,"winddirection":"W","winddirectiondegrees":270,"windspeedms":2.3,"visibility":10060,"precipitation":0,"beaufort":2,"humidity":93,"sunshine":0,"hour":4,"pollenindex":4,"windspeed":8,"sunshinepower":0,"sunpower":0},{"datetime":"2020-06-22T05:00:00","datetimeutc":"2020-06-22T03:00:00","timetype":"Hour","precipitationmm":0.0,"temperature":14.4,"feeltemperature":14.4,"cloudcover":56,"iconcode":"bb","iconid":7,"sources":2,"winddirection":"W","winddirectiondegrees":270,"windspeedms":2.3,"visibility":10030,"precipitation":0,"beaufort":2,"humidity":91,"sunshine":0,"hour":5,"pollenindex":4,"windspeed":8,"sunshinepower":0,"sunpower":0},{"datetime":"2020-06-22T06:00:00","datetimeutc":"2020-06-22T04:00:00","timetype":"Hour","precipitationmm":0.0,"temperature":14.8,"feeltemperature":14.8,"cloudcover":44,"iconcode":"j","iconid":7,"sources":2,"winddirection":"W","winddirectiondegrees":273,"windspeedms":2.2,"visibility":9620,"precipitation":0,"beaufort":2,"humidity":89,"sunshine":30,"hour":6,"pollenindex":4,"windspeed":8,"sunshinepower":33,"sunpower":33},{"datetime":"2020-06-22T07:00:00","datetimeutc":"2020-06-22T05:00:00","timetype":"Hour","precipitationmm":0.0,"temperature":15.7,"feeltemperature":15.7,"cloudcover":19,"iconcode":"j","iconid":4,"sources":2,"winddirection":"W","winddirectiondegrees":278,"windspeedms":2.3,"visibility":8610,"precipitation":0,"beaufort":2,"humidity":85,"sunshine":53,"hour":7,"pollenindex":4,"windspeed":8,"sunshinepower":140,"sunpower":140},{"datetime":"2020-06-22T08:00:00","datetimeutc":"2020-06-22T06:00:00","timetype":"Hour","precipitationmm":0.0,"temperature":16.9,"feeltemperature":16.9,"cloudcover":12,"iconcode":"a","iconid":4,"sources":2,"winddirection":"NW","winddirectiondegrees":301,"windspeedms":3.1,"visibility":11820,"precipitation":0,"beaufort":2,"humidity":79,"sunshine":80,"hour":8,"pollenindex":5,"windspeed":11,"sunshinepower":285,"sunpower":285},{"datetime":"2020-06-22T09:00:00","datetimeutc":"2020-06-22T07:00:00","timetype":"Hour","precipitationmm":0.0,"temperature":18.0,"feeltemperature":18.0,"cloudcover":12,"iconcode":"a","iconid":4,"sources":2,"winddirection":"NW","winddirectiondegrees":302,"windspeedms":3.3,"visibility":15010,"precipitation":0,"beaufort":2,"humidity":69,"sunshine":86,"hour":9,"pollenindex":6,"windspeed":12,"sunshinepower":434,"sunpower":434},{"datetime":"2020-06-22T10:00:00","datetimeutc":"2020-06-22T08:00:00","timetype":"Hour","precipitationmm":0.0,"temperature":19.1,"feeltemperature":19.1,"cloudcover":41,"iconcode":"j","iconid":4,"sources":2,"winddirection":"NW","winddirectiondegrees":300,"windspeedms":3.4,"visibility":19420,"precipitation":0,"beaufort":2,"humidity":63,"sunshine":88,"hour":10,"pollenindex":7,"windspeed":12,"sunshinepower":576,"sunpower":576},{"datetime":"2020-06-22T11:00:00","datetimeutc":"2020-06-22T09:00:00","timetype":"Hour","precipitationmm":0.0,"temperature":19.9,"feeltemperature":19.9,"cloudcover":32,"iconcode":"j","iconid":4,"sources":2,"winddirection":"W","winddirectiondegrees":291,"windspeedms":3.7,"visibility":20620,"precipitation":0,"beaufort":2,"humidity":57,"sunshine":56,"hour":11,"pollenindex":8,"windspeed":13,"sunshinepower":697,"sunpower":697},{"datetime":"2020-06-22T12:00:00","datetimeutc":"2020-06-22T10:00:00","timetype":"Hour","precipitationmm":0.0,"temperature":20.6,"feeltemperature":20.6,"cloudcover":32,"iconcode":"j","iconid":4,"sources":2,"winddirection":"W","winddirectiondegrees":287,"windspeedms":4.3,"visibility":22020,"precipitation":0,"beaufort":3,"humidity":53,"sunshine":66,"hour":12,"pollenindex":8,"windspeed":15,"sunshinepower":788,"sunpower":788},{"datetime":"2020-06-22T13:00:00","datetimeutc":"2020-06-22T11:00:00","timetype":"Hour","precipitationmm":0.0,"temperature":20.9,"feeltemperature":20.9,"cloudcover":32,"iconcode":"j","iconid":4,"sources":2,"winddirection":"W","winddirectiondegrees":288,"windspeedms":4.7,"visibility":24220,"precipitation":0,"beaufort":3,"humidity":50,"sunshine":66,"hour":13,"pollenindex":8,"windspeed":17,"sunshinepower":838,"sunpower":838},{"datetime":"2020-06-22T14:00:00","datetimeutc":"2020-06-22T12:00:00","timetype":"Hour","precipitationmm":0.0,"temperature":21.2,"feeltemperature":21.2,"cloudcover":29,"iconcode":"j","iconid":7,"sources":2,"winddirection":"W","winddirectiondegrees":288,"windspeedms":4.9,"visibility":26020,"precipitation":0,"beaufort":3,"humidity":48,"sunshine":66,"hour":14,"pollenindex":8,"windspeed":18,"sunshinepower":853,"sunpower":853},{"datetime":"2020-06-22T15:00:00","datetimeutc":"2020-06-22T13:00:00","timetype":"Hour","precipitationmm":0.0,"temperature":21.2,"feeltemperature":21.2,"cloudcover":7,"iconcode":"a","iconid":1,"sources":2,"winddirection":"W","winddirectiondegrees":288,"windspeedms":5.0,"visibility":26620,"precipitation":0,"beaufort":3,"humidity":47,"sunshine":70,"hour":15,"pollenindex":8,"windspeed":18,"sunshinepower":830,"sunpower":830},{"datetime":"2020-06-22T16:00:00","datetimeutc":"2020-06-22T14:00:00","timetype":"Hour","precipitationmm":0.0,"temperature":21.2,"feeltemperature":21.2,"cloudcover":3,"iconcode":"a","iconid":1,"sources":2,"winddirection":"W","winddirectiondegrees":289,"windspeedms":4.6,"visibility":26620,"precipitation":0,"beaufort":3,"humidity":47,"sunshine":91,"hour":16,"pollenindex":8,"windspeed":17,"sunshinepower":765,"sunpower":765},{"datetime":"2020-06-22T17:00:00","datetimeutc":"2020-06-22T15:00:00","timetype":"Hour","precipitationmm":0.0,"temperature":21.0,"feeltemperature":21.0,"cloudcover":1,"iconcode":"a","iconid":1,"sources":2,"winddirection":"W","winddirectiondegrees":284,"windspeedms":4.2,"visibility":26810,"precipitation":0,"beaufort":3,"humidity":47,"sunshine":96,"hour":17,"pollenindex":8,"windspeed":15,"sunshinepower":664,"sunpower":664},{"datetime":"2020-06-22T18:00:00","datetimeutc":"2020-06-22T16:00:00","timetype":"Hour","precipitationmm":0.0,"temperature":20.5,"feeltemperature":20.5,"cloudcover":0,"iconcode":"a","iconid":1,"sources":2,"winddirection":"W","winddirectiondegrees":283,"windspeedms":3.7,"visibility":26820,"precipitation":0,"beaufort":2,"humidity":48,"sunshine":100,"hour":18,"pollenindex":8,"windspeed":13,"sunshinepower":533,"sunpower":533},{"datetime":"2020-06-22T19:00:00","datetimeutc":"2020-06-22T17:00:00","timetype":"Hour","precipitationmm":0.0,"temperature":19.8,"feeltemperature":19.8,"cloudcover":0,"iconcode":"a","iconid":1,"sources":2,"winddirection":"W","winddirectiondegrees":278,"windspeedms":3.1,"visibility":27420,"precipitation":0,"beaufort":2,"humidity":49,"sunshine":100,"hour":19,"pollenindex":7,"windspeed":11,"sunshinepower":382,"sunpower":382},{"datetime":"2020-06-22T20:00:00","datetimeutc":"2020-06-22T18:00:00","timetype":"Hour","precipitationmm":0.0,"temperature":18.9,"feeltemperature":18.9,"cloudcover":0,"iconcode":"a","iconid":1,"sources":2,"winddirection":"W","winddirectiondegrees":275,"windspeedms":2.6,"visibility":27410,"precipitation":0,"beaufort":2,"humidity":51,"sunshine":100,"hour":20,"pollenindex":7,"windspeed":9,"sunshinepower":228,"sunpower":228},{"datetime":"2020-06-22T21:00:00","datetimeutc":"2020-06-22T19:00:00","timetype":"Hour","precipitationmm":0.0,"temperature":17.7,"feeltemperature":17.7,"cloudcover":1,"iconcode":"a","iconid":1,"sources":2,"winddirection":"W","winddirectiondegrees":283,"windspeedms":1.9,"visibility":27020,"precipitation":0,"beaufort":1,"humidity":54,"sunshine":100,"hour":21,"pollenindex":7,"windspeed":7,"sunshinepower":90,"sunpower":90},{"datetime":"2020-06-22T22:00:00","datetimeutc":"2020-06-22T20:00:00","timetype":"Hour","precipitationmm":0.0,"temperature":16.5,"feeltemperature":16.5,"cloudcover":2,"iconcode":"a","iconid":1,"sources":2,"winddirection":"NW","winddirectiondegrees":293,"windspeedms":1.2,"visibility":26020,"precipitation":0,"beaufort":1,"humidity":58,"sunshine":98,"hour":22,"pollenindex":7,"windspeed":4,"sunshinepower":0,"sunpower":0},{"datetime":"2020-06-22T23:00:00","datetimeutc":"2020-06-22T21:00:00","timetype":"Hour","precipitationmm":0.0,"temperature":15.6,"feeltemperature":15.6,"cloudcover":3,"iconcode":"aa","iconid":1,"sources":2,"winddirection":"NW","winddirectiondegrees":309,"windspeedms":0.5,"visibility":25250,"precipitation":0,"beaufort":0,"humidity":65,"sunshine":15,"hour":23,"pollenindex":6,"windspeed":2,"sunshinepower":0,"sunpower":0}],"datetime":"2020-06-22T00:00:00","datetimeutc":"2020-06-21T22:00:00","timetype":"Day","precipitationmm":0.0,"mintemperature":14.4,"maxtemperature":21.2,"cloudcover":20,"iconcode":"j","iconid":2,"sources":2,"winddirection":"W","winddirectiondegrees":270,"windspeedms":3.1,"visibility":19861,"precipitation":0,"beaufort":2,"humidity":64,"sunshine":61,"uvindex":7,"bbqindex":10,"mosquitoindex":7,"pollenindex":6,"icescrapeindex":1,"mintemp":14.4,"maxtemp":21.2,"windspeed":3,"sunshinepower":369,"sunpower":369},{"date":"2020-06-23T00:00:00","sunrise":"2020-06-23T05:18:42","sunset":"2020-06-23T22:06:45","morning":{"datetime":"2020-06-23T07:00:00","datetimeutc":"2020-06-23T05:00:00","timetype":"Morning","precipitationmm":0.0,"mintemperature":14.5,"maxtemperature":21.8,"cloudcover":0,"iconcode":"a","iconid":1,"sources":1,"winddirection":"ZW","winddirectiondegrees":205,"windspeedms":1.7,"visibility":20730,"precipitation":0,"beaufort":1,"humidity":60,"sunshine":100,"hour":7,"mintemp":14.5,"maxtemp":21.8,"windspeed":6,"sunshinepower":432,"sunpower":432},"afternoon":{"datetime":"2020-06-23T12:00:00","datetimeutc":"2020-06-23T10:00:00","timetype":"Afternoon","precipitationmm":0.0,"mintemperature":23.0,"maxtemperature":25.5,"cloudcover":0,"iconcode":"a","iconid":1,"sources":1,"winddirection":"O","winddirectiondegrees":106,"windspeedms":2.0,"visibility":28410,"precipitation":0,"beaufort":2,"humidity":44,"sunshine":99,"hour":12,"mintemp":23.0,"maxtemp":25.5,"windspeed":7,"sunshinepower":796,"sunpower":796},"evening":{"datetime":"2020-06-23T20:00:00","datetimeutc":"2020-06-23T18:00:00","timetype":"Evening","precipitationmm":0.0,"mintemperature":19.1,"maxtemperature":24.8,"cloudcover":1,"iconcode":"a","iconid":1,"sources":1,"winddirection":"NO","winddirectiondegrees":54,"windspeedms":3.6,"visibility":23588,"precipitation":0,"beaufort":2,"humidity":56,"sunshine":85,"hour":20,"mintemp":19.1,"maxtemp":24.8,"windspeed":13,"sunshinepower":202,"sunpower":202},"night":{"datetime":"2020-06-23T00:00:00","datetimeutc":"2020-06-22T22:00:00","timetype":"Night","precipitationmm":0.0,"mintemperature":12.7,"maxtemperature":15.0,"cloudcover":0,"iconcode":"a","iconid":1,"sources":1,"winddirection":"ZO","winddirectiondegrees":130,"windspeedms":1.0,"visibility":19815,"precipitation":0,"beaufort":1,"humidity":74,"sunshine":10,"hour":0,"mintemp":12.7,"maxtemp":15.0,"windspeed":4,"sunshinepower":5,"sunpower":5},"hours":[{"datetime":"2020-06-23T00:00:00","datetimeutc":"2020-06-22T22:00:00","timetype":"Hour","precipitationmm":0.0,"temperature":15.0,"feeltemperature":15.0,"cloudcover":2,"iconcode":"aa","iconid":1,"sources":2,"winddirection":"NO","winddirectiondegrees":45,"windspeedms":0.3,"visibility":25650,"precipitation":0,"beaufort":0,"humidity":67,"sunshine":0,"hour":0,"pollenindex":6,"windspeed":1,"sunshinepower":0,"sunpower":0},{"datetime":"2020-06-23T01:00:00","datetimeutc":"2020-06-22T23:00:00","timetype":"Hour","precipitationmm":0.0,"temperature":14.4,"feeltemperature":14.4,"cloudcover":1,"iconcode":"aa","iconid":1,"sources":2,"winddirection":"O","winddirectiondegrees":108,"windspeedms":0.6,"visibility":24250,"precipitation":0,"beaufort":0,"humidity":69,"sunshine":0,"hour":1,"pollenindex":6,"windspeed":2,"sunshinepower":0,"sunpower":0},{"datetime":"2020-06-23T02:00:00","datetimeutc":"2020-06-23T00:00:00","timetype":"Hour","precipitationmm":0.0,"temperature":13.8,"feeltemperature":13.8,"cloudcover":0,"iconcode":"aa","iconid":1,"sources":2,"winddirection":"ZO","winddirectiondegrees":124,"windspeedms":1.0,"visibility":21650,"precipitation":0,"beaufort":1,"humidity":73,"sunshine":0,"hour":2,"pollenindex":5,"windspeed":4,"sunshinepower":0,"sunpower":0},{"datetime":"2020-06-23T03:00:00","datetimeutc":"2020-06-23T01:00:00","timetype":"Hour","precipitationmm":0.0,"temperature":13.2,"feeltemperature":13.2,"cloudcover":0,"iconcode":"aa","iconid":1,"sources":2,"winddirection":"ZO","winddirectiondegrees":135,"windspeedms":1.1,"visibility":19060,"precipitation":0,"beaufort":1,"humidity":75,"sunshine":0,"hour":3,"pollenindex":5,"windspeed":4,"sunshinepower":0,"sunpower":0},{"datetime":"2020-06-23T04:00:00","datetimeutc":"2020-06-23T02:00:00","timetype":"Hour","precipitationmm":0.0,"temperature":12.8,"feeltemperature":12.8,"cloudcover":0,"iconcode":"aa","iconid":1,"sources":2,"winddirection":"ZO","winddirectiondegrees":146,"windspeedms":1.3,"visibility":17260,"precipitation":0,"beaufort":1,"humidity":79,"sunshine":0,"hour":4,"pollenindex":5,"windspeed":5,"sunshinepower":0,"sunpower":0},{"datetime":"2020-06-23T05:00:00","datetimeutc":"2020-06-23T03:00:00","timetype":"Hour","precipitationmm":0.0,"temperature":12.7,"feeltemperature":12.7,"cloudcover":0,"iconcode":"aa","iconid":1,"sources":2,"winddirection":"Z","winddirectiondegrees":160,"windspeedms":1.4,"visibility":16030,"precipitation":0,"beaufort":1,"humidity":79,"sunshine":0,"hour":5,"pollenindex":5,"windspeed":5,"sunshinepower":0,"sunpower":0},{"datetime":"2020-06-23T06:00:00","datetimeutc":"2020-06-23T04:00:00","timetype":"Hour","precipitationmm":0.0,"temperature":13.2,"feeltemperature":13.2,"cloudcover":0,"iconcode":"a","iconid":1,"sources":2,"winddirection":"Z","winddirectiondegrees":169,"windspeedms":1.5,"visibility":14810,"precipitation":0,"beaufort":1,"humidity":77,"sunshine":73,"hour":6,"pollenindex":5,"windspeed":5,"sunshinepower":35,"sunpower":35},{"datetime":"2020-06-23T07:00:00","datetimeutc":"2020-06-23T05:00:00","timetype":"Hour","precipitationmm":0.0,"temperature":14.5,"feeltemperature":14.5,"cloudcover":0,"iconcode":"a","iconid":1,"sources":2,"winddirection":"Z","winddirectiondegrees":180,"windspeedms":1.4,"visibility":14210,"precipitation":0,"beaufort":1,"humidity":74,"sunshine":100,"hour":7,"pollenindex":5,"windspeed":5,"sunshinepower":143,"sunpower":143},{"datetime":"2020-06-23T08:00:00","datetimeutc":"2020-06-23T06:00:00","timetype":"Hour","precipitationmm":0.0,"temperature":16.4,"feeltemperature":16.4,"cloudcover":0,"iconcode":"a","iconid":1,"sources":2,"winddirection":"Z","winddirectiondegrees":188,"windspeedms":1.7,"visibility":16010,"precipitation":0,"beaufort":1,"humidity":68,"sunshine":100,"hour":8,"pollenindex":6,"windspeed":6,"sunshinepower":289,"sunpower":289},{"datetime":"2020-06-23T09:00:00","datetimeutc":"2020-06-23T07:00:00","timetype":"Hour","precipitationmm":0.0,"temperature":18.5,"feeltemperature":18.5,"cloudcover":0,"iconcode":"a","iconid":1,"sources":2,"winddirection":"ZW","winddirectiondegrees":205,"windspeedms":2.0,"visibility":19210,"precipitation":0,"beaufort":2,"humidity":59,"sunshine":100,"hour":9,"pollenindex":6,"windspeed":7,"sunshinepower":441,"sunpower":441},{"datetime":"2020-06-23T10:00:00","datetimeutc":"2020-06-23T08:00:00","timetype":"Hour","precipitationmm":0.0,"temperature":20.4,"feeltemperature":20.4,"cloudcover":1,"iconcode":"a","iconid":1,"sources":2,"winddirection":"ZW","winddirectiondegrees":225,"windspeedms":1.6,"visibility":26410,"precipitation":0,"beaufort":1,"humidity":51,"sunshine":100,"hour":10,"pollenindex":8,"windspeed":6,"sunshinepower":584,"sunpower":584},{"datetime":"2020-06-23T11:00:00","datetimeutc":"2020-06-23T09:00:00","timetype":"Hour","precipitationmm":0.0,"temperature":21.8,"feeltemperature":21.8,"cloudcover":1,"iconcode":"a","iconid":1,"sources":2,"winddirection":"ZW","winddirectiondegrees":228,"windspeedms":1.6,"visibility":27810,"precipitation":0,"beaufort":1,"humidity":48,"sunshine":100,"hour":11,"pollenindex":8,"windspeed":6,"sunshinepower":706,"sunpower":706},{"datetime":"2020-06-23T12:00:00","datetimeutc":"2020-06-23T10:00:00","timetype":"Hour","precipitationmm":0.0,"temperature":23.0,"feeltemperature":25.3,"cloudcover":1,"iconcode":"a","iconid":1,"sources":2,"winddirection":"ZW","winddirectiondegrees":225,"windspeedms":1.6,"visibility":27810,"precipitation":0,"beaufort":1,"humidity":46,"sunshine":98,"hour":12,"pollenindex":8,"windspeed":6,"sunshinepower":797,"sunpower":797},{"datetime":"2020-06-23T13:00:00","datetimeutc":"2020-06-23T11:00:00","timetype":"Hour","precipitationmm":0.0,"temperature":23.8,"feeltemperature":25.5,"cloudcover":0,"iconcode":"a","iconid":1,"sources":2,"winddirection":"Z","winddirectiondegrees":180,"windspeedms":1.4,"visibility":29010,"precipitation":0,"beaufort":1,"humidity":45,"sunshine":100,"hour":13,"pollenindex":8,"windspeed":5,"sunshinepower":852,"sunpower":852},{"datetime":"2020-06-23T14:00:00","datetimeutc":"2020-06-23T12:00:00","timetype":"Hour","precipitationmm":0.0,"temperature":24.6,"feeltemperature":25.8,"cloudcover":0,"iconcode":"a","iconid":1,"sources":2,"winddirection":"O","winddirectiondegrees":95,"windspeedms":1.3,"visibility":29010,"precipitation":0,"beaufort":1,"humidity":44,"sunshine":100,"hour":14,"pollenindex":8,"windspeed":5,"sunshinepower":865,"sunpower":865},{"datetime":"2020-06-23T15:00:00","datetimeutc":"2020-06-23T13:00:00","timetype":"Hour","precipitationmm":0.0,"temperature":25.2,"feeltemperature":26.1,"cloudcover":0,"iconcode":"a","iconid":1,"sources":2,"winddirection":"O","winddirectiondegrees":85,"windspeedms":1.7,"visibility":28810,"precipitation":0,"beaufort":1,"humidity":43,"sunshine":100,"hour":15,"pollenindex":8,"windspeed":6,"sunshinepower":835,"sunpower":835},{"datetime":"2020-06-23T16:00:00","datetimeutc":"2020-06-23T14:00:00","timetype":"Hour","precipitationmm":0.0,"temperature":25.5,"feeltemperature":26.2,"cloudcover":0,"iconcode":"a","iconid":1,"sources":2,"winddirection":"O","winddirectiondegrees":70,"windspeedms":2.5,"visibility":28210,"precipitation":0,"beaufort":2,"humidity":43,"sunshine":100,"hour":16,"pollenindex":8,"windspeed":9,"sunshinepower":766,"sunpower":766},{"datetime":"2020-06-23T17:00:00","datetimeutc":"2020-06-23T15:00:00","timetype":"Hour","precipitationmm":0.0,"temperature":25.5,"feeltemperature":26.2,"cloudcover":0,"iconcode":"a","iconid":1,"sources":2,"winddirection":"NO","winddirectiondegrees":62,"windspeedms":3.2,"visibility":27610,"precipitation":0,"beaufort":2,"humidity":43,"sunshine":100,"hour":17,"pollenindex":8,"windspeed":12,"sunshinepower":661,"sunpower":661},{"datetime":"2020-06-23T18:00:00","datetimeutc":"2020-06-23T16:00:00","timetype":"Hour","precipitationmm":0.0,"temperature":24.8,"feeltemperature":25.9,"cloudcover":0,"iconcode":"a","iconid":1,"sources":2,"winddirection":"NO","winddirectiondegrees":61,"windspeedms":3.5,"visibility":26810,"precipitation":0,"beaufort":2,"humidity":45,"sunshine":100,"hour":18,"pollenindex":8,"windspeed":13,"sunshinepower":526,"sunpower":526},{"datetime":"2020-06-23T19:00:00","datetimeutc":"2020-06-23T17:00:00","timetype":"Hour","precipitationmm":0.0,"temperature":23.9,"feeltemperature":25.6,"cloudcover":0,"iconcode":"a","iconid":1,"sources":2,"winddirection":"NO","winddirectiondegrees":62,"windspeedms":3.9,"visibility":26820,"precipitation":0,"beaufort":2,"humidity":49,"sunshine":100,"hour":19,"pollenindex":7,"windspeed":14,"sunshinepower":376,"sunpower":376},{"datetime":"2020-06-23T20:00:00","datetimeutc":"2020-06-23T18:00:00","timetype":"Hour","precipitationmm":0.0,"temperature":22.7,"feeltemperature":25.2,"cloudcover":0,"iconcode":"a","iconid":1,"sources":1,"winddirection":"NO","winddirectiondegrees":58,"windspeedms":3.67,"visibility":26220,"precipitation":0,"beaufort":2,"humidity":53,"sunshine":100,"hour":20,"pollenindex":7,"windspeed":13,"sunshinepower":225,"sunpower":225},{"datetime":"2020-06-23T21:00:00","datetimeutc":"2020-06-23T19:00:00","timetype":"Hour","precipitationmm":0.0,"temperature":21.3,"feeltemperature":21.3,"cloudcover":1,"iconcode":"a","iconid":1,"sources":1,"winddirection":"NO","winddirectiondegrees":49,"windspeedms":3.41,"visibility":23810,"precipitation":0,"beaufort":2,"humidity":58,"sunshine":100,"hour":21,"pollenindex":7,"windspeed":12,"sunshinepower":88,"sunpower":88},{"datetime":"2020-06-23T22:00:00","datetimeutc":"2020-06-23T20:00:00","timetype":"Hour","precipitationmm":0.0,"temperature":20.0,"feeltemperature":20.0,"cloudcover":3,"iconcode":"a","iconid":1,"sources":1,"winddirection":"NO","winddirectiondegrees":39,"windspeedms":3.2,"visibility":22620,"precipitation":0,"beaufort":2,"humidity":63,"sunshine":98,"hour":22,"pollenindex":6,"windspeed":12,"sunshinepower":0,"sunpower":0},{"datetime":"2020-06-23T23:00:00","datetimeutc":"2020-06-23T21:00:00","timetype":"Hour","precipitationmm":0.0,"temperature":19.1,"feeltemperature":19.1,"cloudcover":5,"iconcode":"aa","iconid":1,"sources":1,"winddirection":"NO","winddirectiondegrees":58,"windspeedms":3.8,"visibility":15250,"precipitation":0,"beaufort":2,"humidity":71,"sunshine":15,"hour":23,"pollenindex":6,"windspeed":14,"sunshinepower":0,"sunpower":0}],"datetime":"2020-06-23T00:00:00","datetimeutc":"2020-06-22T22:00:00","timetype":"Day","precipitationmm":0.0,"mintemperature":12.7,"maxtemperature":25.5,"cloudcover":0,"iconcode":"a","iconid":1,"sources":2,"winddirection":"NO","winddirectiondegrees":45,"windspeedms":2.0,"visibility":23097,"precipitation":0,"beaufort":2,"humidity":59,"sunshine":70,"uvindex":7,"bbqindex":10,"mosquitoindex":8,"pollenindex":6,"icescrapeindex":1,"mintemp":12.7,"maxtemp":25.5,"windspeed":2,"sunshinepower":341,"sunpower":341},{"date":"2020-06-24T00:00:00","sunrise":"2020-06-24T05:19:04","sunset":"2020-06-24T22:06:46","hours":[{"datetime":"2020-06-24T00:00:00","datetimeutc":"2020-06-23T22:00:00","timetype":"Hour","precipitationmm":0.0,"temperature":18.6,"feeltemperature":18.6,"cloudcover":9,"iconcode":"aa","iconid":1,"sources":1,"winddirection":"O","winddirectiondegrees":73,"windspeedms":4.07,"visibility":17660,"precipitation":0,"beaufort":3,"humidity":74,"sunshine":0,"hour":0,"pollenindex":5,"windspeed":15,"sunshinepower":0,"sunpower":0},{"datetime":"2020-06-24T01:00:00","datetimeutc":"2020-06-23T23:00:00","timetype":"Hour","precipitationmm":0.0,"temperature":18.2,"feeltemperature":18.2,"cloudcover":13,"iconcode":"aa","iconid":1,"sources":1,"winddirection":"O","winddirectiondegrees":81,"windspeedms":3.7,"visibility":17060,"precipitation":0,"beaufort":2,"humidity":77,"sunshine":0,"hour":1,"pollenindex":5,"windspeed":13,"sunshinepower":0,"sunpower":0},{"datetime":"2020-06-24T02:00:00","datetimeutc":"2020-06-24T00:00:00","timetype":"Hour","precipitationmm":0.0,"temperature":17.6,"feeltemperature":17.6,"cloudcover":15,"iconcode":"jj","iconid":1,"sources":1,"winddirection":"O","winddirectiondegrees":88,"windspeedms":3.63,"visibility":14060,"precipitation":0,"beaufort":2,"humidity":79,"sunshine":0,"hour":2,"pollenindex":5,"windspeed":13,"sunshinepower":0,"sunpower":0},{"datetime":"2020-06-24T03:00:00","datetimeutc":"2020-06-24T01:00:00","timetype":"Hour","precipitationmm":0.0,"temperature":17.0,"feeltemperature":17.0,"cloudcover":11,"iconcode":"aa","iconid":1,"sources":1,"winddirection":"O","winddirectiondegrees":93,"windspeedms":3.49,"visibility":12650,"precipitation":0,"beaufort":2,"humidity":80,"sunshine":0,"hour":3,"pollenindex":5,"windspeed":13,"sunshinepower":0,"sunpower":0},{"datetime":"2020-06-24T04:00:00","datetimeutc":"2020-06-24T02:00:00","timetype":"Hour","precipitationmm":0.0,"temperature":16.5,"feeltemperature":16.5,"cloudcover":5,"iconcode":"aa","iconid":2,"sources":1,"winddirection":"O","winddirectiondegrees":96,"windspeedms":3.42,"visibility":11660,"precipitation":0,"beaufort":2,"humidity":83,"sunshine":0,"hour":4,"pollenindex":5,"windspeed":12,"sunshinepower":0,"sunpower":0},{"datetime":"2020-06-24T05:00:00","datetimeutc":"2020-06-24T03:00:00","timetype":"Hour","precipitationmm":0.0,"temperature":16.4,"feeltemperature":16.4,"cloudcover":0,"iconcode":"aa","iconid":2,"sources":1,"winddirection":"O","winddirectiondegrees":99,"windspeedms":3.42,"visibility":11230,"precipitation":0,"beaufort":2,"humidity":81,"sunshine":0,"hour":5,"pollenindex":5,"windspeed":12,"sunshinepower":0,"sunpower":0},{"datetime":"2020-06-24T06:00:00","datetimeutc":"2020-06-24T04:00:00","timetype":"Hour","precipitationmm":0.0,"temperature":16.7,"feeltemperature":16.7,"cloudcover":0,"iconcode":"a","iconid":2,"sources":1,"winddirection":"O","winddirectiondegrees":101,"windspeedms":3.53,"visibility":11220,"precipitation":0,"beaufort":2,"humidity":79,"sunshine":71,"hour":6,"pollenindex":5,"windspeed":13,"sunshinepower":37,"sunpower":37},{"datetime":"2020-06-24T07:00:00","datetimeutc":"2020-06-24T05:00:00","timetype":"Hour","precipitationmm":0.0,"temperature":17.8,"feeltemperature":17.8,"cloudcover":0,"iconcode":"a","iconid":2,"sources":1,"winddirection":"O","winddirectiondegrees":108,"windspeedms":3.6,"visibility":13220,"precipitation":0,"beaufort":2,"humidity":74,"sunshine":100,"hour":7,"pollenindex":5,"windspeed":13,"sunshinepower":146,"sunpower":146},{"datetime":"2020-06-24T08:00:00","datetimeutc":"2020-06-24T06:00:00","timetype":"Hour","precipitationmm":0.0,"temperature":19.3,"feeltemperature":19.3,"cloudcover":0,"iconcode":"a","iconid":2,"sources":1,"winddirection":"ZO","winddirectiondegrees":114,"windspeedms":3.58,"visibility":14220,"precipitation":0,"beaufort":2,"humidity":69,"sunshine":100,"hour":8,"pollenindex":6,"windspeed":13,"sunshinepower":291,"sunpower":291},{"datetime":"2020-06-24T09:00:00","datetimeutc":"2020-06-24T07:00:00","timetype":"Hour","precipitationmm":0.0,"temperature":21.2,"feeltemperature":21.2,"cloudcover":0,"iconcode":"a","iconid":2,"sources":1,"winddirection":"ZO","winddirectiondegrees":114,"windspeedms":3.61,"visibility":16820,"precipitation":0,"beaufort":2,"humidity":63,"sunshine":100,"hour":9,"pollenindex":6,"windspeed":13,"sunshinepower":440,"sunpower":440},{"datetime":"2020-06-24T10:00:00","datetimeutc":"2020-06-24T08:00:00","timetype":"Hour","precipitationmm":0.0,"temperature":23.1,"feeltemperature":25.2,"cloudcover":0,"iconcode":"a","iconid":2,"sources":1,"winddirection":"ZO","winddirectiondegrees":115,"windspeedms":4.07,"visibility":20620,"precipitation":0,"beaufort":3,"humidity":57,"sunshine":100,"hour":10,"pollenindex":8,"windspeed":15,"sunshinepower":581,"sunpower":581},{"datetime":"2020-06-24T11:00:00","datetimeutc":"2020-06-24T09:00:00","timetype":"Hour","precipitationmm":0.0,"temperature":24.6,"feeltemperature":25.9,"cloudcover":0,"iconcode":"a","iconid":2,"sources":1,"winddirection":"ZO","winddirectiondegrees":121,"windspeedms":4.63,"visibility":27220,"precipitation":0,"beaufort":3,"humidity":50,"sunshine":100,"hour":11,"pollenindex":8,"windspeed":17,"sunshinepower":700,"sunpower":700},{"datetime":"2020-06-24T12:00:00","datetimeutc":"2020-06-24T10:00:00","timetype":"Hour","precipitationmm":0.0,"temperature":26.0,"feeltemperature":26.6,"cloudcover":0,"iconcode":"a","iconid":2,"sources":1,"winddirection":"ZO","winddirectiondegrees":117,"windspeedms":4.87,"visibility":30420,"precipitation":0,"beaufort":3,"humidity":45,"sunshine":100,"hour":12,"pollenindex":8,"windspeed":18,"sunshinepower":789,"sunpower":789},{"datetime":"2020-06-24T13:00:00","datetimeutc":"2020-06-24T11:00:00","timetype":"Hour","precipitationmm":0.0,"temperature":27.0,"feeltemperature":27.1,"cloudcover":0,"iconcode":"a","iconid":2,"sources":1,"winddirection":"O","winddirectiondegrees":109,"windspeedms":5.01,"visibility":34220,"precipitation":0,"beaufort":3,"humidity":41,"sunshine":100,"hour":13,"pollenindex":8,"windspeed":18,"sunshinepower":842,"sunpower":842},{"datetime":"2020-06-24T14:00:00","datetimeutc":"2020-06-24T12:00:00","timetype":"Hour","precipitationmm":0.0,"temperature":27.9,"feeltemperature":27.6,"cloudcover":0,"iconcode":"a","iconid":2,"sources":1,"winddirection":"O","winddirectiondegrees":106,"windspeedms":5.22,"visibility":35820,"precipitation":0,"beaufort":3,"humidity":38,"sunshine":100,"hour":14,"pollenindex":8,"windspeed":19,"sunshinepower":856,"sunpower":856},{"datetime":"2020-06-24T15:00:00","datetimeutc":"2020-06-24T13:00:00","timetype":"Hour","precipitationmm":0.0,"temperature":28.5,"feeltemperature":28.0,"cloudcover":0,"iconcode":"a","iconid":1,"sources":1,"winddirection":"O","winddirectiondegrees":111,"windspeedms":5.27,"visibility":36000,"precipitation":0,"beaufort":3,"humidity":36,"sunshine":100,"hour":15,"pollenindex":8,"windspeed":19,"sunshinepower":829,"sunpower":829},{"datetime":"2020-06-24T16:00:00","datetimeutc":"2020-06-24T14:00:00","timetype":"Hour","precipitationmm":0.0,"temperature":28.9,"feeltemperature":28.3,"cloudcover":0,"iconcode":"a","iconid":1,"sources":1,"winddirection":"O","winddirectiondegrees":112,"windspeedms":5.3,"visibility":36000,"precipitation":0,"beaufort":3,"humidity":35,"sunshine":100,"hour":16,"pollenindex":8,"windspeed":19,"sunshinepower":762,"sunpower":762},{"datetime":"2020-06-24T17:00:00","datetimeutc":"2020-06-24T15:00:00","timetype":"Hour","precipitationmm":0.0,"temperature":29.1,"feeltemperature":28.4,"cloudcover":0,"iconcode":"a","iconid":1,"sources":1,"winddirection":"O","winddirectiondegrees":112,"windspeedms":5.27,"visibility":34400,"precipitation":0,"beaufort":3,"humidity":34,"sunshine":100,"hour":17,"pollenindex":8,"windspeed":19,"sunshinepower":660,"sunpower":660},{"datetime":"2020-06-24T18:00:00","datetimeutc":"2020-06-24T16:00:00","timetype":"Hour","precipitationmm":0.0,"temperature":28.7,"feeltemperature":28.2,"cloudcover":0,"iconcode":"a","iconid":2,"sources":1,"winddirection":"O","winddirectiondegrees":112,"windspeedms":5.27,"visibility":33200,"precipitation":0,"beaufort":3,"humidity":36,"sunshine":100,"hour":18,"pollenindex":8,"windspeed":19,"sunshinepower":529,"sunpower":529},{"datetime":"2020-06-24T19:00:00","datetimeutc":"2020-06-24T17:00:00","timetype":"Hour","precipitationmm":0.0,"temperature":28.0,"feeltemperature":27.9,"cloudcover":0,"iconcode":"a","iconid":2,"sources":1,"winddirection":"ZO","winddirectiondegrees":113,"windspeedms":5.15,"visibility":31810,"precipitation":0,"beaufort":3,"humidity":40,"sunshine":100,"hour":19,"pollenindex":7,"windspeed":19,"sunshinepower":380,"sunpower":380},{"datetime":"2020-06-24T20:00:00","datetimeutc":"2020-06-24T18:00:00","timetype":"Hour","precipitationmm":0.0,"temperature":26.9,"feeltemperature":27.3,"cloudcover":0,"iconcode":"a","iconid":2,"sources":1,"winddirection":"ZO","winddirectiondegrees":113,"windspeedms":4.82,"visibility":29610,"precipitation":0,"beaufort":3,"humidity":45,"sunshine":100,"hour":20,"pollenindex":7,"windspeed":17,"sunshinepower":228,"sunpower":228},{"datetime":"2020-06-24T21:00:00","datetimeutc":"2020-06-24T19:00:00","timetype":"Hour","precipitationmm":0.0,"temperature":25.4,"feeltemperature":26.4,"cloudcover":0,"iconcode":"a","iconid":2,"sources":1,"winddirection":"O","winddirectiondegrees":109,"windspeedms":4.31,"visibility":25410,"precipitation":0,"beaufort":3,"humidity":50,"sunshine":100,"hour":21,"pollenindex":7,"windspeed":16,"sunshinepower":91,"sunpower":91},{"datetime":"2020-06-24T22:00:00","datetimeutc":"2020-06-24T20:00:00","timetype":"Hour","precipitationmm":0.0,"temperature":23.9,"feeltemperature":25.6,"cloudcover":0,"iconcode":"a","iconid":1,"sources":1,"winddirection":"O","winddirectiondegrees":106,"windspeedms":3.99,"visibility":21610,"precipitation":0,"beaufort":2,"humidity":54,"sunshine":100,"hour":22,"pollenindex":7,"windspeed":14,"sunshinepower":0,"sunpower":0},{"datetime":"2020-06-24T23:00:00","datetimeutc":"2020-06-24T21:00:00","timetype":"Hour","precipitationmm":0.0,"temperature":22.7,"feeltemperature":25.0,"cloudcover":0,"iconcode":"aa","iconid":1,"sources":1,"winddirection":"O","winddirectiondegrees":105,"windspeedms":4.01,"visibility":19210,"precipitation":0,"beaufort":3,"humidity":59,"sunshine":15,"hour":23,"pollenindex":6,"windspeed":14,"sunshinepower":0,"sunpower":0}],"datetime":"2020-06-24T00:00:00","datetimeutc":"2020-06-23T22:00:00","timetype":"Day","precipitationmm":0.0,"mintemperature":16.4,"maxtemperature":29.1,"cloudcover":0,"iconcode":"a","iconid":1,"sources":1,"winddirection":"O","winddirectiondegrees":90,"windspeedms":4.3,"precipitation":0,"beaufort":3,"uvindex":7,"bbqindex":9,"mosquitoindex":7,"pollenindex":6,"icescrapeindex":1,"mintemp":16.4,"maxtemp":29.1,"windspeed":4},{"date":"2020-06-25T00:00:00","sunrise":"2020-06-25T05:19:30","sunset":"2020-06-25T22:06:45","hours":[{"datetime":"2020-06-25T00:00:00","datetimeutc":"2020-06-24T22:00:00","timetype":"Hour","precipitationmm":0.0,"temperature":21.8,"feeltemperature":21.8,"cloudcover":0,"iconcode":"aa","iconid":1,"sources":1,"winddirection":"O","winddirectiondegrees":107,"windspeedms":3.85,"visibility":16810,"precipitation":0,"beaufort":2,"humidity":63,"sunshine":0,"hour":0,"pollenindex":6,"windspeed":14,"sunshinepower":0,"sunpower":0},{"datetime":"2020-06-25T01:00:00","datetimeutc":"2020-06-24T23:00:00","timetype":"Hour","precipitationmm":0.0,"temperature":20.9,"feeltemperature":20.9,"cloudcover":0,"iconcode":"aa","iconid":1,"sources":1,"winddirection":"O","winddirectiondegrees":105,"windspeedms":3.71,"visibility":14410,"precipitation":0,"beaufort":2,"humidity":68,"sunshine":0,"hour":1,"pollenindex":6,"windspeed":13,"sunshinepower":0,"sunpower":0},{"datetime":"2020-06-25T02:00:00","datetimeutc":"2020-06-25T00:00:00","timetype":"Hour","precipitationmm":0.0,"temperature":20.0,"feeltemperature":20.0,"cloudcover":0,"iconcode":"aa","iconid":1,"sources":1,"winddirection":"O","winddirectiondegrees":107,"windspeedms":3.61,"visibility":13020,"precipitation":0,"beaufort":2,"humidity":72,"sunshine":0,"hour":2,"pollenindex":5,"windspeed":13,"sunshinepower":0,"sunpower":0},{"datetime":"2020-06-25T03:00:00","datetimeutc":"2020-06-25T01:00:00","timetype":"Hour","precipitationmm":0.0,"temperature":19.2,"feeltemperature":19.2,"cloudcover":0,"iconcode":"aa","iconid":1,"sources":1,"winddirection":"O","winddirectiondegrees":109,"windspeedms":3.51,"visibility":11420,"precipitation":0,"beaufort":2,"humidity":75,"sunshine":0,"hour":3,"pollenindex":5,"windspeed":13,"sunshinepower":0,"sunpower":0},{"datetime":"2020-06-25T04:00:00","datetimeutc":"2020-06-25T02:00:00","timetype":"Hour","precipitationmm":0.0,"temperature":18.6,"feeltemperature":18.6,"cloudcover":0,"iconcode":"aa","iconid":1,"sources":1,"winddirection":"ZO","winddirectiondegrees":113,"windspeedms":3.3,"visibility":10210,"precipitation":0,"beaufort":2,"humidity":78,"sunshine":0,"hour":4,"pollenindex":5,"windspeed":12,"sunshinepower":0,"sunpower":0},{"datetime":"2020-06-25T05:00:00","datetimeutc":"2020-06-25T03:00:00","timetype":"Hour","precipitationmm":0.0,"temperature":18.4,"feeltemperature":18.4,"cloudcover":0,"iconcode":"aa","iconid":2,"sources":1,"winddirection":"ZO","winddirectiondegrees":115,"windspeedms":3.09,"visibility":10000,"precipitation":0,"beaufort":2,"humidity":78,"sunshine":0,"hour":5,"pollenindex":5,"windspeed":11,"sunshinepower":0,"sunpower":0},{"datetime":"2020-06-25T06:00:00","datetimeutc":"2020-06-25T04:00:00","timetype":"Hour","precipitationmm":0.0,"temperature":18.8,"feeltemperature":18.8,"cloudcover":0,"iconcode":"a","iconid":1,"sources":1,"winddirection":"O","winddirectiondegrees":112,"windspeedms":3.18,"visibility":10000,"precipitation":0,"beaufort":2,"humidity":77,"sunshine":71,"hour":6,"pollenindex":5,"windspeed":11,"sunshinepower":36,"sunpower":36},{"datetime":"2020-06-25T07:00:00","datetimeutc":"2020-06-25T05:00:00","timetype":"Hour","precipitationmm":0.0,"temperature":19.9,"feeltemperature":19.9,"cloudcover":0,"iconcode":"a","iconid":1,"sources":1,"winddirection":"ZO","winddirectiondegrees":115,"windspeedms":3.12,"visibility":10400,"precipitation":0,"beaufort":2,"humidity":74,"sunshine":100,"hour":7,"pollenindex":5,"windspeed":11,"sunshinepower":143,"sunpower":143},{"datetime":"2020-06-25T08:00:00","datetimeutc":"2020-06-25T06:00:00","timetype":"Hour","precipitationmm":0.0,"temperature":21.5,"feeltemperature":21.5,"cloudcover":0,"iconcode":"a","iconid":1,"sources":1,"winddirection":"ZO","winddirectiondegrees":124,"windspeedms":3.51,"visibility":15000,"precipitation":0,"beaufort":2,"humidity":69,"sunshine":100,"hour":8,"pollenindex":6,"windspeed":13,"sunshinepower":287,"sunpower":287},{"datetime":"2020-06-25T09:00:00","datetimeutc":"2020-06-25T07:00:00","timetype":"Hour","precipitationmm":0.0,"temperature":23.3,"feeltemperature":25.1,"cloudcover":0,"iconcode":"a","iconid":1,"sources":1,"winddirection":"ZO","winddirectiondegrees":131,"windspeedms":3.9,"visibility":17400,"precipitation":0,"beaufort":2,"humidity":63,"sunshine":100,"hour":9,"pollenindex":6,"windspeed":14,"sunshinepower":438,"sunpower":438},{"datetime":"2020-06-25T10:00:00","datetimeutc":"2020-06-25T08:00:00","timetype":"Hour","precipitationmm":0.0,"temperature":25.2,"feeltemperature":26.4,"cloudcover":0,"iconcode":"a","iconid":1,"sources":1,"winddirection":"ZO","winddirectiondegrees":132,"windspeedms":4.22,"visibility":20800,"precipitation":0,"beaufort":3,"humidity":56,"sunshine":100,"hour":10,"pollenindex":8,"windspeed":15,"sunshinepower":580,"sunpower":580},{"datetime":"2020-06-25T11:00:00","datetimeutc":"2020-06-25T09:00:00","timetype":"Hour","precipitationmm":0.0,"temperature":26.6,"feeltemperature":27.3,"cloudcover":0,"iconcode":"a","iconid":1,"sources":1,"winddirection":"ZO","winddirectiondegrees":132,"windspeedms":4.67,"visibility":24600,"precipitation":0,"beaufort":3,"humidity":50,"sunshine":100,"hour":11,"pollenindex":8,"windspeed":17,"sunshinepower":701,"sunpower":701},{"datetime":"2020-06-25T12:00:00","datetimeutc":"2020-06-25T10:00:00","timetype":"Hour","precipitationmm":0.0,"temperature":27.8,"feeltemperature":28.1,"cloudcover":3,"iconcode":"a","iconid":1,"sources":1,"winddirection":"ZO","winddirectiondegrees":127,"windspeedms":4.97,"visibility":25600,"precipitation":0,"beaufort":3,"humidity":46,"sunshine":100,"hour":12,"pollenindex":8,"windspeed":18,"sunshinepower":791,"sunpower":791},{"datetime":"2020-06-25T13:00:00","datetimeutc":"2020-06-25T11:00:00","timetype":"Hour","precipitationmm":0.0,"temperature":28.5,"feeltemperature":28.6,"cloudcover":8,"iconcode":"a","iconid":4,"sources":1,"winddirection":"ZO","winddirectiondegrees":121,"windspeedms":5.27,"visibility":27000,"precipitation":0,"beaufort":3,"humidity":43,"sunshine":96,"hour":13,"pollenindex":8,"windspeed":19,"sunshinepower":844,"sunpower":844},{"datetime":"2020-06-25T14:00:00","datetimeutc":"2020-06-25T12:00:00","timetype":"Hour","precipitationmm":0.0,"temperature":29.1,"feeltemperature":29.0,"cloudcover":29,"iconcode":"j","iconid":4,"sources":1,"winddirection":"ZO","winddirectiondegrees":117,"windspeedms":5.56,"visibility":27800,"precipitation":0,"beaufort":3,"humidity":41,"sunshine":91,"hour":14,"pollenindex":8,"windspeed":20,"sunshinepower":855,"sunpower":855},{"datetime":"2020-06-25T15:00:00","datetimeutc":"2020-06-25T13:00:00","timetype":"Hour","precipitationmm":0.0,"temperature":29.4,"feeltemperature":29.5,"cloudcover":34,"iconcode":"j","iconid":4,"sources":1,"winddirection":"ZO","winddirectiondegrees":117,"windspeedms":5.72,"visibility":28000,"precipitation":0,"beaufort":3,"humidity":42,"sunshine":68,"hour":15,"pollenindex":8,"windspeed":21,"sunshinepower":824,"sunpower":824},{"datetime":"2020-06-25T16:00:00","datetimeutc":"2020-06-25T14:00:00","timetype":"Hour","precipitationmm":0.0,"temperature":29.6,"feeltemperature":29.8,"cloudcover":39,"iconcode":"j","iconid":10,"sources":1,"winddirection":"ZO","winddirectiondegrees":119,"windspeedms":5.74,"visibility":28600,"precipitation":0,"beaufort":3,"humidity":42,"sunshine":63,"hour":16,"pollenindex":8,"windspeed":21,"sunshinepower":753,"sunpower":753},{"datetime":"2020-06-25T17:00:00","datetimeutc":"2020-06-25T15:00:00","timetype":"Hour","precipitationmm":0.0,"temperature":29.8,"feeltemperature":29.8,"cloudcover":39,"iconcode":"j","iconid":10,"sources":1,"winddirection":"ZO","winddirectiondegrees":123,"windspeedms":5.76,"visibility":30400,"precipitation":0,"beaufort":3,"humidity":41,"sunshine":58,"hour":17,"pollenindex":8,"windspeed":21,"sunshinepower":647,"sunpower":647},{"datetime":"2020-06-25T18:00:00","datetimeutc":"2020-06-25T16:00:00","timetype":"Hour","precipitationmm":0.0,"temperature":29.5,"feeltemperature":29.5,"cloudcover":35,"iconcode":"j","iconid":10,"sources":1,"winddirection":"ZO","winddirectiondegrees":127,"windspeedms":5.63,"visibility":30600,"precipitation":0,"beaufort":3,"humidity":41,"sunshine":58,"hour":18,"pollenindex":8,"windspeed":20,"sunshinepower":515,"sunpower":515},{"datetime":"2020-06-25T19:00:00","datetimeutc":"2020-06-25T17:00:00","timetype":"Hour","precipitationmm":0.0,"temperature":28.9,"feeltemperature":29.2,"cloudcover":39,"iconcode":"j","iconid":10,"sources":1,"winddirection":"ZO","winddirectiondegrees":131,"windspeedms":5.28,"visibility":30400,"precipitation":0,"beaufort":3,"humidity":44,"sunshine":61,"hour":19,"pollenindex":7,"windspeed":19,"sunshinepower":369,"sunpower":369},{"datetime":"2020-06-25T20:00:00","datetimeutc":"2020-06-25T18:00:00","timetype":"Hour","precipitationmm":0.0,"temperature":28.0,"feeltemperature":28.5,"cloudcover":39,"iconcode":"j","iconid":10,"sources":1,"winddirection":"ZO","winddirectiondegrees":131,"windspeedms":4.82,"visibility":28800,"precipitation":0,"beaufort":3,"humidity":48,"sunshine":58,"hour":20,"pollenindex":7,"windspeed":17,"sunshinepower":222,"sunpower":222},{"datetime":"2020-06-25T21:00:00","datetimeutc":"2020-06-25T19:00:00","timetype":"Hour","precipitationmm":0.0,"temperature":26.6,"feeltemperature":27.5,"cloudcover":4,"iconcode":"a","iconid":2,"sources":1,"winddirection":"ZO","winddirectiondegrees":129,"windspeedms":4.08,"visibility":24800,"precipitation":0,"beaufort":3,"humidity":53,"sunshine":58,"hour":21,"pollenindex":7,"windspeed":15,"sunshinepower":88,"sunpower":88},{"datetime":"2020-06-25T22:00:00","datetimeutc":"2020-06-25T20:00:00","timetype":"Hour","precipitationmm":0.0,"temperature":25.3,"feeltemperature":26.4,"cloudcover":5,"iconcode":"a","iconid":2,"sources":1,"winddirection":"ZO","winddirectiondegrees":123,"windspeedms":3.77,"visibility":21200,"precipitation":0,"beaufort":2,"humidity":55,"sunshine":95,"hour":22,"pollenindex":7,"windspeed":14,"sunshinepower":0,"sunpower":0},{"datetime":"2020-06-25T23:00:00","datetimeutc":"2020-06-25T21:00:00","timetype":"Hour","precipitationmm":0.0,"temperature":24.1,"feeltemperature":25.6,"cloudcover":5,"iconcode":"aa","iconid":1,"sources":1,"winddirection":"ZO","winddirectiondegrees":118,"windspeedms":3.86,"visibility":18600,"precipitation":0,"beaufort":2,"humidity":60,"sunshine":15,"hour":23,"pollenindex":6,"windspeed":14,"sunshinepower":0,"sunpower":0}],"datetime":"2020-06-25T00:00:00","datetimeutc":"2020-06-24T22:00:00","timetype":"Day","precipitationmm":0.0,"mintemperature":18.4,"maxtemperature":29.8,"cloudcover":25,"iconcode":"j","iconid":2,"sources":1,"winddirection":"ZO","winddirectiondegrees":135,"windspeedms":4.34,"precipitation":0,"beaufort":3,"uvindex":7,"bbqindex":8,"mosquitoindex":7,"pollenindex":6,"icescrapeindex":1,"mintemp":18.4,"maxtemp":29.8,"windspeed":4},{"date":"2020-06-26T00:00:00","sunrise":"2020-06-26T05:19:58","sunset":"2020-06-26T22:06:40","hours":[{"datetime":"2020-06-26T00:00:00","datetimeutc":"2020-06-25T22:00:00","timetype":"Hour","precipitationmm":0.0,"temperature":23.4,"feeltemperature":25.1,"cloudcover":3,"iconcode":"aa","iconid":1,"sources":1,"winddirection":"ZO","winddirectiondegrees":117,"windspeedms":3.9,"visibility":16600,"precipitation":0,"beaufort":2,"humidity":63,"sunshine":0,"hour":0,"pollenindex":6,"windspeed":14,"sunshinepower":0,"sunpower":0},{"datetime":"2020-06-26T01:00:00","datetimeutc":"2020-06-25T23:00:00","timetype":"Hour","precipitationmm":0.0,"temperature":22.5,"feeltemperature":24.3,"cloudcover":0,"iconcode":"aa","iconid":1,"sources":1,"winddirection":"ZO","winddirectiondegrees":122,"windspeedms":3.86,"visibility":15210,"precipitation":0,"beaufort":2,"humidity":68,"sunshine":0,"hour":1,"pollenindex":6,"windspeed":14,"sunshinepower":0,"sunpower":0},{"datetime":"2020-06-26T02:00:00","datetimeutc":"2020-06-26T00:00:00","timetype":"Hour","precipitationmm":0.0,"temperature":21.6,"feeltemperature":21.6,"cloudcover":2,"iconcode":"aa","iconid":1,"sources":1,"winddirection":"ZO","winddirectiondegrees":130,"windspeedms":3.75,"visibility":14010,"precipitation":0,"beaufort":2,"humidity":73,"sunshine":0,"hour":2,"pollenindex":5,"windspeed":14,"sunshinepower":0,"sunpower":0},{"datetime":"2020-06-26T03:00:00","datetimeutc":"2020-06-26T01:00:00","timetype":"Hour","precipitationmm":0.0,"temperature":20.7,"feeltemperature":20.7,"cloudcover":29,"iconcode":"jj","iconid":4,"sources":1,"winddirection":"ZO","winddirectiondegrees":134,"windspeedms":3.4,"visibility":12610,"precipitation":0,"beaufort":2,"humidity":75,"sunshine":0,"hour":3,"pollenindex":5,"windspeed":12,"sunshinepower":0,"sunpower":0},{"datetime":"2020-06-26T04:00:00","datetimeutc":"2020-06-26T02:00:00","timetype":"Hour","precipitationmm":0.0,"temperature":20.2,"feeltemperature":20.2,"cloudcover":30,"iconcode":"jj","iconid":7,"sources":1,"winddirection":"ZO","winddirectiondegrees":133,"windspeedms":3.21,"visibility":11400,"precipitation":0,"beaufort":2,"humidity":78,"sunshine":0,"hour":4,"pollenindex":5,"windspeed":12,"sunshinepower":0,"sunpower":0},{"datetime":"2020-06-26T05:00:00","datetimeutc":"2020-06-26T03:00:00","timetype":"Hour","precipitationmm":0.0,"temperature":20.0,"feeltemperature":20.0,"cloudcover":30,"iconcode":"jj","iconid":19,"sources":1,"winddirection":"ZO","winddirectiondegrees":132,"windspeedms":3.14,"visibility":10200,"precipitation":0,"beaufort":2,"humidity":79,"sunshine":0,"hour":5,"pollenindex":5,"windspeed":11,"sunshinepower":0,"sunpower":0},{"datetime":"2020-06-26T06:00:00","datetimeutc":"2020-06-26T04:00:00","timetype":"Hour","precipitationmm":0.0,"temperature":20.4,"feeltemperature":20.4,"cloudcover":30,"iconcode":"j","iconid":7,"sources":1,"winddirection":"ZO","winddirectiondegrees":131,"windspeedms":3.33,"visibility":10000,"precipitation":0,"beaufort":2,"humidity":78,"sunshine":48,"hour":6,"pollenindex":5,"windspeed":12,"sunshinepower":33,"sunpower":33},{"datetime":"2020-06-26T07:00:00","datetimeutc":"2020-06-26T05:00:00","timetype":"Hour","precipitationmm":0.0,"temperature":21.4,"feeltemperature":21.4,"cloudcover":28,"iconcode":"j","iconid":4,"sources":1,"winddirection":"ZO","winddirectiondegrees":134,"windspeedms":3.43,"visibility":11600,"precipitation":0,"beaufort":2,"humidity":76,"sunshine":68,"hour":7,"pollenindex":5,"windspeed":12,"sunshinepower":140,"sunpower":140},{"datetime":"2020-06-26T08:00:00","datetimeutc":"2020-06-26T06:00:00","timetype":"Hour","precipitationmm":0.0,"temperature":22.8,"feeltemperature":24.2,"cloudcover":0,"iconcode":"a","iconid":1,"sources":1,"winddirection":"ZO","winddirectiondegrees":136,"windspeedms":3.62,"visibility":14400,"precipitation":0,"beaufort":2,"humidity":71,"sunshine":70,"hour":8,"pollenindex":5,"windspeed":13,"sunshinepower":285,"sunpower":285},{"datetime":"2020-06-26T09:00:00","datetimeutc":"2020-06-26T07:00:00","timetype":"Hour","precipitationmm":0.0,"temperature":24.4,"feeltemperature":25.7,"cloudcover":0,"iconcode":"a","iconid":1,"sources":1,"winddirection":"ZO","winddirectiondegrees":137,"windspeedms":3.94,"visibility":17200,"precipitation":0,"beaufort":2,"humidity":66,"sunshine":100,"hour":9,"pollenindex":6,"windspeed":14,"sunshinepower":436,"sunpower":436},{"datetime":"2020-06-26T10:00:00","datetimeutc":"2020-06-26T08:00:00","timetype":"Hour","precipitationmm":0.0,"temperature":25.9,"feeltemperature":27.2,"cloudcover":46,"iconcode":"j","iconid":13,"sources":1,"winddirection":"ZO","winddirectiondegrees":142,"windspeedms":4.32,"visibility":20200,"precipitation":0,"beaufort":3,"humidity":61,"sunshine":100,"hour":10,"pollenindex":7,"windspeed":16,"sunshinepower":574,"sunpower":574},{"datetime":"2020-06-26T11:00:00","datetimeutc":"2020-06-26T09:00:00","timetype":"Hour","precipitationmm":0.0,"temperature":27.1,"feeltemperature":28.0,"cloudcover":46,"iconcode":"j","iconid":13,"sources":1,"winddirection":"ZO","winddirectiondegrees":149,"windspeedms":5.09,"visibility":24800,"precipitation":0,"beaufort":3,"humidity":54,"sunshine":51,"hour":11,"pollenindex":8,"windspeed":18,"sunshinepower":692,"sunpower":692},{"datetime":"2020-06-26T12:00:00","datetimeutc":"2020-06-26T10:00:00","timetype":"Hour","precipitationmm":0.0,"temperature":28.0,"feeltemperature":28.7,"cloudcover":43,"iconcode":"j","iconid":4,"sources":1,"winddirection":"ZO","winddirectiondegrees":151,"windspeedms":5.57,"visibility":27600,"precipitation":0,"beaufort":3,"humidity":49,"sunshine":51,"hour":12,"pollenindex":8,"windspeed":20,"sunshinepower":785,"sunpower":785},{"datetime":"2020-06-26T13:00:00","datetimeutc":"2020-06-26T11:00:00","timetype":"Hour","precipitationmm":0.0,"temperature":28.8,"feeltemperature":29.2,"cloudcover":30,"iconcode":"j","iconid":7,"sources":1,"winddirection":"ZO","winddirectiondegrees":148,"windspeedms":5.63,"visibility":28000,"precipitation":0,"beaufort":3,"humidity":45,"sunshine":55,"hour":13,"pollenindex":8,"windspeed":20,"sunshinepower":835,"sunpower":835},{"datetime":"2020-06-26T14:00:00","datetimeutc":"2020-06-26T12:00:00","timetype":"Hour","precipitationmm":0.0,"temperature":29.5,"feeltemperature":29.6,"cloudcover":39,"iconcode":"j","iconid":8,"sources":1,"winddirection":"ZO","winddirectiondegrees":146,"windspeedms":5.61,"visibility":28400,"precipitation":0,"beaufort":3,"humidity":42,"sunshine":68,"hour":14,"pollenindex":8,"windspeed":20,"sunshinepower":832,"sunpower":832},{"datetime":"2020-06-26T15:00:00","datetimeutc":"2020-06-26T13:00:00","timetype":"Hour","precipitationmm":0.0,"temperature":30.0,"feeltemperature":30.2,"cloudcover":39,"iconcode":"j","iconid":8,"sources":1,"winddirection":"ZO","winddirectiondegrees":148,"windspeedms":5.46,"visibility":29200,"precipitation":1,"beaufort":3,"humidity":42,"sunshine":58,"hour":15,"pollenindex":8,"windspeed":20,"sunshinepower":785,"sunpower":785},{"datetime":"2020-06-26T16:00:00","datetimeutc":"2020-06-26T14:00:00","timetype":"Hour","precipitationmm":0.0,"temperature":30.1,"feeltemperature":30.3,"cloudcover":39,"iconcode":"j","iconid":8,"sources":1,"winddirection":"ZO","winddirectiondegrees":152,"windspeedms":4.87,"visibility":30000,"precipitation":1,"beaufort":3,"humidity":42,"sunshine":58,"hour":16,"pollenindex":8,"windspeed":18,"sunshinepower":703,"sunpower":703},{"datetime":"2020-06-26T17:00:00","datetimeutc":"2020-06-26T15:00:00","timetype":"Hour","precipitationmm":0.0,"temperature":30.1,"feeltemperature":30.3,"cloudcover":41,"iconcode":"j","iconid":8,"sources":1,"winddirection":"ZO","winddirectiondegrees":157,"windspeedms":4.67,"visibility":31200,"precipitation":0,"beaufort":3,"humidity":42,"sunshine":58,"hour":17,"pollenindex":8,"windspeed":17,"sunshinepower":583,"sunpower":583},{"datetime":"2020-06-26T18:00:00","datetimeutc":"2020-06-26T16:00:00","timetype":"Hour","precipitationmm":0.0,"temperature":29.6,"feeltemperature":29.8,"cloudcover":46,"iconcode":"j","iconid":6,"sources":1,"winddirection":"Z","winddirectiondegrees":163,"windspeedms":4.51,"visibility":33200,"precipitation":0,"beaufort":3,"humidity":43,"sunshine":56,"hour":18,"pollenindex":8,"windspeed":16,"sunshinepower":438,"sunpower":438},{"datetime":"2020-06-26T19:00:00","datetimeutc":"2020-06-26T17:00:00","timetype":"Hour","precipitationmm":0.0,"temperature":29.0,"feeltemperature":29.4,"cloudcover":46,"iconcode":"j","iconid":6,"sources":1,"winddirection":"Z","winddirectiondegrees":167,"windspeedms":4.35,"visibility":34600,"precipitation":0,"beaufort":3,"humidity":46,"sunshine":50,"hour":19,"pollenindex":7,"windspeed":16,"sunshinepower":292,"sunpower":292},{"datetime":"2020-06-26T20:00:00","datetimeutc":"2020-06-26T18:00:00","timetype":"Hour","precipitationmm":0.0,"temperature":28.0,"feeltemperature":28.6,"cloudcover":46,"iconcode":"j","iconid":7,"sources":1,"winddirection":"Z","winddirectiondegrees":166,"windspeedms":3.78,"visibility":33400,"precipitation":0,"beaufort":2,"humidity":49,"sunshine":51,"hour":20,"pollenindex":7,"windspeed":14,"sunshinepower":165,"sunpower":165},{"datetime":"2020-06-26T21:00:00","datetimeutc":"2020-06-26T19:00:00","timetype":"Hour","precipitationmm":0.0,"temperature":26.8,"feeltemperature":27.8,"cloudcover":21,"iconcode":"j","iconid":5,"sources":1,"winddirection":"ZO","winddirectiondegrees":146,"windspeedms":2.99,"visibility":27600,"precipitation":0,"beaufort":2,"humidity":55,"sunshine":51,"hour":21,"pollenindex":7,"windspeed":11,"sunshinepower":66,"sunpower":66},{"datetime":"2020-06-26T22:00:00","datetimeutc":"2020-06-26T20:00:00","timetype":"Hour","precipitationmm":0.0,"temperature":25.5,"feeltemperature":26.7,"cloudcover":9,"iconcode":"a","iconid":5,"sources":1,"winddirection":"ZO","winddirectiondegrees":130,"windspeedms":3.13,"visibility":22810,"precipitation":0,"beaufort":2,"humidity":57,"sunshine":76,"hour":22,"pollenindex":6,"windspeed":11,"sunshinepower":0,"sunpower":0},{"datetime":"2020-06-26T23:00:00","datetimeutc":"2020-06-26T21:00:00","timetype":"Hour","precipitationmm":0.0,"temperature":24.5,"feeltemperature":25.9,"cloudcover":1,"iconcode":"aa","iconid":13,"sources":1,"winddirection":"ZO","winddirectiondegrees":133,"windspeedms":3.27,"visibility":19010,"precipitation":0,"beaufort":2,"humidity":62,"sunshine":13,"hour":23,"pollenindex":6,"windspeed":12,"sunshinepower":0,"sunpower":0}],"datetime":"2020-06-26T00:00:00","datetimeutc":"2020-06-25T22:00:00","timetype":"Day","precipitationmm":0.0,"mintemperature":20.0,"maxtemperature":30.1,"cloudcover":25,"iconcode":"j","iconid":2,"sources":1,"winddirection":"ZO","winddirectiondegrees":135,"windspeedms":4.12,"precipitation":1,"beaufort":3,"uvindex":7,"bbqindex":8,"mosquitoindex":7,"pollenindex":6,"icescrapeindex":1,"mintemp":20.0,"maxtemp":30.1,"windspeed":4},{"date":"2020-06-27T00:00:00","sunrise":"2020-06-27T05:20:29","sunset":"2020-06-27T22:06:31","hours":[{"datetime":"2020-06-27T00:00:00","datetimeutc":"2020-06-26T22:00:00","timetype":"Hour","precipitationmm":0.0,"temperature":23.8,"feeltemperature":25.3,"cloudcover":53,"iconcode":"bb","iconid":19,"sources":1,"winddirection":"ZO","winddirectiondegrees":143,"windspeedms":3.36,"visibility":18010,"precipitation":0,"beaufort":2,"humidity":64,"sunshine":0,"hour":0,"pollenindex":6,"windspeed":12,"sunshinepower":0,"sunpower":0},{"datetime":"2020-06-27T01:00:00","datetimeutc":"2020-06-26T23:00:00","timetype":"Hour","precipitationmm":0.0,"temperature":23.1,"feeltemperature":24.7,"cloudcover":53,"iconcode":"bb","iconid":4,"sources":1,"winddirection":"ZO","winddirectiondegrees":153,"windspeedms":3.49,"visibility":18010,"precipitation":1,"beaufort":2,"humidity":67,"sunshine":0,"hour":1,"pollenindex":6,"windspeed":13,"sunshinepower":0,"sunpower":0},{"datetime":"2020-06-27T02:00:00","datetimeutc":"2020-06-27T00:00:00","timetype":"Hour","precipitationmm":0.0,"temperature":22.3,"feeltemperature":23.9,"cloudcover":53,"iconcode":"bb","iconid":4,"sources":1,"winddirection":"Z","winddirectiondegrees":165,"windspeedms":3.31,"visibility":15220,"precipitation":1,"beaufort":2,"humidity":71,"sunshine":0,"hour":2,"pollenindex":5,"windspeed":12,"sunshinepower":0,"sunpower":0},{"datetime":"2020-06-27T03:00:00","datetimeutc":"2020-06-27T01:00:00","timetype":"Hour","precipitationmm":0.0,"temperature":21.5,"feeltemperature":21.5,"cloudcover":18,"iconcode":"jj","iconid":10,"sources":1,"winddirection":"Z","winddirectiondegrees":172,"windspeedms":3.19,"visibility":12420,"precipitation":1,"beaufort":2,"humidity":74,"sunshine":0,"hour":3,"pollenindex":5,"windspeed":11,"sunshinepower":0,"sunpower":0},{"datetime":"2020-06-27T04:00:00","datetimeutc":"2020-06-27T02:00:00","timetype":"Hour","precipitationmm":0.0,"temperature":20.9,"feeltemperature":20.9,"cloudcover":58,"iconcode":"bb","iconid":10,"sources":1,"winddirection":"Z","winddirectiondegrees":180,"windspeedms":3.04,"visibility":10410,"precipitation":1,"beaufort":2,"humidity":77,"sunshine":0,"hour":4,"pollenindex":5,"windspeed":11,"sunshinepower":0,"sunpower":0},{"datetime":"2020-06-27T05:00:00","datetimeutc":"2020-06-27T03:00:00","timetype":"Hour","precipitationmm":0.0,"temperature":20.7,"feeltemperature":20.7,"cloudcover":58,"iconcode":"bb","iconid":22,"sources":1,"winddirection":"Z","winddirectiondegrees":189,"windspeedms":2.73,"visibility":8800,"precipitation":1,"beaufort":2,"humidity":78,"sunshine":0,"hour":5,"pollenindex":5,"windspeed":10,"sunshinepower":0,"sunpower":0},{"datetime":"2020-06-27T06:00:00","datetimeutc":"2020-06-27T04:00:00","timetype":"Hour","precipitationmm":0.0,"temperature":20.9,"feeltemperature":20.9,"cloudcover":53,"iconcode":"b","iconid":10,"sources":1,"winddirection":"ZW","winddirectiondegrees":207,"windspeedms":2.79,"visibility":8200,"precipitation":1,"beaufort":2,"humidity":79,"sunshine":26,"hour":6,"pollenindex":5,"windspeed":10,"sunshinepower":21,"sunpower":21},{"datetime":"2020-06-27T07:00:00","datetimeutc":"2020-06-27T05:00:00","timetype":"Hour","precipitationmm":0.0,"temperature":21.5,"feeltemperature":21.5,"cloudcover":58,"iconcode":"b","iconid":10,"sources":1,"winddirection":"ZW","winddirectiondegrees":225,"windspeedms":2.78,"visibility":8400,"precipitation":2,"beaufort":2,"humidity":79,"sunshine":43,"hour":7,"pollenindex":5,"windspeed":10,"sunshinepower":87,"sunpower":87},{"datetime":"2020-06-27T08:00:00","datetimeutc":"2020-06-27T06:00:00","timetype":"Hour","precipitationmm":0.0,"temperature":22.0,"feeltemperature":22.0,"cloudcover":52,"iconcode":"b","iconid":11,"sources":1,"winddirection":"W","winddirectiondegrees":250,"windspeedms":3.43,"visibility":10000,"precipitation":2,"beaufort":2,"humidity":77,"sunshine":38,"hour":8,"pollenindex":5,"windspeed":12,"sunshinepower":176,"sunpower":176},{"datetime":"2020-06-27T09:00:00","datetimeutc":"2020-06-27T07:00:00","timetype":"Hour","precipitationmm":2.5,"temperature":22.3,"feeltemperature":23.6,"cloudcover":52,"iconcode":"g","iconid":28,"sources":1,"winddirection":"W","winddirectiondegrees":270,"windspeedms":4.27,"visibility":11400,"precipitation":40,"beaufort":3,"humidity":74,"sunshine":45,"hour":9,"pollenindex":5,"windspeed":15,"sunshinepower":282,"sunpower":282},{"datetime":"2020-06-27T10:00:00","datetimeutc":"2020-06-27T08:00:00","timetype":"Hour","precipitationmm":0.0,"temperature":22.7,"feeltemperature":24.3,"cloudcover":58,"iconcode":"b","iconid":10,"sources":1,"winddirection":"W","winddirectiondegrees":269,"windspeedms":4.68,"visibility":12600,"precipitation":2,"beaufort":3,"humidity":70,"sunshine":45,"hour":10,"pollenindex":6,"windspeed":17,"sunshinepower":382,"sunpower":382},{"datetime":"2020-06-27T11:00:00","datetimeutc":"2020-06-27T09:00:00","timetype":"Hour","precipitationmm":0.0,"temperature":23.4,"feeltemperature":25.1,"cloudcover":61,"iconcode":"b","iconid":11,"sources":1,"winddirection":"W","winddirectiondegrees":264,"windspeedms":5.26,"visibility":16600,"precipitation":1,"beaufort":3,"humidity":63,"sunshine":38,"hour":11,"pollenindex":7,"windspeed":19,"sunshinepower":480,"sunpower":480},{"datetime":"2020-06-27T12:00:00","datetimeutc":"2020-06-27T10:00:00","timetype":"Hour","precipitationmm":0.0,"temperature":24.4,"feeltemperature":25.9,"cloudcover":48,"iconcode":"j","iconid":19,"sources":1,"winddirection":"W","winddirectiondegrees":264,"windspeedms":5.82,"visibility":17800,"precipitation":1,"beaufort":3,"humidity":59,"sunshine":35,"hour":12,"pollenindex":7,"windspeed":21,"sunshinepower":598,"sunpower":598},{"datetime":"2020-06-27T13:00:00","datetimeutc":"2020-06-27T11:00:00","timetype":"Hour","precipitationmm":0.0,"temperature":25.3,"feeltemperature":26.4,"cloudcover":37,"iconcode":"j","iconid":6,"sources":1,"winddirection":"W","winddirectiondegrees":258,"windspeedms":6.05,"visibility":19200,"precipitation":1,"beaufort":4,"humidity":54,"sunshine":48,"hour":13,"pollenindex":8,"windspeed":22,"sunshinepower":701,"sunpower":701},{"datetime":"2020-06-27T14:00:00","datetimeutc":"2020-06-27T12:00:00","timetype":"Hour","precipitationmm":0.0,"temperature":25.8,"feeltemperature":26.7,"cloudcover":30,"iconcode":"j","iconid":6,"sources":1,"winddirection":"W","winddirectiondegrees":257,"windspeedms":6.01,"visibility":20000,"precipitation":1,"beaufort":4,"humidity":51,"sunshine":60,"hour":14,"pollenindex":8,"windspeed":22,"sunshinepower":762,"sunpower":762},{"datetime":"2020-06-27T15:00:00","datetimeutc":"2020-06-27T13:00:00","timetype":"Hour","precipitationmm":0.0,"temperature":26.0,"feeltemperature":26.9,"cloudcover":32,"iconcode":"j","iconid":6,"sources":1,"winddirection":"W","winddirectiondegrees":258,"windspeedms":6.22,"visibility":20400,"precipitation":1,"beaufort":4,"humidity":51,"sunshine":68,"hour":15,"pollenindex":8,"windspeed":22,"sunshinepower":776,"sunpower":776},{"datetime":"2020-06-27T16:00:00","datetimeutc":"2020-06-27T14:00:00","timetype":"Hour","precipitationmm":0.0,"temperature":26.0,"feeltemperature":26.8,"cloudcover":27,"iconcode":"j","iconid":5,"sources":1,"winddirection":"W","winddirectiondegrees":259,"windspeedms":6.17,"visibility":20200,"precipitation":0,"beaufort":4,"humidity":50,"sunshine":66,"hour":16,"pollenindex":8,"windspeed":22,"sunshinepower":739,"sunpower":739},{"datetime":"2020-06-27T17:00:00","datetimeutc":"2020-06-27T15:00:00","timetype":"Hour","precipitationmm":0.0,"temperature":25.9,"feeltemperature":26.7,"cloudcover":27,"iconcode":"j","iconid":5,"sources":1,"winddirection":"W","winddirectiondegrees":265,"windspeedms":5.86,"visibility":18400,"precipitation":0,"beaufort":3,"humidity":50,"sunshine":71,"hour":17,"pollenindex":8,"windspeed":21,"sunshinepower":642,"sunpower":642},{"datetime":"2020-06-27T18:00:00","datetimeutc":"2020-06-27T16:00:00","timetype":"Hour","precipitationmm":0.0,"temperature":25.3,"feeltemperature":26.4,"cloudcover":23,"iconcode":"j","iconid":4,"sources":1,"winddirection":"W","winddirectiondegrees":271,"windspeedms":5.37,"visibility":15810,"precipitation":0,"beaufort":3,"humidity":52,"sunshine":71,"hour":18,"pollenindex":8,"windspeed":19,"sunshinepower":505,"sunpower":505},{"datetime":"2020-06-27T19:00:00","datetimeutc":"2020-06-27T17:00:00","timetype":"Hour","precipitationmm":0.0,"temperature":24.3,"feeltemperature":25.8,"cloudcover":18,"iconcode":"j","iconid":20,"sources":1,"winddirection":"W","winddirectiondegrees":270,"windspeedms":5.09,"visibility":13800,"precipitation":0,"beaufort":3,"humidity":56,"sunshine":75,"hour":19,"pollenindex":6,"windspeed":18,"sunshinepower":355,"sunpower":355},{"datetime":"2020-06-27T20:00:00","datetimeutc":"2020-06-27T18:00:00","timetype":"Hour","precipitationmm":0.0,"temperature":23.3,"feeltemperature":25.2,"cloudcover":19,"iconcode":"j","iconid":4,"sources":1,"winddirection":"W","winddirectiondegrees":270,"windspeedms":4.58,"visibility":13000,"precipitation":0,"beaufort":3,"humidity":59,"sunshine":80,"hour":20,"pollenindex":6,"windspeed":16,"sunshinepower":206,"sunpower":206},{"datetime":"2020-06-27T21:00:00","datetimeutc":"2020-06-27T19:00:00","timetype":"Hour","precipitationmm":0.0,"temperature":22.3,"feeltemperature":24.7,"cloudcover":33,"iconcode":"j","iconid":22,"sources":1,"winddirection":"W","winddirectiondegrees":270,"windspeedms":4.22,"visibility":13000,"precipitation":0,"beaufort":3,"humidity":62,"sunshine":80,"hour":21,"pollenindex":6,"windspeed":15,"sunshinepower":77,"sunpower":77},{"datetime":"2020-06-27T22:00:00","datetimeutc":"2020-06-27T20:00:00","timetype":"Hour","precipitationmm":0.0,"temperature":21.5,"feeltemperature":21.5,"cloudcover":52,"iconcode":"b","iconid":22,"sources":1,"winddirection":"W","winddirectiondegrees":270,"windspeedms":3.42,"visibility":12410,"precipitation":0,"beaufort":2,"humidity":66,"sunshine":65,"hour":22,"pollenindex":6,"windspeed":12,"sunshinepower":0,"sunpower":0},{"datetime":"2020-06-27T23:00:00","datetimeutc":"2020-06-27T21:00:00","timetype":"Hour","precipitationmm":0.0,"temperature":20.9,"feeltemperature":20.9,"cloudcover":66,"iconcode":"bb","iconid":22,"sources":1,"winddirection":"W","winddirectiondegrees":267,"windspeedms":3.01,"visibility":11810,"precipitation":0,"beaufort":2,"humidity":70,"sunshine":6,"hour":23,"pollenindex":5,"windspeed":11,"sunshinepower":0,"sunpower":0}],"datetime":"2020-06-27T00:00:00","datetimeutc":"2020-06-26T22:00:00","timetype":"Day","precipitationmm":2.5,"mintemperature":20.7,"maxtemperature":26.0,"cloudcover":50,"iconcode":"g","iconid":8,"sources":1,"winddirection":"W","winddirectiondegrees":270,"windspeedms":4.34,"precipitation":41,"beaufort":3,"uvindex":7,"bbqindex":8,"mosquitoindex":6,"pollenindex":6,"icescrapeindex":1,"mintemp":20.7,"maxtemp":26.0,"windspeed":4},{"date":"2020-06-28T00:00:00","sunrise":"2020-06-28T05:21:04","sunset":"2020-06-28T22:06:20","hours":[{"datetime":"2020-06-28T00:00:00","datetimeutc":"2020-06-27T22:00:00","timetype":"Hour","precipitationmm":0.0,"temperature":20.5,"feeltemperature":20.5,"cloudcover":71,"iconcode":"rr","iconid":22,"sources":1,"winddirection":"W","winddirectiondegrees":257,"windspeedms":2.84,"visibility":11210,"precipitation":0,"beaufort":2,"humidity":71,"sunshine":0,"hour":0,"pollenindex":5,"windspeed":10,"sunshinepower":0,"sunpower":0},{"datetime":"2020-06-28T01:00:00","datetimeutc":"2020-06-27T23:00:00","timetype":"Hour","precipitationmm":0.0,"temperature":20.1,"feeltemperature":20.1,"cloudcover":70,"iconcode":"rr","iconid":22,"sources":1,"winddirection":"W","winddirectiondegrees":255,"windspeedms":3.18,"visibility":10610,"precipitation":0,"beaufort":2,"humidity":73,"sunshine":0,"hour":1,"pollenindex":5,"windspeed":11,"sunshinepower":0,"sunpower":0},{"datetime":"2020-06-28T02:00:00","datetimeutc":"2020-06-28T00:00:00","timetype":"Hour","precipitationmm":0.0,"temperature":19.8,"feeltemperature":19.8,"cloudcover":68,"iconcode":"bb","iconid":22,"sources":1,"winddirection":"W","winddirectiondegrees":254,"windspeedms":3.09,"visibility":9820,"precipitation":0,"beaufort":2,"humidity":75,"sunshine":0,"hour":2,"pollenindex":5,"windspeed":11,"sunshinepower":0,"sunpower":0},{"datetime":"2020-06-28T03:00:00","datetimeutc":"2020-06-28T01:00:00","timetype":"Hour","precipitationmm":0.0,"temperature":19.4,"feeltemperature":19.4,"cloudcover":63,"iconcode":"bb","iconid":22,"sources":1,"winddirection":"ZW","winddirectiondegrees":247,"windspeedms":3.11,"visibility":9420,"precipitation":0,"beaufort":2,"humidity":77,"sunshine":0,"hour":3,"pollenindex":5,"windspeed":11,"sunshinepower":0,"sunpower":0},{"datetime":"2020-06-28T04:00:00","datetimeutc":"2020-06-28T02:00:00","timetype":"Hour","precipitationmm":0.0,"temperature":19.1,"feeltemperature":19.1,"cloudcover":56,"iconcode":"bb","iconid":22,"sources":1,"winddirection":"ZW","winddirectiondegrees":247,"windspeedms":3.06,"visibility":9200,"precipitation":0,"beaufort":2,"humidity":80,"sunshine":0,"hour":4,"pollenindex":5,"windspeed":11,"sunshinepower":0,"sunpower":0},{"datetime":"2020-06-28T05:00:00","datetimeutc":"2020-06-28T03:00:00","timetype":"Hour","precipitationmm":0.0,"temperature":18.9,"feeltemperature":18.9,"cloudcover":55,"iconcode":"bb","iconid":22,"sources":1,"winddirection":"ZW","winddirectiondegrees":246,"windspeedms":2.9,"visibility":8800,"precipitation":0,"beaufort":2,"humidity":81,"sunshine":0,"hour":5,"pollenindex":5,"windspeed":10,"sunshinepower":0,"sunpower":0},{"datetime":"2020-06-28T06:00:00","datetimeutc":"2020-06-28T04:00:00","timetype":"Hour","precipitationmm":0.0,"temperature":18.8,"feeltemperature":18.8,"cloudcover":69,"iconcode":"b","iconid":22,"sources":1,"winddirection":"ZW","winddirectiondegrees":242,"windspeedms":2.68,"visibility":8400,"precipitation":0,"beaufort":2,"humidity":82,"sunshine":28,"hour":6,"pollenindex":5,"windspeed":10,"sunshinepower":16,"sunpower":16},{"datetime":"2020-06-28T07:00:00","datetimeutc":"2020-06-28T05:00:00","timetype":"Hour","precipitationmm":0.0,"temperature":19.1,"feeltemperature":19.1,"cloudcover":89,"iconcode":"r","iconid":22,"sources":1,"winddirection":"ZW","winddirectiondegrees":223,"windspeedms":2.74,"visibility":8600,"precipitation":0,"beaufort":2,"humidity":81,"sunshine":26,"hour":7,"pollenindex":5,"windspeed":10,"sunshinepower":80,"sunpower":80},{"datetime":"2020-06-28T08:00:00","datetimeutc":"2020-06-28T06:00:00","timetype":"Hour","precipitationmm":0.0,"temperature":19.7,"feeltemperature":19.7,"cloudcover":96,"iconcode":"c","iconid":22,"sources":1,"winddirection":"ZW","winddirectiondegrees":214,"windspeedms":2.93,"visibility":9400,"precipitation":0,"beaufort":2,"humidity":78,"sunshine":5,"hour":8,"pollenindex":5,"windspeed":11,"sunshinepower":177,"sunpower":177},{"datetime":"2020-06-28T09:00:00","datetimeutc":"2020-06-28T07:00:00","timetype":"Hour","precipitationmm":0.0,"temperature":20.6,"feeltemperature":20.6,"cloudcover":80,"iconcode":"r","iconid":22,"sources":1,"winddirection":"ZW","winddirectiondegrees":210,"windspeedms":2.97,"visibility":10400,"precipitation":0,"beaufort":2,"humidity":76,"sunshine":0,"hour":9,"pollenindex":5,"windspeed":11,"sunshinepower":274,"sunpower":274},{"datetime":"2020-06-28T10:00:00","datetimeutc":"2020-06-28T08:00:00","timetype":"Hour","precipitationmm":0.0,"temperature":21.5,"feeltemperature":21.5,"cloudcover":50,"iconcode":"b","iconid":22,"sources":1,"winddirection":"ZW","winddirectiondegrees":207,"windspeedms":3.08,"visibility":11000,"precipitation":0,"beaufort":2,"humidity":72,"sunshine":15,"hour":10,"pollenindex":6,"windspeed":11,"sunshinepower":355,"sunpower":355},{"datetime":"2020-06-28T11:00:00","datetimeutc":"2020-06-28T09:00:00","timetype":"Hour","precipitationmm":0.0,"temperature":22.4,"feeltemperature":24.2,"cloudcover":45,"iconcode":"j","iconid":22,"sources":1,"winddirection":"ZW","winddirectiondegrees":211,"windspeedms":3.23,"visibility":11800,"precipitation":0,"beaufort":2,"humidity":68,"sunshine":46,"hour":11,"pollenindex":7,"windspeed":12,"sunshinepower":426,"sunpower":426},{"datetime":"2020-06-28T12:00:00","datetimeutc":"2020-06-28T10:00:00","timetype":"Hour","precipitationmm":0.0,"temperature":23.1,"feeltemperature":24.8,"cloudcover":45,"iconcode":"j","iconid":22,"sources":1,"winddirection":"ZW","winddirectiondegrees":213,"windspeedms":3.08,"visibility":12000,"precipitation":0,"beaufort":2,"humidity":66,"sunshine":51,"hour":12,"pollenindex":7,"windspeed":11,"sunshinepower":492,"sunpower":492},{"datetime":"2020-06-28T13:00:00","datetimeutc":"2020-06-28T11:00:00","timetype":"Hour","precipitationmm":0.0,"temperature":23.8,"feeltemperature":25.3,"cloudcover":45,"iconcode":"j","iconid":19,"sources":1,"winddirection":"ZW","winddirectiondegrees":206,"windspeedms":2.69,"visibility":12200,"precipitation":0,"beaufort":2,"humidity":64,"sunshine":51,"hour":13,"pollenindex":7,"windspeed":10,"sunshinepower":553,"sunpower":553},{"datetime":"2020-06-28T14:00:00","datetimeutc":"2020-06-28T12:00:00","timetype":"Hour","precipitationmm":0.0,"temperature":24.3,"feeltemperature":25.7,"cloudcover":48,"iconcode":"j","iconid":4,"sources":1,"winddirection":"Z","winddirectiondegrees":189,"windspeedms":2.53,"visibility":14000,"precipitation":0,"beaufort":2,"humidity":62,"sunshine":51,"hour":14,"pollenindex":7,"windspeed":9,"sunshinepower":602,"sunpower":602},{"datetime":"2020-06-28T15:00:00","datetimeutc":"2020-06-28T13:00:00","timetype":"Hour","precipitationmm":0.0,"temperature":24.7,"feeltemperature":26.0,"cloudcover":41,"iconcode":"j","iconid":5,"sources":1,"winddirection":"Z","winddirectiondegrees":184,"windspeedms":3.04,"visibility":15200,"precipitation":0,"beaufort":2,"humidity":59,"sunshine":48,"hour":15,"pollenindex":7,"windspeed":11,"sunshinepower":604,"sunpower":604},{"datetime":"2020-06-28T16:00:00","datetimeutc":"2020-06-28T14:00:00","timetype":"Hour","precipitationmm":0.0,"temperature":25.1,"feeltemperature":26.3,"cloudcover":41,"iconcode":"j","iconid":19,"sources":1,"winddirection":"Z","winddirectiondegrees":192,"windspeedms":2.87,"visibility":16400,"precipitation":0,"beaufort":2,"humidity":58,"sunshine":56,"hour":16,"pollenindex":7,"windspeed":10,"sunshinepower":554,"sunpower":554},{"datetime":"2020-06-28T17:00:00","datetimeutc":"2020-06-28T15:00:00","timetype":"Hour","precipitationmm":0.0,"temperature":25.4,"feeltemperature":26.5,"cloudcover":41,"iconcode":"j","iconid":19,"sources":1,"winddirection":"ZW","winddirectiondegrees":215,"windspeedms":2.66,"visibility":17400,"precipitation":0,"beaufort":2,"humidity":57,"sunshine":56,"hour":17,"pollenindex":7,"windspeed":10,"sunshinepower":464,"sunpower":464},{"datetime":"2020-06-28T18:00:00","datetimeutc":"2020-06-28T16:00:00","timetype":"Hour","precipitationmm":0.0,"temperature":25.2,"feeltemperature":26.5,"cloudcover":39,"iconcode":"j","iconid":5,"sources":1,"winddirection":"W","winddirectiondegrees":260,"windspeedms":2.35,"visibility":17000,"precipitation":0,"beaufort":2,"humidity":59,"sunshine":56,"hour":18,"pollenindex":7,"windspeed":8,"sunshinepower":359,"sunpower":359},{"datetime":"2020-06-28T19:00:00","datetimeutc":"2020-06-28T17:00:00","timetype":"Hour","precipitationmm":0.0,"temperature":24.7,"feeltemperature":26.0,"cloudcover":41,"iconcode":"j","iconid":5,"sources":1,"winddirection":"NW","winddirectiondegrees":317,"windspeedms":2.3,"visibility":15400,"precipitation":0,"beaufort":2,"humidity":62,"sunshine":58,"hour":19,"pollenindex":6,"windspeed":8,"sunshinepower":255,"sunpower":255},{"datetime":"2020-06-28T20:00:00","datetimeutc":"2020-06-28T18:00:00","timetype":"Hour","precipitationmm":0.0,"temperature":24.0,"feeltemperature":25.4,"cloudcover":41,"iconcode":"j","iconid":5,"sources":1,"winddirection":"N","winddirectiondegrees":346,"windspeedms":2.59,"visibility":13800,"precipitation":0,"beaufort":2,"humidity":65,"sunshine":56,"hour":20,"pollenindex":6,"windspeed":9,"sunshinepower":155,"sunpower":155},{"datetime":"2020-06-28T21:00:00","datetimeutc":"2020-06-28T19:00:00","timetype":"Hour","precipitationmm":0.0,"temperature":23.0,"feeltemperature":24.4,"cloudcover":27,"iconcode":"j","iconid":5,"sources":1,"winddirection":"N","winddirectiondegrees":344,"windspeedms":2.68,"visibility":12200,"precipitation":0,"beaufort":2,"humidity":71,"sunshine":56,"hour":21,"pollenindex":6,"windspeed":10,"sunshinepower":64,"sunpower":64},{"datetime":"2020-06-28T22:00:00","datetimeutc":"2020-06-28T20:00:00","timetype":"Hour","precipitationmm":0.0,"temperature":22.0,"feeltemperature":23.4,"cloudcover":48,"iconcode":"j","iconid":8,"sources":1,"winddirection":"NW","winddirectiondegrees":327,"windspeedms":2.31,"visibility":11010,"precipitation":0,"beaufort":2,"humidity":74,"sunshine":71,"hour":22,"pollenindex":5,"windspeed":8,"sunshinepower":0,"sunpower":0},{"datetime":"2020-06-28T23:00:00","datetimeutc":"2020-06-28T21:00:00","timetype":"Hour","precipitationmm":0.0,"temperature":21.2,"feeltemperature":21.2,"cloudcover":39,"iconcode":"jj","iconid":8,"sources":1,"winddirection":"NW","winddirectiondegrees":311,"windspeedms":2.39,"visibility":10410,"precipitation":0,"beaufort":2,"humidity":78,"sunshine":6,"hour":23,"pollenindex":5,"windspeed":9,"sunshinepower":0,"sunpower":0}],"datetime":"2020-06-28T00:00:00","datetimeutc":"2020-06-27T22:00:00","timetype":"Day","precipitationmm":0.0,"mintemperature":18.8,"maxtemperature":25.4,"cloudcover":75,"iconcode":"r","iconid":3,"sources":1,"winddirection":"ZW","winddirectiondegrees":225,"windspeedms":2.8,"precipitation":0,"beaufort":2,"uvindex":7,"bbqindex":9,"mosquitoindex":9,"pollenindex":6,"icescrapeindex":1,"mintemp":18.8,"maxtemp":25.4,"windspeed":3},{"date":"2020-06-29T00:00:00","sunrise":"2020-06-29T05:21:41","sunset":"2020-06-29T22:06:05","hours":[{"datetime":"2020-06-29T00:00:00","datetimeutc":"2020-06-28T22:00:00","timetype":"Hour","precipitationmm":0.0,"temperature":20.7,"feeltemperature":20.7,"cloudcover":43,"iconcode":"jj","iconid":8,"sources":1,"winddirection":"NW","winddirectiondegrees":295,"windspeedms":2.35,"visibility":9410,"precipitation":0,"beaufort":2,"humidity":80,"sunshine":0,"hour":0,"pollenindex":5,"windspeed":8,"sunshinepower":0,"sunpower":0},{"datetime":"2020-06-29T01:00:00","datetimeutc":"2020-06-28T23:00:00","timetype":"Hour","precipitationmm":0.0,"temperature":20.4,"feeltemperature":20.4,"cloudcover":43,"iconcode":"jj","iconid":7,"sources":1,"winddirection":"W","winddirectiondegrees":283,"windspeedms":2.21,"visibility":9220,"precipitation":0,"beaufort":2,"humidity":82,"sunshine":0,"hour":1,"pollenindex":4,"windspeed":8,"sunshinepower":0,"sunpower":0},{"datetime":"2020-06-29T02:00:00","datetimeutc":"2020-06-29T00:00:00","timetype":"Hour","precipitationmm":0.0,"temperature":20.1,"feeltemperature":20.1,"cloudcover":46,"iconcode":"jj","iconid":19,"sources":1,"winddirection":"W","winddirectiondegrees":268,"windspeedms":2.11,"visibility":10020,"precipitation":0,"beaufort":2,"humidity":83,"sunshine":0,"hour":2,"pollenindex":4,"windspeed":8,"sunshinepower":0,"sunpower":0}],"datetime":"2020-06-29T00:00:00","datetimeutc":"2020-06-28T22:00:00","timetype":"Day","precipitationmm":0.0,"mintemperature":17.2,"maxtemperature":24.2,"cloudcover":25,"iconcode":"j","iconid":2,"sources":1,"winddirection":"W","winddirectiondegrees":270,"windspeedms":2.83,"precipitation":2,"beaufort":2,"pollenindex":6,"icescrapeindex":1,"mintemp":17.2,"maxtemp":24.2,"windspeed":3},{"date":"2020-06-30T00:00:00","sunrise":"2020-06-30T05:22:20","sunset":"2020-06-30T22:05:47","datetime":"2020-06-30T00:00:00","datetimeutc":"2020-06-29T22:00:00","timetype":"Day","precipitationmm":0.0,"mintemperature":16.8,"maxtemperature":21.4,"cloudcover":25,"iconcode":"j","iconid":2,"sources":1,"winddirection":"W","winddirectiondegrees":270,"windspeedms":4.49,"precipitation":2,"beaufort":3,"pollenindex":6,"mintemp":16.8,"maxtemp":21.4,"windspeed":4},{"date":"2020-07-01T00:00:00","sunrise":"2020-07-01T05:23:03","sunset":"2020-07-01T22:05:26","datetime":"2020-07-01T00:00:00","datetimeutc":"2020-06-30T22:00:00","timetype":"Day","precipitationmm":0.0,"mintemperature":15.9,"maxtemperature":21.5,"cloudcover":25,"iconcode":"j","iconid":2,"sources":1,"winddirection":"W","winddirectiondegrees":270,"windspeedms":4.31,"precipitation":2,"beaufort":3,"pollenindex":5,"mintemp":15.9,"maxtemp":21.5,"windspeed":4},{"date":"2020-07-02T00:00:00","sunrise":"2020-07-02T05:23:48","sunset":"2020-07-02T22:05:02","datetime":"2020-07-02T00:00:00","datetimeutc":"2020-07-01T22:00:00","timetype":"Day","precipitationmm":0.0,"mintemperature":16.5,"maxtemperature":21.9,"cloudcover":75,"iconcode":"r","iconid":3,"sources":1,"winddirection":"W","winddirectiondegrees":270,"windspeedms":4.33,"precipitation":2,"beaufort":3,"pollenindex":5,"mintemp":16.5,"maxtemp":21.9,"windspeed":4},{"date":"2020-07-03T00:00:00","sunrise":"2020-07-03T05:24:36","sunset":"2020-07-03T22:04:34","datetime":"2020-07-03T00:00:00","datetimeutc":"2020-07-02T22:00:00","timetype":"Day","precipitationmm":0.0,"mintemperature":16.5,"maxtemperature":21.4,"cloudcover":90,"iconcode":"c","iconid":4,"sources":1,"winddirection":"W","winddirectiondegrees":270,"windspeedms":4.61,"precipitation":2,"beaufort":3,"pollenindex":5,"mintemp":16.5,"maxtemp":21.4,"windspeed":5},{"date":"2020-07-04T00:00:00","sunrise":"2020-07-04T05:25:27","sunset":"2020-07-04T22:04:03","datetime":"2020-07-04T00:00:00","datetimeutc":"2020-07-03T22:00:00","timetype":"Day","precipitationmm":1.8,"mintemperature":16.3,"maxtemperature":21.4,"cloudcover":25,"iconcode":"f","iconid":16,"sources":1,"winddirection":"W","winddirectiondegrees":270,"windspeedms":3.76,"precipitation":61,"beaufort":2,"pollenindex":5,"mintemp":16.3,"maxtemp":21.4,"windspeed":4},{"date":"2020-07-05T00:00:00","sunrise":"2020-07-05T05:26:20","sunset":"2020-07-05T22:03:29","datetime":"2020-07-05T00:00:00","datetimeutc":"2020-07-04T22:00:00","timetype":"Day","precipitationmm":2.9,"mintemperature":16.2,"maxtemperature":21.2,"cloudcover":25,"iconcode":"f","iconid":16,"sources":1,"winddirection":"W","winddirectiondegrees":270,"windspeedms":4.04,"precipitation":61,"beaufort":3,"pollenindex":5,"mintemp":16.2,"maxtemp":21.2,"windspeed":4},{"date":"2020-07-06T00:00:00","sunrise":"2020-07-06T05:27:15","sunset":"2020-07-06T22:02:52","datetime":"2020-07-06T00:00:00","datetimeutc":"2020-07-05T22:00:00","timetype":"Day","precipitationmm":0.0,"mintemperature":15.8,"maxtemperature":22.1,"cloudcover":25,"iconcode":"j","iconid":2,"sources":1,"winddirection":"W","winddirectiondegrees":270,"windspeedms":2.73,"precipitation":2,"beaufort":2,"pollenindex":5,"mintemp":15.8,"maxtemp":22.1,"windspeed":3}]}