{"location":{"lat":52.37,"lon":4.89},"timeOffset":2.0,"timestamp":"2020-07-24T13:08:03","altitude":0,"elevation":0,"machinename":"None","elapsedms":0,"pollenindexNowDay":5,"pollenindexNowHour":5,"nowrelevant":{"values":[{"type":"pollenindex","value":5},{"type":"uvindex","value":5}]},"days":[{"date":"2020-07-24T00:00:00","sunrise":"2020-07-24T05:49:27","sunset":"2020-07-24T21:43:38","afternoon":{"datetime":"2020-07-24T16:00:00","datetimeutc":"2020-07-24T14:00:00","timetype":"Afternoon","precipitationmm":0.0,"mintemperature":21.0,"maxtemperature":21.0,"cloudcover":60,"iconcode":"b","iconid":7,"sources":1,"winddirection":"W","winddirectiondegrees":283,"windspeedms":5.2,"visibility":13420,"precipitation":0,"beaufort":3,"humidity":69,"sunshine":24,"hour":16,"mintemp":21.0,"maxtemp":21.0,"windspeed":19,"sunshinepower":594,"sunpower":594},"evening":{"datetime":"2020-07-24T18:00:00","datetimeutc":"2020-07-24T16:00:00","timetype":"Evening","precipitationmm":0.0,"mintemperature":17.6,"maxtemperature":20.7,"cloudcover":58,"iconcode":"b","iconid":7,"sources":1,"winddirection":"W","winddirectiondegrees":262,"windspeedms":2.8,"visibility":13296,"precipitation":0,"beaufort":2,"humidity":73,"sunshine":42,"hour":18,"mintemp":17.6,"maxtemp":20.7,"windspeed":10,"sunshinepower":140,"sunpower":140},"hours":[{"datetime":"2020-07-24T16:00:00","datetimeutc":"2020-07-24T14:00:00","timetype":"Hour","precipitationmm":0.0,"temperature":21.0,"feeltemperature":21.0,"cloudcover":65,"iconcode":"b","iconid":7,"sources":3,"winddirection":"W","winddirectiondegrees":282,"windspeedms":5.4,"visibility":13020,"precipitation":0,"beaufort":3,"humidity":71,"sunshine":18,"hour":16,"pollenindex":4,"windspeed":19,"sunshinepower":658,"sunpower":658},{"datetime":"2020-07-24T17:00:00","datetimeutc":"2020-07-24T15:00:00","timetype":"Hour","precipitationmm":0.0,"temperature":21.0,"feeltemperature":21.0,"cloudcover":55,"iconcode":"b","iconid":7,"sources":2,"winddirection":"W","winddirectiondegrees":286,"windspeedms":5.1,"visibility":13820,"precipitation":0,"beaufort":3,"humidity":67,"sunshine":30,"hour":17,"pollenindex":5,"windspeed":18,"sunshinepower":531,"sunpower":531},{"datetime":"2020-07-24T18:00:00","datetimeutc":"2020-07-24T16:00:00","timetype":"Hour","precipitationmm":0.0,"temperature":20.7,"feeltemperature":20.7,"cloudcover":44,"iconcode":"j","iconid":7,"sources":2,"winddirection":"W","winddirectiondegrees":289,"windspeedms":4.5,"visibility":13820,"precipitation":0,"beaufort":3,"humidity":67,"sunshine":41,"hour":18,"pollenindex":5,"windspeed":16,"sunshinepower":379,"sunpower":379},{"datetime":"2020-07-24T19:00:00","datetimeutc":"2020-07-24T17:00:00","timetype":"Hour","precipitationmm":0.0,"temperature":20.1,"feeltemperature":20.1,"cloudcover":34,"iconcode":"j","iconid":4,"sources":2,"winddirection":"W","winddirectiondegrees":286,"windspeedms":3.8,"visibility":14420,"precipitation":0,"beaufort":2,"humidity":69,"sunshine":53,"hour":19,"pollenindex":4,"windspeed":14,"sunshinepower":244,"sunpower":244},{"datetime":"2020-07-24T20:00:00","datetimeutc":"2020-07-24T18:00:00","timetype":"Hour","precipitationmm":0.0,"temperature":19.4,"feeltemperature":19.4,"cloudcover":34,"iconcode":"j","iconid":4,"sources":2,"winddirection":"W","winddirectiondegrees":280,"windspeedms":3.1,"visibility":15220,"precipitation":0,"beaufort":2,"humidity":72,"sunshine":63,"hour":20,"pollenindex":4,"windspeed":11,"sunshinepower":161,"sunpower":161},{"datetime":"2020-07-24T21:00:00","datetimeutc":"2020-07-24T19:00:00","timetype":"Hour","precipitationmm":0.0,"temperature":18.7,"feeltemperature":18.7,"cloudcover":54,"iconcode":"b","iconid":7,"sources":2,"winddirection":"W","winddirectiondegrees":264,"windspeedms":2.2,"visibility":14220,"precipitation":0,"beaufort":2,"humidity":75,"sunshine":63,"hour":21,"pollenindex":4,"windspeed":8,"sunshinepower":58,"sunpower":58},{"datetime":"2020-07-24T22:00:00","datetimeutc":"2020-07-24T20:00:00","timetype":"Hour","precipitationmm":0.0,"temperature":18.1,"feeltemperature":18.1,"cloudcover":85,"iconcode":"rr","iconid":19,"sources":2,"winddirection":"ZW","winddirectiondegrees":240,"windspeedms":1.6,"visibility":11840,"precipitation":0,"beaufort":1,"humidity":77,"sunshine":33,"hour":22,"pollenindex":4,"windspeed":6,"sunshinepower":0,"sunpower":0},{"datetime":"2020-07-24T23:00:00","datetimeutc":"2020-07-24T21:00:00","timetype":"Hour","precipitationmm":0.0,"temperature":17.6,"feeltemperature":17.6,"cloudcover":100,"iconcode":"cc","iconid":19,"sources":2,"winddirection":"ZW","winddirectiondegrees":207,"windspeedms":1.6,"visibility":10260,"precipitation":0,"beaufort":1,"humidity":81,"sunshine":0,"hour":23,"pollenindex":4,"windspeed":6,"sunshinepower":0,"sunpower":0}],"datetime":"2020-07-24T00:00:00","datetimeutc":"2020-07-23T22:00:00","timetype":"Day","precipitationmm":0.1,"mintemperature":17.6,"maxtemperature":21.0,"cloudcover":58,"iconcode":"f","iconid":16,"sources":2,"winddirection":"W","winddirectiondegrees":270,"windspeedms":3.4,"visibility":13327,"precipitation":0,"beaufort":2,"humidity":72,"sunshine":37,"uvindex":5,"bbqindex":8,"mosquitoindex":8,"pollenindex":5,"mintemp":17.6,"maxtemp":21.0,"windspeed":3,"sunshinepower":253,"sunpower":253},{"date":"2020-07-25T00:00:00","sunrise":"2020-07-25T05:50:55","sunset":"2020-07-25T21:42:10","morning":{"datetime":"2020-07-25T07:00:00","datetimeutc":"2020-07-25T05:00:00","timetype":"Morning","precipitationmm":0.1,"mintemperature":17.7,"maxtemperature":19.3,"cloudcover":95,"iconcode":"d","iconid":18,"sources":1,"winddirection":"ZW","winddirectiondegrees":226,"windspeedms":5.4,"visibility":4298,"precipitation":18,"beaufort":3,"humidity":81,"sunshine":0,"hour":7,"mintemp":17.7,"maxtemp":19.3,"windspeed":19,"sunshinepower":257,"sunpower":257},"afternoon":{"datetime":"2020-07-25T12:00:00","datetimeutc":"2020-07-25T10:00:00","timetype":"Afternoon","precipitationmm":0.6,"mintemperature":19.6,"maxtemperature":21.9,"cloudcover":99,"iconcode":"c","iconid":22,"sources":1,"winddirection":"ZW","winddirectiondegrees":235,"windspeedms":6.4,"visibility":12953,"precipitation":65,"beaufort":4,"humidity":76,"sunshine":0,"hour":12,"mintemp":19.6,"maxtemp":21.9,"windspeed":23,"sunshinepower":319,"sunpower":319},"evening":{"datetime":"2020-07-25T18:00:00","datetimeutc":"2020-07-25T16:00:00","timetype":"Evening","precipitationmm":0.0,"mintemperature":18.7,"maxtemperature":22.0,"cloudcover":100,"iconcode":"c","iconid":22,"sources":1,"winddirection":"ZW","winddirectiondegrees":238,"windspeedms":5.1,"visibility":14158,"precipitation":2,"beaufort":3,"humidity":76,"sunshine":0,"hour":18,"mintemp":18.7,"maxtemp":22.0,"windspeed":18,"sunshinepower":66,"sunpower":66},"night":{"datetime":"2020-07-25T00:00:00","datetimeutc":"2020-07-24T22:00:00","timetype":"Night","precipitationmm":0.0,"mintemperature":16.5,"maxtemperature":17.2,"cloudcover":79,"iconcode":"r","iconid":20,"sources":1,"winddirection":"ZW","winddirectiondegrees":203,"windspeedms":3.4,"visibility":8625,"precipitation":0,"beaufort":2,"humidity":87,"sunshine":0,"hour":0,"mintemp":16.5,"maxtemp":17.2,"windspeed":12,"sunshinepower":1,"sunpower":1},"hours":[{"datetime":"2020-07-25T00:00:00","datetimeutc":"2020-07-24T22:00:00","timetype":"Hour","precipitationmm":0.0,"temperature":17.2,"feeltemperature":17.2,"cloudcover":92,"iconcode":"cc","iconid":20,"sources":2,"winddirection":"Z","winddirectiondegrees":193,"windspeedms":2.0,"visibility":9860,"precipitation":0,"beaufort":2,"humidity":83,"sunshine":0,"hour":0,"pollenindex":4,"windspeed":7,"sunshinepower":0,"sunpower":0},{"datetime":"2020-07-25T01:00:00","datetimeutc":"2020-07-24T23:00:00","timetype":"Hour","precipitationmm":0.0,"temperature":16.9,"feeltemperature":16.9,"cloudcover":70,"iconcode":"rr","iconid":8,"sources":2,"winddirection":"Z","winddirectiondegrees":186,"windspeedms":2.8,"visibility":10060,"precipitation":0,"beaufort":2,"humidity":85,"sunshine":0,"hour":1,"pollenindex":4,"windspeed":10,"sunshinepower":0,"sunpower":0},{"datetime":"2020-07-25T02:00:00","datetimeutc":"2020-07-25T00:00:00","timetype":"Hour","precipitationmm":0.0,"temperature":16.6,"feeltemperature":16.6,"cloudcover":55,"iconcode":"bb","iconid":21,"sources":2,"winddirection":"Z","winddirectiondegrees":195,"windspeedms":3.4,"visibility":10060,"precipitation":0,"beaufort":2,"humidity":87,"sunshine":0,"hour":2,"pollenindex":3,"windspeed":12,"sunshinepower":0,"sunpower":0},{"datetime":"2020-07-25T03:00:00","datetimeutc":"2020-07-25T01:00:00","timetype":"Hour","precipitationmm":0.0,"temperature":16.5,"feeltemperature":16.5,"cloudcover":86,"iconcode":"rr","iconid":21,"sources":2,"winddirection":"ZW","winddirectiondegrees":208,"windspeedms":3.7,"visibility":10060,"precipitation":0,"beaufort":2,"humidity":89,"sunshine":0,"hour":3,"pollenindex":3,"windspeed":13,"sunshinepower":0,"sunpower":0},{"datetime":"2020-07-25T04:00:00","datetimeutc":"2020-07-25T02:00:00","timetype":"Hour","precipitationmm":0.0,"temperature":16.6,"feeltemperature":16.6,"cloudcover":76,"iconcode":"rr","iconid":9,"sources":2,"winddirection":"ZW","winddirectiondegrees":213,"windspeedms":3.9,"visibility":10060,"precipitation":0,"beaufort":2,"humidity":91,"sunshine":0,"hour":4,"pollenindex":3,"windspeed":14,"sunshinepower":0,"sunpower":0},{"datetime":"2020-07-25T05:00:00","datetimeutc":"2020-07-25T03:00:00","timetype":"Hour","precipitationmm":0.0,"temperature":16.8,"feeltemperature":16.8,"cloudcover":86,"iconcode":"rr","iconid":21,"sources":2,"winddirection":"ZW","winddirectiondegrees":216,"windspeedms":4.0,"visibility":10060,"precipitation":0,"beaufort":3,"humidity":89,"sunshine":0,"hour":5,"pollenindex":3,"windspeed":14,"sunshinepower":0,"sunpower":0},{"datetime":"2020-07-25T06:00:00","datetimeutc":"2020-07-25T04:00:00","timetype":"Hour","precipitationmm":0.0,"temperature":17.2,"feeltemperature":17.2,"cloudcover":90,"iconcode":"d","iconid":18,"sources":2,"winddirection":"ZW","winddirectiondegrees":216,"windspeedms":4.1,"visibility":220,"precipitation":0,"beaufort":3,"humidity":88,"sunshine":1,"hour":6,"pollenindex":3,"windspeed":15,"sunshinepower":7,"sunpower":7},{"datetime":"2020-07-25T07:00:00","datetimeutc":"2020-07-25T05:00:00","timetype":"Hour","precipitationmm":0.0,"temperature":17.7,"feeltemperature":17.7,"cloudcover":92,"iconcode":"d","iconid":18,"sources":2,"winddirection":"ZW","winddirectiondegrees":220,"windspeedms":4.5,"visibility":20,"precipitation":0,"beaufort":3,"humidity":86,"sunshine":3,"hour":7,"pollenindex":3,"windspeed":16,"sunshinepower":66,"sunpower":66},{"datetime":"2020-07-25T08:00:00","datetimeutc":"2020-07-25T06:00:00","timetype":"Hour","precipitationmm":0.0,"temperature":18.2,"feeltemperature":18.2,"cloudcover":94,"iconcode":"d","iconid":17,"sources":2,"winddirection":"ZW","winddirectiondegrees":223,"windspeedms":5.0,"visibility":20,"precipitation":0,"beaufort":3,"humidity":83,"sunshine":1,"hour":8,"pollenindex":4,"windspeed":18,"sunshinepower":168,"sunpower":168},{"datetime":"2020-07-25T09:00:00","datetimeutc":"2020-07-25T07:00:00","timetype":"Hour","precipitationmm":0.0,"temperature":18.6,"feeltemperature":18.6,"cloudcover":95,"iconcode":"c","iconid":22,"sources":2,"winddirection":"ZW","winddirectiondegrees":224,"windspeedms":5.4,"visibility":1020,"precipitation":0,"beaufort":3,"humidity":81,"sunshine":0,"hour":9,"pollenindex":4,"windspeed":19,"sunshinepower":282,"sunpower":282},{"datetime":"2020-07-25T10:00:00","datetimeutc":"2020-07-25T08:00:00","timetype":"Hour","precipitationmm":0.1,"temperature":19.0,"feeltemperature":19.0,"cloudcover":97,"iconcode":"m","iconid":22,"sources":2,"winddirection":"ZW","winddirectiondegrees":228,"windspeedms":5.9,"visibility":9610,"precipitation":80,"beaufort":3,"humidity":80,"sunshine":0,"hour":10,"pollenindex":4,"windspeed":21,"sunshinepower":372,"sunpower":372},{"datetime":"2020-07-25T11:00:00","datetimeutc":"2020-07-25T09:00:00","timetype":"Hour","precipitationmm":0.0,"temperature":19.3,"feeltemperature":19.3,"cloudcover":98,"iconcode":"c","iconid":22,"sources":2,"winddirection":"ZW","winddirectiondegrees":237,"windspeedms":6.2,"visibility":10820,"precipitation":0,"beaufort":4,"humidity":79,"sunshine":0,"hour":11,"pollenindex":4,"windspeed":22,"sunshinepower":400,"sunpower":400},{"datetime":"2020-07-25T12:00:00","datetimeutc":"2020-07-25T10:00:00","timetype":"Hour","precipitationmm":0.3,"temperature":19.6,"feeltemperature":19.6,"cloudcover":100,"iconcode":"m","iconid":22,"sources":2,"winddirection":"ZW","winddirectiondegrees":233,"windspeedms":6.4,"visibility":11820,"precipitation":76,"beaufort":4,"humidity":78,"sunshine":0,"hour":12,"pollenindex":4,"windspeed":23,"sunshinepower":366,"sunpower":366},{"datetime":"2020-07-25T13:00:00","datetimeutc":"2020-07-25T11:00:00","timetype":"Hour","precipitationmm":0.1,"temperature":19.9,"feeltemperature":19.9,"cloudcover":98,"iconcode":"m","iconid":33,"sources":2,"winddirection":"ZW","winddirectiondegrees":225,"windspeedms":6.2,"visibility":10020,"precipitation":80,"beaufort":4,"humidity":78,"sunshine":0,"hour":13,"pollenindex":4,"windspeed":22,"sunshinepower":312,"sunpower":312},{"datetime":"2020-07-25T14:00:00","datetimeutc":"2020-07-25T12:00:00","timetype":"Hour","precipitationmm":0.0,"temperature":20.3,"feeltemperature":20.3,"cloudcover":100,"iconcode":"c","iconid":22,"sources":2,"winddirection":"ZW","winddirectiondegrees":231,"windspeedms":6.4,"visibility":11420,"precipitation":2,"beaufort":4,"humidity":78,"sunshine":0,"hour":14,"pollenindex":4,"windspeed":23,"sunshinepower":321,"sunpower":321},{"datetime":"2020-07-25T15:00:00","datetimeutc":"2020-07-25T13:00:00","timetype":"Hour","precipitationmm":0.1,"temperature":20.8,"feeltemperature":20.8,"cloudcover":100,"iconcode":"m","iconid":21,"sources":2,"winddirection":"ZW","winddirectiondegrees":237,"windspeedms":6.6,"visibility":14220,"precipitation":78,"beaufort":4,"humidity":77,"sunshine":0,"hour":15,"pollenindex":4,"windspeed":24,"sunshinepower":347,"sunpower":347},{"datetime":"2020-07-25T16:00:00","datetimeutc":"2020-07-25T14:00:00","timetype":"Hour","precipitationmm":0.1,"temperature":21.4,"feeltemperature":21.4,"cloudcover":100,"iconcode":"m","iconid":22,"sources":2,"winddirection":"ZW","winddirectiondegrees":242,"windspeedms":6.6,"visibility":15420,"precipitation":82,"beaufort":4,"humidity":75,"sunshine":0,"hour":16,"pollenindex":4,"windspeed":24,"sunshinepower":317,"sunpower":317},{"datetime":"2020-07-25T17:00:00","datetimeutc":"2020-07-25T15:00:00","timetype":"Hour","precipitationmm":0.0,"temperature":21.9,"feeltemperature":21.9,"cloudcover":100,"iconcode":"c","iconid":22,"sources":2,"winddirection":"ZW","winddirectiondegrees":243,"windspeedms":6.1,"visibility":14820,"precipitation":1,"beaufort":4,"humidity":70,"sunshine":0,"hour":17,"pollenindex":4,"windspeed":22,"sunshinepower":256,"sunpower":256},{"datetime":"2020-07-25T18:00:00","datetimeutc":"2020-07-25T16:00:00","timetype":"Hour","precipitationmm":0.0,"temperature":22.0,"feeltemperature":24.0,"cloudcover":100,"iconcode":"c","iconid":22,"sources":2,"winddirection":"ZW","winddirectiondegrees":231,"windspeedms":5.9,"visibility":16020,"precipitation":1,"beaufort":3,"humidity":69,"sunshine":0,"hour":18,"pollenindex":4,"windspeed":21,"sunshinepower":188,"sunpower":188},{"datetime":"2020-07-25T19:00:00","datetimeutc":"2020-07-25T17:00:00","timetype":"Hour","precipitationmm":0.0,"temperature":21.6,"feeltemperature":21.6,"cloudcover":100,"iconcode":"c","iconid":22,"sources":2,"winddirection":"ZW","winddirectiondegrees":231,"windspeedms":5.4,"visibility":17010,"precipitation":1,"beaufort":3,"humidity":71,"sunshine":0,"hour":19,"pollenindex":4,"windspeed":19,"sunshinepower":129,"sunpower":129},{"datetime":"2020-07-25T20:00:00","datetimeutc":"2020-07-25T18:00:00","timetype":"Hour","precipitationmm":0.0,"temperature":20.8,"feeltemperature":20.8,"cloudcover":100,"iconcode":"c","iconid":22,"sources":2,"winddirection":"ZW","winddirectiondegrees":230,"windspeedms":4.9,"visibility":18410,"precipitation":1,"beaufort":3,"humidity":75,"sunshine":0,"hour":20,"pollenindex":4,"windspeed":18,"sunshinepower":67,"sunpower":67},{"datetime":"2020-07-25T21:00:00","datetimeutc":"2020-07-25T19:00:00","timetype":"Hour","precipitationmm":0.0,"temperature":20.0,"feeltemperature":20.0,"cloudcover":100,"iconcode":"c","iconid":22,"sources":2,"winddirection":"ZW","winddirectiondegrees":240,"windspeedms":4.8,"visibility":14220,"precipitation":2,"beaufort":3,"humidity":78,"sunshine":0,"hour":21,"pollenindex":4,"windspeed":17,"sunshinepower":17,"sunpower":17},{"datetime":"2020-07-25T22:00:00","datetimeutc":"2020-07-25T20:00:00","timetype":"Hour","precipitationmm":0.0,"temperature":19.2,"feeltemperature":19.2,"cloudcover":100,"iconcode":"cc","iconid":33,"sources":2,"winddirection":"ZW","winddirectiondegrees":247,"windspeedms":4.9,"visibility":9640,"precipitation":4,"beaufort":3,"humidity":82,"sunshine":0,"hour":22,"pollenindex":4,"windspeed":18,"sunshinepower":0,"sunpower":0},{"datetime":"2020-07-25T23:00:00","datetimeutc":"2020-07-25T21:00:00","timetype":"Hour","precipitationmm":0.0,"temperature":18.7,"feeltemperature":18.7,"cloudcover":100,"iconcode":"cc","iconid":33,"sources":2,"winddirection":"W","winddirectiondegrees":250,"windspeedms":4.8,"visibility":9650,"precipitation":4,"beaufort":3,"humidity":86,"sunshine":0,"hour":23,"pollenindex":3,"windspeed":17,"sunshinepower":0,"sunpower":0}],"datetime":"2020-07-25T00:00:00","datetimeutc":"2020-07-24T22:00:00","timetype":"Day","precipitationmm":2.2,"mintemperature":16.5,"maxtemperature":22.0,"cloudcover":92,"iconcode":"m","iconid":12,"sources":2,"winddirection":"ZW","winddirectiondegrees":225,"windspeedms":5.0,"visibility":10189,"precipitation":31,"beaufort":3,"humidity":80,"sunshine":0,"uvindex":4,"bbqindex":6,"mosquitoindex":7,"pollenindex":5,"icescrapeindex":1,"mintemp":16.5,"maxtemp":22.0,"windspeed":5,"sunshinepower":150,"sunpower":150},{"date":"2020-07-26T00:00:00","sunrise":"2020-07-26T05:52:24","sunset":"2020-07-26T21:40:39","morning":{"datetime":"2020-07-26T08:00:00","datetimeutc":"2020-07-26T06:00:00","timetype":"Morning","precipitationmm":1.0,"mintemperature":17.9,"maxtemperature":18.3,"cloudcover":88,"iconcode":"s","iconid":19,"sources":1,"winddirection":"ZW","winddirectiondegrees":236,"windspeedms":5.1,"visibility":3976,"precipitation":56,"beaufort":3,"humidity":85,"sunshine":6,"hour":8,"mintemp":17.9,"maxtemp":18.3,"windspeed":18,"sunshinepower":237,"sunpower":237},"afternoon":{"datetime":"2020-07-26T12:00:00","datetimeutc":"2020-07-26T10:00:00","timetype":"Afternoon","precipitationmm":0.0,"mintemperature":18.6,"maxtemperature":19.9,"cloudcover":64,"iconcode":"b","iconid":22,"sources":1,"winddirection":"W","winddirectiondegrees":260,"windspeedms":6.3,"visibility":10483,"precipitation":1,"beaufort":4,"humidity":71,"sunshine":24,"hour":12,"mintemp":18.6,"maxtemp":19.9,"windspeed":23,"sunshinepower":531,"sunpower":531},"evening":{"datetime":"2020-07-26T18:00:00","datetimeutc":"2020-07-26T16:00:00","timetype":"Evening","precipitationmm":0.0,"mintemperature":16.7,"maxtemperature":19.7,"cloudcover":43,"iconcode":"j","iconid":6,"sources":1,"winddirection":"ZW","winddirectiondegrees":237,"windspeedms":4.5,"visibility":12665,"precipitation":0,"beaufort":3,"humidity":72,"sunshine":39,"hour":18,"mintemp":16.7,"maxtemp":19.7,"windspeed":16,"sunshinepower":135,"sunpower":135},"night":{"datetime":"2020-07-26T00:00:00","datetimeutc":"2020-07-25T22:00:00","timetype":"Night","precipitationmm":6.8,"mintemperature":17.8,"maxtemperature":18.3,"cloudcover":95,"iconcode":"m","iconid":33,"sources":1,"winddirection":"ZW","winddirectiondegrees":231,"windspeedms":4.8,"visibility":444,"precipitation":64,"beaufort":3,"humidity":89,"sunshine":0,"hour":0,"mintemp":17.8,"maxtemp":18.3,"windspeed":17,"sunshinepower":0,"sunpower":0},"hours":[{"datetime":"2020-07-26T00:00:00","datetimeutc":"2020-07-25T22:00:00","timetype":"Hour","precipitationmm":1.0,"temperature":18.3,"feeltemperature":18.3,"cloudcover":100,"iconcode":"mm","iconid":33,"sources":2,"winddirection":"ZW","winddirectiondegrees":237,"windspeedms":4.7,"visibility":450,"precipitation":75,"beaufort":3,"humidity":89,"sunshine":0,"hour":0,"pollenindex":3,"windspeed":17,"sunshinepower":0,"sunpower":0},{"datetime":"2020-07-26T01:00:00","datetimeutc":"2020-07-25T23:00:00","timetype":"Hour","precipitationmm":0.8,"temperature":18.0,"feeltemperature":18.0,"cloudcover":100,"iconcode":"mm","iconid":33,"sources":2,"winddirection":"ZW","winddirectiondegrees":229,"windspeedms":4.4,"visibility":450,"precipitation":78,"beaufort":3,"humidity":88,"sunshine":0,"hour":1,"pollenindex":3,"windspeed":16,"sunshinepower":0,"sunpower":0},{"datetime":"2020-07-26T02:00:00","datetimeutc":"2020-07-26T00:00:00","timetype":"Hour","precipitationmm":5.0,"temperature":17.9,"feeltemperature":17.9,"cloudcover":100,"iconcode":"qq","iconid":33,"sources":2,"winddirection":"ZW","winddirectiondegrees":235,"windspeedms":4.7,"visibility":460,"precipitation":82,"beaufort":3,"humidity":90,"sunshine":0,"hour":2,"pollenindex":3,"windspeed":17,"sunshinepower":0,"sunpower":0},{"datetime":"2020-07-26T03:00:00","datetimeutc":"2020-07-26T01:00:00","timetype":"Hour","precipitationmm":0.0,"temperature":17.8,"feeltemperature":17.8,"cloudcover":93,"iconcode":"dd","iconid":22,"sources":2,"winddirection":"ZW","winddirectiondegrees":230,"windspeedms":5.2,"visibility":460,"precipitation":3,"beaufort":3,"humidity":91,"sunshine":0,"hour":3,"pollenindex":3,"windspeed":19,"sunshinepower":0,"sunpower":0},{"datetime":"2020-07-26T04:00:00","datetimeutc":"2020-07-26T02:00:00","timetype":"Hour","precipitationmm":0.0,"temperature":17.8,"feeltemperature":17.8,"cloudcover":92,"iconcode":"dd","iconid":22,"sources":2,"winddirection":"ZW","winddirectiondegrees":227,"windspeedms":5.0,"visibility":250,"precipitation":3,"beaufort":3,"humidity":91,"sunshine":0,"hour":4,"pollenindex":3,"windspeed":18,"sunshinepower":0,"sunpower":0},{"datetime":"2020-07-26T05:00:00","datetimeutc":"2020-07-26T03:00:00","timetype":"Hour","precipitationmm":0.0,"temperature":17.8,"feeltemperature":17.8,"cloudcover":92,"iconcode":"dd","iconid":22,"sources":2,"winddirection":"ZW","winddirectiondegrees":231,"windspeedms":5.0,"visibility":430,"precipitation":2,"beaufort":3,"humidity":90,"sunshine":0,"hour":5,"pollenindex":3,"windspeed":18,"sunshinepower":0,"sunpower":0},{"datetime":"2020-07-26T06:00:00","datetimeutc":"2020-07-26T04:00:00","timetype":"Hour","precipitationmm":0.0,"temperature":17.8,"feeltemperature":17.8,"cloudcover":88,"iconcode":"d","iconid":28,"sources":2,"winddirection":"ZW","winddirectiondegrees":229,"windspeedms":4.5,"visibility":610,"precipitation":3,"beaufort":3,"humidity":90,"sunshine":0,"hour":6,"pollenindex":3,"windspeed":16,"sunshinepower":3,"sunpower":3},{"datetime":"2020-07-26T07:00:00","datetimeutc":"2020-07-26T05:00:00","timetype":"Hour","precipitationmm":0.0,"temperature":17.9,"feeltemperature":17.9,"cloudcover":87,"iconcode":"d","iconid":28,"sources":2,"winddirection":"ZW","winddirectiondegrees":214,"windspeedms":4.5,"visibility":210,"precipitation":3,"beaufort":3,"humidity":90,"sunshine":6,"hour":7,"pollenindex":3,"windspeed":16,"sunshinepower":51,"sunpower":51},{"datetime":"2020-07-26T08:00:00","datetimeutc":"2020-07-26T06:00:00","timetype":"Hour","precipitationmm":0.0,"temperature":18.0,"feeltemperature":18.0,"cloudcover":89,"iconcode":"d","iconid":19,"sources":1,"winddirection":"ZW","winddirectiondegrees":222,"windspeedms":4.44,"visibility":210,"precipitation":2,"beaufort":3,"humidity":89,"sunshine":8,"hour":8,"pollenindex":3,"windspeed":16,"sunshinepower":142,"sunpower":142},{"datetime":"2020-07-26T09:00:00","datetimeutc":"2020-07-26T07:00:00","timetype":"Hour","precipitationmm":0.0,"temperature":18.0,"feeltemperature":18.0,"cloudcover":89,"iconcode":"d","iconid":22,"sources":1,"winddirection":"ZW","winddirectiondegrees":236,"windspeedms":5.04,"visibility":420,"precipitation":3,"beaufort":3,"humidity":86,"sunshine":5,"hour":9,"pollenindex":3,"windspeed":18,"sunshinepower":239,"sunpower":239},{"datetime":"2020-07-26T10:00:00","datetimeutc":"2020-07-26T08:00:00","timetype":"Hour","precipitationmm":1.0,"temperature":18.1,"feeltemperature":18.1,"cloudcover":87,"iconcode":"s","iconid":28,"sources":1,"winddirection":"W","winddirectiondegrees":251,"windspeedms":5.59,"visibility":9420,"precipitation":65,"beaufort":3,"humidity":83,"sunshine":5,"hour":10,"pollenindex":4,"windspeed":20,"sunshinepower":330,"sunpower":330},{"datetime":"2020-07-26T11:00:00","datetimeutc":"2020-07-26T09:00:00","timetype":"Hour","precipitationmm":0.0,"temperature":18.3,"feeltemperature":18.3,"cloudcover":88,"iconcode":"r","iconid":22,"sources":1,"winddirection":"W","winddirectiondegrees":258,"windspeedms":5.77,"visibility":9620,"precipitation":2,"beaufort":3,"humidity":80,"sunshine":8,"hour":11,"pollenindex":4,"windspeed":21,"sunshinepower":424,"sunpower":424},{"datetime":"2020-07-26T12:00:00","datetimeutc":"2020-07-26T10:00:00","timetype":"Hour","precipitationmm":0.0,"temperature":18.6,"feeltemperature":18.6,"cloudcover":81,"iconcode":"r","iconid":22,"sources":1,"winddirection":"W","winddirectiondegrees":262,"windspeedms":6.02,"visibility":10620,"precipitation":2,"beaufort":4,"humidity":76,"sunshine":6,"hour":12,"pollenindex":4,"windspeed":22,"sunshinepower":506,"sunpower":506},{"datetime":"2020-07-26T13:00:00","datetimeutc":"2020-07-26T11:00:00","timetype":"Hour","precipitationmm":0.0,"temperature":19.0,"feeltemperature":19.0,"cloudcover":72,"iconcode":"r","iconid":19,"sources":1,"winddirection":"W","winddirectiondegrees":261,"windspeedms":6.42,"visibility":11220,"precipitation":2,"beaufort":4,"humidity":74,"sunshine":13,"hour":13,"pollenindex":4,"windspeed":23,"sunshinepower":564,"sunpower":564},{"datetime":"2020-07-26T14:00:00","datetimeutc":"2020-07-26T12:00:00","timetype":"Hour","precipitationmm":0.0,"temperature":19.3,"feeltemperature":19.3,"cloudcover":64,"iconcode":"b","iconid":22,"sources":1,"winddirection":"W","winddirectiondegrees":259,"windspeedms":6.58,"visibility":11410,"precipitation":2,"beaufort":4,"humidity":71,"sunshine":23,"hour":14,"pollenindex":4,"windspeed":24,"sunshinepower":587,"sunpower":587},{"datetime":"2020-07-26T15:00:00","datetimeutc":"2020-07-26T13:00:00","timetype":"Hour","precipitationmm":0.0,"temperature":19.5,"feeltemperature":19.5,"cloudcover":61,"iconcode":"b","iconid":20,"sources":1,"winddirection":"W","winddirectiondegrees":261,"windspeedms":6.67,"visibility":10420,"precipitation":1,"beaufort":4,"humidity":71,"sunshine":31,"hour":15,"pollenindex":4,"windspeed":24,"sunshinepower":570,"sunpower":570},{"datetime":"2020-07-26T16:00:00","datetimeutc":"2020-07-26T14:00:00","timetype":"Hour","precipitationmm":0.0,"temperature":19.8,"feeltemperature":19.8,"cloudcover":59,"iconcode":"b","iconid":20,"sources":1,"winddirection":"W","winddirectiondegrees":263,"windspeedms":6.37,"visibility":9020,"precipitation":1,"beaufort":4,"humidity":70,"sunshine":35,"hour":16,"pollenindex":4,"windspeed":23,"sunshinepower":518,"sunpower":518},{"datetime":"2020-07-26T17:00:00","datetimeutc":"2020-07-26T15:00:00","timetype":"Hour","precipitationmm":0.0,"temperature":19.9,"feeltemperature":19.9,"cloudcover":52,"iconcode":"b","iconid":9,"sources":1,"winddirection":"W","winddirectiondegrees":259,"windspeedms":5.94,"visibility":10210,"precipitation":1,"beaufort":3,"humidity":67,"sunshine":38,"hour":17,"pollenindex":5,"windspeed":21,"sunshinepower":444,"sunpower":444},{"datetime":"2020-07-26T18:00:00","datetimeutc":"2020-07-26T16:00:00","timetype":"Hour","precipitationmm":0.0,"temperature":19.7,"feeltemperature":19.7,"cloudcover":38,"iconcode":"j","iconid":6,"sources":1,"winddirection":"W","winddirectiondegrees":257,"windspeedms":5.64,"visibility":11020,"precipitation":1,"beaufort":3,"humidity":67,"sunshine":45,"hour":18,"pollenindex":5,"windspeed":20,"sunshinepower":358,"sunpower":358},{"datetime":"2020-07-26T19:00:00","datetimeutc":"2020-07-26T17:00:00","timetype":"Hour","precipitationmm":0.0,"temperature":19.3,"feeltemperature":19.3,"cloudcover":49,"iconcode":"j","iconid":6,"sources":1,"winddirection":"W","winddirectiondegrees":256,"windspeedms":5.23,"visibility":13220,"precipitation":0,"beaufort":3,"humidity":68,"sunshine":60,"hour":19,"pollenindex":5,"windspeed":19,"sunshinepower":260,"sunpower":260},{"datetime":"2020-07-26T20:00:00","datetimeutc":"2020-07-26T18:00:00","timetype":"Hour","precipitationmm":0.0,"temperature":18.8,"feeltemperature":18.8,"cloudcover":48,"iconcode":"j","iconid":9,"sources":1,"winddirection":"W","winddirectiondegrees":250,"windspeedms":4.84,"visibility":14020,"precipitation":0,"beaufort":3,"humidity":71,"sunshine":46,"hour":20,"pollenindex":4,"windspeed":17,"sunshinepower":150,"sunpower":150},{"datetime":"2020-07-26T21:00:00","datetimeutc":"2020-07-26T19:00:00","timetype":"Hour","precipitationmm":0.0,"temperature":18.1,"feeltemperature":18.1,"cloudcover":48,"iconcode":"j","iconid":8,"sources":1,"winddirection":"ZW","winddirectiondegrees":245,"windspeedms":4.3,"visibility":13820,"precipitation":0,"beaufort":3,"humidity":73,"sunshine":50,"hour":21,"pollenindex":4,"windspeed":15,"sunshinepower":47,"sunpower":47},{"datetime":"2020-07-26T22:00:00","datetimeutc":"2020-07-26T20:00:00","timetype":"Hour","precipitationmm":0.0,"temperature":17.4,"feeltemperature":17.4,"cloudcover":48,"iconcode":"jj","iconid":20,"sources":1,"winddirection":"ZW","winddirectiondegrees":217,"windspeedms":3.36,"visibility":12460,"precipitation":0,"beaufort":2,"humidity":75,"sunshine":35,"hour":22,"pollenindex":4,"windspeed":12,"sunshinepower":0,"sunpower":0},{"datetime":"2020-07-26T23:00:00","datetimeutc":"2020-07-26T21:00:00","timetype":"Hour","precipitationmm":0.0,"temperature":16.7,"feeltemperature":16.7,"cloudcover":30,"iconcode":"jj","iconid":20,"sources":1,"winddirection":"Z","winddirectiondegrees":195,"windspeedms":3.4,"visibility":11450,"precipitation":0,"beaufort":2,"humidity":78,"sunshine":0,"hour":23,"pollenindex":4,"windspeed":12,"sunshinepower":0,"sunpower":0}],"datetime":"2020-07-26T00:00:00","datetimeutc":"2020-07-25T22:00:00","timetype":"Day","precipitationmm":7.5,"mintemperature":16.7,"maxtemperature":19.9,"cloudcover":73,"iconcode":"g","iconid":8,"sources":2,"winddirection":"ZW","winddirectiondegrees":225,"windspeedms":5.2,"visibility":6745,"precipitation":39,"beaufort":3,"humidity":79,"sunshine":17,"uvindex":5,"bbqindex":8,"mosquitoindex":6,"pollenindex":5,"icescrapeindex":1,"mintemp":16.7,"maxtemp":19.9,"windspeed":5,"sunshinepower":216,"sunpower":216},{"date":"2020-07-27T00:00:00","sunrise":"2020-07-27T05:53:54","sunset":"2020-07-27T21:39:07","hours":[{"datetime":"2020-07-27T00:00:00","datetimeutc":"2020-07-26T22:00:00","timetype":"Hour","precipitationmm":0.0,"temperature":16.2,"feeltemperature":16.2,"cloudcover":39,"iconcode":"jj","iconid":20,"sources":1,"winddirection":"Z","winddirectiondegrees":192,"windspeedms":3.47,"visibility":10650,"precipitation":0,"beaufort":2,"humidity":81,"sunshine":0,"hour":0,"pollenindex":4,"windspeed":12,"sunshinepower":0,"sunpower":0},{"datetime":"2020-07-27T01:00:00","datetimeutc":"2020-07-26T23:00:00","timetype":"Hour","precipitationmm":0.0,"temperature":15.8,"feeltemperature":15.8,"cloudcover":30,"iconcode":"jj","iconid":20,"sources":1,"winddirection":"Z","winddirectiondegrees":191,"windspeedms":3.66,"visibility":10060,"precipitation":0,"beaufort":2,"humidity":83,"sunshine":0,"hour":1,"pollenindex":4,"windspeed":13,"sunshinepower":0,"sunpower":0},{"datetime":"2020-07-27T02:00:00","datetimeutc":"2020-07-27T00:00:00","timetype":"Hour","precipitationmm":0.0,"temperature":15.5,"feeltemperature":15.5,"cloudcover":30,"iconcode":"jj","iconid":8,"sources":1,"winddirection":"ZW","winddirectiondegrees":203,"windspeedms":3.82,"visibility":10060,"precipitation":0,"beaufort":2,"humidity":85,"sunshine":0,"hour":2,"pollenindex":4,"windspeed":14,"sunshinepower":0,"sunpower":0},{"datetime":"2020-07-27T03:00:00","datetimeutc":"2020-07-27T01:00:00","timetype":"Hour","precipitationmm":0.0,"temperature":15.2,"feeltemperature":15.2,"cloudcover":30,"iconcode":"jj","iconid":20,"sources":1,"winddirection":"ZW","winddirectiondegrees":208,"windspeedms":4.17,"visibility":10030,"precipitation":0,"beaufort":3,"humidity":87,"sunshine":0,"hour":3,"pollenindex":3,"windspeed":15,"sunshinepower":0,"sunpower":0},{"datetime":"2020-07-27T04:00:00","datetimeutc":"2020-07-27T02:00:00","timetype":"Hour","precipitationmm":0.0,"temperature":15.1,"feeltemperature":15.1,"cloudcover":100,"iconcode":"cc","iconid":21,"sources":1,"winddirection":"ZW","winddirectiondegrees":213,"windspeedms":4.12,"visibility":10010,"precipitation":0,"beaufort":3,"humidity":87,"sunshine":0,"hour":4,"pollenindex":3,"windspeed":15,"sunshinepower":0,"sunpower":0},{"datetime":"2020-07-27T05:00:00","datetimeutc":"2020-07-27T03:00:00","timetype":"Hour","precipitationmm":0.0,"temperature":15.2,"feeltemperature":15.2,"cloudcover":100,"iconcode":"cc","iconid":21,"sources":1,"winddirection":"ZW","winddirectiondegrees":214,"windspeedms":4.09,"visibility":1210,"precipitation":0,"beaufort":3,"humidity":85,"sunshine":0,"hour":5,"pollenindex":4,"windspeed":15,"sunshinepower":0,"sunpower":0},{"datetime":"2020-07-27T06:00:00","datetimeutc":"2020-07-27T04:00:00","timetype":"Hour","precipitationmm":0.0,"temperature":15.5,"feeltemperature":15.5,"cloudcover":100,"iconcode":"d","iconid":16,"sources":1,"winddirection":"ZW","winddirectiondegrees":216,"windspeedms":3.98,"visibility":210,"precipitation":0,"beaufort":2,"humidity":84,"sunshine":0,"hour":6,"pollenindex":4,"windspeed":14,"sunshinepower":0,"sunpower":0},{"datetime":"2020-07-27T07:00:00","datetimeutc":"2020-07-27T05:00:00","timetype":"Hour","precipitationmm":0.0,"temperature":16.1,"feeltemperature":16.1,"cloudcover":94,"iconcode":"d","iconid":17,"sources":1,"winddirection":"ZW","winddirectiondegrees":220,"windspeedms":3.97,"visibility":10,"precipitation":0,"beaufort":2,"humidity":84,"sunshine":0,"hour":7,"pollenindex":4,"windspeed":14,"sunshinepower":70,"sunpower":70},{"datetime":"2020-07-27T08:00:00","datetimeutc":"2020-07-27T06:00:00","timetype":"Hour","precipitationmm":0.0,"temperature":16.9,"feeltemperature":16.9,"cloudcover":86,"iconcode":"d","iconid":22,"sources":1,"winddirection":"ZW","winddirectiondegrees":222,"windspeedms":4.17,"visibility":10,"precipitation":0,"beaufort":3,"humidity":83,"sunshine":0,"hour":8,"pollenindex":4,"windspeed":15,"sunshinepower":177,"sunpower":177},{"datetime":"2020-07-27T09:00:00","datetimeutc":"2020-07-27T07:00:00","timetype":"Hour","precipitationmm":0.0,"temperature":17.7,"feeltemperature":17.7,"cloudcover":85,"iconcode":"d","iconid":20,"sources":1,"winddirection":"ZW","winddirectiondegrees":219,"windspeedms":4.5,"visibility":200,"precipitation":1,"beaufort":3,"humidity":81,"sunshine":8,"hour":9,"pollenindex":4,"windspeed":16,"sunshinepower":287,"sunpower":287},{"datetime":"2020-07-27T10:00:00","datetimeutc":"2020-07-27T08:00:00","timetype":"Hour","precipitationmm":0.0,"temperature":18.6,"feeltemperature":18.6,"cloudcover":88,"iconcode":"r","iconid":19,"sources":1,"winddirection":"ZW","winddirectiondegrees":216,"windspeedms":4.85,"visibility":9410,"precipitation":1,"beaufort":3,"humidity":78,"sunshine":10,"hour":10,"pollenindex":4,"windspeed":17,"sunshinepower":385,"sunpower":385},{"datetime":"2020-07-27T11:00:00","datetimeutc":"2020-07-27T09:00:00","timetype":"Hour","precipitationmm":0.0,"temperature":19.4,"feeltemperature":19.4,"cloudcover":46,"iconcode":"j","iconid":21,"sources":1,"winddirection":"ZW","winddirectiondegrees":223,"windspeedms":5.19,"visibility":12610,"precipitation":1,"beaufort":3,"humidity":74,"sunshine":6,"hour":11,"pollenindex":4,"windspeed":19,"sunshinepower":454,"sunpower":454},{"datetime":"2020-07-27T12:00:00","datetimeutc":"2020-07-27T10:00:00","timetype":"Hour","precipitationmm":0.0,"temperature":20.1,"feeltemperature":20.1,"cloudcover":95,"iconcode":"c","iconid":22,"sources":1,"winddirection":"ZW","winddirectiondegrees":244,"windspeedms":5.31,"visibility":15000,"precipitation":2,"beaufort":3,"humidity":69,"sunshine":50,"hour":12,"pollenindex":4,"windspeed":19,"sunshinepower":474,"sunpower":474},{"datetime":"2020-07-27T13:00:00","datetimeutc":"2020-07-27T11:00:00","timetype":"Hour","precipitationmm":0.3,"temperature":20.6,"feeltemperature":20.6,"cloudcover":99,"iconcode":"m","iconid":33,"sources":1,"winddirection":"W","winddirectiondegrees":260,"windspeedms":4.93,"visibility":13400,"precipitation":50,"beaufort":3,"humidity":65,"sunshine":0,"hour":13,"pollenindex":5,"windspeed":18,"sunshinepower":462,"sunpower":462},{"datetime":"2020-07-27T14:00:00","datetimeutc":"2020-07-27T12:00:00","timetype":"Hour","precipitationmm":0.0,"temperature":20.8,"feeltemperature":20.8,"cloudcover":100,"iconcode":"c","iconid":22,"sources":1,"winddirection":"ZW","winddirectiondegrees":247,"windspeedms":4.59,"visibility":12800,"precipitation":2,"beaufort":3,"humidity":65,"sunshine":0,"hour":14,"pollenindex":5,"windspeed":17,"sunshinepower":430,"sunpower":430},{"datetime":"2020-07-27T15:00:00","datetimeutc":"2020-07-27T13:00:00","timetype":"Hour","precipitationmm":0.0,"temperature":20.8,"feeltemperature":20.8,"cloudcover":100,"iconcode":"c","iconid":22,"sources":1,"winddirection":"ZW","winddirectiondegrees":221,"windspeedms":4.32,"visibility":13400,"precipitation":2,"beaufort":3,"humidity":67,"sunshine":0,"hour":15,"pollenindex":5,"windspeed":16,"sunshinepower":395,"sunpower":395},{"datetime":"2020-07-27T16:00:00","datetimeutc":"2020-07-27T14:00:00","timetype":"Hour","precipitationmm":0.0,"temperature":20.5,"feeltemperature":20.5,"cloudcover":100,"iconcode":"c","iconid":22,"sources":1,"winddirection":"ZW","winddirectiondegrees":207,"windspeedms":4.36,"visibility":15000,"precipitation":2,"beaufort":3,"humidity":71,"sunshine":0,"hour":16,"pollenindex":4,"windspeed":16,"sunshinepower":342,"sunpower":342},{"datetime":"2020-07-27T17:00:00","datetimeutc":"2020-07-27T15:00:00","timetype":"Hour","precipitationmm":0.0,"temperature":20.1,"feeltemperature":20.1,"cloudcover":100,"iconcode":"c","iconid":22,"sources":1,"winddirection":"ZW","winddirectiondegrees":205,"windspeedms":4.2,"visibility":15600,"precipitation":2,"beaufort":3,"humidity":71,"sunshine":0,"hour":17,"pollenindex":4,"windspeed":15,"sunshinepower":256,"sunpower":256},{"datetime":"2020-07-27T18:00:00","datetimeutc":"2020-07-27T16:00:00","timetype":"Hour","precipitationmm":2.0,"temperature":19.7,"feeltemperature":19.7,"cloudcover":100,"iconcode":"m","iconid":33,"sources":1,"winddirection":"ZW","winddirectiondegrees":209,"windspeedms":3.92,"visibility":15800,"precipitation":60,"beaufort":2,"humidity":73,"sunshine":0,"hour":18,"pollenindex":4,"windspeed":14,"sunshinepower":189,"sunpower":189},{"datetime":"2020-07-27T19:00:00","datetimeutc":"2020-07-27T17:00:00","timetype":"Hour","precipitationmm":0.0,"temperature":19.2,"feeltemperature":19.2,"cloudcover":100,"iconcode":"c","iconid":22,"sources":1,"winddirection":"ZW","winddirectiondegrees":217,"windspeedms":3.27,"visibility":17400,"precipitation":3,"beaufort":2,"humidity":77,"sunshine":0,"hour":19,"pollenindex":4,"windspeed":12,"sunshinepower":138,"sunpower":138},{"datetime":"2020-07-27T20:00:00","datetimeutc":"2020-07-27T18:00:00","timetype":"Hour","precipitationmm":0.0,"temperature":18.9,"feeltemperature":18.9,"cloudcover":100,"iconcode":"c","iconid":22,"sources":1,"winddirection":"ZW","winddirectiondegrees":209,"windspeedms":2.72,"visibility":17600,"precipitation":2,"beaufort":2,"humidity":80,"sunshine":0,"hour":20,"pollenindex":4,"windspeed":10,"sunshinepower":83,"sunpower":83},{"datetime":"2020-07-27T21:00:00","datetimeutc":"2020-07-27T19:00:00","timetype":"Hour","precipitationmm":0.0,"temperature":18.6,"feeltemperature":18.6,"cloudcover":100,"iconcode":"c","iconid":22,"sources":1,"winddirection":"Z","winddirectiondegrees":164,"windspeedms":2.53,"visibility":16600,"precipitation":2,"beaufort":2,"humidity":80,"sunshine":0,"hour":21,"pollenindex":4,"windspeed":9,"sunshinepower":26,"sunpower":26},{"datetime":"2020-07-27T22:00:00","datetimeutc":"2020-07-27T20:00:00","timetype":"Hour","precipitationmm":0.0,"temperature":18.4,"feeltemperature":18.4,"cloudcover":82,"iconcode":"rr","iconid":22,"sources":1,"winddirection":"ZO","winddirectiondegrees":136,"windspeedms":3.38,"visibility":14010,"precipitation":1,"beaufort":2,"humidity":78,"sunshine":0,"hour":22,"pollenindex":4,"windspeed":12,"sunshinepower":0,"sunpower":0},{"datetime":"2020-07-27T23:00:00","datetimeutc":"2020-07-27T21:00:00","timetype":"Hour","precipitationmm":0.0,"temperature":18.2,"feeltemperature":18.2,"cloudcover":61,"iconcode":"bb","iconid":22,"sources":1,"winddirection":"ZO","winddirectiondegrees":138,"windspeedms":3.92,"visibility":12010,"precipitation":1,"beaufort":2,"humidity":78,"sunshine":0,"hour":23,"pollenindex":4,"windspeed":14,"sunshinepower":0,"sunpower":0}],"datetime":"2020-07-27T00:00:00","datetimeutc":"2020-07-26T22:00:00","timetype":"Day","precipitationmm":2.3,"mintemperature":15.1,"maxtemperature":20.8,"cloudcover":90,"iconcode":"m","iconid":12,"sources":1,"winddirection":"ZW","winddirectiondegrees":225,"windspeedms":4.06,"precipitation":60,"beaufort":3,"uvindex":4,"bbqindex":4,"mosquitoindex":6,"pollenindex":5,"icescrapeindex":1,"mintemp":15.1,"maxtemp":20.8,"windspeed":4},{"date":"2020-07-28T00:00:00","sunrise":"2020-07-28T05:55:25","sunset":"2020-07-28T21:37:32","hours":[{"datetime":"2020-07-28T00:00:00","datetimeutc":"2020-07-27T22:00:00","timetype":"Hour","precipitationmm":0.0,"temperature":18.1,"feeltemperature":18.1,"cloudcover":71,"iconcode":"rr","iconid":22,"sources":1,"winddirection":"ZO","winddirectiondegrees":139,"windspeedms":4.29,"visibility":11210,"precipitation":1,"beaufort":3,"humidity":78,"sunshine":0,"hour":0,"pollenindex":4,"windspeed":15,"sunshinepower":0,"sunpower":0},{"datetime":"2020-07-28T01:00:00","datetimeutc":"2020-07-27T23:00:00","timetype":"Hour","precipitationmm":0.0,"temperature":18.0,"feeltemperature":18.0,"cloudcover":83,"iconcode":"rr","iconid":20,"sources":1,"winddirection":"ZO","winddirectiondegrees":140,"windspeedms":4.45,"visibility":10830,"precipitation":1,"beaufort":3,"humidity":78,"sunshine":0,"hour":1,"pollenindex":4,"windspeed":16,"sunshinepower":0,"sunpower":0},{"datetime":"2020-07-28T02:00:00","datetimeutc":"2020-07-28T00:00:00","timetype":"Hour","precipitationmm":0.0,"temperature":17.9,"feeltemperature":17.9,"cloudcover":92,"iconcode":"cc","iconid":20,"sources":1,"winddirection":"ZO","winddirectiondegrees":146,"windspeedms":4.33,"visibility":10620,"precipitation":0,"beaufort":3,"humidity":80,"sunshine":0,"hour":2,"pollenindex":4,"windspeed":16,"sunshinepower":0,"sunpower":0},{"datetime":"2020-07-28T03:00:00","datetimeutc":"2020-07-28T01:00:00","timetype":"Hour","precipitationmm":0.0,"temperature":17.8,"feeltemperature":17.8,"cloudcover":93,"iconcode":"cc","iconid":20,"sources":1,"winddirection":"Z","winddirectiondegrees":159,"windspeedms":4.07,"visibility":10210,"precipitation":1,"beaufort":3,"humidity":81,"sunshine":0,"hour":3,"pollenindex":4,"windspeed":15,"sunshinepower":0,"sunpower":0},{"datetime":"2020-07-28T04:00:00","datetimeutc":"2020-07-28T02:00:00","timetype":"Hour","precipitationmm":0.0,"temperature":17.8,"feeltemperature":17.8,"cloudcover":92,"iconcode":"cc","iconid":22,"sources":1,"winddirection":"Z","winddirectiondegrees":176,"windspeedms":3.99,"visibility":10010,"precipitation":0,"beaufort":2,"humidity":83,"sunshine":0,"hour":4,"pollenindex":4,"windspeed":14,"sunshinepower":0,"sunpower":0},{"datetime":"2020-07-28T05:00:00","datetimeutc":"2020-07-28T03:00:00","timetype":"Hour","precipitationmm":0.0,"temperature":17.8,"feeltemperature":17.8,"cloudcover":91,"iconcode":"cc","iconid":22,"sources":1,"winddirection":"Z","winddirectiondegrees":185,"windspeedms":3.77,"visibility":10000,"precipitation":1,"beaufort":2,"humidity":82,"sunshine":0,"hour":5,"pollenindex":4,"windspeed":14,"sunshinepower":0,"sunpower":0},{"datetime":"2020-07-28T06:00:00","datetimeutc":"2020-07-28T04:00:00","timetype":"Hour","precipitationmm":0.0,"temperature":18.0,"feeltemperature":18.0,"cloudcover":91,"iconcode":"c","iconid":20,"sources":1,"winddirection":"Z","winddirectiondegrees":199,"windspeedms":3.63,"visibility":10000,"precipitation":0,"beaufort":2,"humidity":82,"sunshine":0,"hour":6,"pollenindex":4,"windspeed":13,"sunshinepower":0,"sunpower":0},{"datetime":"2020-07-28T07:00:00","datetimeutc":"2020-07-28T05:00:00","timetype":"Hour","precipitationmm":0.0,"temperature":18.3,"feeltemperature":18.3,"cloudcover":91,"iconcode":"c","iconid":20,"sources":1,"winddirection":"ZW","winddirectiondegrees":225,"windspeedms":3.87,"visibility":10000,"precipitation":1,"beaufort":2,"humidity":81,"sunshine":3,"hour":7,"pollenindex":4,"windspeed":14,"sunshinepower":59,"sunpower":59},{"datetime":"2020-07-28T08:00:00","datetimeutc":"2020-07-28T06:00:00","timetype":"Hour","precipitationmm":0.0,"temperature":18.7,"feeltemperature":18.7,"cloudcover":89,"iconcode":"r","iconid":20,"sources":1,"winddirection":"W","winddirectiondegrees":255,"windspeedms":4.54,"visibility":14200,"precipitation":1,"beaufort":3,"humidity":79,"sunshine":3,"hour":8,"pollenindex":4,"windspeed":16,"sunshinepower":152,"sunpower":152},{"datetime":"2020-07-28T09:00:00","datetimeutc":"2020-07-28T07:00:00","timetype":"Hour","precipitationmm":0.0,"temperature":19.1,"feeltemperature":19.1,"cloudcover":83,"iconcode":"r","iconid":22,"sources":1,"winddirection":"W","winddirectiondegrees":261,"windspeedms":5.36,"visibility":16800,"precipitation":1,"beaufort":3,"humidity":75,"sunshine":5,"hour":9,"pollenindex":4,"windspeed":19,"sunshinepower":241,"sunpower":241},{"datetime":"2020-07-28T10:00:00","datetimeutc":"2020-07-28T08:00:00","timetype":"Hour","precipitationmm":0.0,"temperature":19.6,"feeltemperature":19.6,"cloudcover":75,"iconcode":"r","iconid":22,"sources":1,"winddirection":"W","winddirectiondegrees":260,"windspeedms":6.0,"visibility":14400,"precipitation":1,"beaufort":4,"humidity":73,"sunshine":11,"hour":10,"pollenindex":4,"windspeed":22,"sunshinepower":322,"sunpower":322},{"datetime":"2020-07-28T11:00:00","datetimeutc":"2020-07-28T09:00:00","timetype":"Hour","precipitationmm":0.0,"temperature":20.1,"feeltemperature":20.1,"cloudcover":68,"iconcode":"b","iconid":22,"sources":1,"winddirection":"W","winddirectiondegrees":257,"windspeedms":6.39,"visibility":12600,"precipitation":1,"beaufort":4,"humidity":70,"sunshine":20,"hour":11,"pollenindex":4,"windspeed":23,"sunshinepower":411,"sunpower":411},{"datetime":"2020-07-28T12:00:00","datetimeutc":"2020-07-28T10:00:00","timetype":"Hour","precipitationmm":0.0,"temperature":20.5,"feeltemperature":20.5,"cloudcover":65,"iconcode":"b","iconid":22,"sources":1,"winddirection":"W","winddirectiondegrees":264,"windspeedms":6.47,"visibility":10000,"precipitation":1,"beaufort":4,"humidity":66,"sunshine":28,"hour":12,"pollenindex":5,"windspeed":23,"sunshinepower":498,"sunpower":498},{"datetime":"2020-07-28T13:00:00","datetimeutc":"2020-07-28T11:00:00","timetype":"Hour","precipitationmm":0.0,"temperature":20.9,"feeltemperature":20.9,"cloudcover":64,"iconcode":"b","iconid":19,"sources":1,"winddirection":"W","winddirectiondegrees":272,"windspeedms":6.45,"visibility":10600,"precipitation":1,"beaufort":4,"humidity":63,"sunshine":31,"hour":13,"pollenindex":5,"windspeed":23,"sunshinepower":582,"sunpower":582},{"datetime":"2020-07-28T14:00:00","datetimeutc":"2020-07-28T12:00:00","timetype":"Hour","precipitationmm":0.0,"temperature":21.2,"feeltemperature":21.2,"cloudcover":62,"iconcode":"b","iconid":19,"sources":1,"winddirection":"W","winddirectiondegrees":280,"windspeedms":6.57,"visibility":11400,"precipitation":1,"beaufort":4,"humidity":61,"sunshine":31,"hour":14,"pollenindex":5,"windspeed":24,"sunshinepower":637,"sunpower":637},{"datetime":"2020-07-28T15:00:00","datetimeutc":"2020-07-28T13:00:00","timetype":"Hour","precipitationmm":0.0,"temperature":21.3,"feeltemperature":21.3,"cloudcover":60,"iconcode":"b","iconid":7,"sources":1,"winddirection":"W","winddirectiondegrees":285,"windspeedms":6.66,"visibility":12200,"precipitation":1,"beaufort":4,"humidity":61,"sunshine":33,"hour":15,"pollenindex":5,"windspeed":24,"sunshinepower":658,"sunpower":658},{"datetime":"2020-07-28T16:00:00","datetimeutc":"2020-07-28T14:00:00","timetype":"Hour","precipitationmm":0.0,"temperature":21.2,"feeltemperature":21.2,"cloudcover":57,"iconcode":"b","iconid":7,"sources":1,"winddirection":"W","winddirectiondegrees":289,"windspeedms":6.98,"visibility":16200,"precipitation":1,"beaufort":4,"humidity":62,"sunshine":36,"hour":16,"pollenindex":5,"windspeed":25,"sunshinepower":656,"sunpower":656},{"datetime":"2020-07-28T17:00:00","datetimeutc":"2020-07-28T15:00:00","timetype":"Hour","precipitationmm":0.0,"temperature":20.8,"feeltemperature":20.8,"cloudcover":54,"iconcode":"b","iconid":7,"sources":1,"winddirection":"NW","winddirectiondegrees":294,"windspeedms":6.83,"visibility":17600,"precipitation":1,"beaufort":4,"humidity":60,"sunshine":40,"hour":17,"pollenindex":5,"windspeed":25,"sunshinepower":586,"sunpower":586},{"datetime":"2020-07-28T18:00:00","datetimeutc":"2020-07-28T16:00:00","timetype":"Hour","precipitationmm":0.0,"temperature":20.3,"feeltemperature":20.3,"cloudcover":50,"iconcode":"b","iconid":8,"sources":1,"winddirection":"NW","winddirectiondegrees":297,"windspeedms":6.29,"visibility":17600,"precipitation":1,"beaufort":4,"humidity":61,"sunshine":43,"hour":18,"pollenindex":5,"windspeed":23,"sunshinepower":460,"sunpower":460},{"datetime":"2020-07-28T19:00:00","datetimeutc":"2020-07-28T17:00:00","timetype":"Hour","precipitationmm":0.0,"temperature":19.7,"feeltemperature":19.7,"cloudcover":45,"iconcode":"j","iconid":8,"sources":1,"winddirection":"NW","winddirectiondegrees":294,"windspeedms":5.61,"visibility":17400,"precipitation":1,"beaufort":3,"humidity":62,"sunshine":46,"hour":19,"pollenindex":5,"windspeed":20,"sunshinepower":312,"sunpower":312},{"datetime":"2020-07-28T20:00:00","datetimeutc":"2020-07-28T18:00:00","timetype":"Hour","precipitationmm":0.0,"temperature":19.0,"feeltemperature":19.0,"cloudcover":38,"iconcode":"j","iconid":8,"sources":1,"winddirection":"W","winddirectiondegrees":287,"windspeedms":4.97,"visibility":17400,"precipitation":1,"beaufort":3,"humidity":64,"sunshine":51,"hour":20,"pollenindex":5,"windspeed":18,"sunshinepower":164,"sunpower":164},{"datetime":"2020-07-28T21:00:00","datetimeutc":"2020-07-28T19:00:00","timetype":"Hour","precipitationmm":0.0,"temperature":18.4,"feeltemperature":18.4,"cloudcover":30,"iconcode":"j","iconid":8,"sources":1,"winddirection":"W","winddirectiondegrees":280,"windspeedms":4.13,"visibility":15600,"precipitation":1,"beaufort":3,"humidity":68,"sunshine":60,"hour":21,"pollenindex":5,"windspeed":15,"sunshinepower":45,"sunpower":45},{"datetime":"2020-07-28T22:00:00","datetimeutc":"2020-07-28T20:00:00","timetype":"Hour","precipitationmm":0.0,"temperature":17.7,"feeltemperature":17.7,"cloudcover":22,"iconcode":"jj","iconid":5,"sources":1,"winddirection":"W","winddirectiondegrees":263,"windspeedms":3.49,"visibility":13210,"precipitation":1,"beaufort":2,"humidity":72,"sunshine":45,"hour":22,"pollenindex":4,"windspeed":13,"sunshinepower":0,"sunpower":0},{"datetime":"2020-07-28T23:00:00","datetimeutc":"2020-07-28T21:00:00","timetype":"Hour","precipitationmm":0.0,"temperature":17.0,"feeltemperature":17.0,"cloudcover":14,"iconcode":"aa","iconid":1,"sources":1,"winddirection":"ZW","winddirectiondegrees":239,"windspeedms":3.29,"visibility":12210,"precipitation":0,"beaufort":2,"humidity":77,"sunshine":0,"hour":23,"pollenindex":4,"windspeed":12,"sunshinepower":0,"sunpower":0}],"datetime":"2020-07-28T00:00:00","datetimeutc":"2020-07-27T22:00:00","timetype":"Day","precipitationmm":0.0,"mintemperature":17.0,"maxtemperature":21.3,"cloudcover":75,"iconcode":"r","iconid":3,"sources":1,"winddirection":"W","winddirectiondegrees":270,"windspeedms":5.1,"precipitation":1,"beaufort":3,"uvindex":3,"bbqindex":7,"mosquitoindex":7,"pollenindex":5,"icescrapeindex":1,"mintemp":17.0,"maxtemp":21.3,"windspeed":5},{"date":"2020-07-29T00:00:00","sunrise":"2020-07-29T05:56:57","sunset":"2020-07-29T21:35:56","hours":[{"datetime":"2020-07-29T00:00:00","datetimeutc":"2020-07-28T22:00:00","timetype":"Hour","precipitationmm":0.0,"temperature":16.4,"feeltemperature":16.4,"cloudcover":17,"iconcode":"jj","iconid":7,"sources":1,"winddirection":"ZW","winddirectiondegrees":225,"windspeedms":3.23,"visibility":11610,"precipitation":0,"beaufort":2,"humidity":80,"sunshine":0,"hour":0,"pollenindex":4,"windspeed":12,"sunshinepower":0,"sunpower":0},{"datetime":"2020-07-29T01:00:00","datetimeutc":"2020-07-28T23:00:00","timetype":"Hour","precipitationmm":0.0,"temperature":16.0,"feeltemperature":16.0,"cloudcover":36,"iconcode":"jj","iconid":5,"sources":1,"winddirection":"ZW","winddirectiondegrees":217,"windspeedms":3.15,"visibility":10620,"precipitation":0,"beaufort":2,"humidity":80,"sunshine":0,"hour":1,"pollenindex":4,"windspeed":11,"sunshinepower":0,"sunpower":0},{"datetime":"2020-07-29T02:00:00","datetimeutc":"2020-07-29T00:00:00","timetype":"Hour","precipitationmm":0.0,"temperature":15.8,"feeltemperature":15.8,"cloudcover":27,"iconcode":"jj","iconid":5,"sources":1,"winddirection":"ZW","winddirectiondegrees":218,"windspeedms":3.22,"visibility":10220,"precipitation":0,"beaufort":2,"humidity":81,"sunshine":0,"hour":2,"pollenindex":4,"windspeed":12,"sunshinepower":0,"sunpower":0},{"datetime":"2020-07-29T03:00:00","datetimeutc":"2020-07-29T01:00:00","timetype":"Hour","precipitationmm":0.0,"temperature":15.8,"feeltemperature":15.8,"cloudcover":21,"iconcode":"jj","iconid":5,"sources":1,"winddirection":"ZW","winddirectiondegrees":230,"windspeedms":3.27,"visibility":10210,"precipitation":0,"beaufort":2,"humidity":84,"sunshine":0,"hour":3,"pollenindex":4,"windspeed":12,"sunshinepower":0,"sunpower":0},{"datetime":"2020-07-29T04:00:00","datetimeutc":"2020-07-29T02:00:00","timetype":"Hour","precipitationmm":0.0,"temperature":15.7,"feeltemperature":15.7,"cloudcover":36,"iconcode":"jj","iconid":7,"sources":1,"winddirection":"ZW","winddirectiondegrees":246,"windspeedms":3.53,"visibility":10610,"precipitation":0,"beaufort":2,"humidity":84,"sunshine":0,"hour":4,"pollenindex":4,"windspeed":13,"sunshinepower":0,"sunpower":0},{"datetime":"2020-07-29T05:00:00","datetimeutc":"2020-07-29T03:00:00","timetype":"Hour","precipitationmm":0.0,"temperature":15.8,"feeltemperature":15.8,"cloudcover":51,"iconcode":"bb","iconid":7,"sources":1,"winddirection":"W","winddirectiondegrees":269,"windspeedms":3.71,"visibility":11200,"precipitation":0,"beaufort":2,"humidity":83,"sunshine":0,"hour":5,"pollenindex":4,"windspeed":13,"sunshinepower":0,"sunpower":0},{"datetime":"2020-07-29T06:00:00","datetimeutc":"2020-07-29T04:00:00","timetype":"Hour","precipitationmm":0.0,"temperature":16.1,"feeltemperature":16.1,"cloudcover":51,"iconcode":"b","iconid":19,"sources":1,"winddirection":"W","winddirectiondegrees":273,"windspeedms":3.57,"visibility":13000,"precipitation":0,"beaufort":2,"humidity":83,"sunshine":3,"hour":6,"pollenindex":4,"windspeed":13,"sunshinepower":0,"sunpower":0},{"datetime":"2020-07-29T07:00:00","datetimeutc":"2020-07-29T05:00:00","timetype":"Hour","precipitationmm":0.0,"temperature":16.4,"feeltemperature":16.4,"cloudcover":44,"iconcode":"j","iconid":19,"sources":1,"winddirection":"W","winddirectiondegrees":268,"windspeedms":3.91,"visibility":14200,"precipitation":0,"beaufort":2,"humidity":82,"sunshine":46,"hour":7,"pollenindex":4,"windspeed":14,"sunshinepower":64,"sunpower":64},{"datetime":"2020-07-29T08:00:00","datetimeutc":"2020-07-29T06:00:00","timetype":"Hour","precipitationmm":0.0,"temperature":16.9,"feeltemperature":16.9,"cloudcover":60,"iconcode":"b","iconid":19,"sources":1,"winddirection":"W","winddirectiondegrees":273,"windspeedms":4.66,"visibility":15800,"precipitation":0,"beaufort":3,"humidity":80,"sunshine":53,"hour":8,"pollenindex":4,"windspeed":17,"sunshinepower":174,"sunpower":174},{"datetime":"2020-07-29T09:00:00","datetimeutc":"2020-07-29T07:00:00","timetype":"Hour","precipitationmm":0.0,"temperature":17.3,"feeltemperature":17.3,"cloudcover":63,"iconcode":"b","iconid":19,"sources":1,"winddirection":"W","winddirectiondegrees":274,"windspeedms":5.02,"visibility":15200,"precipitation":0,"beaufort":3,"humidity":76,"sunshine":36,"hour":9,"pollenindex":4,"windspeed":18,"sunshinepower":293,"sunpower":293},{"datetime":"2020-07-29T10:00:00","datetimeutc":"2020-07-29T08:00:00","timetype":"Hour","precipitationmm":0.0,"temperature":17.7,"feeltemperature":17.7,"cloudcover":60,"iconcode":"b","iconid":19,"sources":1,"winddirection":"W","winddirectiondegrees":273,"windspeedms":5.51,"visibility":14400,"precipitation":1,"beaufort":3,"humidity":73,"sunshine":33,"hour":10,"pollenindex":4,"windspeed":20,"sunshinepower":405,"sunpower":405},{"datetime":"2020-07-29T11:00:00","datetimeutc":"2020-07-29T09:00:00","timetype":"Hour","precipitationmm":0.0,"temperature":18.1,"feeltemperature":18.1,"cloudcover":56,"iconcode":"b","iconid":19,"sources":1,"winddirection":"W","winddirectiondegrees":270,"windspeedms":5.74,"visibility":13800,"precipitation":1,"beaufort":3,"humidity":69,"sunshine":36,"hour":11,"pollenindex":4,"windspeed":21,"sunshinepower":505,"sunpower":505},{"datetime":"2020-07-29T12:00:00","datetimeutc":"2020-07-29T10:00:00","timetype":"Hour","precipitationmm":0.0,"temperature":18.5,"feeltemperature":18.5,"cloudcover":53,"iconcode":"b","iconid":19,"sources":1,"winddirection":"W","winddirectiondegrees":270,"windspeedms":6.01,"visibility":13800,"precipitation":1,"beaufort":4,"humidity":66,"sunshine":40,"hour":12,"pollenindex":5,"windspeed":22,"sunshinepower":586,"sunpower":586},{"datetime":"2020-07-29T13:00:00","datetimeutc":"2020-07-29T11:00:00","timetype":"Hour","precipitationmm":0.0,"temperature":18.9,"feeltemperature":18.9,"cloudcover":50,"iconcode":"b","iconid":19,"sources":1,"winddirection":"W","winddirectiondegrees":272,"windspeedms":6.18,"visibility":14400,"precipitation":1,"beaufort":4,"humidity":64,"sunshine":43,"hour":13,"pollenindex":5,"windspeed":22,"sunshinepower":638,"sunpower":638},{"datetime":"2020-07-29T14:00:00","datetimeutc":"2020-07-29T12:00:00","timetype":"Hour","precipitationmm":0.0,"temperature":19.2,"feeltemperature":19.2,"cloudcover":47,"iconcode":"j","iconid":9,"sources":1,"winddirection":"W","winddirectiondegrees":273,"windspeedms":6.18,"visibility":16000,"precipitation":1,"beaufort":4,"humidity":62,"sunshine":46,"hour":14,"pollenindex":5,"windspeed":22,"sunshinepower":648,"sunpower":648},{"datetime":"2020-07-29T15:00:00","datetimeutc":"2020-07-29T13:00:00","timetype":"Hour","precipitationmm":0.0,"temperature":19.2,"feeltemperature":19.2,"cloudcover":44,"iconcode":"j","iconid":9,"sources":1,"winddirection":"W","winddirectiondegrees":276,"windspeedms":6.12,"visibility":17000,"precipitation":1,"beaufort":4,"humidity":63,"sunshine":50,"hour":15,"pollenindex":5,"windspeed":22,"sunshinepower":628,"sunpower":628},{"datetime":"2020-07-29T16:00:00","datetimeutc":"2020-07-29T14:00:00","timetype":"Hour","precipitationmm":0.0,"temperature":19.2,"feeltemperature":19.2,"cloudcover":43,"iconcode":"j","iconid":21,"sources":1,"winddirection":"W","winddirectiondegrees":279,"windspeedms":6.02,"visibility":18000,"precipitation":1,"beaufort":4,"humidity":63,"sunshine":53,"hour":16,"pollenindex":5,"windspeed":22,"sunshinepower":576,"sunpower":576},{"datetime":"2020-07-29T17:00:00","datetimeutc":"2020-07-29T15:00:00","timetype":"Hour","precipitationmm":0.0,"temperature":18.9,"feeltemperature":18.9,"cloudcover":39,"iconcode":"j","iconid":21,"sources":1,"winddirection":"W","winddirectiondegrees":284,"windspeedms":5.89,"visibility":18200,"precipitation":1,"beaufort":3,"humidity":63,"sunshine":53,"hour":17,"pollenindex":5,"windspeed":21,"sunshinepower":491,"sunpower":491},{"datetime":"2020-07-29T18:00:00","datetimeutc":"2020-07-29T16:00:00","timetype":"Hour","precipitationmm":0.0,"temperature":18.4,"feeltemperature":18.4,"cloudcover":40,"iconcode":"j","iconid":21,"sources":1,"winddirection":"W","winddirectiondegrees":287,"windspeedms":5.45,"visibility":17400,"precipitation":1,"beaufort":3,"humidity":63,"sunshine":58,"hour":18,"pollenindex":5,"windspeed":20,"sunshinepower":385,"sunpower":385},{"datetime":"2020-07-29T19:00:00","datetimeutc":"2020-07-29T17:00:00","timetype":"Hour","precipitationmm":0.0,"temperature":17.8,"feeltemperature":17.8,"cloudcover":41,"iconcode":"j","iconid":21,"sources":1,"winddirection":"W","winddirectiondegrees":284,"windspeedms":4.74,"visibility":16600,"precipitation":1,"beaufort":3,"humidity":64,"sunshine":58,"hour":19,"pollenindex":5,"windspeed":17,"sunshinepower":260,"sunpower":260},{"datetime":"2020-07-29T20:00:00","datetimeutc":"2020-07-29T18:00:00","timetype":"Hour","precipitationmm":0.0,"temperature":17.2,"feeltemperature":17.2,"cloudcover":100,"iconcode":"c","iconid":21,"sources":1,"winddirection":"W","winddirectiondegrees":280,"windspeedms":4.32,"visibility":16600,"precipitation":1,"beaufort":3,"humidity":66,"sunshine":56,"hour":20,"pollenindex":5,"windspeed":16,"sunshinepower":135,"sunpower":135},{"datetime":"2020-07-29T21:00:00","datetimeutc":"2020-07-29T19:00:00","timetype":"Hour","precipitationmm":0.0,"temperature":16.5,"feeltemperature":16.5,"cloudcover":100,"iconcode":"c","iconid":21,"sources":1,"winddirection":"W","winddirectiondegrees":276,"windspeedms":3.71,"visibility":17000,"precipitation":0,"beaufort":2,"humidity":68,"sunshine":0,"hour":21,"pollenindex":5,"windspeed":13,"sunshinepower":36,"sunpower":36},{"datetime":"2020-07-29T22:00:00","datetimeutc":"2020-07-29T20:00:00","timetype":"Hour","precipitationmm":0.0,"temperature":15.8,"feeltemperature":15.8,"cloudcover":100,"iconcode":"cc","iconid":20,"sources":1,"winddirection":"W","winddirectiondegrees":275,"windspeedms":3.0,"visibility":17410,"precipitation":0,"beaufort":2,"humidity":69,"sunshine":0,"hour":22,"pollenindex":5,"windspeed":11,"sunshinepower":0,"sunpower":0},{"datetime":"2020-07-29T23:00:00","datetimeutc":"2020-07-29T21:00:00","timetype":"Hour","precipitationmm":0.0,"temperature":15.1,"feeltemperature":15.1,"cloudcover":99,"iconcode":"cc","iconid":20,"sources":1,"winddirection":"W","winddirectiondegrees":272,"windspeedms":2.55,"visibility":17610,"precipitation":0,"beaufort":2,"humidity":73,"sunshine":0,"hour":23,"pollenindex":4,"windspeed":9,"sunshinepower":0,"sunpower":0}],"datetime":"2020-07-29T00:00:00","datetimeutc":"2020-07-28T22:00:00","timetype":"Day","precipitationmm":0.0,"mintemperature":15.1,"maxtemperature":19.2,"cloudcover":75,"iconcode":"r","iconid":3,"sources":1,"winddirection":"W","winddirectiondegrees":270,"windspeedms":4.53,"precipitation":1,"beaufort":3,"uvindex":5,"bbqindex":7,"mosquitoindex":6,"pollenindex":5,"icescrapeindex":1,"mintemp":15.1,"maxtemp":19.2,"windspeed":5},{"date":"2020-07-30T00:00:00","sunrise":"2020-07-30T05:58:29","sunset":"2020-07-30T21:34:17","hours":[{"datetime":"2020-07-30T00:00:00","datetimeutc":"2020-07-29T22:00:00","timetype":"Hour","precipitationmm":0.0,"temperature":14.5,"feeltemperature":14.5,"cloudcover":34,"iconcode":"jj","iconid":20,"sources":1,"winddirection":"W","winddirectiondegrees":270,"windspeedms":2.16,"visibility":17410,"precipitation":0,"beaufort":2,"humidity":77,"sunshine":0,"hour":0,"pollenindex":4,"windspeed":8,"sunshinepower":0,"sunpower":0},{"datetime":"2020-07-30T01:00:00","datetimeutc":"2020-07-29T23:00:00","timetype":"Hour","precipitationmm":0.0,"temperature":14.0,"feeltemperature":14.0,"cloudcover":34,"iconcode":"jj","iconid":21,"sources":1,"winddirection":"W","winddirectiondegrees":258,"windspeedms":1.89,"visibility":15820,"precipitation":0,"beaufort":1,"humidity":80,"sunshine":0,"hour":1,"pollenindex":4,"windspeed":7,"sunshinepower":0,"sunpower":0},{"datetime":"2020-07-30T02:00:00","datetimeutc":"2020-07-30T00:00:00","timetype":"Hour","precipitationmm":0.0,"temperature":13.7,"feeltemperature":13.7,"cloudcover":100,"iconcode":"cc","iconid":21,"sources":1,"winddirection":"ZW","winddirectiondegrees":239,"windspeedms":1.74,"visibility":13820,"precipitation":0,"beaufort":1,"humidity":83,"sunshine":0,"hour":2,"pollenindex":4,"windspeed":6,"sunshinepower":0,"sunpower":0},{"datetime":"2020-07-30T03:00:00","datetimeutc":"2020-07-30T01:00:00","timetype":"Hour","precipitationmm":0.0,"temperature":13.5,"feeltemperature":13.5,"cloudcover":100,"iconcode":"cc","iconid":21,"sources":1,"winddirection":"ZW","winddirectiondegrees":217,"windspeedms":1.67,"visibility":12420,"precipitation":0,"beaufort":1,"humidity":85,"sunshine":0,"hour":3,"pollenindex":4,"windspeed":6,"sunshinepower":0,"sunpower":0},{"datetime":"2020-07-30T04:00:00","datetimeutc":"2020-07-30T02:00:00","timetype":"Hour","precipitationmm":0.0,"temperature":13.3,"feeltemperature":13.3,"cloudcover":100,"iconcode":"cc","iconid":21,"sources":1,"winddirection":"ZW","winddirectiondegrees":203,"windspeedms":1.78,"visibility":11210,"precipitation":0,"beaufort":1,"humidity":86,"sunshine":0,"hour":4,"pollenindex":3,"windspeed":6,"sunshinepower":0,"sunpower":0},{"datetime":"2020-07-30T05:00:00","datetimeutc":"2020-07-30T03:00:00","timetype":"Hour","precipitationmm":0.0,"temperature":13.3,"feeltemperature":13.3,"cloudcover":100,"iconcode":"cc","iconid":21,"sources":1,"winddirection":"Z","winddirectiondegrees":199,"windspeedms":1.98,"visibility":10800,"precipitation":0,"beaufort":1,"humidity":84,"sunshine":0,"hour":5,"pollenindex":4,"windspeed":7,"sunshinepower":0,"sunpower":0},{"datetime":"2020-07-30T06:00:00","datetimeutc":"2020-07-30T04:00:00","timetype":"Hour","precipitationmm":0.0,"temperature":13.5,"feeltemperature":13.5,"cloudcover":97,"iconcode":"c","iconid":21,"sources":1,"winddirection":"Z","winddirectiondegrees":194,"windspeedms":2.16,"visibility":10400,"precipitation":0,"beaufort":2,"humidity":84,"sunshine":0,"hour":6,"pollenindex":4,"windspeed":8,"sunshinepower":0,"sunpower":0},{"datetime":"2020-07-30T07:00:00","datetimeutc":"2020-07-30T05:00:00","timetype":"Hour","precipitationmm":0.0,"temperature":14.1,"feeltemperature":14.1,"cloudcover":85,"iconcode":"r","iconid":20,"sources":1,"winddirection":"Z","winddirectiondegrees":198,"windspeedms":2.31,"visibility":10800,"precipitation":0,"beaufort":2,"humidity":82,"sunshine":0,"hour":7,"pollenindex":4,"windspeed":8,"sunshinepower":64,"sunpower":64},{"datetime":"2020-07-30T08:00:00","datetimeutc":"2020-07-30T06:00:00","timetype":"Hour","precipitationmm":0.0,"temperature":14.9,"feeltemperature":14.9,"cloudcover":78,"iconcode":"r","iconid":8,"sources":1,"winddirection":"ZW","winddirectiondegrees":214,"windspeedms":2.86,"visibility":11600,"precipitation":1,"beaufort":2,"humidity":79,"sunshine":10,"hour":8,"pollenindex":4,"windspeed":10,"sunshinepower":180,"sunpower":180},{"datetime":"2020-07-30T09:00:00","datetimeutc":"2020-07-30T07:00:00","timetype":"Hour","precipitationmm":0.0,"temperature":15.9,"feeltemperature":15.9,"cloudcover":79,"iconcode":"r","iconid":8,"sources":1,"winddirection":"ZW","winddirectiondegrees":221,"windspeedms":3.21,"visibility":13200,"precipitation":1,"beaufort":2,"humidity":75,"sunshine":16,"hour":9,"pollenindex":4,"windspeed":12,"sunshinepower":302,"sunpower":302},{"datetime":"2020-07-30T10:00:00","datetimeutc":"2020-07-30T08:00:00","timetype":"Hour","precipitationmm":0.0,"temperature":17.0,"feeltemperature":17.0,"cloudcover":85,"iconcode":"r","iconid":20,"sources":1,"winddirection":"ZW","winddirectiondegrees":231,"windspeedms":3.32,"visibility":14810,"precipitation":1,"beaufort":2,"humidity":70,"sunshine":16,"hour":10,"pollenindex":4,"windspeed":12,"sunshinepower":410,"sunpower":410},{"datetime":"2020-07-30T11:00:00","datetimeutc":"2020-07-30T09:00:00","timetype":"Hour","precipitationmm":0.0,"temperature":18.1,"feeltemperature":18.1,"cloudcover":90,"iconcode":"c","iconid":22,"sources":1,"winddirection":"ZW","winddirectiondegrees":234,"windspeedms":3.18,"visibility":15810,"precipitation":0,"beaufort":2,"humidity":64,"sunshine":10,"hour":11,"pollenindex":5,"windspeed":11,"sunshinepower":497,"sunpower":497},{"datetime":"2020-07-30T12:00:00","datetimeutc":"2020-07-30T10:00:00","timetype":"Hour","precipitationmm":0.0,"temperature":19.2,"feeltemperature":19.2,"cloudcover":95,"iconcode":"c","iconid":20,"sources":1,"winddirection":"ZW","winddirectiondegrees":243,"windspeedms":2.97,"visibility":16400,"precipitation":0,"beaufort":2,"humidity":59,"sunshine":3,"hour":12,"pollenindex":5,"windspeed":11,"sunshinepower":556,"sunpower":556},{"datetime":"2020-07-30T13:00:00","datetimeutc":"2020-07-30T11:00:00","timetype":"Hour","precipitationmm":0.0,"temperature":20.1,"feeltemperature":20.1,"cloudcover":98,"iconcode":"c","iconid":21,"sources":1,"winddirection":"W","winddirectiondegrees":259,"windspeedms":2.63,"visibility":17000,"precipitation":0,"beaufort":2,"humidity":56,"sunshine":0,"hour":13,"pollenindex":5,"windspeed":9,"sunshinepower":602,"sunpower":602},{"datetime":"2020-07-30T14:00:00","datetimeutc":"2020-07-30T12:00:00","timetype":"Hour","precipitationmm":0.0,"temperature":20.8,"feeltemperature":20.8,"cloudcover":100,"iconcode":"c","iconid":21,"sources":1,"winddirection":"W","winddirectiondegrees":270,"windspeedms":2.26,"visibility":17600,"precipitation":0,"beaufort":2,"humidity":54,"sunshine":0,"hour":14,"pollenindex":5,"windspeed":8,"sunshinepower":612,"sunpower":612},{"datetime":"2020-07-30T15:00:00","datetimeutc":"2020-07-30T13:00:00","timetype":"Hour","precipitationmm":0.0,"temperature":21.3,"feeltemperature":21.3,"cloudcover":39,"iconcode":"j","iconid":21,"sources":1,"winddirection":"W","winddirectiondegrees":277,"windspeedms":1.96,"visibility":18200,"precipitation":0,"beaufort":1,"humidity":53,"sunshine":0,"hour":15,"pollenindex":5,"windspeed":7,"sunshinepower":581,"sunpower":581},{"datetime":"2020-07-30T16:00:00","datetimeutc":"2020-07-30T14:00:00","timetype":"Hour","precipitationmm":0.0,"temperature":21.4,"feeltemperature":21.4,"cloudcover":39,"iconcode":"j","iconid":21,"sources":1,"winddirection":"NO","winddirectiondegrees":27,"windspeedms":1.62,"visibility":19600,"precipitation":0,"beaufort":1,"humidity":53,"sunshine":58,"hour":16,"pollenindex":6,"windspeed":6,"sunshinepower":528,"sunpower":528},{"datetime":"2020-07-30T17:00:00","datetimeutc":"2020-07-30T15:00:00","timetype":"Hour","precipitationmm":0.0,"temperature":21.2,"feeltemperature":21.2,"cloudcover":100,"iconcode":"c","iconid":21,"sources":1,"winddirection":"NO","winddirectiondegrees":61,"windspeedms":1.96,"visibility":20400,"precipitation":0,"beaufort":1,"humidity":53,"sunshine":58,"hour":17,"pollenindex":6,"windspeed":7,"sunshinepower":446,"sunpower":446},{"datetime":"2020-07-30T18:00:00","datetimeutc":"2020-07-30T16:00:00","timetype":"Hour","precipitationmm":0.0,"temperature":20.8,"feeltemperature":20.8,"cloudcover":100,"iconcode":"c","iconid":21,"sources":1,"winddirection":"O","winddirectiondegrees":73,"windspeedms":2.59,"visibility":20800,"precipitation":0,"beaufort":2,"humidity":54,"sunshine":0,"hour":18,"pollenindex":6,"windspeed":9,"sunshinepower":340,"sunpower":340},{"datetime":"2020-07-30T19:00:00","datetimeutc":"2020-07-30T17:00:00","timetype":"Hour","precipitationmm":0.0,"temperature":20.1,"feeltemperature":20.1,"cloudcover":97,"iconcode":"c","iconid":22,"sources":1,"winddirection":"O","winddirectiondegrees":76,"windspeedms":3.12,"visibility":20400,"precipitation":0,"beaufort":2,"humidity":58,"sunshine":0,"hour":19,"pollenindex":5,"windspeed":11,"sunshinepower":222,"sunpower":222},{"datetime":"2020-07-30T20:00:00","datetimeutc":"2020-07-30T18:00:00","timetype":"Hour","precipitationmm":0.0,"temperature":19.4,"feeltemperature":19.4,"cloudcover":95,"iconcode":"c","iconid":22,"sources":1,"winddirection":"O","winddirectiondegrees":68,"windspeedms":3.46,"visibility":18600,"precipitation":0,"beaufort":2,"humidity":61,"sunshine":0,"hour":20,"pollenindex":5,"windspeed":12,"sunshinepower":108,"sunpower":108},{"datetime":"2020-07-30T21:00:00","datetimeutc":"2020-07-30T19:00:00","timetype":"Hour","precipitationmm":0.0,"temperature":18.8,"feeltemperature":18.8,"cloudcover":98,"iconcode":"c","iconid":22,"sources":1,"winddirection":"NO","winddirectiondegrees":60,"windspeedms":3.37,"visibility":15800,"precipitation":0,"beaufort":2,"humidity":64,"sunshine":0,"hour":21,"pollenindex":5,"windspeed":12,"sunshinepower":26,"sunpower":26},{"datetime":"2020-07-30T22:00:00","datetimeutc":"2020-07-30T20:00:00","timetype":"Hour","precipitationmm":0.0,"temperature":18.3,"feeltemperature":18.3,"cloudcover":100,"iconcode":"cc","iconid":22,"sources":1,"winddirection":"NO","winddirectiondegrees":60,"windspeedms":3.19,"visibility":14610,"precipitation":0,"beaufort":2,"humidity":65,"sunshine":0,"hour":22,"pollenindex":5,"windspeed":11,"sunshinepower":0,"sunpower":0},{"datetime":"2020-07-30T23:00:00","datetimeutc":"2020-07-30T21:00:00","timetype":"Hour","precipitationmm":0.0,"temperature":18.0,"feeltemperature":18.0,"cloudcover":100,"iconcode":"cc","iconid":22,"sources":1,"winddirection":"O","winddirectiondegrees":70,"windspeedms":3.05,"visibility":14610,"precipitation":0,"beaufort":2,"humidity":68,"sunshine":0,"hour":23,"pollenindex":5,"windspeed":11,"sunshinepower":0,"sunpower":0}],"datetime":"2020-07-30T00:00:00","datetimeutc":"2020-07-29T22:00:00","timetype":"Day","precipitationmm":0.0,"mintemperature":13.3,"maxtemperature":21.4,"cloudcover":75,"iconcode":"r","iconid":3,"sources":1,"winddirection":"ZW","winddirectiondegrees":225,"windspeedms":2.52,"precipitation":1,"beaufort":2,"uvindex":5,"bbqindex":8,"mosquitoindex":8,"pollenindex":5,"icescrapeindex":1,"mintemp":13.3,"maxtemp":21.4,"windspeed":3},{"date":"2020-07-31T00:00:00","sunrise":"2020-07-31T06:00:02","sunset":"2020-07-31T21:32:37","hours":[{"datetime":"2020-07-31T00:00:00","datetimeutc":"2020-07-30T22:00:00","timetype":"Hour","precipitationmm":0.0,"temperature":17.8,"feeltemperature":17.8,"cloudcover":100,"iconcode":"cc","iconid":22,"sources":1,"winddirection":"O","winddirectiondegrees":80,"windspeedms":2.74,"visibility":15010,"precipitation":0,"beaufort":2,"humidity":70,"sunshine":0,"hour":0,"pollenindex":5,"windspeed":10,"sunshinepower":0,"sunpower":0},{"datetime":"2020-07-31T01:00:00","datetimeutc":"2020-07-30T23:00:00","timetype":"Hour","precipitationmm":0.0,"temperature":17.6,"feeltemperature":17.6,"cloudcover":100,"iconcode":"cc","iconid":22,"sources":1,"winddirection":"O","winddirectiondegrees":90,"windspeedms":2.69,"visibility":15230,"precipitation":0,"beaufort":2,"humidity":71,"sunshine":0,"hour":1,"pollenindex":5,"windspeed":10,"sunshinepower":0,"sunpower":0},{"datetime":"2020-07-31T02:00:00","datetimeutc":"2020-07-31T00:00:00","timetype":"Hour","precipitationmm":0.0,"temperature":17.5,"feeltemperature":17.5,"cloudcover":100,"iconcode":"cc","iconid":22,"sources":1,"winddirection":"O","winddirectiondegrees":107,"windspeedms":2.84,"visibility":15220,"precipitation":0,"beaufort":2,"humidity":72,"sunshine":0,"hour":2,"pollenindex":4,"windspeed":10,"sunshinepower":0,"sunpower":0},{"datetime":"2020-07-31T03:00:00","datetimeutc":"2020-07-31T01:00:00","timetype":"Hour","precipitationmm":0.0,"temperature":17.4,"feeltemperature":17.4,"cloudcover":100,"iconcode":"cc","iconid":22,"sources":1,"winddirection":"ZO","winddirectiondegrees":113,"windspeedms":2.89,"visibility":16420,"precipitation":0,"beaufort":2,"humidity":74,"sunshine":0,"hour":3,"pollenindex":4,"windspeed":10,"sunshinepower":0,"sunpower":0},{"datetime":"2020-07-31T04:00:00","datetimeutc":"2020-07-31T02:00:00","timetype":"Hour","precipitationmm":0.0,"temperature":17.4,"feeltemperature":17.4,"cloudcover":100,"iconcode":"cc","iconid":22,"sources":1,"winddirection":"O","winddirectiondegrees":112,"windspeedms":2.78,"visibility":16410,"precipitation":0,"beaufort":2,"humidity":74,"sunshine":0,"hour":4,"pollenindex":4,"windspeed":10,"sunshinepower":0,"sunpower":0},{"datetime":"2020-07-31T05:00:00","datetimeutc":"2020-07-31T03:00:00","timetype":"Hour","precipitationmm":0.0,"temperature":17.5,"feeltemperature":17.5,"cloudcover":100,"iconcode":"cc","iconid":22,"sources":1,"winddirection":"O","winddirectiondegrees":109,"windspeedms":2.8,"visibility":16200,"precipitation":0,"beaufort":2,"humidity":72,"sunshine":0,"hour":5,"pollenindex":4,"windspeed":10,"sunshinepower":0,"sunpower":0},{"datetime":"2020-07-31T06:00:00","datetimeutc":"2020-07-31T04:00:00","timetype":"Hour","precipitationmm":0.0,"temperature":17.7,"feeltemperature":17.7,"cloudcover":95,"iconcode":"cc","iconid":21,"sources":1,"winddirection":"ZO","winddirectiondegrees":113,"windspeedms":2.91,"visibility":16400,"precipitation":0,"beaufort":2,"humidity":72,"sunshine":0,"hour":6,"pollenindex":4,"windspeed":10,"sunshinepower":0,"sunpower":0},{"datetime":"2020-07-31T07:00:00","datetimeutc":"2020-07-31T05:00:00","timetype":"Hour","precipitationmm":0.0,"temperature":18.1,"feeltemperature":18.1,"cloudcover":87,"iconcode":"r","iconid":22,"sources":1,"winddirection":"ZO","winddirectiondegrees":125,"windspeedms":3.0,"visibility":15800,"precipitation":0,"beaufort":2,"humidity":72,"sunshine":0,"hour":7,"pollenindex":4,"windspeed":11,"sunshinepower":56,"sunpower":56},{"datetime":"2020-07-31T08:00:00","datetimeutc":"2020-07-31T06:00:00","timetype":"Hour","precipitationmm":0.0,"temperature":18.8,"feeltemperature":18.8,"cloudcover":85,"iconcode":"r","iconid":21,"sources":1,"winddirection":"ZO","winddirectiondegrees":142,"windspeedms":2.88,"visibility":16400,"precipitation":0,"beaufort":2,"humidity":71,"sunshine":6,"hour":8,"pollenindex":4,"windspeed":10,"sunshinepower":161,"sunpower":161},{"datetime":"2020-07-31T09:00:00","datetimeutc":"2020-07-31T07:00:00","timetype":"Hour","precipitationmm":0.0,"temperature":19.7,"feeltemperature":19.7,"cloudcover":78,"iconcode":"r","iconid":22,"sources":1,"winddirection":"ZO","winddirectiondegrees":156,"windspeedms":2.77,"visibility":18010,"precipitation":0,"beaufort":2,"humidity":69,"sunshine":10,"hour":9,"pollenindex":5,"windspeed":10,"sunshinepower":269,"sunpower":269},{"datetime":"2020-07-31T10:00:00","datetimeutc":"2020-07-31T08:00:00","timetype":"Hour","precipitationmm":0.0,"temperature":20.9,"feeltemperature":20.9,"cloudcover":67,"iconcode":"b","iconid":22,"sources":1,"winddirection":"Z","winddirectiondegrees":164,"windspeedms":2.72,"visibility":20410,"precipitation":0,"beaufort":2,"humidity":65,"sunshine":16,"hour":10,"pollenindex":5,"windspeed":10,"sunshinepower":370,"sunpower":370},{"datetime":"2020-07-31T11:00:00","datetimeutc":"2020-07-31T09:00:00","timetype":"Hour","precipitationmm":0.0,"temperature":22.1,"feeltemperature":24.8,"cloudcover":59,"iconcode":"b","iconid":22,"sources":1,"winddirection":"Z","winddirectiondegrees":173,"windspeedms":2.65,"visibility":23010,"precipitation":0,"beaufort":2,"humidity":60,"sunshine":28,"hour":11,"pollenindex":5,"windspeed":10,"sunshinepower":477,"sunpower":477},{"datetime":"2020-07-31T12:00:00","datetimeutc":"2020-07-31T10:00:00","timetype":"Hour","precipitationmm":0.0,"temperature":23.5,"feeltemperature":25.4,"cloudcover":55,"iconcode":"b","iconid":22,"sources":1,"winddirection":"Z","winddirectiondegrees":180,"windspeedms":2.72,"visibility":24600,"precipitation":0,"beaufort":2,"humidity":56,"sunshine":38,"hour":12,"pollenindex":5,"windspeed":10,"sunshinepower":636,"sunpower":636},{"datetime":"2020-07-31T13:00:00","datetimeutc":"2020-07-31T11:00:00","timetype":"Hour","precipitationmm":0.0,"temperature":24.7,"feeltemperature":26.0,"cloudcover":53,"iconcode":"b","iconid":8,"sources":1,"winddirection":"Z","winddirectiondegrees":190,"windspeedms":2.83,"visibility":28600,"precipitation":0,"beaufort":2,"humidity":53,"sunshine":41,"hour":13,"pollenindex":5,"windspeed":10,"sunshinepower":513,"sunpower":513},{"datetime":"2020-07-31T14:00:00","datetimeutc":"2020-07-31T12:00:00","timetype":"Hour","precipitationmm":0.0,"temperature":25.7,"feeltemperature":26.7,"cloudcover":51,"iconcode":"b","iconid":8,"sources":1,"winddirection":"Z","winddirectiondegrees":194,"windspeedms":2.66,"visibility":31600,"precipitation":0,"beaufort":2,"humidity":51,"sunshine":43,"hour":14,"pollenindex":6,"windspeed":10,"sunshinepower":16,"sunpower":16}],"datetime":"2020-07-31T00:00:00","datetimeutc":"2020-07-30T22:00:00","timetype":"Day","precipitationmm":0.0,"mintemperature":17.4,"maxtemperature":25.7,"cloudcover":25,"iconcode":"j","iconid":2,"sources":1,"winddirection":"NO","winddirectiondegrees":45,"windspeedms":2.91,"precipitation":1,"beaufort":2,"mosquitoindex":8,"pollenindex":5,"icescrapeindex":1,"mintemp":17.4,"maxtemp":25.7,"windspeed":3},{"date":"2020-08-01T00:00:00","sunrise":"2020-08-01T06:01:36","sunset":"2020-08-01T21:30:55","datetime":"2020-08-01T00:00:00","datetimeutc":"2020-07-31T22:00:00","timetype":"Day","precipitationmm":0.0,"mintemperature":16.4,"maxtemperature":22.4,"cloudcover":25,"iconcode":"j","iconid":2,"sources":1,"winddirection":"O","winddirectiondegrees":90,"windspeedms":2.67,"precipitation":2,"beaufort":2,"pollenindex":6,"mintemp":16.4,"maxtemp":22.4,"windspeed":3},{"date":"2020-08-02T00:00:00","sunrise":"2020-08-02T06:03:11","sunset":"2020-08-02T21:29:10","datetime":"2020-08-02T00:00:00","datetimeutc":"2020-08-01T22:00:00","timetype":"Day","precipitationmm":5.2,"mintemperature":17.4,"maxtemperature":22.2,"cloudcover":50,"iconcode":"g","iconid":8,"sources":1,"winddirection":"O","winddirectiondegrees":90,"windspeedms":2.08,"precipitation":64,"beaufort":2,"pollenindex":5,"mintemp":17.4,"maxtemp":22.2,"windspeed":2},{"date":"2020-08-03T00:00:00","sunrise":"2020-08-03T06:04:46","sunset":"2020-08-03T21:27:25","datetime":"2020-08-03T00:00:00","datetimeutc":"2020-08-02T22:00:00","timetype":"Day","precipitationmm":6.9,"mintemperature":16.8,"maxtemperature":20.8,"cloudcover":90,"iconcode":"q","iconid":14,"sources":1,"winddirection":"N","winddirectiondegrees":0,"windspeedms":1.87,"precipitation":66,"beaufort":1,"pollenindex":5,"mintemp":16.8,"maxtemp":20.8,"windspeed":2},{"date":"2020-08-04T00:00:00","sunrise":"2020-08-04T06:06:21","sunset":"2020-08-04T21:25:37","datetime":"2020-08-04T00:00:00","datetimeutc":"2020-08-03T22:00:00","timetype":"Day","precipitationmm":3.1,"mintemperature":16.7,"maxtemperature":20.6,"cloudcover":25,"iconcode":"f","iconid":16,"sources":1,"winddirection":"NW","winddirectiondegrees":315,"windspeedms":2.33,"precipitation":61,"beaufort":2,"pollenindex":5,"mintemp":16.7,"maxtemp":20.6,"windspeed":2},{"date":"2020-08-05T00:00:00","sunrise":"2020-08-05T06:07:58","sunset":"2020-08-05T21:23:48","datetime":"2020-08-05T00:00:00","datetimeutc":"2020-08-04T22:00:00","timetype":"Day","precipitationmm":1.1,"mintemperature":16.3,"maxtemperature":21.0,"cloudcover":25,"iconcode":"f","iconid":16,"sources":1,"winddirection":"W","winddirectiondegrees":270,"windspeedms":1.45,"precipitation":55,"beaufort":1,"pollenindex":5,"mintemp":16.3,"maxtemp":21.0,"windspeed":1},{"date":"2020-08-06T00:00:00","sunrise":"2020-08-06T06:09:34","sunset":"2020-08-06T21:21:57","datetime":"2020-08-06T00:00:00","datetimeutc":"2020-08-05T22:00:00","timetype":"Day","precipitationmm":0.0,"mintemperature":17.1,"maxtemperature":22.2,"cloudcover":75,"iconcode":"r","iconid":3,"sources":1,"winddirection":"ZO","winddirectiondegrees":135,"windspeedms":1.79,"precipitation":2,"beaufort":1,"pollenindex":5,"mintemp":17.1,"maxtemp":22.2,"windspeed":2},{"date":"2020-08-07T00:00:00","sunrise":"2020-08-07T06:11:11","sunset":"2020-08-07T21:20:05","datetime":"2020-08-07T00:00:00","datetimeutc":"2020-08-06T22:00:00","timetype":"Day","precipitationmm":4.7,"mintemperature":17.4,"maxtemperature":21.3,"cloudcover":25,"iconcode":"f","iconid":16,"sources":1,"winddirection":"NW","winddirectiondegrees":315,"windspeedms":1.79,"precipitation":57,"beaufort":1,"pollenindex":5,"mintemp":17.4,"maxtemp":21.3,"windspeed":2},{"date":"2020-08-08T00:00:00","sunrise":"2020-08-08T06:12:48","sunset":"2020-08-08T21:18:11","datetime":"2020-08-08T00:00:00","datetimeutc":"2020-08-07T22:00:00","timetype":"Day","precipitationmm":0.0,"mintemperature":16.6,"maxtemperature":21.1,"cloudcover":25,"iconcode":"j","iconid":2,"sources":1,"winddirection":"W","winddirectiondegrees":270,"windspeedms":1.49,"precipitation":2,"beaufort":1,"pollenindex":5,"mintemp":16.6,"maxtemp":21.1,"windspeed":1}]}