{"location":{"lat":52.37,"lon":4.89},"timeOffset":2.0,"timestamp":"2020-06-27T12:00:39","altitude":0,"elevation":0,"machinename":"None","elapsedms":0,"pollenindexNowDay":5,"pollenindexNowHour":4,"nowrelevant":{"values":[{"type":"pollenindex","value":5},{"type":"maxtemperature","value":23.8}]},"days":[{"date":"2020-06-27T00:00:00","sunrise":"2020-06-27T05:20:29","sunset":"2020-06-27T22:06:31","afternoon":{"datetime":"2020-06-27T15:00:00","datetimeutc":"2020-06-27T13:00:00","timetype":"Afternoon","precipitationmm":0.7,"mintemperature":23.3,"maxtemperature":23.8,"cloudcover":69,"iconcode":"m","iconid":22,"sources":1,"winddirection":"ZW","winddirectiondegrees":232,"windspeedms":4.3,"visibility":18086,"precipitation":85,"beaufort":3,"humidity":68,"sunshine":20,"hour":15,"mintemp":23.3,"maxtemp":23.8,"windspeed":15,"sunshinepower":411,"sunpower":411},"evening":{"datetime":"2020-06-27T18:00:00","datetimeutc":"2020-06-27T16:00:00","timetype":"Evening","precipitationmm":5.1,"mintemperature":19.6,"maxtemperature":23.7,"cloudcover":53,"iconcode":"f","iconid":33,"sources":1,"winddirection":"ZW","winddirectiondegrees":238,"windspeedms":5.8,"visibility":16095,"precipitation":50,"beaufort":3,"humidity":68,"sunshine":30,"hour":18,"mintemp":19.6,"maxtemp":23.7,"windspeed":21,"sunshinepower":148,"sunpower":148},"hours":[{"datetime":"2020-06-27T15:00:00","datetimeutc":"2020-06-27T13:00:00","timetype":"Hour","precipitationmm":0.7,"temperature":23.3,"feeltemperature":24.6,"cloudcover":74,"iconcode":"m","iconid":22,"sources":3,"winddirection":"ZW","winddirectiondegrees":223,"windspeedms":4.2,"visibility":17220,"precipitation":86,"beaufort":3,"humidity":71,"sunshine":15,"hour":15,"pollenindex":6,"windspeed":15,"sunshinepower":455,"sunpower":455},{"datetime":"2020-06-27T16:00:00","datetimeutc":"2020-06-27T14:00:00","timetype":"Hour","precipitationmm":0.0,"temperature":23.6,"feeltemperature":25.0,"cloudcover":68,"iconcode":"b","iconid":28,"sources":2,"winddirection":"ZW","winddirectiondegrees":239,"windspeedms":4.1,"visibility":18220,"precipitation":4,"beaufort":3,"humidity":69,"sunshine":21,"hour":16,"pollenindex":7,"windspeed":15,"sunshinepower":399,"sunpower":399},{"datetime":"2020-06-27T17:00:00","datetimeutc":"2020-06-27T15:00:00","timetype":"Hour","precipitationmm":0.0,"temperature":23.8,"feeltemperature":25.3,"cloudcover":65,"iconcode":"b","iconid":28,"sources":2,"winddirection":"ZW","winddirectiondegrees":235,"windspeedms":4.5,"visibility":18820,"precipitation":4,"beaufort":3,"humidity":66,"sunshine":26,"hour":17,"pollenindex":7,"windspeed":16,"sunshinepower":381,"sunpower":381},{"datetime":"2020-06-27T18:00:00","datetimeutc":"2020-06-27T16:00:00","timetype":"Hour","precipitationmm":0.0,"temperature":23.7,"feeltemperature":25.2,"cloudcover":65,"iconcode":"b","iconid":33,"sources":2,"winddirection":"ZW","winddirectiondegrees":217,"windspeedms":5.0,"visibility":19220,"precipitation":4,"beaufort":3,"humidity":65,"sunshine":30,"hour":18,"pollenindex":7,"windspeed":18,"sunshinepower":353,"sunpower":353},{"datetime":"2020-06-27T19:00:00","datetimeutc":"2020-06-27T17:00:00","timetype":"Hour","precipitationmm":0.0,"temperature":23.3,"feeltemperature":25.0,"cloudcover":67,"iconcode":"b","iconid":7,"sources":2,"winddirection":"ZW","winddirectiondegrees":219,"windspeedms":5.8,"visibility":20020,"precipitation":2,"beaufort":3,"humidity":65,"sunshine":30,"hour":19,"pollenindex":6,"windspeed":21,"sunshinepower":286,"sunpower":286},{"datetime":"2020-06-27T20:00:00","datetimeutc":"2020-06-27T18:00:00","timetype":"Hour","precipitationmm":0.0,"temperature":22.4,"feeltemperature":24.3,"cloudcover":63,"iconcode":"b","iconid":19,"sources":2,"winddirection":"W","winddirectiondegrees":262,"windspeedms":6.6,"visibility":14020,"precipitation":2,"beaufort":4,"humidity":67,"sunshine":28,"hour":20,"pollenindex":6,"windspeed":24,"sunshinepower":177,"sunpower":177},{"datetime":"2020-06-27T21:00:00","datetimeutc":"2020-06-27T19:00:00","timetype":"Hour","precipitationmm":5.1,"temperature":21.5,"feeltemperature":21.5,"cloudcover":47,"iconcode":"f","iconid":8,"sources":2,"winddirection":"W","winddirectiondegrees":255,"windspeedms":6.0,"visibility":13420,"precipitation":78,"beaufort":4,"humidity":69,"sunshine":33,"hour":21,"pollenindex":5,"windspeed":22,"sunshinepower":76,"sunpower":76},{"datetime":"2020-06-27T22:00:00","datetimeutc":"2020-06-27T20:00:00","timetype":"Hour","precipitationmm":0.0,"temperature":20.4,"feeltemperature":20.4,"cloudcover":34,"iconcode":"j","iconid":5,"sources":2,"winddirection":"ZW","winddirectiondegrees":243,"windspeedms":5.7,"visibility":14640,"precipitation":2,"beaufort":3,"humidity":70,"sunshine":50,"hour":22,"pollenindex":6,"windspeed":21,"sunshinepower":0,"sunpower":0},{"datetime":"2020-06-27T23:00:00","datetimeutc":"2020-06-27T21:00:00","timetype":"Hour","precipitationmm":0.0,"temperature":19.6,"feeltemperature":19.6,"cloudcover":42,"iconcode":"jj","iconid":6,"sources":2,"winddirection":"ZW","winddirectiondegrees":236,"windspeedms":5.4,"visibility":15250,"precipitation":1,"beaufort":3,"humidity":72,"sunshine":10,"hour":23,"pollenindex":5,"windspeed":19,"sunshinepower":0,"sunpower":0}],"datetime":"2020-06-27T00:00:00","datetimeutc":"2020-06-26T22:00:00","timetype":"Day","precipitationmm":17.7,"mintemperature":19.6,"maxtemperature":23.8,"cloudcover":58,"iconcode":"g","iconid":8,"sources":2,"winddirection":"ZW","winddirectiondegrees":225,"windspeedms":5.3,"visibility":16758,"precipitation":61,"beaufort":3,"humidity":68,"sunshine":27,"uvindex":4,"bbqindex":3,"mosquitoindex":7,"pollenindex":5,"mintemp":19.6,"maxtemp":23.8,"windspeed":5,"sunshinepower":236,"sunpower":236},{"date":"2020-06-28T00:00:00","sunrise":"2020-06-28T05:21:04","sunset":"2020-06-28T22:06:20","morning":{"datetime":"2020-06-28T07:00:00","datetimeutc":"2020-06-28T05:00:00","timetype":"Morning","precipitationmm":13.5,"mintemperature":17.0,"maxtemperature":18.1,"cloudcover":81,"iconcode":"m","iconid":22,"sources":1,"winddirection":"ZW","winddirectiondegrees":238,"windspeedms":7.2,"visibility":12900,"precipitation":56,"beaufort":4,"humidity":72,"sunshine":9,"hour":7,"mintemp":17.0,"maxtemp":18.1,"windspeed":26,"sunshinepower":298,"sunpower":298},"afternoon":{"datetime":"2020-06-28T12:00:00","datetimeutc":"2020-06-28T10:00:00","timetype":"Afternoon","precipitationmm":0.1,"mintemperature":18.6,"maxtemperature":20.4,"cloudcover":54,"iconcode":"b","iconid":7,"sources":1,"winddirection":"ZW","winddirectiondegrees":244,"windspeedms":9.0,"visibility":19820,"precipitation":22,"beaufort":5,"humidity":54,"sunshine":37,"hour":12,"mintemp":18.6,"maxtemp":20.4,"windspeed":32,"sunshinepower":728,"sunpower":728},"evening":{"datetime":"2020-06-28T18:00:00","datetimeutc":"2020-06-28T16:00:00","timetype":"Evening","precipitationmm":0.0,"mintemperature":16.4,"maxtemperature":20.0,"cloudcover":15,"iconcode":"j","iconid":13,"sources":1,"winddirection":"ZW","winddirectiondegrees":237,"windspeedms":7.4,"visibility":17798,"precipitation":0,"beaufort":4,"humidity":57,"sunshine":61,"hour":18,"mintemp":16.4,"maxtemp":20.0,"windspeed":27,"sunshinepower":190,"sunpower":190},"night":{"datetime":"2020-06-28T00:00:00","datetimeutc":"2020-06-27T22:00:00","timetype":"Night","precipitationmm":0.0,"mintemperature":17.0,"maxtemperature":18.8,"cloudcover":81,"iconcode":"r","iconid":22,"sources":1,"winddirection":"ZW","winddirectiondegrees":232,"windspeedms":6.1,"visibility":13872,"precipitation":0,"beaufort":4,"humidity":75,"sunshine":0,"hour":0,"mintemp":17.0,"maxtemp":18.8,"windspeed":22,"sunshinepower":3,"sunpower":3},"hours":[{"datetime":"2020-06-28T00:00:00","datetimeutc":"2020-06-27T22:00:00","timetype":"Hour","precipitationmm":0.0,"temperature":18.8,"feeltemperature":18.8,"cloudcover":46,"iconcode":"jj","iconid":22,"sources":2,"winddirection":"ZW","winddirectiondegrees":235,"windspeedms":6.0,"visibility":16450,"precipitation":1,"beaufort":4,"humidity":74,"sunshine":0,"hour":0,"pollenindex":5,"windspeed":22,"sunshinepower":0,"sunpower":0},{"datetime":"2020-06-28T01:00:00","datetimeutc":"2020-06-27T23:00:00","timetype":"Hour","precipitationmm":0.0,"temperature":18.4,"feeltemperature":18.4,"cloudcover":59,"iconcode":"bb","iconid":22,"sources":2,"winddirection":"ZW","winddirectiondegrees":233,"windspeedms":6.6,"visibility":16850,"precipitation":1,"beaufort":4,"humidity":74,"sunshine":0,"hour":1,"pollenindex":5,"windspeed":24,"sunshinepower":0,"sunpower":0},{"datetime":"2020-06-28T02:00:00","datetimeutc":"2020-06-28T00:00:00","timetype":"Hour","precipitationmm":0.0,"temperature":18.0,"feeltemperature":18.0,"cloudcover":74,"iconcode":"rr","iconid":22,"sources":2,"winddirection":"ZW","winddirectiondegrees":231,"windspeedms":6.2,"visibility":15650,"precipitation":0,"beaufort":4,"humidity":75,"sunshine":0,"hour":2,"pollenindex":5,"windspeed":22,"sunshinepower":0,"sunpower":0},{"datetime":"2020-06-28T03:00:00","datetimeutc":"2020-06-28T01:00:00","timetype":"Hour","precipitationmm":0.0,"temperature":17.7,"feeltemperature":17.7,"cloudcover":91,"iconcode":"cc","iconid":22,"sources":2,"winddirection":"ZW","winddirectiondegrees":233,"windspeedms":6.2,"visibility":13660,"precipitation":0,"beaufort":4,"humidity":75,"sunshine":0,"hour":3,"pollenindex":5,"windspeed":22,"sunshinepower":0,"sunpower":0},{"datetime":"2020-06-28T04:00:00","datetimeutc":"2020-06-28T02:00:00","timetype":"Hour","precipitationmm":0.0,"temperature":17.3,"feeltemperature":17.3,"cloudcover":100,"iconcode":"cc","iconid":22,"sources":2,"winddirection":"ZW","winddirectiondegrees":234,"windspeedms":6.1,"visibility":12060,"precipitation":0,"beaufort":4,"humidity":76,"sunshine":0,"hour":4,"pollenindex":5,"windspeed":22,"sunshinepower":0,"sunpower":0},{"datetime":"2020-06-28T05:00:00","datetimeutc":"2020-06-28T03:00:00","timetype":"Hour","precipitationmm":0.0,"temperature":17.1,"feeltemperature":17.1,"cloudcover":100,"iconcode":"cc","iconid":22,"sources":2,"winddirection":"ZW","winddirectiondegrees":233,"windspeedms":5.6,"visibility":11230,"precipitation":0,"beaufort":3,"humidity":76,"sunshine":0,"hour":5,"pollenindex":5,"windspeed":20,"sunshinepower":0,"sunpower":0},{"datetime":"2020-06-28T06:00:00","datetimeutc":"2020-06-28T04:00:00","timetype":"Hour","precipitationmm":0.0,"temperature":17.0,"feeltemperature":17.0,"cloudcover":100,"iconcode":"c","iconid":22,"sources":2,"winddirection":"ZW","winddirectiondegrees":230,"windspeedms":5.7,"visibility":11210,"precipitation":0,"beaufort":3,"humidity":77,"sunshine":0,"hour":6,"pollenindex":5,"windspeed":21,"sunshinepower":22,"sunpower":22},{"datetime":"2020-06-28T07:00:00","datetimeutc":"2020-06-28T05:00:00","timetype":"Hour","precipitationmm":0.0,"temperature":17.0,"feeltemperature":17.0,"cloudcover":99,"iconcode":"c","iconid":22,"sources":2,"winddirection":"ZW","winddirectiondegrees":233,"windspeedms":6.3,"visibility":11820,"precipitation":0,"beaufort":4,"humidity":77,"sunshine":0,"hour":7,"pollenindex":5,"windspeed":23,"sunshinepower":86,"sunpower":86},{"datetime":"2020-06-28T08:00:00","datetimeutc":"2020-06-28T06:00:00","timetype":"Hour","precipitationmm":1.3,"temperature":17.1,"feeltemperature":17.1,"cloudcover":90,"iconcode":"m","iconid":20,"sources":2,"winddirection":"ZW","winddirectiondegrees":237,"windspeedms":6.6,"visibility":11620,"precipitation":80,"beaufort":4,"humidity":75,"sunshine":0,"hour":8,"pollenindex":5,"windspeed":24,"sunshinepower":170,"sunpower":170},{"datetime":"2020-06-28T09:00:00","datetimeutc":"2020-06-28T07:00:00","timetype":"Hour","precipitationmm":8.3,"temperature":17.3,"feeltemperature":17.3,"cloudcover":73,"iconcode":"q","iconid":8,"sources":2,"winddirection":"ZW","winddirectiondegrees":239,"windspeedms":7.0,"visibility":11220,"precipitation":75,"beaufort":4,"humidity":73,"sunshine":3,"hour":9,"pollenindex":5,"windspeed":25,"sunshinepower":274,"sunpower":274},{"datetime":"2020-06-28T10:00:00","datetimeutc":"2020-06-28T08:00:00","timetype":"Hour","precipitationmm":3.9,"temperature":17.6,"feeltemperature":17.6,"cloudcover":74,"iconcode":"m","iconid":19,"sources":2,"winddirection":"ZW","winddirectiondegrees":240,"windspeedms":7.7,"visibility":13220,"precipitation":77,"beaufort":4,"humidity":70,"sunshine":23,"hour":10,"pollenindex":7,"windspeed":28,"sunshinepower":404,"sunpower":404},{"datetime":"2020-06-28T11:00:00","datetimeutc":"2020-06-28T09:00:00","timetype":"Hour","precipitationmm":0.0,"temperature":18.1,"feeltemperature":17.1,"cloudcover":71,"iconcode":"r","iconid":33,"sources":2,"winddirection":"ZW","winddirectiondegrees":241,"windspeedms":8.3,"visibility":16620,"precipitation":2,"beaufort":4,"humidity":66,"sunshine":21,"hour":11,"pollenindex":7,"windspeed":30,"sunshinepower":558,"sunpower":558},{"datetime":"2020-06-28T12:00:00","datetimeutc":"2020-06-28T10:00:00","timetype":"Hour","precipitationmm":0.1,"temperature":18.6,"feeltemperature":17.7,"cloudcover":70,"iconcode":"m","iconid":7,"sources":2,"winddirection":"ZW","winddirectiondegrees":243,"windspeedms":8.7,"visibility":18220,"precipitation":76,"beaufort":4,"humidity":61,"sunshine":25,"hour":12,"pollenindex":7,"windspeed":31,"sunshinepower":697,"sunpower":697},{"datetime":"2020-06-28T13:00:00","datetimeutc":"2020-06-28T11:00:00","timetype":"Hour","precipitationmm":0.0,"temperature":19.2,"feeltemperature":19.2,"cloudcover":65,"iconcode":"b","iconid":7,"sources":2,"winddirection":"ZW","winddirectiondegrees":245,"windspeedms":8.9,"visibility":19620,"precipitation":1,"beaufort":4,"humidity":57,"sunshine":25,"hour":13,"pollenindex":8,"windspeed":32,"sunshinepower":782,"sunpower":782},{"datetime":"2020-06-28T14:00:00","datetimeutc":"2020-06-28T12:00:00","timetype":"Hour","precipitationmm":0.0,"temperature":19.8,"feeltemperature":19.8,"cloudcover":57,"iconcode":"b","iconid":7,"sources":2,"winddirection":"ZW","winddirectiondegrees":246,"windspeedms":8.9,"visibility":19820,"precipitation":1,"beaufort":4,"humidity":54,"sunshine":30,"hour":14,"pollenindex":8,"windspeed":32,"sunshinepower":809,"sunpower":809},{"datetime":"2020-06-28T15:00:00","datetimeutc":"2020-06-28T13:00:00","timetype":"Hour","precipitationmm":0.0,"temperature":20.2,"feeltemperature":20.2,"cloudcover":40,"iconcode":"j","iconid":7,"sources":2,"winddirection":"ZW","winddirectiondegrees":245,"windspeedms":9.1,"visibility":20020,"precipitation":1,"beaufort":5,"humidity":53,"sunshine":40,"hour":15,"pollenindex":8,"windspeed":33,"sunshinepower":771,"sunpower":771},{"datetime":"2020-06-28T16:00:00","datetimeutc":"2020-06-28T14:00:00","timetype":"Hour","precipitationmm":0.0,"temperature":20.4,"feeltemperature":20.4,"cloudcover":46,"iconcode":"j","iconid":4,"sources":2,"winddirection":"ZW","winddirectiondegrees":243,"windspeedms":9.1,"visibility":20820,"precipitation":0,"beaufort":5,"humidity":52,"sunshine":56,"hour":16,"pollenindex":8,"windspeed":33,"sunshinepower":700,"sunpower":700},{"datetime":"2020-06-28T17:00:00","datetimeutc":"2020-06-28T15:00:00","timetype":"Hour","precipitationmm":0.0,"temperature":20.4,"feeltemperature":20.4,"cloudcover":46,"iconcode":"j","iconid":13,"sources":2,"winddirection":"ZW","winddirectiondegrees":243,"windspeedms":9.0,"visibility":20420,"precipitation":0,"beaufort":5,"humidity":51,"sunshine":51,"hour":17,"pollenindex":8,"windspeed":32,"sunshinepower":613,"sunpower":613},{"datetime":"2020-06-28T18:00:00","datetimeutc":"2020-06-28T16:00:00","timetype":"Hour","precipitationmm":0.0,"temperature":20.0,"feeltemperature":20.0,"cloudcover":46,"iconcode":"j","iconid":13,"sources":2,"winddirection":"ZW","winddirectiondegrees":241,"windspeedms":8.9,"visibility":20020,"precipitation":0,"beaufort":4,"humidity":52,"sunshine":51,"hour":18,"pollenindex":8,"windspeed":32,"sunshinepower":497,"sunpower":497},{"datetime":"2020-06-28T19:00:00","datetimeutc":"2020-06-28T17:00:00","timetype":"Hour","precipitationmm":0.0,"temperature":19.4,"feeltemperature":19.4,"cloudcover":46,"iconcode":"j","iconid":13,"sources":2,"winddirection":"ZW","winddirectiondegrees":240,"windspeedms":8.6,"visibility":20220,"precipitation":0,"beaufort":4,"humidity":53,"sunshine":51,"hour":19,"pollenindex":7,"windspeed":31,"sunshinepower":355,"sunpower":355},{"datetime":"2020-06-28T20:00:00","datetimeutc":"2020-06-28T18:00:00","timetype":"Hour","precipitationmm":0.0,"temperature":18.7,"feeltemperature":18.0,"cloudcover":0,"iconcode":"a","iconid":1,"sources":2,"winddirection":"ZW","winddirectiondegrees":240,"windspeedms":8.0,"visibility":19620,"precipitation":0,"beaufort":4,"humidity":56,"sunshine":51,"hour":20,"pollenindex":7,"windspeed":29,"sunshinepower":209,"sunpower":209},{"datetime":"2020-06-28T21:00:00","datetimeutc":"2020-06-28T19:00:00","timetype":"Hour","precipitationmm":0.0,"temperature":18.0,"feeltemperature":18.0,"cloudcover":0,"iconcode":"a","iconid":1,"sources":2,"winddirection":"ZW","winddirectiondegrees":239,"windspeedms":7.2,"visibility":17620,"precipitation":0,"beaufort":4,"humidity":59,"sunshine":100,"hour":21,"pollenindex":6,"windspeed":26,"sunshinepower":82,"sunpower":82},{"datetime":"2020-06-28T22:00:00","datetimeutc":"2020-06-28T20:00:00","timetype":"Hour","precipitationmm":0.0,"temperature":17.1,"feeltemperature":17.1,"cloudcover":0,"iconcode":"a","iconid":1,"sources":2,"winddirection":"ZW","winddirectiondegrees":235,"windspeedms":6.2,"visibility":15450,"precipitation":0,"beaufort":4,"humidity":62,"sunshine":100,"hour":22,"pollenindex":6,"windspeed":22,"sunshinepower":0,"sunpower":0},{"datetime":"2020-06-28T23:00:00","datetimeutc":"2020-06-28T21:00:00","timetype":"Hour","precipitationmm":0.0,"temperature":16.4,"feeltemperature":16.4,"cloudcover":1,"iconcode":"aa","iconid":1,"sources":2,"winddirection":"ZW","winddirectiondegrees":230,"windspeedms":5.5,"visibility":13860,"precipitation":0,"beaufort":3,"humidity":65,"sunshine":15,"hour":23,"pollenindex":6,"windspeed":20,"sunshinepower":0,"sunpower":0}],"datetime":"2020-06-28T00:00:00","datetimeutc":"2020-06-27T22:00:00","timetype":"Day","precipitationmm":0.9,"mintemperature":16.4,"maxtemperature":20.4,"cloudcover":58,"iconcode":"f","iconid":16,"sources":2,"winddirection":"ZW","winddirectiondegrees":225,"windspeedms":7.3,"visibility":16138,"precipitation":20,"beaufort":4,"humidity":65,"sunshine":26,"uvindex":6,"bbqindex":7,"mosquitoindex":5,"pollenindex":6,"icescrapeindex":1,"mintemp":16.4,"maxtemp":20.4,"windspeed":7,"sunshinepower":292,"sunpower":292},{"date":"2020-06-29T00:00:00","sunrise":"2020-06-29T05:21:41","sunset":"2020-06-29T22:06:05","morning":{"datetime":"2020-06-29T08:00:00","datetimeutc":"2020-06-29T06:00:00","timetype":"Morning","precipitationmm":0.0,"mintemperature":15.0,"maxtemperature":17.1,"cloudcover":83,"iconcode":"r","iconid":22,"sources":1,"winddirection":"ZW","winddirectiondegrees":242,"windspeedms":6.8,"visibility":12256,"precipitation":1,"beaufort":4,"humidity":70,"sunshine":7,"hour":8,"mintemp":15.0,"maxtemp":17.1,"windspeed":24,"sunshinepower":304,"sunpower":304},"afternoon":{"datetime":"2020-06-29T12:00:00","datetimeutc":"2020-06-29T10:00:00","timetype":"Afternoon","precipitationmm":0.0,"mintemperature":17.7,"maxtemperature":19.2,"cloudcover":45,"iconcode":"j","iconid":22,"sources":1,"winddirection":"ZW","winddirectiondegrees":242,"windspeedms":9.5,"visibility":17151,"precipitation":1,"beaufort":5,"humidity":54,"sunshine":46,"hour":12,"mintemp":17.7,"maxtemp":19.2,"windspeed":34,"sunshinepower":537,"sunpower":537},"evening":{"datetime":"2020-06-29T18:00:00","datetimeutc":"2020-06-29T16:00:00","timetype":"Evening","precipitationmm":1.9,"mintemperature":16.4,"maxtemperature":18.5,"cloudcover":100,"iconcode":"m","iconid":22,"sources":1,"winddirection":"ZW","winddirectiondegrees":241,"windspeedms":9.0,"visibility":12993,"precipitation":31,"beaufort":5,"humidity":66,"sunshine":10,"hour":18,"mintemp":16.4,"maxtemp":18.5,"windspeed":32,"sunshinepower":79,"sunpower":79},"night":{"datetime":"2020-06-29T00:00:00","datetimeutc":"2020-06-28T22:00:00","timetype":"Night","precipitationmm":0.0,"mintemperature":14.0,"maxtemperature":15.6,"cloudcover":46,"iconcode":"j","iconid":1,"sources":1,"winddirection":"ZW","winddirectiondegrees":226,"windspeedms":5.0,"visibility":11304,"precipitation":0,"beaufort":3,"humidity":78,"sunshine":0,"hour":0,"mintemp":14.0,"maxtemp":15.6,"windspeed":18,"sunshinepower":3,"sunpower":3},"hours":[{"datetime":"2020-06-29T00:00:00","datetimeutc":"2020-06-28T22:00:00","timetype":"Hour","precipitationmm":0.0,"temperature":15.6,"feeltemperature":15.6,"cloudcover":3,"iconcode":"aa","iconid":1,"sources":2,"winddirection":"ZW","winddirectiondegrees":223,"windspeedms":5.2,"visibility":13060,"precipitation":0,"beaufort":3,"humidity":69,"sunshine":0,"hour":0,"pollenindex":6,"windspeed":19,"sunshinepower":0,"sunpower":0},{"datetime":"2020-06-29T01:00:00","datetimeutc":"2020-06-28T23:00:00","timetype":"Hour","precipitationmm":0.0,"temperature":15.1,"feeltemperature":15.1,"cloudcover":8,"iconcode":"aa","iconid":4,"sources":2,"winddirection":"ZW","winddirectiondegrees":220,"windspeedms":5.0,"visibility":12260,"precipitation":0,"beaufort":3,"humidity":73,"sunshine":0,"hour":1,"pollenindex":5,"windspeed":18,"sunshinepower":0,"sunpower":0},{"datetime":"2020-06-29T02:00:00","datetimeutc":"2020-06-29T00:00:00","timetype":"Hour","precipitationmm":0.0,"temperature":14.6,"feeltemperature":13.4,"cloudcover":17,"iconcode":"jj","iconid":4,"sources":2,"winddirection":"ZW","winddirectiondegrees":218,"windspeedms":4.7,"visibility":11460,"precipitation":0,"beaufort":3,"humidity":77,"sunshine":0,"hour":2,"pollenindex":5,"windspeed":17,"sunshinepower":0,"sunpower":0},{"datetime":"2020-06-29T03:00:00","datetimeutc":"2020-06-29T01:00:00","timetype":"Hour","precipitationmm":0.0,"temperature":14.2,"feeltemperature":13.0,"cloudcover":37,"iconcode":"jj","iconid":8,"sources":2,"winddirection":"ZW","winddirectiondegrees":221,"windspeedms":4.5,"visibility":10850,"precipitation":0,"beaufort":3,"humidity":81,"sunshine":0,"hour":3,"pollenindex":5,"windspeed":16,"sunshinepower":0,"sunpower":0},{"datetime":"2020-06-29T04:00:00","datetimeutc":"2020-06-29T02:00:00","timetype":"Hour","precipitationmm":0.0,"temperature":14.0,"feeltemperature":12.8,"cloudcover":61,"iconcode":"bb","iconid":20,"sources":2,"winddirection":"ZW","winddirectiondegrees":227,"windspeedms":4.4,"visibility":10450,"precipitation":0,"beaufort":3,"humidity":83,"sunshine":0,"hour":4,"pollenindex":4,"windspeed":16,"sunshinepower":0,"sunpower":0},{"datetime":"2020-06-29T05:00:00","datetimeutc":"2020-06-29T03:00:00","timetype":"Hour","precipitationmm":0.0,"temperature":14.1,"feeltemperature":12.6,"cloudcover":100,"iconcode":"cc","iconid":22,"sources":2,"winddirection":"ZW","winddirectiondegrees":237,"windspeedms":5.2,"visibility":10830,"precipitation":1,"beaufort":3,"humidity":83,"sunshine":0,"hour":5,"pollenindex":4,"windspeed":19,"sunshinepower":0,"sunpower":0},{"datetime":"2020-06-29T06:00:00","datetimeutc":"2020-06-29T04:00:00","timetype":"Hour","precipitationmm":0.0,"temperature":14.5,"feeltemperature":13.0,"cloudcover":100,"iconcode":"c","iconid":22,"sources":2,"winddirection":"ZW","winddirectiondegrees":238,"windspeedms":5.8,"visibility":10220,"precipitation":1,"beaufort":3,"humidity":81,"sunshine":0,"hour":6,"pollenindex":5,"windspeed":21,"sunshinepower":23,"sunpower":23},{"datetime":"2020-06-29T07:00:00","datetimeutc":"2020-06-29T05:00:00","timetype":"Hour","precipitationmm":0.0,"temperature":15.0,"feeltemperature":15.0,"cloudcover":100,"iconcode":"c","iconid":22,"sources":2,"winddirection":"ZW","winddirectiondegrees":238,"windspeedms":5.9,"visibility":10420,"precipitation":0,"beaufort":3,"humidity":78,"sunshine":0,"hour":7,"pollenindex":5,"windspeed":21,"sunshinepower":101,"sunpower":101},{"datetime":"2020-06-29T08:00:00","datetimeutc":"2020-06-29T06:00:00","timetype":"Hour","precipitationmm":0.0,"temperature":15.5,"feeltemperature":15.5,"cloudcover":100,"iconcode":"c","iconid":22,"sources":1,"winddirection":"ZW","winddirectiondegrees":243,"windspeedms":6.4,"visibility":11620,"precipitation":1,"beaufort":4,"humidity":75,"sunshine":0,"hour":8,"pollenindex":5,"windspeed":23,"sunshinepower":202,"sunpower":202},{"datetime":"2020-06-29T09:00:00","datetimeutc":"2020-06-29T07:00:00","timetype":"Hour","precipitationmm":0.0,"temperature":16.0,"feeltemperature":16.0,"cloudcover":81,"iconcode":"r","iconid":22,"sources":1,"winddirection":"ZW","winddirectiondegrees":245,"windspeedms":6.63,"visibility":11820,"precipitation":1,"beaufort":4,"humidity":70,"sunshine":0,"hour":9,"pollenindex":6,"windspeed":24,"sunshinepower":304,"sunpower":304},{"datetime":"2020-06-29T10:00:00","datetimeutc":"2020-06-29T08:00:00","timetype":"Hour","precipitationmm":0.0,"temperature":16.5,"feeltemperature":16.5,"cloudcover":69,"iconcode":"b","iconid":22,"sources":1,"winddirection":"ZW","winddirectiondegrees":243,"windspeedms":7.15,"visibility":13410,"precipitation":1,"beaufort":4,"humidity":66,"sunshine":13,"hour":10,"pollenindex":7,"windspeed":26,"sunshinepower":407,"sunpower":407},{"datetime":"2020-06-29T11:00:00","datetimeutc":"2020-06-29T09:00:00","timetype":"Hour","precipitationmm":0.0,"temperature":17.1,"feeltemperature":17.1,"cloudcover":67,"iconcode":"b","iconid":19,"sources":1,"winddirection":"ZW","winddirectiondegrees":241,"windspeedms":7.83,"visibility":14010,"precipitation":1,"beaufort":4,"humidity":61,"sunshine":26,"hour":11,"pollenindex":7,"windspeed":28,"sunshinepower":507,"sunpower":507},{"datetime":"2020-06-29T12:00:00","datetimeutc":"2020-06-29T10:00:00","timetype":"Hour","precipitationmm":0.0,"temperature":17.7,"feeltemperature":16.6,"cloudcover":59,"iconcode":"b","iconid":22,"sources":1,"winddirection":"ZW","winddirectiondegrees":241,"windspeedms":8.52,"visibility":14220,"precipitation":1,"beaufort":4,"humidity":58,"sunshine":28,"hour":12,"pollenindex":7,"windspeed":31,"sunshinepower":584,"sunpower":584},{"datetime":"2020-06-29T13:00:00","datetimeutc":"2020-06-29T11:00:00","timetype":"Hour","precipitationmm":0.0,"temperature":18.3,"feeltemperature":17.3,"cloudcover":63,"iconcode":"b","iconid":22,"sources":1,"winddirection":"ZW","winddirectiondegrees":243,"windspeedms":9.06,"visibility":16820,"precipitation":1,"beaufort":5,"humidity":54,"sunshine":36,"hour":13,"pollenindex":8,"windspeed":33,"sunshinepower":633,"sunpower":633},{"datetime":"2020-06-29T14:00:00","datetimeutc":"2020-06-29T12:00:00","timetype":"Hour","precipitationmm":0.0,"temperature":18.8,"feeltemperature":17.9,"cloudcover":38,"iconcode":"j","iconid":19,"sources":1,"winddirection":"ZW","winddirectiondegrees":242,"windspeedms":9.42,"visibility":17020,"precipitation":1,"beaufort":5,"humidity":53,"sunshine":33,"hour":14,"pollenindex":8,"windspeed":34,"sunshinepower":629,"sunpower":629},{"datetime":"2020-06-29T15:00:00","datetimeutc":"2020-06-29T13:00:00","timetype":"Hour","precipitationmm":0.0,"temperature":19.1,"feeltemperature":19.1,"cloudcover":38,"iconcode":"j","iconid":19,"sources":1,"winddirection":"ZW","winddirectiondegrees":243,"windspeedms":9.82,"visibility":17620,"precipitation":1,"beaufort":5,"humidity":53,"sunshine":60,"hour":15,"pollenindex":8,"windspeed":35,"sunshinepower":563,"sunpower":563},{"datetime":"2020-06-29T16:00:00","datetimeutc":"2020-06-29T14:00:00","timetype":"Hour","precipitationmm":0.0,"temperature":19.2,"feeltemperature":19.2,"cloudcover":38,"iconcode":"j","iconid":20,"sources":1,"winddirection":"ZW","winddirectiondegrees":243,"windspeedms":10.05,"visibility":18610,"precipitation":1,"beaufort":5,"humidity":54,"sunshine":60,"hour":16,"pollenindex":8,"windspeed":36,"sunshinepower":466,"sunpower":466},{"datetime":"2020-06-29T17:00:00","datetimeutc":"2020-06-29T15:00:00","timetype":"Hour","precipitationmm":0.0,"temperature":19.0,"feeltemperature":18.1,"cloudcover":36,"iconcode":"j","iconid":20,"sources":1,"winddirection":"ZW","winddirectiondegrees":243,"windspeedms":10.22,"visibility":18620,"precipitation":1,"beaufort":5,"humidity":56,"sunshine":60,"hour":17,"pollenindex":8,"windspeed":37,"sunshinepower":351,"sunpower":351},{"datetime":"2020-06-29T18:00:00","datetimeutc":"2020-06-29T16:00:00","timetype":"Hour","precipitationmm":0.0,"temperature":18.5,"feeltemperature":17.5,"cloudcover":100,"iconcode":"c","iconid":22,"sources":1,"winddirection":"ZW","winddirectiondegrees":244,"windspeedms":9.73,"visibility":16020,"precipitation":1,"beaufort":5,"humidity":59,"sunshine":61,"hour":18,"pollenindex":7,"windspeed":35,"sunshinepower":233,"sunpower":233},{"datetime":"2020-06-29T19:00:00","datetimeutc":"2020-06-29T17:00:00","timetype":"Hour","precipitationmm":0.0,"temperature":18.0,"feeltemperature":16.9,"cloudcover":100,"iconcode":"c","iconid":22,"sources":1,"winddirection":"ZW","winddirectiondegrees":243,"windspeedms":9.07,"visibility":14220,"precipitation":1,"beaufort":5,"humidity":62,"sunshine":0,"hour":19,"pollenindex":6,"windspeed":33,"sunshinepower":139,"sunpower":139},{"datetime":"2020-06-29T20:00:00","datetimeutc":"2020-06-29T18:00:00","timetype":"Hour","precipitationmm":0.0,"temperature":17.4,"feeltemperature":16.2,"cloudcover":100,"iconcode":"c","iconid":22,"sources":1,"winddirection":"ZW","winddirectiondegrees":238,"windspeedms":8.85,"visibility":14020,"precipitation":1,"beaufort":4,"humidity":66,"sunshine":0,"hour":20,"pollenindex":6,"windspeed":32,"sunshinepower":75,"sunpower":75},{"datetime":"2020-06-29T21:00:00","datetimeutc":"2020-06-29T19:00:00","timetype":"Hour","precipitationmm":0.0,"temperature":17.0,"feeltemperature":15.6,"cloudcover":100,"iconcode":"c","iconid":22,"sources":1,"winddirection":"ZW","winddirectiondegrees":241,"windspeedms":9.01,"visibility":12420,"precipitation":1,"beaufort":5,"humidity":68,"sunshine":0,"hour":21,"pollenindex":6,"windspeed":32,"sunshinepower":29,"sunpower":29},{"datetime":"2020-06-29T22:00:00","datetimeutc":"2020-06-29T20:00:00","timetype":"Hour","precipitationmm":0.0,"temperature":16.6,"feeltemperature":15.2,"cloudcover":100,"iconcode":"c","iconid":19,"sources":1,"winddirection":"ZW","winddirectiondegrees":241,"windspeedms":8.78,"visibility":10830,"precipitation":2,"beaufort":4,"humidity":70,"sunshine":0,"hour":22,"pollenindex":6,"windspeed":32,"sunshinepower":0,"sunpower":0},{"datetime":"2020-06-29T23:00:00","datetimeutc":"2020-06-29T21:00:00","timetype":"Hour","precipitationmm":1.9,"temperature":16.4,"feeltemperature":14.9,"cloudcover":100,"iconcode":"mm","iconid":33,"sources":1,"winddirection":"ZW","winddirectiondegrees":239,"windspeedms":8.82,"visibility":10450,"precipitation":49,"beaufort":4,"humidity":71,"sunshine":0,"hour":23,"pollenindex":5,"windspeed":32,"sunshinepower":0,"sunpower":0}],"datetime":"2020-06-29T00:00:00","datetimeutc":"2020-06-28T22:00:00","timetype":"Day","precipitationmm":1.9,"mintemperature":14.0,"maxtemperature":19.2,"cloudcover":67,"iconcode":"m","iconid":16,"sources":2,"winddirection":"ZW","winddirectiondegrees":225,"windspeedms":7.5,"visibility":13386,"precipitation":16,"beaufort":4,"humidity":67,"sunshine":15,"uvindex":5,"bbqindex":6,"mosquitoindex":7,"pollenindex":6,"icescrapeindex":1,"mintemp":14.0,"maxtemp":19.2,"windspeed":8,"sunshinepower":218,"sunpower":218},{"date":"2020-06-30T00:00:00","sunrise":"2020-06-30T05:22:20","sunset":"2020-06-30T22:05:47","hours":[{"datetime":"2020-06-30T00:00:00","datetimeutc":"2020-06-29T22:00:00","timetype":"Hour","precipitationmm":0.0,"temperature":16.3,"feeltemperature":14.7,"cloudcover":100,"iconcode":"cc","iconid":22,"sources":1,"winddirection":"ZW","winddirectiondegrees":241,"windspeedms":8.81,"visibility":11050,"precipitation":2,"beaufort":4,"humidity":73,"sunshine":0,"hour":0,"pollenindex":5,"windspeed":32,"sunshinepower":0,"sunpower":0},{"datetime":"2020-06-30T01:00:00","datetimeutc":"2020-06-29T23:00:00","timetype":"Hour","precipitationmm":0.0,"temperature":16.2,"feeltemperature":14.5,"cloudcover":86,"iconcode":"rr","iconid":22,"sources":1,"winddirection":"ZW","winddirectiondegrees":244,"windspeedms":8.64,"visibility":10860,"precipitation":2,"beaufort":4,"humidity":75,"sunshine":0,"hour":1,"pollenindex":5,"windspeed":31,"sunshinepower":0,"sunpower":0},{"datetime":"2020-06-30T02:00:00","datetimeutc":"2020-06-30T00:00:00","timetype":"Hour","precipitationmm":0.2,"temperature":15.9,"feeltemperature":14.3,"cloudcover":69,"iconcode":"mm","iconid":33,"sources":1,"winddirection":"ZW","winddirectiondegrees":245,"windspeedms":8.22,"visibility":10250,"precipitation":39,"beaufort":4,"humidity":77,"sunshine":0,"hour":2,"pollenindex":5,"windspeed":30,"sunshinepower":0,"sunpower":0},{"datetime":"2020-06-30T03:00:00","datetimeutc":"2020-06-30T01:00:00","timetype":"Hour","precipitationmm":0.0,"temperature":15.7,"feeltemperature":14.0,"cloudcover":65,"iconcode":"bb","iconid":22,"sources":1,"winddirection":"ZW","winddirectiondegrees":240,"windspeedms":8.75,"visibility":9830,"precipitation":1,"beaufort":4,"humidity":78,"sunshine":0,"hour":3,"pollenindex":5,"windspeed":32,"sunshinepower":0,"sunpower":0},{"datetime":"2020-06-30T04:00:00","datetimeutc":"2020-06-30T02:00:00","timetype":"Hour","precipitationmm":0.0,"temperature":15.6,"feeltemperature":13.8,"cloudcover":66,"iconcode":"bb","iconid":22,"sources":1,"winddirection":"ZW","winddirectiondegrees":243,"windspeedms":8.46,"visibility":9410,"precipitation":2,"beaufort":4,"humidity":79,"sunshine":0,"hour":4,"pollenindex":5,"windspeed":30,"sunshinepower":0,"sunpower":0},{"datetime":"2020-06-30T05:00:00","datetimeutc":"2020-06-30T03:00:00","timetype":"Hour","precipitationmm":0.0,"temperature":15.5,"feeltemperature":13.8,"cloudcover":68,"iconcode":"bb","iconid":22,"sources":1,"winddirection":"ZW","winddirectiondegrees":247,"windspeedms":8.32,"visibility":9400,"precipitation":2,"beaufort":4,"humidity":79,"sunshine":0,"hour":5,"pollenindex":5,"windspeed":30,"sunshinepower":0,"sunpower":0},{"datetime":"2020-06-30T06:00:00","datetimeutc":"2020-06-30T04:00:00","timetype":"Hour","precipitationmm":0.0,"temperature":15.6,"feeltemperature":13.8,"cloudcover":69,"iconcode":"b","iconid":22,"sources":1,"winddirection":"W","winddirectiondegrees":248,"windspeedms":8.35,"visibility":9600,"precipitation":2,"beaufort":4,"humidity":79,"sunshine":18,"hour":6,"pollenindex":5,"windspeed":30,"sunshinepower":17,"sunpower":17},{"datetime":"2020-06-30T07:00:00","datetimeutc":"2020-06-30T05:00:00","timetype":"Hour","precipitationmm":1.2,"temperature":15.8,"feeltemperature":14.1,"cloudcover":68,"iconcode":"m","iconid":33,"sources":1,"winddirection":"W","winddirectiondegrees":249,"windspeedms":8.56,"visibility":10200,"precipitation":42,"beaufort":4,"humidity":77,"sunshine":26,"hour":7,"pollenindex":5,"windspeed":31,"sunshinepower":85,"sunpower":85},{"datetime":"2020-06-30T08:00:00","datetimeutc":"2020-06-30T06:00:00","timetype":"Hour","precipitationmm":0.0,"temperature":16.1,"feeltemperature":14.5,"cloudcover":70,"iconcode":"r","iconid":22,"sources":1,"winddirection":"W","winddirectiondegrees":250,"windspeedms":8.68,"visibility":10800,"precipitation":2,"beaufort":4,"humidity":75,"sunshine":28,"hour":8,"pollenindex":5,"windspeed":31,"sunshinepower":181,"sunpower":181},{"datetime":"2020-06-30T09:00:00","datetimeutc":"2020-06-30T07:00:00","timetype":"Hour","precipitationmm":0.5,"temperature":16.4,"feeltemperature":14.9,"cloudcover":67,"iconcode":"m","iconid":33,"sources":1,"winddirection":"W","winddirectiondegrees":250,"windspeedms":8.87,"visibility":11200,"precipitation":51,"beaufort":4,"humidity":73,"sunshine":25,"hour":9,"pollenindex":5,"windspeed":32,"sunshinepower":274,"sunpower":274},{"datetime":"2020-06-30T10:00:00","datetimeutc":"2020-06-30T08:00:00","timetype":"Hour","precipitationmm":0.0,"temperature":16.7,"feeltemperature":15.2,"cloudcover":66,"iconcode":"b","iconid":22,"sources":1,"winddirection":"W","winddirectiondegrees":250,"windspeedms":9.03,"visibility":11400,"precipitation":2,"beaufort":5,"humidity":72,"sunshine":28,"hour":10,"pollenindex":6,"windspeed":33,"sunshinepower":348,"sunpower":348},{"datetime":"2020-06-30T11:00:00","datetimeutc":"2020-06-30T09:00:00","timetype":"Hour","precipitationmm":0.0,"temperature":17.0,"feeltemperature":15.6,"cloudcover":63,"iconcode":"b","iconid":22,"sources":1,"winddirection":"W","winddirectiondegrees":251,"windspeedms":9.04,"visibility":11600,"precipitation":2,"beaufort":5,"humidity":70,"sunshine":30,"hour":11,"pollenindex":6,"windspeed":33,"sunshinepower":395,"sunpower":395},{"datetime":"2020-06-30T12:00:00","datetimeutc":"2020-06-30T10:00:00","timetype":"Hour","precipitationmm":0.0,"temperature":17.3,"feeltemperature":16.0,"cloudcover":60,"iconcode":"b","iconid":22,"sources":1,"winddirection":"W","winddirectiondegrees":249,"windspeedms":8.91,"visibility":11400,"precipitation":2,"beaufort":4,"humidity":69,"sunshine":33,"hour":12,"pollenindex":7,"windspeed":32,"sunshinepower":426,"sunpower":426},{"datetime":"2020-06-30T13:00:00","datetimeutc":"2020-06-30T11:00:00","timetype":"Hour","precipitationmm":0.0,"temperature":17.6,"feeltemperature":16.4,"cloudcover":56,"iconcode":"b","iconid":22,"sources":1,"winddirection":"ZW","winddirectiondegrees":245,"windspeedms":8.58,"visibility":10600,"precipitation":2,"beaufort":4,"humidity":68,"sunshine":36,"hour":13,"pollenindex":7,"windspeed":31,"sunshinepower":442,"sunpower":442},{"datetime":"2020-06-30T14:00:00","datetimeutc":"2020-06-30T12:00:00","timetype":"Hour","precipitationmm":0.0,"temperature":17.9,"feeltemperature":16.9,"cloudcover":72,"iconcode":"r","iconid":22,"sources":1,"winddirection":"ZW","winddirectiondegrees":243,"windspeedms":8.19,"visibility":10200,"precipitation":2,"beaufort":4,"humidity":68,"sunshine":40,"hour":14,"pollenindex":7,"windspeed":29,"sunshinepower":442,"sunpower":442},{"datetime":"2020-06-30T15:00:00","datetimeutc":"2020-06-30T13:00:00","timetype":"Hour","precipitationmm":0.0,"temperature":18.3,"feeltemperature":18.3,"cloudcover":82,"iconcode":"r","iconid":22,"sources":1,"winddirection":"ZW","winddirectiondegrees":246,"windspeedms":7.92,"visibility":10600,"precipitation":2,"beaufort":4,"humidity":67,"sunshine":23,"hour":15,"pollenindex":7,"windspeed":29,"sunshinepower":442,"sunpower":442},{"datetime":"2020-06-30T16:00:00","datetimeutc":"2020-06-30T14:00:00","timetype":"Hour","precipitationmm":0.3,"temperature":18.6,"feeltemperature":18.6,"cloudcover":86,"iconcode":"m","iconid":33,"sources":1,"winddirection":"W","winddirectiondegrees":256,"windspeedms":7.88,"visibility":12200,"precipitation":50,"beaufort":4,"humidity":67,"sunshine":13,"hour":16,"pollenindex":7,"windspeed":28,"sunshinepower":429,"sunpower":429},{"datetime":"2020-06-30T17:00:00","datetimeutc":"2020-06-30T15:00:00","timetype":"Hour","precipitationmm":0.0,"temperature":19.0,"feeltemperature":19.0,"cloudcover":59,"iconcode":"b","iconid":19,"sources":1,"winddirection":"W","winddirectiondegrees":263,"windspeedms":7.64,"visibility":13400,"precipitation":2,"beaufort":4,"humidity":65,"sunshine":8,"hour":17,"pollenindex":7,"windspeed":28,"sunshinepower":389,"sunpower":389},{"datetime":"2020-06-30T18:00:00","datetimeutc":"2020-06-30T16:00:00","timetype":"Hour","precipitationmm":0.0,"temperature":19.0,"feeltemperature":19.0,"cloudcover":50,"iconcode":"b","iconid":7,"sources":1,"winddirection":"W","winddirectiondegrees":266,"windspeedms":7.39,"visibility":14800,"precipitation":1,"beaufort":4,"humidity":66,"sunshine":36,"hour":18,"pollenindex":7,"windspeed":27,"sunshinepower":326,"sunpower":326},{"datetime":"2020-06-30T19:00:00","datetimeutc":"2020-06-30T17:00:00","timetype":"Hour","precipitationmm":0.0,"temperature":18.8,"feeltemperature":18.8,"cloudcover":45,"iconcode":"j","iconid":7,"sources":1,"winddirection":"W","winddirectiondegrees":265,"windspeedms":7.09,"visibility":14400,"precipitation":1,"beaufort":4,"humidity":68,"sunshine":46,"hour":19,"pollenindex":6,"windspeed":26,"sunshinepower":244,"sunpower":244},{"datetime":"2020-06-30T20:00:00","datetimeutc":"2020-06-30T18:00:00","timetype":"Hour","precipitationmm":0.0,"temperature":18.2,"feeltemperature":18.2,"cloudcover":41,"iconcode":"j","iconid":4,"sources":1,"winddirection":"W","winddirectiondegrees":262,"windspeedms":6.54,"visibility":14000,"precipitation":1,"beaufort":4,"humidity":71,"sunshine":51,"hour":20,"pollenindex":5,"windspeed":24,"sunshinepower":152,"sunpower":152},{"datetime":"2020-06-30T21:00:00","datetimeutc":"2020-06-30T19:00:00","timetype":"Hour","precipitationmm":0.0,"temperature":17.7,"feeltemperature":17.7,"cloudcover":43,"iconcode":"j","iconid":4,"sources":1,"winddirection":"W","winddirectiondegrees":258,"windspeedms":5.68,"visibility":14010,"precipitation":1,"beaufort":3,"humidity":74,"sunshine":56,"hour":21,"pollenindex":5,"windspeed":20,"sunshinepower":63,"sunpower":63},{"datetime":"2020-06-30T22:00:00","datetimeutc":"2020-06-30T20:00:00","timetype":"Hour","precipitationmm":0.0,"temperature":17.3,"feeltemperature":17.3,"cloudcover":30,"iconcode":"j","iconid":7,"sources":1,"winddirection":"W","winddirectiondegrees":251,"windspeedms":4.51,"visibility":11010,"precipitation":1,"beaufort":3,"humidity":77,"sunshine":55,"hour":22,"pollenindex":5,"windspeed":16,"sunshinepower":0,"sunpower":0},{"datetime":"2020-06-30T23:00:00","datetimeutc":"2020-06-30T21:00:00","timetype":"Hour","precipitationmm":0.0,"temperature":16.9,"feeltemperature":16.9,"cloudcover":68,"iconcode":"bb","iconid":19,"sources":1,"winddirection":"ZW","winddirectiondegrees":244,"windspeedms":4.15,"visibility":2610,"precipitation":1,"beaufort":3,"humidity":80,"sunshine":10,"hour":23,"pollenindex":5,"windspeed":15,"sunshinepower":0,"sunpower":0}],"datetime":"2020-06-30T00:00:00","datetimeutc":"2020-06-29T22:00:00","timetype":"Day","precipitationmm":2.2,"mintemperature":15.5,"maxtemperature":19.0,"cloudcover":25,"iconcode":"f","iconid":16,"sources":1,"winddirection":"W","winddirectiondegrees":270,"windspeedms":7.84,"precipitation":51,"beaufort":4,"uvindex":4,"bbqindex":7,"mosquitoindex":7,"pollenindex":5,"icescrapeindex":1,"mintemp":15.5,"maxtemp":19.0,"windspeed":8},{"date":"2020-07-01T00:00:00","sunrise":"2020-07-01T05:23:03","sunset":"2020-07-01T22:05:26","hours":[{"datetime":"2020-07-01T00:00:00","datetimeutc":"2020-06-30T22:00:00","timetype":"Hour","precipitationmm":0.0,"temperature":16.6,"feeltemperature":16.6,"cloudcover":61,"iconcode":"nn","iconid":16,"sources":1,"winddirection":"ZW","winddirectiondegrees":244,"windspeedms":3.91,"visibility":20,"precipitation":1,"beaufort":2,"humidity":84,"sunshine":0,"hour":0,"pollenindex":4,"windspeed":14,"sunshinepower":0,"sunpower":0},{"datetime":"2020-07-01T01:00:00","datetimeutc":"2020-06-30T23:00:00","timetype":"Hour","precipitationmm":0.0,"temperature":16.3,"feeltemperature":16.3,"cloudcover":45,"iconcode":"nn","iconid":16,"sources":1,"winddirection":"ZW","winddirectiondegrees":242,"windspeedms":3.89,"visibility":20,"precipitation":1,"beaufort":2,"humidity":88,"sunshine":0,"hour":1,"pollenindex":4,"windspeed":14,"sunshinepower":0,"sunpower":0},{"datetime":"2020-07-01T02:00:00","datetimeutc":"2020-07-01T00:00:00","timetype":"Hour","precipitationmm":0.0,"temperature":16.1,"feeltemperature":16.1,"cloudcover":34,"iconcode":"nn","iconid":16,"sources":1,"winddirection":"ZW","winddirectiondegrees":237,"windspeedms":3.78,"visibility":220,"precipitation":1,"beaufort":2,"humidity":90,"sunshine":0,"hour":2,"pollenindex":4,"windspeed":14,"sunshinepower":0,"sunpower":0},{"datetime":"2020-07-01T03:00:00","datetimeutc":"2020-07-01T01:00:00","timetype":"Hour","precipitationmm":0.0,"temperature":16.1,"feeltemperature":16.1,"cloudcover":37,"iconcode":"nn","iconid":16,"sources":1,"winddirection":"ZW","winddirectiondegrees":233,"windspeedms":3.31,"visibility":210,"precipitation":1,"beaufort":2,"humidity":91,"sunshine":0,"hour":3,"pollenindex":4,"windspeed":12,"sunshinepower":0,"sunpower":0},{"datetime":"2020-07-01T04:00:00","datetimeutc":"2020-07-01T02:00:00","timetype":"Hour","precipitationmm":0.0,"temperature":16.2,"feeltemperature":16.2,"cloudcover":44,"iconcode":"nn","iconid":16,"sources":1,"winddirection":"ZW","winddirectiondegrees":233,"windspeedms":3.28,"visibility":200,"precipitation":1,"beaufort":2,"humidity":91,"sunshine":0,"hour":4,"pollenindex":4,"windspeed":12,"sunshinepower":0,"sunpower":0},{"datetime":"2020-07-01T05:00:00","datetimeutc":"2020-07-01T03:00:00","timetype":"Hour","precipitationmm":0.0,"temperature":16.6,"feeltemperature":16.6,"cloudcover":53,"iconcode":"nn","iconid":22,"sources":1,"winddirection":"ZW","winddirectiondegrees":233,"windspeedms":3.24,"visibility":200,"precipitation":1,"beaufort":2,"humidity":90,"sunshine":0,"hour":5,"pollenindex":4,"windspeed":12,"sunshinepower":0,"sunpower":0},{"datetime":"2020-07-01T06:00:00","datetimeutc":"2020-07-01T04:00:00","timetype":"Hour","precipitationmm":0.0,"temperature":16.9,"feeltemperature":16.9,"cloudcover":65,"iconcode":"n","iconid":16,"sources":1,"winddirection":"ZW","winddirectiondegrees":232,"windspeedms":3.16,"visibility":200,"precipitation":1,"beaufort":2,"humidity":89,"sunshine":28,"hour":6,"pollenindex":4,"windspeed":11,"sunshinepower":17,"sunpower":17},{"datetime":"2020-07-01T07:00:00","datetimeutc":"2020-07-01T05:00:00","timetype":"Hour","precipitationmm":0.0,"temperature":17.4,"feeltemperature":17.4,"cloudcover":78,"iconcode":"n","iconid":22,"sources":1,"winddirection":"ZW","winddirectiondegrees":233,"windspeedms":3.16,"visibility":0,"precipitation":1,"beaufort":2,"humidity":87,"sunshine":31,"hour":7,"pollenindex":4,"windspeed":11,"sunshinepower":81,"sunpower":81},{"datetime":"2020-07-01T08:00:00","datetimeutc":"2020-07-01T06:00:00","timetype":"Hour","precipitationmm":0.0,"temperature":17.7,"feeltemperature":17.7,"cloudcover":91,"iconcode":"c","iconid":22,"sources":1,"winddirection":"ZW","winddirectiondegrees":241,"windspeedms":3.35,"visibility":2200,"precipitation":1,"beaufort":2,"humidity":85,"sunshine":16,"hour":8,"pollenindex":4,"windspeed":12,"sunshinepower":158,"sunpower":158},{"datetime":"2020-07-01T09:00:00","datetimeutc":"2020-07-01T07:00:00","timetype":"Hour","precipitationmm":0.0,"temperature":18.1,"feeltemperature":18.1,"cloudcover":100,"iconcode":"c","iconid":22,"sources":1,"winddirection":"ZW","winddirectiondegrees":246,"windspeedms":3.48,"visibility":9400,"precipitation":1,"beaufort":2,"humidity":83,"sunshine":3,"hour":9,"pollenindex":4,"windspeed":13,"sunshinepower":216,"sunpower":216},{"datetime":"2020-07-01T10:00:00","datetimeutc":"2020-07-01T08:00:00","timetype":"Hour","precipitationmm":0.0,"temperature":18.5,"feeltemperature":18.5,"cloudcover":100,"iconcode":"c","iconid":22,"sources":1,"winddirection":"ZW","winddirectiondegrees":247,"windspeedms":3.71,"visibility":9800,"precipitation":1,"beaufort":2,"humidity":80,"sunshine":0,"hour":10,"pollenindex":5,"windspeed":13,"sunshinepower":241,"sunpower":241},{"datetime":"2020-07-01T11:00:00","datetimeutc":"2020-07-01T09:00:00","timetype":"Hour","precipitationmm":0.0,"temperature":19.0,"feeltemperature":19.0,"cloudcover":100,"iconcode":"c","iconid":20,"sources":1,"winddirection":"ZW","winddirectiondegrees":247,"windspeedms":4.12,"visibility":10000,"precipitation":2,"beaufort":3,"humidity":76,"sunshine":0,"hour":11,"pollenindex":6,"windspeed":15,"sunshinepower":275,"sunpower":275},{"datetime":"2020-07-01T12:00:00","datetimeutc":"2020-07-01T10:00:00","timetype":"Hour","precipitationmm":0.0,"temperature":19.5,"feeltemperature":19.5,"cloudcover":92,"iconcode":"c","iconid":22,"sources":1,"winddirection":"W","winddirectiondegrees":249,"windspeedms":4.57,"visibility":10400,"precipitation":2,"beaufort":3,"humidity":74,"sunshine":0,"hour":12,"pollenindex":6,"windspeed":16,"sunshinepower":336,"sunpower":336},{"datetime":"2020-07-01T13:00:00","datetimeutc":"2020-07-01T11:00:00","timetype":"Hour","precipitationmm":0.2,"temperature":20.0,"feeltemperature":20.0,"cloudcover":83,"iconcode":"m","iconid":33,"sources":1,"winddirection":"W","winddirectiondegrees":255,"windspeedms":5.06,"visibility":10400,"precipitation":52,"beaufort":3,"humidity":71,"sunshine":1,"hour":13,"pollenindex":6,"windspeed":18,"sunshinepower":387,"sunpower":387},{"datetime":"2020-07-01T14:00:00","datetimeutc":"2020-07-01T12:00:00","timetype":"Hour","precipitationmm":0.0,"temperature":20.4,"feeltemperature":20.4,"cloudcover":79,"iconcode":"r","iconid":22,"sources":1,"winddirection":"W","winddirectiondegrees":259,"windspeedms":5.41,"visibility":10000,"precipitation":2,"beaufort":3,"humidity":70,"sunshine":11,"hour":14,"pollenindex":6,"windspeed":19,"sunshinepower":409,"sunpower":409},{"datetime":"2020-07-01T15:00:00","datetimeutc":"2020-07-01T13:00:00","timetype":"Hour","precipitationmm":0.0,"temperature":20.6,"feeltemperature":20.6,"cloudcover":70,"iconcode":"r","iconid":22,"sources":1,"winddirection":"W","winddirectiondegrees":262,"windspeedms":5.74,"visibility":9600,"precipitation":2,"beaufort":3,"humidity":70,"sunshine":16,"hour":15,"pollenindex":6,"windspeed":21,"sunshinepower":402,"sunpower":402},{"datetime":"2020-07-01T16:00:00","datetimeutc":"2020-07-01T14:00:00","timetype":"Hour","precipitationmm":0.0,"temperature":20.6,"feeltemperature":20.6,"cloudcover":64,"iconcode":"b","iconid":22,"sources":1,"winddirection":"W","winddirectiondegrees":264,"windspeedms":5.96,"visibility":10000,"precipitation":2,"beaufort":3,"humidity":71,"sunshine":25,"hour":16,"pollenindex":6,"windspeed":21,"sunshinepower":384,"sunpower":384},{"datetime":"2020-07-01T17:00:00","datetimeutc":"2020-07-01T15:00:00","timetype":"Hour","precipitationmm":0.0,"temperature":20.3,"feeltemperature":20.3,"cloudcover":83,"iconcode":"r","iconid":20,"sources":1,"winddirection":"W","winddirectiondegrees":266,"windspeedms":5.91,"visibility":11000,"precipitation":1,"beaufort":3,"humidity":72,"sunshine":31,"hour":17,"pollenindex":6,"windspeed":21,"sunshinepower":332,"sunpower":332},{"datetime":"2020-07-01T18:00:00","datetimeutc":"2020-07-01T16:00:00","timetype":"Hour","precipitationmm":0.0,"temperature":19.8,"feeltemperature":19.8,"cloudcover":91,"iconcode":"c","iconid":22,"sources":1,"winddirection":"W","winddirectiondegrees":271,"windspeedms":5.32,"visibility":11400,"precipitation":1,"beaufort":3,"humidity":74,"sunshine":11,"hour":18,"pollenindex":6,"windspeed":19,"sunshinepower":248,"sunpower":248},{"datetime":"2020-07-01T19:00:00","datetimeutc":"2020-07-01T17:00:00","timetype":"Hour","precipitationmm":0.0,"temperature":19.3,"feeltemperature":19.3,"cloudcover":99,"iconcode":"c","iconid":19,"sources":1,"winddirection":"W","winddirectiondegrees":272,"windspeedms":4.72,"visibility":11200,"precipitation":1,"beaufort":3,"humidity":76,"sunshine":3,"hour":19,"pollenindex":5,"windspeed":17,"sunshinepower":169,"sunpower":169},{"datetime":"2020-07-01T20:00:00","datetimeutc":"2020-07-01T18:00:00","timetype":"Hour","precipitationmm":0.0,"temperature":18.8,"feeltemperature":18.8,"cloudcover":99,"iconcode":"c","iconid":19,"sources":1,"winddirection":"W","winddirectiondegrees":275,"windspeedms":4.03,"visibility":10800,"precipitation":1,"beaufort":3,"humidity":79,"sunshine":0,"hour":20,"pollenindex":4,"windspeed":15,"sunshinepower":105,"sunpower":105},{"datetime":"2020-07-01T21:00:00","datetimeutc":"2020-07-01T19:00:00","timetype":"Hour","precipitationmm":0.0,"temperature":18.5,"feeltemperature":18.5,"cloudcover":99,"iconcode":"c","iconid":19,"sources":1,"winddirection":"W","winddirectiondegrees":280,"windspeedms":3.32,"visibility":10600,"precipitation":1,"beaufort":2,"humidity":80,"sunshine":0,"hour":21,"pollenindex":4,"windspeed":12,"sunshinepower":47,"sunpower":47},{"datetime":"2020-07-01T22:00:00","datetimeutc":"2020-07-01T20:00:00","timetype":"Hour","precipitationmm":0.0,"temperature":18.2,"feeltemperature":18.2,"cloudcover":100,"iconcode":"c","iconid":19,"sources":1,"winddirection":"W","winddirectiondegrees":285,"windspeedms":2.5,"visibility":10210,"precipitation":1,"beaufort":2,"humidity":82,"sunshine":0,"hour":22,"pollenindex":4,"windspeed":9,"sunshinepower":0,"sunpower":0},{"datetime":"2020-07-01T23:00:00","datetimeutc":"2020-07-01T21:00:00","timetype":"Hour","precipitationmm":0.0,"temperature":18.0,"feeltemperature":18.0,"cloudcover":100,"iconcode":"cc","iconid":20,"sources":1,"winddirection":"W","winddirectiondegrees":292,"windspeedms":1.96,"visibility":9810,"precipitation":1,"beaufort":1,"humidity":83,"sunshine":0,"hour":23,"pollenindex":4,"windspeed":7,"sunshinepower":0,"sunpower":0}],"datetime":"2020-07-01T00:00:00","datetimeutc":"2020-06-30T22:00:00","timetype":"Day","precipitationmm":0.2,"mintemperature":16.1,"maxtemperature":20.6,"cloudcover":90,"iconcode":"m","iconid":12,"sources":1,"winddirection":"ZW","winddirectiondegrees":225,"windspeedms":4.04,"precipitation":45,"beaufort":3,"uvindex":5,"bbqindex":7,"mosquitoindex":8,"pollenindex":5,"icescrapeindex":1,"mintemp":16.1,"maxtemp":20.6,"windspeed":4},{"date":"2020-07-02T00:00:00","sunrise":"2020-07-02T05:23:48","sunset":"2020-07-02T22:05:02","hours":[{"datetime":"2020-07-02T00:00:00","datetimeutc":"2020-07-01T22:00:00","timetype":"Hour","precipitationmm":0.0,"temperature":17.9,"feeltemperature":17.9,"cloudcover":100,"iconcode":"cc","iconid":20,"sources":1,"winddirection":"NW","winddirectiondegrees":294,"windspeedms":1.64,"visibility":9610,"precipitation":1,"beaufort":1,"humidity":85,"sunshine":0,"hour":0,"pollenindex":4,"windspeed":6,"sunshinepower":0,"sunpower":0},{"datetime":"2020-07-02T01:00:00","datetimeutc":"2020-07-01T23:00:00","timetype":"Hour","precipitationmm":1.4,"temperature":17.7,"feeltemperature":17.7,"cloudcover":100,"iconcode":"mm","iconid":33,"sources":1,"winddirection":"NO","winddirectiondegrees":45,"windspeedms":1.57,"visibility":9410,"precipitation":33,"beaufort":1,"humidity":86,"sunshine":0,"hour":1,"pollenindex":4,"windspeed":6,"sunshinepower":0,"sunpower":0},{"datetime":"2020-07-02T02:00:00","datetimeutc":"2020-07-02T00:00:00","timetype":"Hour","precipitationmm":0.0,"temperature":17.5,"feeltemperature":17.5,"cloudcover":100,"iconcode":"cc","iconid":22,"sources":1,"winddirection":"O","winddirectiondegrees":95,"windspeedms":2.11,"visibility":9220,"precipitation":2,"beaufort":2,"humidity":87,"sunshine":0,"hour":2,"pollenindex":4,"windspeed":8,"sunshinepower":0,"sunpower":0},{"datetime":"2020-07-02T03:00:00","datetimeutc":"2020-07-02T01:00:00","timetype":"Hour","precipitationmm":0.0,"temperature":17.3,"feeltemperature":17.3,"cloudcover":100,"iconcode":"cc","iconid":20,"sources":1,"winddirection":"O","winddirectiondegrees":106,"windspeedms":2.57,"visibility":8220,"precipitation":2,"beaufort":2,"humidity":87,"sunshine":0,"hour":3,"pollenindex":4,"windspeed":9,"sunshinepower":0,"sunpower":0},{"datetime":"2020-07-02T04:00:00","datetimeutc":"2020-07-02T02:00:00","timetype":"Hour","precipitationmm":1.6,"temperature":17.1,"feeltemperature":17.1,"cloudcover":95,"iconcode":"mm","iconid":33,"sources":1,"winddirection":"O","winddirectiondegrees":108,"windspeedms":2.96,"visibility":8020,"precipitation":44,"beaufort":2,"humidity":87,"sunshine":0,"hour":4,"pollenindex":4,"windspeed":11,"sunshinepower":0,"sunpower":0},{"datetime":"2020-07-02T05:00:00","datetimeutc":"2020-07-02T03:00:00","timetype":"Hour","precipitationmm":1.7,"temperature":17.0,"feeltemperature":17.0,"cloudcover":92,"iconcode":"mm","iconid":33,"sources":1,"winddirection":"O","winddirectiondegrees":107,"windspeedms":3.22,"visibility":2600,"precipitation":45,"beaufort":2,"humidity":87,"sunshine":0,"hour":5,"pollenindex":4,"windspeed":12,"sunshinepower":0,"sunpower":0},{"datetime":"2020-07-02T06:00:00","datetimeutc":"2020-07-02T04:00:00","timetype":"Hour","precipitationmm":1.5,"temperature":16.9,"feeltemperature":16.9,"cloudcover":90,"iconcode":"m","iconid":33,"sources":1,"winddirection":"ZO","winddirectiondegrees":116,"windspeedms":3.54,"visibility":400,"precipitation":47,"beaufort":2,"humidity":87,"sunshine":1,"hour":6,"pollenindex":4,"windspeed":13,"sunshinepower":12,"sunpower":12},{"datetime":"2020-07-02T07:00:00","datetimeutc":"2020-07-02T05:00:00","timetype":"Hour","precipitationmm":1.4,"temperature":16.9,"feeltemperature":16.9,"cloudcover":86,"iconcode":"m","iconid":33,"sources":1,"winddirection":"ZO","winddirectiondegrees":125,"windspeedms":3.77,"visibility":200,"precipitation":55,"beaufort":2,"humidity":85,"sunshine":3,"hour":7,"pollenindex":4,"windspeed":14,"sunshinepower":66,"sunpower":66},{"datetime":"2020-07-02T08:00:00","datetimeutc":"2020-07-02T06:00:00","timetype":"Hour","precipitationmm":0.0,"temperature":17.0,"feeltemperature":17.0,"cloudcover":85,"iconcode":"d","iconid":19,"sources":1,"winddirection":"Z","winddirectiondegrees":169,"windspeedms":3.73,"visibility":200,"precipitation":2,"beaufort":2,"humidity":82,"sunshine":8,"hour":8,"pollenindex":4,"windspeed":13,"sunshinepower":155,"sunpower":155},{"datetime":"2020-07-02T09:00:00","datetimeutc":"2020-07-02T07:00:00","timetype":"Hour","precipitationmm":0.0,"temperature":17.1,"feeltemperature":17.1,"cloudcover":80,"iconcode":"r","iconid":22,"sources":1,"winddirection":"ZW","winddirectiondegrees":241,"windspeedms":4.75,"visibility":8600,"precipitation":2,"beaufort":3,"humidity":80,"sunshine":10,"hour":9,"pollenindex":4,"windspeed":17,"sunshinepower":267,"sunpower":267},{"datetime":"2020-07-02T10:00:00","datetimeutc":"2020-07-02T08:00:00","timetype":"Hour","precipitationmm":0.0,"temperature":17.4,"feeltemperature":17.4,"cloudcover":74,"iconcode":"r","iconid":22,"sources":1,"winddirection":"W","winddirectiondegrees":260,"windspeedms":6.08,"visibility":10010,"precipitation":2,"beaufort":4,"humidity":77,"sunshine":15,"hour":10,"pollenindex":5,"windspeed":22,"sunshinepower":383,"sunpower":383},{"datetime":"2020-07-02T11:00:00","datetimeutc":"2020-07-02T09:00:00","timetype":"Hour","precipitationmm":0.0,"temperature":17.7,"feeltemperature":17.7,"cloudcover":69,"iconcode":"b","iconid":19,"sources":1,"winddirection":"W","winddirectiondegrees":249,"windspeedms":6.73,"visibility":12000,"precipitation":2,"beaufort":4,"humidity":73,"sunshine":21,"hour":11,"pollenindex":6,"windspeed":24,"sunshinepower":464,"sunpower":464},{"datetime":"2020-07-02T12:00:00","datetimeutc":"2020-07-02T10:00:00","timetype":"Hour","precipitationmm":0.0,"temperature":18.1,"feeltemperature":18.1,"cloudcover":67,"iconcode":"b","iconid":22,"sources":1,"winddirection":"W","winddirectiondegrees":250,"windspeedms":6.99,"visibility":10600,"precipitation":2,"beaufort":4,"humidity":71,"sunshine":26,"hour":12,"pollenindex":6,"windspeed":25,"sunshinepower":492,"sunpower":492},{"datetime":"2020-07-02T13:00:00","datetimeutc":"2020-07-02T11:00:00","timetype":"Hour","precipitationmm":0.0,"temperature":18.5,"feeltemperature":18.5,"cloudcover":71,"iconcode":"r","iconid":22,"sources":1,"winddirection":"ZW","winddirectiondegrees":245,"windspeedms":7.25,"visibility":10800,"precipitation":2,"beaufort":4,"humidity":68,"sunshine":28,"hour":13,"pollenindex":6,"windspeed":26,"sunshinepower":482,"sunpower":482},{"datetime":"2020-07-02T14:00:00","datetimeutc":"2020-07-02T12:00:00","timetype":"Hour","precipitationmm":0.2,"temperature":18.9,"feeltemperature":18.9,"cloudcover":74,"iconcode":"m","iconid":33,"sources":1,"winddirection":"ZW","winddirectiondegrees":247,"windspeedms":7.51,"visibility":11600,"precipitation":61,"beaufort":4,"humidity":66,"sunshine":25,"hour":14,"pollenindex":6,"windspeed":27,"sunshinepower":470,"sunpower":470},{"datetime":"2020-07-02T15:00:00","datetimeutc":"2020-07-02T13:00:00","timetype":"Hour","precipitationmm":0.0,"temperature":19.1,"feeltemperature":19.1,"cloudcover":73,"iconcode":"r","iconid":22,"sources":1,"winddirection":"ZW","winddirectiondegrees":242,"windspeedms":7.27,"visibility":11600,"precipitation":2,"beaufort":4,"humidity":65,"sunshine":21,"hour":15,"pollenindex":6,"windspeed":26,"sunshinepower":461,"sunpower":461},{"datetime":"2020-07-02T16:00:00","datetimeutc":"2020-07-02T14:00:00","timetype":"Hour","precipitationmm":0.0,"temperature":19.1,"feeltemperature":19.1,"cloudcover":69,"iconcode":"b","iconid":20,"sources":1,"winddirection":"ZW","winddirectiondegrees":246,"windspeedms":7.38,"visibility":11400,"precipitation":2,"beaufort":4,"humidity":66,"sunshine":21,"hour":16,"pollenindex":6,"windspeed":27,"sunshinepower":431,"sunpower":431},{"datetime":"2020-07-02T17:00:00","datetimeutc":"2020-07-02T15:00:00","timetype":"Hour","precipitationmm":0.0,"temperature":18.8,"feeltemperature":18.8,"cloudcover":68,"iconcode":"b","iconid":20,"sources":1,"winddirection":"W","winddirectiondegrees":248,"windspeedms":7.3,"visibility":10600,"precipitation":2,"beaufort":4,"humidity":67,"sunshine":26,"hour":17,"pollenindex":6,"windspeed":26,"sunshinepower":372,"sunpower":372},{"datetime":"2020-07-02T18:00:00","datetimeutc":"2020-07-02T16:00:00","timetype":"Hour","precipitationmm":0.0,"temperature":18.5,"feeltemperature":18.5,"cloudcover":78,"iconcode":"r","iconid":22,"sources":1,"winddirection":"ZW","winddirectiondegrees":247,"windspeedms":7.07,"visibility":10200,"precipitation":2,"beaufort":4,"humidity":69,"sunshine":28,"hour":18,"pollenindex":6,"windspeed":25,"sunshinepower":290,"sunpower":290},{"datetime":"2020-07-02T19:00:00","datetimeutc":"2020-07-02T17:00:00","timetype":"Hour","precipitationmm":0.0,"temperature":18.1,"feeltemperature":18.1,"cloudcover":91,"iconcode":"c","iconid":22,"sources":1,"winddirection":"ZW","winddirectiondegrees":246,"windspeedms":6.79,"visibility":10400,"precipitation":2,"beaufort":4,"humidity":71,"sunshine":16,"hour":19,"pollenindex":5,"windspeed":24,"sunshinepower":206,"sunpower":206},{"datetime":"2020-07-02T20:00:00","datetimeutc":"2020-07-02T18:00:00","timetype":"Hour","precipitationmm":0.0,"temperature":17.7,"feeltemperature":17.7,"cloudcover":94,"iconcode":"c","iconid":22,"sources":1,"winddirection":"ZW","winddirectiondegrees":243,"windspeedms":6.53,"visibility":10800,"precipitation":1,"beaufort":4,"humidity":73,"sunshine":3,"hour":20,"pollenindex":5,"windspeed":24,"sunshinepower":126,"sunpower":126},{"datetime":"2020-07-02T21:00:00","datetimeutc":"2020-07-02T19:00:00","timetype":"Hour","precipitationmm":0.0,"temperature":17.4,"feeltemperature":17.4,"cloudcover":73,"iconcode":"r","iconid":22,"sources":1,"winddirection":"ZW","winddirectiondegrees":246,"windspeedms":6.08,"visibility":10400,"precipitation":1,"beaufort":4,"humidity":74,"sunshine":0,"hour":21,"pollenindex":5,"windspeed":22,"sunshinepower":52,"sunpower":52},{"datetime":"2020-07-02T22:00:00","datetimeutc":"2020-07-02T20:00:00","timetype":"Hour","precipitationmm":0.0,"temperature":17.1,"feeltemperature":17.1,"cloudcover":56,"iconcode":"b","iconid":22,"sources":1,"winddirection":"ZW","winddirectiondegrees":246,"windspeedms":5.03,"visibility":10010,"precipitation":1,"beaufort":3,"humidity":76,"sunshine":21,"hour":22,"pollenindex":5,"windspeed":18,"sunshinepower":0,"sunpower":0},{"datetime":"2020-07-02T23:00:00","datetimeutc":"2020-07-02T21:00:00","timetype":"Hour","precipitationmm":0.0,"temperature":16.8,"feeltemperature":16.8,"cloudcover":58,"iconcode":"bb","iconid":22,"sources":1,"winddirection":"ZW","winddirectiondegrees":243,"windspeedms":4.75,"visibility":9610,"precipitation":1,"beaufort":3,"humidity":79,"sunshine":5,"hour":23,"pollenindex":4,"windspeed":17,"sunshinepower":0,"sunpower":0}],"datetime":"2020-07-02T00:00:00","datetimeutc":"2020-07-01T22:00:00","timetype":"Day","precipitationmm":7.8,"mintemperature":16.8,"maxtemperature":19.1,"cloudcover":90,"iconcode":"q","iconid":14,"sources":1,"winddirection":"ZW","winddirectiondegrees":225,"windspeedms":5.11,"precipitation":61,"beaufort":3,"uvindex":5,"bbqindex":6,"mosquitoindex":7,"pollenindex":4,"icescrapeindex":1,"mintemp":16.8,"maxtemp":19.1,"windspeed":5},{"date":"2020-07-03T00:00:00","sunrise":"2020-07-03T05:24:36","sunset":"2020-07-03T22:04:34","hours":[{"datetime":"2020-07-03T00:00:00","datetimeutc":"2020-07-02T22:00:00","timetype":"Hour","precipitationmm":0.0,"temperature":16.6,"feeltemperature":16.6,"cloudcover":65,"iconcode":"bb","iconid":22,"sources":1,"winddirection":"ZW","winddirectiondegrees":242,"windspeedms":4.72,"visibility":9410,"precipitation":1,"beaufort":3,"humidity":82,"sunshine":0,"hour":0,"pollenindex":4,"windspeed":17,"sunshinepower":0,"sunpower":0},{"datetime":"2020-07-03T01:00:00","datetimeutc":"2020-07-02T23:00:00","timetype":"Hour","precipitationmm":0.0,"temperature":16.3,"feeltemperature":16.3,"cloudcover":75,"iconcode":"rr","iconid":22,"sources":1,"winddirection":"ZW","winddirectiondegrees":243,"windspeedms":4.63,"visibility":9010,"precipitation":1,"beaufort":3,"humidity":84,"sunshine":0,"hour":1,"pollenindex":4,"windspeed":17,"sunshinepower":0,"sunpower":0},{"datetime":"2020-07-03T02:00:00","datetimeutc":"2020-07-03T00:00:00","timetype":"Hour","precipitationmm":0.0,"temperature":16.1,"feeltemperature":16.1,"cloudcover":81,"iconcode":"rr","iconid":22,"sources":1,"winddirection":"W","winddirectiondegrees":249,"windspeedms":4.46,"visibility":8810,"precipitation":1,"beaufort":3,"humidity":84,"sunshine":0,"hour":2,"pollenindex":4,"windspeed":16,"sunshinepower":0,"sunpower":0},{"datetime":"2020-07-03T03:00:00","datetimeutc":"2020-07-03T01:00:00","timetype":"Hour","precipitationmm":0.0,"temperature":16.0,"feeltemperature":16.0,"cloudcover":78,"iconcode":"rr","iconid":22,"sources":1,"winddirection":"W","winddirectiondegrees":259,"windspeedms":4.62,"visibility":8610,"precipitation":1,"beaufort":3,"humidity":85,"sunshine":0,"hour":3,"pollenindex":4,"windspeed":17,"sunshinepower":0,"sunpower":0},{"datetime":"2020-07-03T04:00:00","datetimeutc":"2020-07-03T02:00:00","timetype":"Hour","precipitationmm":0.0,"temperature":15.9,"feeltemperature":15.9,"cloudcover":71,"iconcode":"rr","iconid":22,"sources":1,"winddirection":"W","winddirectiondegrees":277,"windspeedms":4.68,"visibility":8210,"precipitation":1,"beaufort":3,"humidity":84,"sunshine":0,"hour":4,"pollenindex":4,"windspeed":17,"sunshinepower":0,"sunpower":0},{"datetime":"2020-07-03T05:00:00","datetimeutc":"2020-07-03T03:00:00","timetype":"Hour","precipitationmm":0.0,"temperature":16.0,"feeltemperature":16.0,"cloudcover":69,"iconcode":"bb","iconid":22,"sources":1,"winddirection":"NW","winddirectiondegrees":298,"windspeedms":4.03,"visibility":3400,"precipitation":1,"beaufort":3,"humidity":84,"sunshine":0,"hour":5,"pollenindex":4,"windspeed":15,"sunshinepower":0,"sunpower":0},{"datetime":"2020-07-03T06:00:00","datetimeutc":"2020-07-03T04:00:00","timetype":"Hour","precipitationmm":0.0,"temperature":16.2,"feeltemperature":16.2,"cloudcover":77,"iconcode":"n","iconid":22,"sources":1,"winddirection":"NW","winddirectiondegrees":326,"windspeedms":4.4,"visibility":800,"precipitation":1,"beaufort":3,"humidity":83,"sunshine":16,"hour":6,"pollenindex":4,"windspeed":16,"sunshinepower":17,"sunpower":17},{"datetime":"2020-07-03T07:00:00","datetimeutc":"2020-07-03T05:00:00","timetype":"Hour","precipitationmm":0.0,"temperature":16.3,"feeltemperature":16.3,"cloudcover":89,"iconcode":"r","iconid":22,"sources":1,"winddirection":"N","winddirectiondegrees":344,"windspeedms":4.89,"visibility":8600,"precipitation":1,"beaufort":3,"humidity":81,"sunshine":18,"hour":7,"pollenindex":4,"windspeed":18,"sunshinepower":86,"sunpower":86},{"datetime":"2020-07-03T08:00:00","datetimeutc":"2020-07-03T06:00:00","timetype":"Hour","precipitationmm":0.0,"temperature":16.5,"feeltemperature":16.5,"cloudcover":97,"iconcode":"c","iconid":22,"sources":1,"winddirection":"N","winddirectiondegrees":351,"windspeedms":4.72,"visibility":9200,"precipitation":1,"beaufort":3,"humidity":79,"sunshine":5,"hour":8,"pollenindex":4,"windspeed":17,"sunshinepower":175,"sunpower":175},{"datetime":"2020-07-03T09:00:00","datetimeutc":"2020-07-03T07:00:00","timetype":"Hour","precipitationmm":0.0,"temperature":16.7,"feeltemperature":16.7,"cloudcover":99,"iconcode":"c","iconid":19,"sources":1,"winddirection":"N","winddirectiondegrees":352,"windspeedms":4.11,"visibility":10400,"precipitation":1,"beaufort":3,"humidity":77,"sunshine":0,"hour":9,"pollenindex":5,"windspeed":15,"sunshinepower":247,"sunpower":247},{"datetime":"2020-07-03T10:00:00","datetimeutc":"2020-07-03T08:00:00","timetype":"Hour","precipitationmm":0.0,"temperature":17.0,"feeltemperature":17.0,"cloudcover":100,"iconcode":"c","iconid":22,"sources":1,"winddirection":"N","winddirectiondegrees":349,"windspeedms":3.98,"visibility":11400,"precipitation":1,"beaufort":2,"humidity":75,"sunshine":0,"hour":10,"pollenindex":6,"windspeed":14,"sunshinepower":296,"sunpower":296},{"datetime":"2020-07-03T11:00:00","datetimeutc":"2020-07-03T09:00:00","timetype":"Hour","precipitationmm":0.0,"temperature":17.3,"feeltemperature":17.3,"cloudcover":100,"iconcode":"c","iconid":19,"sources":1,"winddirection":"N","winddirectiondegrees":347,"windspeedms":4.11,"visibility":12400,"precipitation":1,"beaufort":3,"humidity":73,"sunshine":0,"hour":11,"pollenindex":6,"windspeed":15,"sunshinepower":351,"sunpower":351},{"datetime":"2020-07-03T12:00:00","datetimeutc":"2020-07-03T10:00:00","timetype":"Hour","precipitationmm":0.0,"temperature":17.7,"feeltemperature":17.7,"cloudcover":100,"iconcode":"c","iconid":19,"sources":1,"winddirection":"N","winddirectiondegrees":343,"windspeedms":3.91,"visibility":14200,"precipitation":1,"beaufort":2,"humidity":70,"sunshine":0,"hour":12,"pollenindex":6,"windspeed":14,"sunshinepower":421,"sunpower":421},{"datetime":"2020-07-03T13:00:00","datetimeutc":"2020-07-03T11:00:00","timetype":"Hour","precipitationmm":0.0,"temperature":18.1,"feeltemperature":18.1,"cloudcover":99,"iconcode":"c","iconid":19,"sources":1,"winddirection":"NW","winddirectiondegrees":326,"windspeedms":3.72,"visibility":15200,"precipitation":1,"beaufort":2,"humidity":67,"sunshine":0,"hour":13,"pollenindex":6,"windspeed":13,"sunshinepower":473,"sunpower":473},{"datetime":"2020-07-03T14:00:00","datetimeutc":"2020-07-03T12:00:00","timetype":"Hour","precipitationmm":0.7,"temperature":18.6,"feeltemperature":18.6,"cloudcover":100,"iconcode":"m","iconid":33,"sources":1,"winddirection":"NW","winddirectiondegrees":318,"windspeedms":3.63,"visibility":16200,"precipitation":42,"beaufort":2,"humidity":65,"sunshine":0,"hour":14,"pollenindex":6,"windspeed":13,"sunshinepower":500,"sunpower":500},{"datetime":"2020-07-03T15:00:00","datetimeutc":"2020-07-03T13:00:00","timetype":"Hour","precipitationmm":0.0,"temperature":19.1,"feeltemperature":19.1,"cloudcover":100,"iconcode":"c","iconid":21,"sources":1,"winddirection":"W","winddirectiondegrees":283,"windspeedms":3.7,"visibility":15800,"precipitation":2,"beaufort":2,"humidity":63,"sunshine":0,"hour":15,"pollenindex":6,"windspeed":13,"sunshinepower":497,"sunpower":497},{"datetime":"2020-07-03T16:00:00","datetimeutc":"2020-07-03T14:00:00","timetype":"Hour","precipitationmm":0.0,"temperature":19.5,"feeltemperature":19.5,"cloudcover":100,"iconcode":"c","iconid":19,"sources":1,"winddirection":"W","winddirectiondegrees":267,"windspeedms":4.21,"visibility":15600,"precipitation":1,"beaufort":3,"humidity":62,"sunshine":0,"hour":16,"pollenindex":6,"windspeed":15,"sunshinepower":467,"sunpower":467},{"datetime":"2020-07-03T17:00:00","datetimeutc":"2020-07-03T15:00:00","timetype":"Hour","precipitationmm":0.0,"temperature":19.6,"feeltemperature":19.6,"cloudcover":100,"iconcode":"c","iconid":20,"sources":1,"winddirection":"W","winddirectiondegrees":265,"windspeedms":4.61,"visibility":14800,"precipitation":1,"beaufort":3,"humidity":61,"sunshine":0,"hour":17,"pollenindex":6,"windspeed":17,"sunshinepower":420,"sunpower":420},{"datetime":"2020-07-03T18:00:00","datetimeutc":"2020-07-03T16:00:00","timetype":"Hour","precipitationmm":0.0,"temperature":19.4,"feeltemperature":19.4,"cloudcover":72,"iconcode":"r","iconid":8,"sources":1,"winddirection":"W","winddirectiondegrees":264,"windspeedms":4.79,"visibility":13400,"precipitation":1,"beaufort":3,"humidity":62,"sunshine":0,"hour":18,"pollenindex":6,"windspeed":17,"sunshinepower":359,"sunpower":359},{"datetime":"2020-07-03T19:00:00","datetimeutc":"2020-07-03T17:00:00","timetype":"Hour","precipitationmm":0.0,"temperature":18.9,"feeltemperature":18.9,"cloudcover":43,"iconcode":"j","iconid":4,"sources":1,"winddirection":"W","winddirectiondegrees":257,"windspeedms":4.7,"visibility":12800,"precipitation":0,"beaufort":3,"humidity":64,"sunshine":23,"hour":19,"pollenindex":5,"windspeed":17,"sunshinepower":285,"sunpower":285},{"datetime":"2020-07-03T20:00:00","datetimeutc":"2020-07-03T18:00:00","timetype":"Hour","precipitationmm":0.0,"temperature":18.2,"feeltemperature":18.2,"cloudcover":43,"iconcode":"j","iconid":4,"sources":1,"winddirection":"ZW","winddirectiondegrees":246,"windspeedms":4.69,"visibility":13200,"precipitation":0,"beaufort":3,"humidity":68,"sunshine":55,"hour":20,"pollenindex":5,"windspeed":17,"sunshinepower":186,"sunpower":186},{"datetime":"2020-07-03T21:00:00","datetimeutc":"2020-07-03T19:00:00","timetype":"Hour","precipitationmm":0.0,"temperature":17.5,"feeltemperature":17.5,"cloudcover":39,"iconcode":"j","iconid":5,"sources":1,"winddirection":"ZW","winddirectiondegrees":238,"windspeedms":4.5,"visibility":12600,"precipitation":0,"beaufort":3,"humidity":71,"sunshine":55,"hour":21,"pollenindex":5,"windspeed":16,"sunshinepower":78,"sunpower":78},{"datetime":"2020-07-03T22:00:00","datetimeutc":"2020-07-03T20:00:00","timetype":"Hour","precipitationmm":0.0,"temperature":16.7,"feeltemperature":16.7,"cloudcover":37,"iconcode":"j","iconid":8,"sources":1,"winddirection":"ZW","winddirectiondegrees":229,"windspeedms":3.74,"visibility":11020,"precipitation":0,"beaufort":2,"humidity":74,"sunshine":58,"hour":22,"pollenindex":5,"windspeed":13,"sunshinepower":0,"sunpower":0},{"datetime":"2020-07-03T23:00:00","datetimeutc":"2020-07-03T21:00:00","timetype":"Hour","precipitationmm":0.0,"temperature":16.1,"feeltemperature":16.1,"cloudcover":45,"iconcode":"jj","iconid":21,"sources":1,"winddirection":"ZW","winddirectiondegrees":215,"windspeedms":3.61,"visibility":9610,"precipitation":0,"beaufort":2,"humidity":78,"sunshine":6,"hour":23,"pollenindex":4,"windspeed":13,"sunshinepower":0,"sunpower":0}],"datetime":"2020-07-03T00:00:00","datetimeutc":"2020-07-02T22:00:00","timetype":"Day","precipitationmm":0.7,"mintemperature":15.9,"maxtemperature":19.6,"cloudcover":25,"iconcode":"f","iconid":16,"sources":1,"winddirection":"W","winddirectiondegrees":270,"windspeedms":4.3,"precipitation":42,"beaufort":3,"uvindex":7,"bbqindex":7,"mosquitoindex":7,"pollenindex":5,"icescrapeindex":1,"mintemp":15.9,"maxtemp":19.6,"windspeed":4},{"date":"2020-07-04T00:00:00","sunrise":"2020-07-04T05:25:27","sunset":"2020-07-04T22:04:03","hours":[{"datetime":"2020-07-04T00:00:00","datetimeutc":"2020-07-03T22:00:00","timetype":"Hour","precipitationmm":0.0,"temperature":15.5,"feeltemperature":15.5,"cloudcover":50,"iconcode":"bb","iconid":20,"sources":1,"winddirection":"ZW","winddirectiondegrees":208,"windspeedms":4.11,"visibility":10010,"precipitation":0,"beaufort":3,"humidity":82,"sunshine":0,"hour":0,"pollenindex":4,"windspeed":15,"sunshinepower":0,"sunpower":0},{"datetime":"2020-07-04T01:00:00","datetimeutc":"2020-07-03T23:00:00","timetype":"Hour","precipitationmm":0.0,"temperature":15.4,"feeltemperature":15.4,"cloudcover":56,"iconcode":"bb","iconid":20,"sources":1,"winddirection":"ZW","winddirectiondegrees":212,"windspeedms":4.53,"visibility":10010,"precipitation":0,"beaufort":3,"humidity":84,"sunshine":0,"hour":1,"pollenindex":4,"windspeed":16,"sunshinepower":0,"sunpower":0},{"datetime":"2020-07-04T02:00:00","datetimeutc":"2020-07-04T00:00:00","timetype":"Hour","precipitationmm":0.0,"temperature":15.4,"feeltemperature":15.4,"cloudcover":71,"iconcode":"rr","iconid":7,"sources":1,"winddirection":"ZW","winddirectiondegrees":213,"windspeedms":5.26,"visibility":10000,"precipitation":0,"beaufort":3,"humidity":84,"sunshine":0,"hour":2,"pollenindex":4,"windspeed":19,"sunshinepower":0,"sunpower":0},{"datetime":"2020-07-04T03:00:00","datetimeutc":"2020-07-04T01:00:00","timetype":"Hour","precipitationmm":0.0,"temperature":15.7,"feeltemperature":15.7,"cloudcover":64,"iconcode":"bb","iconid":22,"sources":1,"winddirection":"ZW","winddirectiondegrees":215,"windspeedms":6.25,"visibility":10210,"precipitation":1,"beaufort":4,"humidity":83,"sunshine":0,"hour":3,"pollenindex":4,"windspeed":22,"sunshinepower":0,"sunpower":0},{"datetime":"2020-07-04T04:00:00","datetimeutc":"2020-07-04T02:00:00","timetype":"Hour","precipitationmm":0.0,"temperature":15.8,"feeltemperature":15.8,"cloudcover":66,"iconcode":"bb","iconid":22,"sources":1,"winddirection":"ZW","winddirectiondegrees":215,"windspeedms":6.47,"visibility":10200,"precipitation":1,"beaufort":4,"humidity":82,"sunshine":0,"hour":4,"pollenindex":4,"windspeed":23,"sunshinepower":0,"sunpower":0},{"datetime":"2020-07-04T05:00:00","datetimeutc":"2020-07-04T03:00:00","timetype":"Hour","precipitationmm":0.0,"temperature":16.0,"feeltemperature":16.0,"cloudcover":67,"iconcode":"bb","iconid":22,"sources":1,"winddirection":"ZW","winddirectiondegrees":216,"windspeedms":7.26,"visibility":11000,"precipitation":1,"beaufort":4,"humidity":81,"sunshine":0,"hour":5,"pollenindex":4,"windspeed":26,"sunshinepower":0,"sunpower":0},{"datetime":"2020-07-04T06:00:00","datetimeutc":"2020-07-04T04:00:00","timetype":"Hour","precipitationmm":0.0,"temperature":16.1,"feeltemperature":16.1,"cloudcover":67,"iconcode":"b","iconid":22,"sources":1,"winddirection":"ZW","winddirectiondegrees":217,"windspeedms":7.59,"visibility":11400,"precipitation":1,"beaufort":4,"humidity":80,"sunshine":18,"hour":6,"pollenindex":4,"windspeed":27,"sunshinepower":10,"sunpower":10},{"datetime":"2020-07-04T07:00:00","datetimeutc":"2020-07-04T05:00:00","timetype":"Hour","precipitationmm":0.0,"temperature":16.3,"feeltemperature":14.8,"cloudcover":81,"iconcode":"r","iconid":22,"sources":1,"winddirection":"ZW","winddirectiondegrees":219,"windspeedms":8.21,"visibility":12210,"precipitation":1,"beaufort":4,"humidity":79,"sunshine":28,"hour":7,"pollenindex":4,"windspeed":30,"sunshinepower":39,"sunpower":39},{"datetime":"2020-07-04T08:00:00","datetimeutc":"2020-07-04T06:00:00","timetype":"Hour","precipitationmm":0.0,"temperature":16.4,"feeltemperature":14.9,"cloudcover":100,"iconcode":"c","iconid":21,"sources":1,"winddirection":"ZW","winddirectiondegrees":219,"windspeedms":8.56,"visibility":7810,"precipitation":2,"beaufort":4,"humidity":78,"sunshine":13,"hour":8,"pollenindex":4,"windspeed":31,"sunshinepower":73,"sunpower":73},{"datetime":"2020-07-04T09:00:00","datetimeutc":"2020-07-04T07:00:00","timetype":"Hour","precipitationmm":0.0,"temperature":16.5,"feeltemperature":15.0,"cloudcover":100,"iconcode":"c","iconid":21,"sources":1,"winddirection":"ZW","winddirectiondegrees":219,"windspeedms":8.82,"visibility":7400,"precipitation":2,"beaufort":4,"humidity":78,"sunshine":0,"hour":9,"pollenindex":4,"windspeed":32,"sunshinepower":108,"sunpower":108},{"datetime":"2020-07-04T10:00:00","datetimeutc":"2020-07-04T08:00:00","timetype":"Hour","precipitationmm":1.4,"temperature":16.6,"feeltemperature":15.1,"cloudcover":100,"iconcode":"m","iconid":33,"sources":1,"winddirection":"ZW","winddirectiondegrees":221,"windspeedms":9.08,"visibility":9000,"precipitation":51,"beaufort":5,"humidity":77,"sunshine":0,"hour":10,"pollenindex":6,"windspeed":33,"sunshinepower":133,"sunpower":133},{"datetime":"2020-07-04T11:00:00","datetimeutc":"2020-07-04T09:00:00","timetype":"Hour","precipitationmm":1.7,"temperature":16.8,"feeltemperature":15.4,"cloudcover":100,"iconcode":"m","iconid":33,"sources":1,"winddirection":"ZW","winddirectiondegrees":222,"windspeedms":8.87,"visibility":8800,"precipitation":42,"beaufort":4,"humidity":76,"sunshine":0,"hour":11,"pollenindex":6,"windspeed":32,"sunshinepower":158,"sunpower":158},{"datetime":"2020-07-04T12:00:00","datetimeutc":"2020-07-04T10:00:00","timetype":"Hour","precipitationmm":0.0,"temperature":17.1,"feeltemperature":15.8,"cloudcover":100,"iconcode":"c","iconid":22,"sources":1,"winddirection":"ZW","winddirectiondegrees":223,"windspeedms":8.91,"visibility":8600,"precipitation":2,"beaufort":4,"humidity":74,"sunshine":0,"hour":12,"pollenindex":6,"windspeed":32,"sunshinepower":203,"sunpower":203},{"datetime":"2020-07-04T13:00:00","datetimeutc":"2020-07-04T11:00:00","timetype":"Hour","precipitationmm":0.0,"temperature":17.5,"feeltemperature":16.2,"cloudcover":100,"iconcode":"c","iconid":22,"sources":1,"winddirection":"ZW","winddirectiondegrees":226,"windspeedms":8.99,"visibility":8400,"precipitation":2,"beaufort":4,"humidity":72,"sunshine":0,"hour":13,"pollenindex":6,"windspeed":32,"sunshinepower":163,"sunpower":163},{"datetime":"2020-07-04T14:00:00","datetimeutc":"2020-07-04T12:00:00","timetype":"Hour","precipitationmm":0.7,"temperature":17.8,"feeltemperature":16.6,"cloudcover":100,"iconcode":"m","iconid":33,"sources":1,"winddirection":"ZW","winddirectiondegrees":232,"windspeedms":9.17,"visibility":9200,"precipitation":38,"beaufort":5,"humidity":70,"sunshine":0,"hour":14,"pollenindex":6,"windspeed":33,"sunshinepower":16,"sunpower":16}],"datetime":"2020-07-04T00:00:00","datetimeutc":"2020-07-03T22:00:00","timetype":"Day","precipitationmm":3.8,"mintemperature":15.4,"maxtemperature":20.6,"cloudcover":25,"iconcode":"f","iconid":16,"sources":1,"winddirection":"ZW","winddirectiondegrees":225,"windspeedms":5.86,"precipitation":51,"beaufort":3,"mosquitoindex":6,"pollenindex":5,"icescrapeindex":1,"mintemp":15.4,"maxtemp":20.6,"windspeed":6},{"date":"2020-07-05T00:00:00","sunrise":"2020-07-05T05:26:20","sunset":"2020-07-05T22:03:29","datetime":"2020-07-05T00:00:00","datetimeutc":"2020-07-04T22:00:00","timetype":"Day","precipitationmm":0.0,"mintemperature":16.7,"maxtemperature":20.2,"cloudcover":75,"iconcode":"r","iconid":3,"sources":1,"winddirection":"W","winddirectiondegrees":270,"windspeedms":4.15,"precipitation":2,"beaufort":3,"pollenindex":5,"mintemp":16.7,"maxtemp":20.2,"windspeed":4},{"date":"2020-07-06T00:00:00","sunrise":"2020-07-06T05:27:15","sunset":"2020-07-06T22:02:52","datetime":"2020-07-06T00:00:00","datetimeutc":"2020-07-05T22:00:00","timetype":"Day","precipitationmm":0.0,"mintemperature":16.8,"maxtemperature":21.6,"cloudcover":0,"iconcode":"a","iconid":1,"sources":1,"winddirection":"NW","winddirectiondegrees":315,"windspeedms":2.86,"precipitation":1,"beaufort":2,"pollenindex":5,"mintemp":16.8,"maxtemp":21.6,"windspeed":3},{"date":"2020-07-07T00:00:00","sunrise":"2020-07-07T05:28:13","sunset":"2020-07-07T22:02:12","datetime":"2020-07-07T00:00:00","datetimeutc":"2020-07-06T22:00:00","timetype":"Day","precipitationmm":0.0,"mintemperature":17.8,"maxtemperature":22.0,"cloudcover":0,"iconcode":"a","iconid":1,"sources":1,"winddirection":"N","winddirectiondegrees":0,"windspeedms":3.8,"precipitation":0,"beaufort":2,"pollenindex":5,"mintemp":17.8,"maxtemp":22.0,"windspeed":4},{"date":"2020-07-08T00:00:00","sunrise":"2020-07-08T05:29:13","sunset":"2020-07-08T22:01:29","datetime":"2020-07-08T00:00:00","datetimeutc":"2020-07-07T22:00:00","timetype":"Day","precipitationmm":0.0,"mintemperature":17.1,"maxtemperature":21.3,"cloudcover":25,"iconcode":"j","iconid":2,"sources":1,"winddirection":"N","winddirectiondegrees":0,"windspeedms":4.09,"precipitation":1,"beaufort":3,"pollenindex":5,"mintemp":17.1,"maxtemp":21.3,"windspeed":4},{"date":"2020-07-09T00:00:00","sunrise":"2020-07-09T05:30:15","sunset":"2020-07-09T22:00:42","datetime":"2020-07-09T00:00:00","datetimeutc":"2020-07-08T22:00:00","timetype":"Day","precipitationmm":0.0,"mintemperature":17.1,"maxtemperature":21.0,"cloudcover":25,"iconcode":"j","iconid":2,"sources":1,"winddirection":"N","winddirectiondegrees":0,"windspeedms":3.57,"precipitation":1,"beaufort":2,"pollenindex":5,"mintemp":17.1,"maxtemp":21.0,"windspeed":4},{"date":"2020-07-10T00:00:00","sunrise":"2020-07-10T05:31:20","sunset":"2020-07-10T21:59:53","datetime":"2020-07-10T00:00:00","datetimeutc":"2020-07-09T22:00:00","timetype":"Day","precipitationmm":0.0,"mintemperature":17.1,"maxtemperature":22.1,"cloudcover":25,"iconcode":"j","iconid":2,"sources":1,"winddirection":"N","winddirectiondegrees":0,"windspeedms":2.62,"precipitation":1,"beaufort":2,"pollenindex":5,"mintemp":17.1,"maxtemp":22.1,"windspeed":3},{"date":"2020-07-11T00:00:00","sunrise":"2020-07-11T05:32:26","sunset":"2020-07-11T21:59:01","datetime":"2020-07-11T00:00:00","datetimeutc":"2020-07-10T22:00:00","timetype":"Day","precipitationmm":0.0,"mintemperature":18.0,"maxtemperature":22.1,"cloudcover":25,"iconcode":"j","iconid":2,"sources":1,"winddirection":"N","winddirectiondegrees":0,"windspeedms":3.6,"precipitation":2,"beaufort":2,"pollenindex":5,"mintemp":18.0,"maxtemp":22.1,"windspeed":4},{"date":"2020-07-12T00:00:00","sunrise":"2020-07-12T05:33:35","sunset":"2020-07-12T21:58:06","datetime":"2020-07-12T00:00:00","datetimeutc":"2020-07-11T22:00:00","timetype":"Day","precipitationmm":0.0,"mintemperature":17.3,"maxtemperature":21.6,"cloudcover":25,"iconcode":"j","iconid":2,"sources":1,"winddirection":"N","winddirectiondegrees":0,"windspeedms":3.59,"precipitation":1,"beaufort":2,"pollenindex":5,"mintemp":17.3,"maxtemp":21.6,"windspeed":4}]}