{"location":{"lat":52.37,"lon":4.89},"timeOffset":2.0,"timestamp":"2020-07-26T07:21:45","altitude":0,"elevation":0,"machinename":"None","elapsedms":0,"pollenindexNowDay":4,"pollenindexNowHour":4,"nowrelevant":{"values":[{"type":"uvindex","value":5},{"type":"maxtemperature","value":19.1}]},"days":[{"date":"2020-07-26T00:00:00","sunrise":"2020-07-26T05:52:24","sunset":"2020-07-26T21:40:39","morning":{"datetime":"2020-07-26T10:00:00","datetimeutc":"2020-07-26T08:00:00","timetype":"Morning","precipitationmm":0.0,"mintemperature":17.1,"maxtemperature":17.4,"cloudcover":81,"iconcode":"r","iconid":22,"sources":1,"winddirection":"W","winddirectiondegrees":251,"windspeedms":6.4,"visibility":10720,"precipitation":2,"beaufort":4,"humidity":81,"sunshine":9,"hour":10,"mintemp":17.1,"maxtemp":17.4,"windspeed":23,"sunshinepower":512,"sunpower":512},"afternoon":{"datetime":"2020-07-26T12:00:00","datetimeutc":"2020-07-26T10:00:00","timetype":"Afternoon","precipitationmm":0.0,"mintemperature":17.7,"maxtemperature":19.0,"cloudcover":60,"iconcode":"b","iconid":22,"sources":1,"winddirection":"W","winddirectiondegrees":257,"windspeedms":6.8,"visibility":13820,"precipitation":1,"beaufort":4,"humidity":74,"sunshine":28,"hour":12,"mintemp":17.7,"maxtemp":19.0,"windspeed":24,"sunshinepower":613,"sunpower":613},"evening":{"datetime":"2020-07-26T18:00:00","datetimeutc":"2020-07-26T16:00:00","timetype":"Evening","precipitationmm":0.0,"mintemperature":16.6,"maxtemperature":19.1,"cloudcover":25,"iconcode":"j","iconid":5,"sources":1,"winddirection":"ZW","winddirectiondegrees":242,"windspeedms":4.9,"visibility":14028,"precipitation":0,"beaufort":3,"humidity":72,"sunshine":52,"hour":18,"mintemp":16.6,"maxtemp":19.1,"windspeed":18,"sunshinepower":170,"sunpower":170},"hours":[{"datetime":"2020-07-26T10:00:00","datetimeutc":"2020-07-26T08:00:00","timetype":"Hour","precipitationmm":0.0,"temperature":17.1,"feeltemperature":17.1,"cloudcover":83,"iconcode":"r","iconid":22,"sources":3,"winddirection":"W","winddirectiondegrees":250,"windspeedms":6.3,"visibility":10620,"precipitation":2,"beaufort":4,"humidity":83,"sunshine":8,"hour":10,"pollenindex":4,"windspeed":23,"sunshinepower":466,"sunpower":466},{"datetime":"2020-07-26T11:00:00","datetimeutc":"2020-07-26T09:00:00","timetype":"Hour","precipitationmm":0.0,"temperature":17.4,"feeltemperature":17.4,"cloudcover":79,"iconcode":"r","iconid":22,"sources":3,"winddirection":"W","winddirectiondegrees":253,"windspeedms":6.5,"visibility":10820,"precipitation":3,"beaufort":4,"humidity":80,"sunshine":11,"hour":11,"pollenindex":4,"windspeed":23,"sunshinepower":559,"sunpower":559},{"datetime":"2020-07-26T12:00:00","datetimeutc":"2020-07-26T10:00:00","timetype":"Hour","precipitationmm":0.0,"temperature":17.7,"feeltemperature":17.7,"cloudcover":74,"iconcode":"r","iconid":22,"sources":2,"winddirection":"W","winddirectiondegrees":256,"windspeedms":6.4,"visibility":11620,"precipitation":2,"beaufort":4,"humidity":78,"sunshine":16,"hour":12,"pollenindex":4,"windspeed":23,"sunshinepower":610,"sunpower":610},{"datetime":"2020-07-26T13:00:00","datetimeutc":"2020-07-26T11:00:00","timetype":"Hour","precipitationmm":0.0,"temperature":18.0,"feeltemperature":18.0,"cloudcover":69,"iconcode":"b","iconid":22,"sources":2,"winddirection":"W","winddirectiondegrees":255,"windspeedms":6.6,"visibility":11820,"precipitation":1,"beaufort":4,"humidity":75,"sunshine":21,"hour":13,"pollenindex":4,"windspeed":24,"sunshinepower":616,"sunpower":616},{"datetime":"2020-07-26T14:00:00","datetimeutc":"2020-07-26T12:00:00","timetype":"Hour","precipitationmm":0.0,"temperature":18.2,"feeltemperature":18.2,"cloudcover":63,"iconcode":"b","iconid":7,"sources":2,"winddirection":"W","winddirectiondegrees":255,"windspeedms":7.0,"visibility":13220,"precipitation":1,"beaufort":4,"humidity":74,"sunshine":26,"hour":14,"pollenindex":4,"windspeed":25,"sunshinepower":607,"sunpower":607},{"datetime":"2020-07-26T15:00:00","datetimeutc":"2020-07-26T13:00:00","timetype":"Hour","precipitationmm":0.0,"temperature":18.4,"feeltemperature":18.4,"cloudcover":59,"iconcode":"b","iconid":8,"sources":2,"winddirection":"W","winddirectiondegrees":259,"windspeedms":7.1,"visibility":14220,"precipitation":1,"beaufort":4,"humidity":74,"sunshine":31,"hour":15,"pollenindex":4,"windspeed":26,"sunshinepower":631,"sunpower":631},{"datetime":"2020-07-26T16:00:00","datetimeutc":"2020-07-26T14:00:00","timetype":"Hour","precipitationmm":0.0,"temperature":18.7,"feeltemperature":18.7,"cloudcover":54,"iconcode":"b","iconid":8,"sources":2,"winddirection":"W","winddirectiondegrees":260,"windspeedms":7.0,"visibility":15620,"precipitation":1,"beaufort":4,"humidity":74,"sunshine":36,"hour":16,"pollenindex":4,"windspeed":25,"sunshinepower":635,"sunpower":635},{"datetime":"2020-07-26T17:00:00","datetimeutc":"2020-07-26T15:00:00","timetype":"Hour","precipitationmm":0.0,"temperature":19.0,"feeltemperature":19.0,"cloudcover":46,"iconcode":"j","iconid":9,"sources":2,"winddirection":"W","winddirectiondegrees":261,"windspeedms":6.8,"visibility":16420,"precipitation":0,"beaufort":4,"humidity":70,"sunshine":41,"hour":17,"pollenindex":4,"windspeed":24,"sunshinepower":581,"sunpower":581},{"datetime":"2020-07-26T18:00:00","datetimeutc":"2020-07-26T16:00:00","timetype":"Hour","precipitationmm":0.0,"temperature":19.1,"feeltemperature":19.1,"cloudcover":43,"iconcode":"j","iconid":5,"sources":2,"winddirection":"W","winddirectiondegrees":260,"windspeedms":6.4,"visibility":17810,"precipitation":0,"beaufort":4,"humidity":68,"sunshine":50,"hour":18,"pollenindex":5,"windspeed":23,"sunshinepower":470,"sunpower":470},{"datetime":"2020-07-26T19:00:00","datetimeutc":"2020-07-26T17:00:00","timetype":"Hour","precipitationmm":0.0,"temperature":19.1,"feeltemperature":19.1,"cloudcover":48,"iconcode":"j","iconid":5,"sources":2,"winddirection":"W","winddirectiondegrees":256,"windspeedms":6.0,"visibility":16410,"precipitation":0,"beaufort":4,"humidity":67,"sunshine":53,"hour":19,"pollenindex":5,"windspeed":22,"sunshinepower":328,"sunpower":328},{"datetime":"2020-07-26T20:00:00","datetimeutc":"2020-07-26T18:00:00","timetype":"Hour","precipitationmm":0.0,"temperature":18.8,"feeltemperature":18.8,"cloudcover":2,"iconcode":"a","iconid":4,"sources":2,"winddirection":"W","winddirectiondegrees":249,"windspeedms":5.3,"visibility":15410,"precipitation":0,"beaufort":3,"humidity":69,"sunshine":48,"hour":20,"pollenindex":5,"windspeed":19,"sunshinepower":177,"sunpower":177},{"datetime":"2020-07-26T21:00:00","datetimeutc":"2020-07-26T19:00:00","timetype":"Hour","precipitationmm":0.0,"temperature":18.1,"feeltemperature":18.1,"cloudcover":9,"iconcode":"a","iconid":1,"sources":2,"winddirection":"ZW","winddirectiondegrees":242,"windspeedms":4.3,"visibility":13220,"precipitation":0,"beaufort":3,"humidity":73,"sunshine":98,"hour":21,"pollenindex":4,"windspeed":15,"sunshinepower":50,"sunpower":50},{"datetime":"2020-07-26T22:00:00","datetimeutc":"2020-07-26T20:00:00","timetype":"Hour","precipitationmm":0.0,"temperature":17.3,"feeltemperature":17.3,"cloudcover":21,"iconcode":"jj","iconid":5,"sources":2,"winddirection":"ZW","winddirectiondegrees":230,"windspeedms":3.6,"visibility":11260,"precipitation":0,"beaufort":2,"humidity":77,"sunshine":65,"hour":22,"pollenindex":4,"windspeed":13,"sunshinepower":0,"sunpower":0},{"datetime":"2020-07-26T23:00:00","datetimeutc":"2020-07-26T21:00:00","timetype":"Hour","precipitationmm":0.0,"temperature":16.6,"feeltemperature":16.6,"cloudcover":30,"iconcode":"jj","iconid":6,"sources":2,"winddirection":"ZW","winddirectiondegrees":217,"windspeedms":3.5,"visibility":10060,"precipitation":0,"beaufort":2,"humidity":82,"sunshine":0,"hour":23,"pollenindex":4,"windspeed":13,"sunshinepower":0,"sunpower":0}],"datetime":"2020-07-26T00:00:00","datetimeutc":"2020-07-25T22:00:00","timetype":"Day","precipitationmm":11.4,"mintemperature":16.6,"maxtemperature":19.1,"cloudcover":48,"iconcode":"f","iconid":14,"sources":2,"winddirection":"W","winddirectiondegrees":270,"windspeedms":5.9,"visibility":13466,"precipitation":17,"beaufort":3,"humidity":74,"sunshine":36,"uvindex":5,"bbqindex":7,"mosquitoindex":7,"pollenindex":4,"mintemp":16.6,"maxtemp":19.1,"windspeed":6,"sunshinepower":409,"sunpower":409},{"date":"2020-07-27T00:00:00","sunrise":"2020-07-27T05:53:54","sunset":"2020-07-27T21:39:07","morning":{"datetime":"2020-07-27T07:00:00","datetimeutc":"2020-07-27T05:00:00","timetype":"Morning","precipitationmm":0.0,"mintemperature":15.7,"maxtemperature":18.7,"cloudcover":64,"iconcode":"b","iconid":20,"sources":1,"winddirection":"ZW","winddirectiondegrees":217,"windspeedms":4.7,"visibility":10174,"precipitation":0,"beaufort":3,"humidity":82,"sunshine":22,"hour":7,"mintemp":15.7,"maxtemp":18.7,"windspeed":17,"sunshinepower":236,"sunpower":236},"afternoon":{"datetime":"2020-07-27T12:00:00","datetimeutc":"2020-07-27T10:00:00","timetype":"Afternoon","precipitationmm":0.0,"mintemperature":19.5,"maxtemperature":21.8,"cloudcover":88,"iconcode":"r","iconid":22,"sources":1,"winddirection":"ZW","winddirectiondegrees":247,"windspeedms":5.0,"visibility":14613,"precipitation":1,"beaufort":3,"humidity":67,"sunshine":13,"hour":12,"mintemp":19.5,"maxtemp":21.8,"windspeed":18,"sunshinepower":391,"sunpower":391},"evening":{"datetime":"2020-07-27T18:00:00","datetimeutc":"2020-07-27T16:00:00","timetype":"Evening","precipitationmm":0.0,"mintemperature":19.7,"maxtemperature":22.0,"cloudcover":97,"iconcode":"c","iconid":22,"sources":1,"winddirection":"ZO","winddirectiondegrees":127,"windspeedms":3.7,"visibility":16490,"precipitation":1,"beaufort":2,"humidity":68,"sunshine":2,"hour":18,"mintemp":19.7,"maxtemp":22.0,"windspeed":13,"sunshinepower":106,"sunpower":106},"night":{"datetime":"2020-07-27T00:00:00","datetimeutc":"2020-07-26T22:00:00","timetype":"Night","precipitationmm":0.0,"mintemperature":14.8,"maxtemperature":16.1,"cloudcover":64,"iconcode":"b","iconid":6,"sources":1,"winddirection":"ZW","winddirectiondegrees":212,"windspeedms":3.6,"visibility":8334,"precipitation":0,"beaufort":2,"humidity":87,"sunshine":0,"hour":0,"mintemp":14.8,"maxtemp":16.1,"windspeed":13,"sunshinepower":0,"sunpower":0},"hours":[{"datetime":"2020-07-27T00:00:00","datetimeutc":"2020-07-26T22:00:00","timetype":"Hour","precipitationmm":0.0,"temperature":16.1,"feeltemperature":16.1,"cloudcover":30,"iconcode":"jj","iconid":6,"sources":2,"winddirection":"ZW","winddirectiondegrees":215,"windspeedms":3.5,"visibility":9850,"precipitation":0,"beaufort":2,"humidity":83,"sunshine":0,"hour":0,"pollenindex":4,"windspeed":13,"sunshinepower":0,"sunpower":0},{"datetime":"2020-07-27T01:00:00","datetimeutc":"2020-07-26T23:00:00","timetype":"Hour","precipitationmm":0.0,"temperature":15.6,"feeltemperature":15.6,"cloudcover":31,"iconcode":"jj","iconid":6,"sources":2,"winddirection":"ZW","winddirectiondegrees":215,"windspeedms":3.5,"visibility":6860,"precipitation":0,"beaufort":2,"humidity":86,"sunshine":0,"hour":1,"pollenindex":3,"windspeed":13,"sunshinepower":0,"sunpower":0},{"datetime":"2020-07-27T02:00:00","datetimeutc":"2020-07-27T00:00:00","timetype":"Hour","precipitationmm":0.0,"temperature":15.2,"feeltemperature":15.2,"cloudcover":30,"iconcode":"jj","iconid":6,"sources":2,"winddirection":"ZW","winddirectiondegrees":208,"windspeedms":3.6,"visibility":10060,"precipitation":0,"beaufort":2,"humidity":88,"sunshine":0,"hour":2,"pollenindex":3,"windspeed":13,"sunshinepower":0,"sunpower":0},{"datetime":"2020-07-27T03:00:00","datetimeutc":"2020-07-27T01:00:00","timetype":"Hour","precipitationmm":0.0,"temperature":14.9,"feeltemperature":14.1,"cloudcover":64,"iconcode":"bb","iconid":19,"sources":2,"winddirection":"ZW","winddirectiondegrees":211,"windspeedms":3.7,"visibility":10060,"precipitation":0,"beaufort":2,"humidity":90,"sunshine":0,"hour":3,"pollenindex":3,"windspeed":13,"sunshinepower":0,"sunpower":0},{"datetime":"2020-07-27T04:00:00","datetimeutc":"2020-07-27T02:00:00","timetype":"Hour","precipitationmm":0.0,"temperature":14.8,"feeltemperature":14.0,"cloudcover":98,"iconcode":"cc","iconid":22,"sources":2,"winddirection":"ZW","winddirectiondegrees":212,"windspeedms":3.8,"visibility":9660,"precipitation":0,"beaufort":2,"humidity":91,"sunshine":0,"hour":4,"pollenindex":3,"windspeed":14,"sunshinepower":0,"sunpower":0},{"datetime":"2020-07-27T05:00:00","datetimeutc":"2020-07-27T03:00:00","timetype":"Hour","precipitationmm":0.0,"temperature":14.8,"feeltemperature":14.0,"cloudcover":100,"iconcode":"cc","iconid":22,"sources":2,"winddirection":"ZW","winddirectiondegrees":217,"windspeedms":3.7,"visibility":2430,"precipitation":0,"beaufort":2,"humidity":89,"sunshine":0,"hour":5,"pollenindex":3,"windspeed":13,"sunshinepower":0,"sunpower":0},{"datetime":"2020-07-27T06:00:00","datetimeutc":"2020-07-27T04:00:00","timetype":"Hour","precipitationmm":0.0,"temperature":15.1,"feeltemperature":15.1,"cloudcover":100,"iconcode":"c","iconid":22,"sources":2,"winddirection":"ZW","winddirectiondegrees":211,"windspeedms":3.7,"visibility":9420,"precipitation":0,"beaufort":2,"humidity":88,"sunshine":0,"hour":6,"pollenindex":3,"windspeed":13,"sunshinepower":0,"sunpower":0},{"datetime":"2020-07-27T07:00:00","datetimeutc":"2020-07-27T05:00:00","timetype":"Hour","precipitationmm":0.0,"temperature":15.7,"feeltemperature":15.7,"cloudcover":100,"iconcode":"c","iconid":20,"sources":2,"winddirection":"ZW","winddirectiondegrees":207,"windspeedms":4.0,"visibility":9620,"precipitation":0,"beaufort":3,"humidity":86,"sunshine":0,"hour":7,"pollenindex":3,"windspeed":14,"sunshinepower":60,"sunpower":60},{"datetime":"2020-07-27T08:00:00","datetimeutc":"2020-07-27T06:00:00","timetype":"Hour","precipitationmm":0.0,"temperature":16.4,"feeltemperature":16.4,"cloudcover":94,"iconcode":"c","iconid":22,"sources":2,"winddirection":"ZW","winddirectiondegrees":215,"windspeedms":4.3,"visibility":9210,"precipitation":0,"beaufort":3,"humidity":85,"sunshine":0,"hour":8,"pollenindex":3,"windspeed":15,"sunshinepower":155,"sunpower":155},{"datetime":"2020-07-27T09:00:00","datetimeutc":"2020-07-27T07:00:00","timetype":"Hour","precipitationmm":0.0,"temperature":17.2,"feeltemperature":17.2,"cloudcover":43,"iconcode":"j","iconid":20,"sources":2,"winddirection":"ZW","winddirectiondegrees":217,"windspeedms":4.8,"visibility":9610,"precipitation":0,"beaufort":3,"humidity":83,"sunshine":0,"hour":9,"pollenindex":4,"windspeed":17,"sunshinepower":249,"sunpower":249},{"datetime":"2020-07-27T10:00:00","datetimeutc":"2020-07-27T08:00:00","timetype":"Hour","precipitationmm":0.0,"temperature":17.9,"feeltemperature":17.9,"cloudcover":42,"iconcode":"j","iconid":20,"sources":2,"winddirection":"ZW","winddirectiondegrees":222,"windspeedms":5.2,"visibility":10210,"precipitation":0,"beaufort":3,"humidity":81,"sunshine":55,"hour":10,"pollenindex":4,"windspeed":19,"sunshinepower":327,"sunpower":327},{"datetime":"2020-07-27T11:00:00","datetimeutc":"2020-07-27T09:00:00","timetype":"Hour","precipitationmm":0.0,"temperature":18.7,"feeltemperature":18.7,"cloudcover":42,"iconcode":"j","iconid":20,"sources":2,"winddirection":"ZW","winddirectiondegrees":227,"windspeedms":5.2,"visibility":12220,"precipitation":0,"beaufort":3,"humidity":76,"sunshine":55,"hour":11,"pollenindex":4,"windspeed":19,"sunshinepower":391,"sunpower":391},{"datetime":"2020-07-27T12:00:00","datetimeutc":"2020-07-27T10:00:00","timetype":"Hour","precipitationmm":0.0,"temperature":19.5,"feeltemperature":19.5,"cloudcover":97,"iconcode":"c","iconid":22,"sources":2,"winddirection":"ZW","winddirectiondegrees":233,"windspeedms":5.4,"visibility":15420,"precipitation":0,"beaufort":3,"humidity":72,"sunshine":55,"hour":12,"pollenindex":4,"windspeed":19,"sunshinepower":449,"sunpower":449},{"datetime":"2020-07-27T13:00:00","datetimeutc":"2020-07-27T11:00:00","timetype":"Hour","precipitationmm":0.0,"temperature":20.1,"feeltemperature":20.1,"cloudcover":92,"iconcode":"c","iconid":22,"sources":2,"winddirection":"ZW","winddirectiondegrees":242,"windspeedms":5.3,"visibility":17410,"precipitation":1,"beaufort":3,"humidity":69,"sunshine":0,"hour":13,"pollenindex":4,"windspeed":19,"sunshinepower":473,"sunpower":473},{"datetime":"2020-07-27T14:00:00","datetimeutc":"2020-07-27T12:00:00","timetype":"Hour","precipitationmm":0.0,"temperature":20.5,"feeltemperature":20.5,"cloudcover":87,"iconcode":"r","iconid":33,"sources":2,"winddirection":"W","winddirectiondegrees":250,"windspeedms":5.3,"visibility":18020,"precipitation":2,"beaufort":3,"humidity":67,"sunshine":1,"hour":14,"pollenindex":5,"windspeed":19,"sunshinepower":441,"sunpower":441},{"datetime":"2020-07-27T15:00:00","datetimeutc":"2020-07-27T13:00:00","timetype":"Hour","precipitationmm":0.0,"temperature":20.8,"feeltemperature":20.8,"cloudcover":85,"iconcode":"r","iconid":22,"sources":2,"winddirection":"W","winddirectiondegrees":258,"windspeedms":5.2,"visibility":17410,"precipitation":2,"beaufort":3,"humidity":67,"sunshine":6,"hour":15,"pollenindex":5,"windspeed":19,"sunshinepower":375,"sunpower":375},{"datetime":"2020-07-27T16:00:00","datetimeutc":"2020-07-27T14:00:00","timetype":"Hour","precipitationmm":0.0,"temperature":21.3,"feeltemperature":21.3,"cloudcover":84,"iconcode":"r","iconid":19,"sources":2,"winddirection":"W","winddirectiondegrees":267,"windspeedms":4.8,"visibility":5210,"precipitation":2,"beaufort":3,"humidity":67,"sunshine":10,"hour":16,"pollenindex":5,"windspeed":17,"sunshinepower":315,"sunpower":315},{"datetime":"2020-07-27T17:00:00","datetimeutc":"2020-07-27T15:00:00","timetype":"Hour","precipitationmm":0.0,"temperature":21.8,"feeltemperature":21.8,"cloudcover":85,"iconcode":"r","iconid":19,"sources":2,"winddirection":"ZW","winddirectiondegrees":238,"windspeedms":3.7,"visibility":14210,"precipitation":2,"beaufort":2,"humidity":65,"sunshine":11,"hour":17,"pollenindex":5,"windspeed":13,"sunshinepower":298,"sunpower":298},{"datetime":"2020-07-27T18:00:00","datetimeutc":"2020-07-27T16:00:00","timetype":"Hour","precipitationmm":0.0,"temperature":22.0,"feeltemperature":24.5,"cloudcover":90,"iconcode":"c","iconid":22,"sources":2,"winddirection":"Z","winddirectiondegrees":191,"windspeedms":2.8,"visibility":16410,"precipitation":1,"beaufort":2,"humidity":63,"sunshine":10,"hour":18,"pollenindex":5,"windspeed":10,"sunshinepower":275,"sunpower":275},{"datetime":"2020-07-27T19:00:00","datetimeutc":"2020-07-27T17:00:00","timetype":"Hour","precipitationmm":0.0,"temperature":21.9,"feeltemperature":21.9,"cloudcover":97,"iconcode":"c","iconid":19,"sources":2,"winddirection":"ZO","winddirectiondegrees":128,"windspeedms":3.2,"visibility":16610,"precipitation":1,"beaufort":2,"humidity":64,"sunshine":3,"hour":19,"pollenindex":5,"windspeed":12,"sunshinepower":211,"sunpower":211},{"datetime":"2020-07-27T20:00:00","datetimeutc":"2020-07-27T18:00:00","timetype":"Hour","precipitationmm":0.0,"temperature":21.3,"feeltemperature":21.3,"cloudcover":100,"iconcode":"c","iconid":19,"sources":2,"winddirection":"O","winddirectiondegrees":108,"windspeedms":3.7,"visibility":15810,"precipitation":1,"beaufort":2,"humidity":68,"sunshine":0,"hour":20,"pollenindex":5,"windspeed":13,"sunshinepower":120,"sunpower":120},{"datetime":"2020-07-27T21:00:00","datetimeutc":"2020-07-27T19:00:00","timetype":"Hour","precipitationmm":0.0,"temperature":20.6,"feeltemperature":20.6,"cloudcover":100,"iconcode":"c","iconid":22,"sources":2,"winddirection":"O","winddirectiondegrees":110,"windspeedms":3.6,"visibility":16410,"precipitation":1,"beaufort":2,"humidity":70,"sunshine":0,"hour":21,"pollenindex":5,"windspeed":13,"sunshinepower":30,"sunpower":30},{"datetime":"2020-07-27T22:00:00","datetimeutc":"2020-07-27T20:00:00","timetype":"Hour","precipitationmm":0.0,"temperature":20.0,"feeltemperature":20.0,"cloudcover":100,"iconcode":"cc","iconid":22,"sources":2,"winddirection":"ZO","winddirectiondegrees":118,"windspeedms":4.2,"visibility":17040,"precipitation":0,"beaufort":3,"humidity":71,"sunshine":0,"hour":22,"pollenindex":4,"windspeed":15,"sunshinepower":0,"sunpower":0},{"datetime":"2020-07-27T23:00:00","datetimeutc":"2020-07-27T21:00:00","timetype":"Hour","precipitationmm":0.0,"temperature":19.7,"feeltemperature":19.7,"cloudcover":100,"iconcode":"cc","iconid":22,"sources":2,"winddirection":"ZO","winddirectiondegrees":121,"windspeedms":4.8,"visibility":16660,"precipitation":0,"beaufort":3,"humidity":72,"sunshine":0,"hour":23,"pollenindex":4,"windspeed":17,"sunshinepower":0,"sunpower":0}],"datetime":"2020-07-27T00:00:00","datetimeutc":"2020-07-26T22:00:00","timetype":"Day","precipitationmm":0.5,"mintemperature":14.8,"maxtemperature":22.0,"cloudcover":78,"iconcode":"m","iconid":16,"sources":2,"winddirection":"ZW","winddirectiondegrees":225,"windspeedms":4.2,"visibility":12326,"precipitation":10,"beaufort":3,"humidity":76,"sunshine":8,"uvindex":3,"bbqindex":7,"mosquitoindex":7,"pollenindex":5,"icescrapeindex":1,"mintemp":14.8,"maxtemp":22.0,"windspeed":4,"sunshinepower":173,"sunpower":173},{"date":"2020-07-28T00:00:00","sunrise":"2020-07-28T05:55:25","sunset":"2020-07-28T21:37:32","morning":{"datetime":"2020-07-28T07:00:00","datetimeutc":"2020-07-28T05:00:00","timetype":"Morning","precipitationmm":0.4,"mintemperature":18.2,"maxtemperature":18.7,"cloudcover":75,"iconcode":"m","iconid":19,"sources":1,"winddirection":"W","winddirectiondegrees":261,"windspeedms":6.4,"visibility":10858,"precipitation":23,"beaufort":4,"humidity":81,"sunshine":14,"hour":7,"mintemp":18.2,"maxtemp":18.7,"windspeed":23,"sunshinepower":246,"sunpower":246},"afternoon":{"datetime":"2020-07-28T12:00:00","datetimeutc":"2020-07-28T10:00:00","timetype":"Afternoon","precipitationmm":0.0,"mintemperature":18.6,"maxtemperature":19.3,"cloudcover":59,"iconcode":"b","iconid":7,"sources":1,"winddirection":"NW","winddirectiondegrees":303,"windspeedms":6.6,"visibility":13408,"precipitation":1,"beaufort":4,"humidity":72,"sunshine":34,"hour":12,"mintemp":18.6,"maxtemp":19.3,"windspeed":24,"sunshinepower":584,"sunpower":584},"evening":{"datetime":"2020-07-28T18:00:00","datetimeutc":"2020-07-28T16:00:00","timetype":"Evening","precipitationmm":0.0,"mintemperature":15.5,"maxtemperature":19.0,"cloudcover":52,"iconcode":"b","iconid":7,"sources":1,"winddirection":"NW","winddirectiondegrees":299,"windspeedms":4.2,"visibility":13905,"precipitation":0,"beaufort":3,"humidity":70,"sunshine":36,"hour":18,"mintemp":15.5,"maxtemp":19.0,"windspeed":15,"sunshinepower":141,"sunpower":141},"night":{"datetime":"2020-07-28T02:00:00","datetimeutc":"2020-07-28T00:00:00","timetype":"Night","precipitationmm":0.0,"mintemperature":17.4,"maxtemperature":19.5,"cloudcover":91,"iconcode":"c","iconid":19,"sources":1,"winddirection":"ZW","winddirectiondegrees":210,"windspeedms":4.8,"visibility":13442,"precipitation":1,"beaufort":3,"humidity":82,"sunshine":0,"hour":2,"mintemp":17.4,"maxtemp":19.5,"windspeed":17,"sunshinepower":0,"sunpower":0},"hours":[{"datetime":"2020-07-28T00:00:00","datetimeutc":"2020-07-27T22:00:00","timetype":"Hour","precipitationmm":0.0,"temperature":19.5,"feeltemperature":19.5,"cloudcover":92,"iconcode":"cc","iconid":20,"sources":2,"winddirection":"ZO","winddirectiondegrees":133,"windspeedms":4.8,"visibility":17250,"precipitation":0,"beaufort":3,"humidity":74,"sunshine":0,"hour":0,"pollenindex":4,"windspeed":17,"sunshinepower":0,"sunpower":0},{"datetime":"2020-07-28T01:00:00","datetimeutc":"2020-07-27T23:00:00","timetype":"Hour","precipitationmm":0.0,"temperature":19.1,"feeltemperature":19.1,"cloudcover":84,"iconcode":"rr","iconid":21,"sources":2,"winddirection":"ZO","winddirectiondegrees":147,"windspeedms":4.4,"visibility":16250,"precipitation":1,"beaufort":3,"humidity":77,"sunshine":0,"hour":1,"pollenindex":4,"windspeed":16,"sunshinepower":0,"sunpower":0},{"datetime":"2020-07-28T02:00:00","datetimeutc":"2020-07-28T00:00:00","timetype":"Hour","precipitationmm":0.0,"temperature":18.6,"feeltemperature":18.6,"cloudcover":82,"iconcode":"rr","iconid":19,"sources":1,"winddirection":"ZW","winddirectiondegrees":212,"windspeedms":4.25,"visibility":14450,"precipitation":0,"beaufort":3,"humidity":80,"sunshine":0,"hour":2,"pollenindex":4,"windspeed":15,"sunshinepower":0,"sunpower":0},{"datetime":"2020-07-28T03:00:00","datetimeutc":"2020-07-28T01:00:00","timetype":"Hour","precipitationmm":0.0,"temperature":17.9,"feeltemperature":17.9,"cloudcover":88,"iconcode":"rr","iconid":19,"sources":1,"winddirection":"ZW","winddirectiondegrees":221,"windspeedms":4.2,"visibility":12650,"precipitation":0,"beaufort":3,"humidity":84,"sunshine":0,"hour":3,"pollenindex":4,"windspeed":15,"sunshinepower":0,"sunpower":0},{"datetime":"2020-07-28T04:00:00","datetimeutc":"2020-07-28T02:00:00","timetype":"Hour","precipitationmm":0.0,"temperature":17.5,"feeltemperature":17.5,"cloudcover":97,"iconcode":"cc","iconid":19,"sources":1,"winddirection":"ZW","winddirectiondegrees":232,"windspeedms":4.36,"visibility":12050,"precipitation":1,"beaufort":3,"humidity":87,"sunshine":0,"hour":4,"pollenindex":3,"windspeed":16,"sunshinepower":0,"sunpower":0},{"datetime":"2020-07-28T05:00:00","datetimeutc":"2020-07-28T03:00:00","timetype":"Hour","precipitationmm":0.0,"temperature":17.4,"feeltemperature":17.4,"cloudcover":99,"iconcode":"cc","iconid":19,"sources":1,"winddirection":"W","winddirectiondegrees":250,"windspeedms":5.52,"visibility":11430,"precipitation":1,"beaufort":3,"humidity":87,"sunshine":0,"hour":5,"pollenindex":3,"windspeed":20,"sunshinepower":0,"sunpower":0},{"datetime":"2020-07-28T06:00:00","datetimeutc":"2020-07-28T04:00:00","timetype":"Hour","precipitationmm":0.0,"temperature":17.8,"feeltemperature":17.8,"cloudcover":95,"iconcode":"c","iconid":19,"sources":1,"winddirection":"W","winddirectiondegrees":251,"windspeedms":5.77,"visibility":10020,"precipitation":1,"beaufort":3,"humidity":86,"sunshine":0,"hour":6,"pollenindex":3,"windspeed":21,"sunshinepower":0,"sunpower":0},{"datetime":"2020-07-28T07:00:00","datetimeutc":"2020-07-28T05:00:00","timetype":"Hour","precipitationmm":0.0,"temperature":18.2,"feeltemperature":18.2,"cloudcover":84,"iconcode":"r","iconid":19,"sources":1,"winddirection":"W","winddirectiondegrees":251,"windspeedms":5.93,"visibility":9620,"precipitation":1,"beaufort":3,"humidity":85,"sunshine":0,"hour":7,"pollenindex":3,"windspeed":21,"sunshinepower":66,"sunpower":66},{"datetime":"2020-07-28T08:00:00","datetimeutc":"2020-07-28T06:00:00","timetype":"Hour","precipitationmm":0.4,"temperature":18.6,"feeltemperature":18.6,"cloudcover":75,"iconcode":"m","iconid":33,"sources":1,"winddirection":"W","winddirectiondegrees":253,"windspeedms":6.29,"visibility":10210,"precipitation":32,"beaufort":4,"humidity":83,"sunshine":10,"hour":8,"pollenindex":4,"windspeed":23,"sunshinepower":162,"sunpower":162},{"datetime":"2020-07-28T09:00:00","datetimeutc":"2020-07-28T07:00:00","timetype":"Hour","precipitationmm":0.0,"temperature":18.7,"feeltemperature":18.7,"cloudcover":73,"iconcode":"r","iconid":7,"sources":1,"winddirection":"W","winddirectiondegrees":257,"windspeedms":6.76,"visibility":11420,"precipitation":1,"beaufort":4,"humidity":81,"sunshine":20,"hour":9,"pollenindex":4,"windspeed":24,"sunshinepower":253,"sunpower":253},{"datetime":"2020-07-28T10:00:00","datetimeutc":"2020-07-28T08:00:00","timetype":"Hour","precipitationmm":0.0,"temperature":18.6,"feeltemperature":18.6,"cloudcover":73,"iconcode":"r","iconid":7,"sources":1,"winddirection":"W","winddirectiondegrees":264,"windspeedms":6.62,"visibility":12220,"precipitation":1,"beaufort":4,"humidity":79,"sunshine":23,"hour":10,"pollenindex":4,"windspeed":24,"sunshinepower":332,"sunpower":332},{"datetime":"2020-07-28T11:00:00","datetimeutc":"2020-07-28T09:00:00","timetype":"Hour","precipitationmm":0.0,"temperature":18.6,"feeltemperature":18.6,"cloudcover":72,"iconcode":"r","iconid":7,"sources":1,"winddirection":"W","winddirectiondegrees":283,"windspeedms":6.37,"visibility":10820,"precipitation":1,"beaufort":4,"humidity":77,"sunshine":21,"hour":11,"pollenindex":4,"windspeed":23,"sunshinepower":419,"sunpower":419},{"datetime":"2020-07-28T12:00:00","datetimeutc":"2020-07-28T10:00:00","timetype":"Hour","precipitationmm":0.0,"temperature":18.6,"feeltemperature":18.6,"cloudcover":67,"iconcode":"b","iconid":7,"sources":1,"winddirection":"NW","winddirectiondegrees":295,"windspeedms":6.42,"visibility":12010,"precipitation":1,"beaufort":4,"humidity":76,"sunshine":23,"hour":12,"pollenindex":4,"windspeed":23,"sunshinepower":505,"sunpower":505},{"datetime":"2020-07-28T13:00:00","datetimeutc":"2020-07-28T11:00:00","timetype":"Hour","precipitationmm":0.0,"temperature":18.9,"feeltemperature":18.9,"cloudcover":61,"iconcode":"b","iconid":7,"sources":1,"winddirection":"NW","winddirectiondegrees":298,"windspeedms":6.92,"visibility":14010,"precipitation":1,"beaufort":4,"humidity":73,"sunshine":28,"hour":13,"pollenindex":4,"windspeed":25,"sunshinepower":568,"sunpower":568},{"datetime":"2020-07-28T14:00:00","datetimeutc":"2020-07-28T12:00:00","timetype":"Hour","precipitationmm":0.0,"temperature":19.1,"feeltemperature":19.1,"cloudcover":57,"iconcode":"b","iconid":7,"sources":1,"winddirection":"NW","winddirectiondegrees":299,"windspeedms":6.79,"visibility":13810,"precipitation":1,"beaufort":4,"humidity":72,"sunshine":35,"hour":14,"pollenindex":4,"windspeed":24,"sunshinepower":610,"sunpower":610},{"datetime":"2020-07-28T15:00:00","datetimeutc":"2020-07-28T13:00:00","timetype":"Hour","precipitationmm":0.0,"temperature":19.3,"feeltemperature":19.3,"cloudcover":56,"iconcode":"b","iconid":7,"sources":1,"winddirection":"NW","winddirectiondegrees":305,"windspeedms":6.59,"visibility":11410,"precipitation":1,"beaufort":4,"humidity":72,"sunshine":40,"hour":15,"pollenindex":4,"windspeed":24,"sunshinepower":641,"sunpower":641},{"datetime":"2020-07-28T16:00:00","datetimeutc":"2020-07-28T14:00:00","timetype":"Hour","precipitationmm":0.0,"temperature":19.3,"feeltemperature":19.3,"cloudcover":58,"iconcode":"b","iconid":7,"sources":1,"winddirection":"NW","winddirectiondegrees":313,"windspeedms":6.54,"visibility":13610,"precipitation":1,"beaufort":4,"humidity":71,"sunshine":40,"hour":16,"pollenindex":4,"windspeed":24,"sunshinepower":639,"sunpower":639},{"datetime":"2020-07-28T17:00:00","datetimeutc":"2020-07-28T15:00:00","timetype":"Hour","precipitationmm":0.0,"temperature":19.3,"feeltemperature":19.3,"cloudcover":57,"iconcode":"b","iconid":7,"sources":1,"winddirection":"NW","winddirectiondegrees":311,"windspeedms":6.27,"visibility":15600,"precipitation":1,"beaufort":4,"humidity":68,"sunshine":38,"hour":17,"pollenindex":5,"windspeed":23,"sunshinepower":545,"sunpower":545},{"datetime":"2020-07-28T18:00:00","datetimeutc":"2020-07-28T16:00:00","timetype":"Hour","precipitationmm":0.0,"temperature":19.0,"feeltemperature":19.0,"cloudcover":52,"iconcode":"b","iconid":7,"sources":1,"winddirection":"NW","winddirectiondegrees":306,"windspeedms":5.79,"visibility":15800,"precipitation":0,"beaufort":3,"humidity":67,"sunshine":38,"hour":18,"pollenindex":5,"windspeed":21,"sunshinepower":403,"sunpower":403},{"datetime":"2020-07-28T19:00:00","datetimeutc":"2020-07-28T17:00:00","timetype":"Hour","precipitationmm":0.0,"temperature":18.5,"feeltemperature":18.5,"cloudcover":46,"iconcode":"j","iconid":19,"sources":1,"winddirection":"NW","winddirectiondegrees":303,"windspeedms":5.26,"visibility":16000,"precipitation":0,"beaufort":3,"humidity":67,"sunshine":45,"hour":19,"pollenindex":5,"windspeed":19,"sunshinepower":266,"sunpower":266},{"datetime":"2020-07-28T20:00:00","datetimeutc":"2020-07-28T18:00:00","timetype":"Hour","precipitationmm":0.0,"temperature":17.8,"feeltemperature":17.8,"cloudcover":43,"iconcode":"j","iconid":7,"sources":1,"winddirection":"NW","winddirectiondegrees":306,"windspeedms":4.68,"visibility":16000,"precipitation":0,"beaufort":3,"humidity":69,"sunshine":51,"hour":20,"pollenindex":5,"windspeed":17,"sunshinepower":139,"sunpower":139},{"datetime":"2020-07-28T21:00:00","datetimeutc":"2020-07-28T19:00:00","timetype":"Hour","precipitationmm":0.0,"temperature":16.9,"feeltemperature":16.9,"cloudcover":50,"iconcode":"b","iconid":7,"sources":1,"winddirection":"NW","winddirectiondegrees":303,"windspeedms":3.85,"visibility":14200,"precipitation":0,"beaufort":2,"humidity":71,"sunshine":55,"hour":21,"pollenindex":4,"windspeed":14,"sunshinepower":40,"sunpower":40},{"datetime":"2020-07-28T22:00:00","datetimeutc":"2020-07-28T20:00:00","timetype":"Hour","precipitationmm":0.0,"temperature":16.1,"feeltemperature":16.1,"cloudcover":61,"iconcode":"bb","iconid":7,"sources":1,"winddirection":"NW","winddirectiondegrees":293,"windspeedms":3.09,"visibility":11410,"precipitation":0,"beaufort":2,"humidity":74,"sunshine":31,"hour":22,"pollenindex":4,"windspeed":11,"sunshinepower":0,"sunpower":0},{"datetime":"2020-07-28T23:00:00","datetimeutc":"2020-07-28T21:00:00","timetype":"Hour","precipitationmm":0.0,"temperature":15.5,"feeltemperature":15.5,"cloudcover":63,"iconcode":"bb","iconid":22,"sources":1,"winddirection":"W","winddirectiondegrees":286,"windspeedms":2.79,"visibility":10020,"precipitation":0,"beaufort":2,"humidity":77,"sunshine":0,"hour":23,"pollenindex":4,"windspeed":10,"sunshinepower":0,"sunpower":0}],"datetime":"2020-07-28T00:00:00","datetimeutc":"2020-07-27T22:00:00","timetype":"Day","precipitationmm":0.4,"mintemperature":15.5,"maxtemperature":19.5,"cloudcover":70,"iconcode":"m","iconid":16,"sources":2,"winddirection":"NW","winddirectiondegrees":315,"windspeedms":5.4,"visibility":13011,"precipitation":12,"beaufort":3,"humidity":76,"sunshine":20,"uvindex":6,"bbqindex":8,"mosquitoindex":6,"pollenindex":5,"icescrapeindex":1,"mintemp":15.5,"maxtemp":19.5,"windspeed":5,"sunshinepower":232,"sunpower":232},{"date":"2020-07-29T00:00:00","sunrise":"2020-07-29T05:56:57","sunset":"2020-07-29T21:35:56","hours":[{"datetime":"2020-07-29T00:00:00","datetimeutc":"2020-07-28T22:00:00","timetype":"Hour","precipitationmm":0.0,"temperature":15.1,"feeltemperature":15.1,"cloudcover":45,"iconcode":"jj","iconid":22,"sources":1,"winddirection":"W","winddirectiondegrees":284,"windspeedms":2.69,"visibility":9820,"precipitation":0,"beaufort":2,"humidity":79,"sunshine":0,"hour":0,"pollenindex":4,"windspeed":10,"sunshinepower":0,"sunpower":0},{"datetime":"2020-07-29T01:00:00","datetimeutc":"2020-07-28T23:00:00","timetype":"Hour","precipitationmm":0.0,"temperature":14.6,"feeltemperature":14.6,"cloudcover":19,"iconcode":"jj","iconid":4,"sources":1,"winddirection":"W","winddirectiondegrees":290,"windspeedms":2.68,"visibility":9820,"precipitation":0,"beaufort":2,"humidity":82,"sunshine":0,"hour":1,"pollenindex":4,"windspeed":10,"sunshinepower":0,"sunpower":0},{"datetime":"2020-07-29T02:00:00","datetimeutc":"2020-07-29T00:00:00","timetype":"Hour","precipitationmm":0.0,"temperature":14.2,"feeltemperature":14.2,"cloudcover":25,"iconcode":"jj","iconid":4,"sources":1,"winddirection":"W","winddirectiondegrees":292,"windspeedms":2.61,"visibility":10020,"precipitation":0,"beaufort":2,"humidity":82,"sunshine":0,"hour":2,"pollenindex":4,"windspeed":9,"sunshinepower":0,"sunpower":0},{"datetime":"2020-07-29T03:00:00","datetimeutc":"2020-07-29T01:00:00","timetype":"Hour","precipitationmm":0.0,"temperature":13.7,"feeltemperature":13.7,"cloudcover":26,"iconcode":"jj","iconid":4,"sources":1,"winddirection":"NW","winddirectiondegrees":295,"windspeedms":2.53,"visibility":10410,"precipitation":0,"beaufort":2,"humidity":85,"sunshine":0,"hour":3,"pollenindex":4,"windspeed":9,"sunshinepower":0,"sunpower":0},{"datetime":"2020-07-29T04:00:00","datetimeutc":"2020-07-29T02:00:00","timetype":"Hour","precipitationmm":0.0,"temperature":13.4,"feeltemperature":13.4,"cloudcover":24,"iconcode":"jj","iconid":4,"sources":1,"winddirection":"W","winddirectiondegrees":292,"windspeedms":2.58,"visibility":11010,"precipitation":0,"beaufort":2,"humidity":87,"sunshine":0,"hour":4,"pollenindex":3,"windspeed":9,"sunshinepower":0,"sunpower":0},{"datetime":"2020-07-29T05:00:00","datetimeutc":"2020-07-29T03:00:00","timetype":"Hour","precipitationmm":0.0,"temperature":13.3,"feeltemperature":13.3,"cloudcover":21,"iconcode":"jj","iconid":4,"sources":1,"winddirection":"W","winddirectiondegrees":291,"windspeedms":2.55,"visibility":11210,"precipitation":0,"beaufort":2,"humidity":86,"sunshine":0,"hour":5,"pollenindex":3,"windspeed":9,"sunshinepower":0,"sunpower":0},{"datetime":"2020-07-29T06:00:00","datetimeutc":"2020-07-29T04:00:00","timetype":"Hour","precipitationmm":0.0,"temperature":13.8,"feeltemperature":13.8,"cloudcover":23,"iconcode":"j","iconid":4,"sources":1,"winddirection":"W","winddirectiondegrees":287,"windspeedms":2.48,"visibility":10810,"precipitation":0,"beaufort":2,"humidity":84,"sunshine":6,"hour":6,"pollenindex":4,"windspeed":9,"sunshinepower":0,"sunpower":0},{"datetime":"2020-07-29T07:00:00","datetimeutc":"2020-07-29T05:00:00","timetype":"Hour","precipitationmm":0.0,"temperature":14.7,"feeltemperature":14.7,"cloudcover":37,"iconcode":"j","iconid":4,"sources":1,"winddirection":"W","winddirectiondegrees":281,"windspeedms":2.58,"visibility":10610,"precipitation":0,"beaufort":2,"humidity":82,"sunshine":75,"hour":7,"pollenindex":4,"windspeed":9,"sunshinepower":69,"sunpower":69},{"datetime":"2020-07-29T08:00:00","datetimeutc":"2020-07-29T06:00:00","timetype":"Hour","precipitationmm":0.0,"temperature":15.7,"feeltemperature":15.7,"cloudcover":30,"iconcode":"j","iconid":19,"sources":1,"winddirection":"W","winddirectiondegrees":287,"windspeedms":3.03,"visibility":12400,"precipitation":0,"beaufort":2,"humidity":79,"sunshine":61,"hour":8,"pollenindex":4,"windspeed":11,"sunshinepower":183,"sunpower":183},{"datetime":"2020-07-29T09:00:00","datetimeutc":"2020-07-29T07:00:00","timetype":"Hour","precipitationmm":0.0,"temperature":16.6,"feeltemperature":16.6,"cloudcover":48,"iconcode":"j","iconid":19,"sources":1,"winddirection":"NW","winddirectiondegrees":293,"windspeedms":3.75,"visibility":13800,"precipitation":1,"beaufort":2,"humidity":75,"sunshine":68,"hour":9,"pollenindex":4,"windspeed":14,"sunshinepower":305,"sunpower":305},{"datetime":"2020-07-29T10:00:00","datetimeutc":"2020-07-29T08:00:00","timetype":"Hour","precipitationmm":0.0,"temperature":17.2,"feeltemperature":17.2,"cloudcover":58,"iconcode":"b","iconid":19,"sources":1,"winddirection":"W","winddirectiondegrees":291,"windspeedms":4.14,"visibility":14800,"precipitation":1,"beaufort":3,"humidity":73,"sunshine":48,"hour":10,"pollenindex":4,"windspeed":15,"sunshinepower":427,"sunpower":427},{"datetime":"2020-07-29T11:00:00","datetimeutc":"2020-07-29T09:00:00","timetype":"Hour","precipitationmm":0.0,"temperature":17.8,"feeltemperature":17.8,"cloudcover":69,"iconcode":"b","iconid":19,"sources":1,"winddirection":"W","winddirectiondegrees":292,"windspeedms":4.52,"visibility":16000,"precipitation":1,"beaufort":3,"humidity":69,"sunshine":38,"hour":11,"pollenindex":4,"windspeed":16,"sunshinepower":530,"sunpower":530},{"datetime":"2020-07-29T12:00:00","datetimeutc":"2020-07-29T10:00:00","timetype":"Hour","precipitationmm":0.0,"temperature":18.1,"feeltemperature":18.1,"cloudcover":70,"iconcode":"r","iconid":22,"sources":1,"winddirection":"NW","winddirectiondegrees":296,"windspeedms":4.87,"visibility":16400,"precipitation":1,"beaufort":3,"humidity":66,"sunshine":26,"hour":12,"pollenindex":5,"windspeed":18,"sunshinepower":603,"sunpower":603},{"datetime":"2020-07-29T13:00:00","datetimeutc":"2020-07-29T11:00:00","timetype":"Hour","precipitationmm":0.0,"temperature":18.3,"feeltemperature":18.3,"cloudcover":66,"iconcode":"b","iconid":22,"sources":1,"winddirection":"NW","winddirectiondegrees":301,"windspeedms":5.0,"visibility":16600,"precipitation":1,"beaufort":3,"humidity":64,"sunshine":25,"hour":13,"pollenindex":5,"windspeed":18,"sunshinepower":639,"sunpower":639},{"datetime":"2020-07-29T14:00:00","datetimeutc":"2020-07-29T12:00:00","timetype":"Hour","precipitationmm":0.0,"temperature":18.4,"feeltemperature":18.4,"cloudcover":62,"iconcode":"b","iconid":19,"sources":1,"winddirection":"NW","winddirectiondegrees":310,"windspeedms":5.04,"visibility":17000,"precipitation":1,"beaufort":3,"humidity":63,"sunshine":30,"hour":14,"pollenindex":5,"windspeed":18,"sunshinepower":635,"sunpower":635},{"datetime":"2020-07-29T15:00:00","datetimeutc":"2020-07-29T13:00:00","timetype":"Hour","precipitationmm":0.0,"temperature":18.5,"feeltemperature":18.5,"cloudcover":59,"iconcode":"b","iconid":9,"sources":1,"winddirection":"NW","winddirectiondegrees":316,"windspeedms":4.88,"visibility":16400,"precipitation":1,"beaufort":3,"humidity":62,"sunshine":35,"hour":15,"pollenindex":5,"windspeed":18,"sunshinepower":607,"sunpower":607},{"datetime":"2020-07-29T16:00:00","datetimeutc":"2020-07-29T14:00:00","timetype":"Hour","precipitationmm":0.0,"temperature":18.6,"feeltemperature":18.6,"cloudcover":57,"iconcode":"b","iconid":9,"sources":1,"winddirection":"NW","winddirectiondegrees":324,"windspeedms":4.79,"visibility":17000,"precipitation":1,"beaufort":3,"humidity":62,"sunshine":36,"hour":16,"pollenindex":5,"windspeed":17,"sunshinepower":563,"sunpower":563},{"datetime":"2020-07-29T17:00:00","datetimeutc":"2020-07-29T15:00:00","timetype":"Hour","precipitationmm":0.0,"temperature":18.6,"feeltemperature":18.6,"cloudcover":54,"iconcode":"b","iconid":9,"sources":1,"winddirection":"NW","winddirectiondegrees":332,"windspeedms":4.61,"visibility":17400,"precipitation":1,"beaufort":3,"humidity":61,"sunshine":40,"hour":17,"pollenindex":5,"windspeed":17,"sunshinepower":503,"sunpower":503},{"datetime":"2020-07-29T18:00:00","datetimeutc":"2020-07-29T16:00:00","timetype":"Hour","precipitationmm":0.0,"temperature":18.4,"feeltemperature":18.4,"cloudcover":50,"iconcode":"b","iconid":8,"sources":1,"winddirection":"N","winddirectiondegrees":341,"windspeedms":4.37,"visibility":17000,"precipitation":1,"beaufort":3,"humidity":61,"sunshine":43,"hour":18,"pollenindex":5,"windspeed":16,"sunshinepower":421,"sunpower":421},{"datetime":"2020-07-29T19:00:00","datetimeutc":"2020-07-29T17:00:00","timetype":"Hour","precipitationmm":0.0,"temperature":17.9,"feeltemperature":17.9,"cloudcover":46,"iconcode":"j","iconid":8,"sources":1,"winddirection":"N","winddirectiondegrees":348,"windspeedms":3.9,"visibility":16610,"precipitation":0,"beaufort":2,"humidity":62,"sunshine":46,"hour":19,"pollenindex":5,"windspeed":14,"sunshinepower":305,"sunpower":305},{"datetime":"2020-07-29T20:00:00","datetimeutc":"2020-07-29T18:00:00","timetype":"Hour","precipitationmm":0.0,"temperature":17.2,"feeltemperature":17.2,"cloudcover":42,"iconcode":"j","iconid":8,"sources":1,"winddirection":"N","winddirectiondegrees":355,"windspeedms":3.29,"visibility":16810,"precipitation":0,"beaufort":2,"humidity":65,"sunshine":51,"hour":20,"pollenindex":5,"windspeed":12,"sunshinepower":166,"sunpower":166},{"datetime":"2020-07-29T21:00:00","datetimeutc":"2020-07-29T19:00:00","timetype":"Hour","precipitationmm":0.0,"temperature":16.4,"feeltemperature":16.4,"cloudcover":39,"iconcode":"j","iconid":5,"sources":1,"winddirection":"N","winddirectiondegrees":2,"windspeedms":2.46,"visibility":16010,"precipitation":0,"beaufort":2,"humidity":68,"sunshine":55,"hour":21,"pollenindex":5,"windspeed":9,"sunshinepower":45,"sunpower":45},{"datetime":"2020-07-29T22:00:00","datetimeutc":"2020-07-29T20:00:00","timetype":"Hour","precipitationmm":0.0,"temperature":15.7,"feeltemperature":15.7,"cloudcover":37,"iconcode":"jj","iconid":5,"sources":1,"winddirection":"N","winddirectiondegrees":16,"windspeedms":1.96,"visibility":14410,"precipitation":0,"beaufort":1,"humidity":70,"sunshine":36,"hour":22,"pollenindex":5,"windspeed":7,"sunshinepower":0,"sunpower":0},{"datetime":"2020-07-29T23:00:00","datetimeutc":"2020-07-29T21:00:00","timetype":"Hour","precipitationmm":0.0,"temperature":15.1,"feeltemperature":15.1,"cloudcover":32,"iconcode":"jj","iconid":6,"sources":1,"winddirection":"NO","winddirectiondegrees":29,"windspeedms":1.59,"visibility":13010,"precipitation":0,"beaufort":1,"humidity":74,"sunshine":0,"hour":23,"pollenindex":4,"windspeed":6,"sunshinepower":0,"sunpower":0}],"datetime":"2020-07-29T00:00:00","datetimeutc":"2020-07-28T22:00:00","timetype":"Day","precipitationmm":0.0,"mintemperature":13.3,"maxtemperature":18.6,"cloudcover":75,"iconcode":"r","iconid":3,"sources":1,"winddirection":"W","winddirectiondegrees":270,"windspeedms":3.45,"precipitation":1,"beaufort":2,"uvindex":5,"bbqindex":8,"mosquitoindex":6,"pollenindex":5,"icescrapeindex":1,"mintemp":13.3,"maxtemp":18.6,"windspeed":3},{"date":"2020-07-30T00:00:00","sunrise":"2020-07-30T05:58:29","sunset":"2020-07-30T21:34:17","hours":[{"datetime":"2020-07-30T00:00:00","datetimeutc":"2020-07-29T22:00:00","timetype":"Hour","precipitationmm":0.0,"temperature":14.5,"feeltemperature":14.5,"cloudcover":30,"iconcode":"jj","iconid":6,"sources":1,"winddirection":"NO","winddirectiondegrees":42,"windspeedms":1.3,"visibility":12010,"precipitation":0,"beaufort":1,"humidity":78,"sunshine":0,"hour":0,"pollenindex":4,"windspeed":5,"sunshinepower":0,"sunpower":0},{"datetime":"2020-07-30T01:00:00","datetimeutc":"2020-07-29T23:00:00","timetype":"Hour","precipitationmm":0.0,"temperature":13.7,"feeltemperature":13.7,"cloudcover":29,"iconcode":"jj","iconid":6,"sources":1,"winddirection":"NO","winddirectiondegrees":58,"windspeedms":1.16,"visibility":11030,"precipitation":0,"beaufort":1,"humidity":81,"sunshine":0,"hour":1,"pollenindex":4,"windspeed":4,"sunshinepower":0,"sunpower":0},{"datetime":"2020-07-30T02:00:00","datetimeutc":"2020-07-30T00:00:00","timetype":"Hour","precipitationmm":0.0,"temperature":13.1,"feeltemperature":13.1,"cloudcover":27,"iconcode":"jj","iconid":2,"sources":1,"winddirection":"O","winddirectiondegrees":90,"windspeedms":1.18,"visibility":10030,"precipitation":0,"beaufort":1,"humidity":82,"sunshine":0,"hour":2,"pollenindex":4,"windspeed":4,"sunshinepower":0,"sunpower":0},{"datetime":"2020-07-30T03:00:00","datetimeutc":"2020-07-30T01:00:00","timetype":"Hour","precipitationmm":0.0,"temperature":12.6,"feeltemperature":12.6,"cloudcover":19,"iconcode":"jj","iconid":14,"sources":1,"winddirection":"O","winddirectiondegrees":105,"windspeedms":1.27,"visibility":9210,"precipitation":0,"beaufort":1,"humidity":86,"sunshine":0,"hour":3,"pollenindex":4,"windspeed":5,"sunshinepower":0,"sunpower":0},{"datetime":"2020-07-30T04:00:00","datetimeutc":"2020-07-30T02:00:00","timetype":"Hour","precipitationmm":0.0,"temperature":12.4,"feeltemperature":12.4,"cloudcover":11,"iconcode":"aa","iconid":5,"sources":1,"winddirection":"ZO","winddirectiondegrees":114,"windspeedms":1.27,"visibility":8410,"precipitation":0,"beaufort":1,"humidity":88,"sunshine":0,"hour":4,"pollenindex":3,"windspeed":5,"sunshinepower":0,"sunpower":0},{"datetime":"2020-07-30T05:00:00","datetimeutc":"2020-07-30T03:00:00","timetype":"Hour","precipitationmm":0.0,"temperature":12.3,"feeltemperature":12.3,"cloudcover":16,"iconcode":"jj","iconid":20,"sources":1,"winddirection":"ZO","winddirectiondegrees":120,"windspeedms":1.35,"visibility":8200,"precipitation":0,"beaufort":1,"humidity":87,"sunshine":0,"hour":5,"pollenindex":3,"windspeed":5,"sunshinepower":0,"sunpower":0},{"datetime":"2020-07-30T06:00:00","datetimeutc":"2020-07-30T04:00:00","timetype":"Hour","precipitationmm":0.0,"temperature":12.7,"feeltemperature":12.7,"cloudcover":22,"iconcode":"n","iconid":4,"sources":1,"winddirection":"ZO","winddirectiondegrees":122,"windspeedms":1.36,"visibility":400,"precipitation":0,"beaufort":1,"humidity":87,"sunshine":5,"hour":6,"pollenindex":3,"windspeed":5,"sunshinepower":0,"sunpower":0},{"datetime":"2020-07-30T07:00:00","datetimeutc":"2020-07-30T05:00:00","timetype":"Hour","precipitationmm":0.0,"temperature":13.4,"feeltemperature":13.4,"cloudcover":28,"iconcode":"n","iconid":4,"sources":1,"winddirection":"ZO","winddirectiondegrees":124,"windspeedms":1.37,"visibility":10,"precipitation":0,"beaufort":1,"humidity":86,"sunshine":76,"hour":7,"pollenindex":4,"windspeed":5,"sunshinepower":77,"sunpower":77},{"datetime":"2020-07-30T08:00:00","datetimeutc":"2020-07-30T06:00:00","timetype":"Hour","precipitationmm":0.0,"temperature":14.5,"feeltemperature":14.5,"cloudcover":29,"iconcode":"j","iconid":4,"sources":1,"winddirection":"ZO","winddirectiondegrees":128,"windspeedms":1.58,"visibility":9410,"precipitation":0,"beaufort":1,"humidity":82,"sunshine":70,"hour":8,"pollenindex":4,"windspeed":6,"sunshinepower":216,"sunpower":216},{"datetime":"2020-07-30T09:00:00","datetimeutc":"2020-07-30T07:00:00","timetype":"Hour","precipitationmm":0.0,"temperature":15.7,"feeltemperature":15.7,"cloudcover":21,"iconcode":"j","iconid":5,"sources":1,"winddirection":"ZO","winddirectiondegrees":131,"windspeedms":2.13,"visibility":12600,"precipitation":0,"beaufort":2,"humidity":75,"sunshine":70,"hour":9,"pollenindex":4,"windspeed":8,"sunshinepower":365,"sunpower":365},{"datetime":"2020-07-30T10:00:00","datetimeutc":"2020-07-30T08:00:00","timetype":"Hour","precipitationmm":0.0,"temperature":16.9,"feeltemperature":16.9,"cloudcover":29,"iconcode":"j","iconid":5,"sources":1,"winddirection":"ZO","winddirectiondegrees":135,"windspeedms":2.27,"visibility":15000,"precipitation":0,"beaufort":2,"humidity":69,"sunshine":78,"hour":10,"pollenindex":5,"windspeed":8,"sunshinepower":493,"sunpower":493},{"datetime":"2020-07-30T11:00:00","datetimeutc":"2020-07-30T09:00:00","timetype":"Hour","precipitationmm":0.0,"temperature":18.0,"feeltemperature":18.0,"cloudcover":33,"iconcode":"j","iconid":6,"sources":1,"winddirection":"ZO","winddirectiondegrees":126,"windspeedms":2.31,"visibility":17400,"precipitation":0,"beaufort":2,"humidity":63,"sunshine":68,"hour":11,"pollenindex":5,"windspeed":8,"sunshinepower":601,"sunpower":601},{"datetime":"2020-07-30T12:00:00","datetimeutc":"2020-07-30T10:00:00","timetype":"Hour","precipitationmm":0.0,"temperature":19.0,"feeltemperature":19.0,"cloudcover":37,"iconcode":"j","iconid":6,"sources":1,"winddirection":"ZO","winddirectiondegrees":116,"windspeedms":2.32,"visibility":20200,"precipitation":0,"beaufort":2,"humidity":59,"sunshine":65,"hour":12,"pollenindex":5,"windspeed":8,"sunshinepower":687,"sunpower":687},{"datetime":"2020-07-30T13:00:00","datetimeutc":"2020-07-30T11:00:00","timetype":"Hour","precipitationmm":0.0,"temperature":19.8,"feeltemperature":19.8,"cloudcover":39,"iconcode":"j","iconid":6,"sources":1,"winddirection":"O","winddirectiondegrees":102,"windspeedms":2.38,"visibility":22600,"precipitation":0,"beaufort":2,"humidity":56,"sunshine":60,"hour":13,"pollenindex":6,"windspeed":9,"sunshinepower":730,"sunpower":730},{"datetime":"2020-07-30T14:00:00","datetimeutc":"2020-07-30T12:00:00","timetype":"Hour","precipitationmm":0.0,"temperature":20.3,"feeltemperature":20.3,"cloudcover":37,"iconcode":"j","iconid":6,"sources":1,"winddirection":"O","winddirectiondegrees":95,"windspeedms":2.66,"visibility":24600,"precipitation":0,"beaufort":2,"humidity":54,"sunshine":58,"hour":14,"pollenindex":6,"windspeed":10,"sunshinepower":749,"sunpower":749},{"datetime":"2020-07-30T15:00:00","datetimeutc":"2020-07-30T13:00:00","timetype":"Hour","precipitationmm":0.0,"temperature":20.7,"feeltemperature":20.7,"cloudcover":29,"iconcode":"j","iconid":5,"sources":1,"winddirection":"O","winddirectiondegrees":88,"windspeedms":3.03,"visibility":24600,"precipitation":0,"beaufort":2,"humidity":54,"sunshine":61,"hour":15,"pollenindex":6,"windspeed":11,"sunshinepower":746,"sunpower":746},{"datetime":"2020-07-30T16:00:00","datetimeutc":"2020-07-30T14:00:00","timetype":"Hour","precipitationmm":0.0,"temperature":20.9,"feeltemperature":20.9,"cloudcover":18,"iconcode":"j","iconid":5,"sources":1,"winddirection":"O","winddirectiondegrees":83,"windspeedms":3.34,"visibility":24800,"precipitation":0,"beaufort":2,"humidity":55,"sunshine":68,"hour":16,"pollenindex":6,"windspeed":12,"sunshinepower":703,"sunpower":703},{"datetime":"2020-07-30T17:00:00","datetimeutc":"2020-07-30T15:00:00","timetype":"Hour","precipitationmm":0.0,"temperature":21.0,"feeltemperature":21.0,"cloudcover":9,"iconcode":"a","iconid":5,"sources":1,"winddirection":"O","winddirectiondegrees":78,"windspeedms":3.49,"visibility":25000,"precipitation":0,"beaufort":2,"humidity":54,"sunshine":81,"hour":17,"pollenindex":6,"windspeed":13,"sunshinepower":610,"sunpower":610},{"datetime":"2020-07-30T18:00:00","datetimeutc":"2020-07-30T16:00:00","timetype":"Hour","precipitationmm":0.0,"temperature":20.7,"feeltemperature":20.7,"cloudcover":4,"iconcode":"a","iconid":1,"sources":1,"winddirection":"O","winddirectiondegrees":73,"windspeedms":3.69,"visibility":25200,"precipitation":0,"beaufort":2,"humidity":54,"sunshine":91,"hour":18,"pollenindex":6,"windspeed":13,"sunshinepower":476,"sunpower":476},{"datetime":"2020-07-30T19:00:00","datetimeutc":"2020-07-30T17:00:00","timetype":"Hour","precipitationmm":0.0,"temperature":20.2,"feeltemperature":20.2,"cloudcover":2,"iconcode":"a","iconid":1,"sources":1,"winddirection":"O","winddirectiondegrees":71,"windspeedms":3.86,"visibility":24800,"precipitation":0,"beaufort":2,"humidity":56,"sunshine":95,"hour":19,"pollenindex":6,"windspeed":14,"sunshinepower":324,"sunpower":324},{"datetime":"2020-07-30T20:00:00","datetimeutc":"2020-07-30T18:00:00","timetype":"Hour","precipitationmm":0.0,"temperature":19.4,"feeltemperature":19.4,"cloudcover":5,"iconcode":"a","iconid":1,"sources":1,"winddirection":"NO","winddirectiondegrees":65,"windspeedms":3.79,"visibility":23010,"precipitation":0,"beaufort":2,"humidity":60,"sunshine":96,"hour":20,"pollenindex":5,"windspeed":14,"sunshinepower":170,"sunpower":170},{"datetime":"2020-07-30T21:00:00","datetimeutc":"2020-07-30T19:00:00","timetype":"Hour","precipitationmm":0.0,"temperature":18.2,"feeltemperature":18.2,"cloudcover":4,"iconcode":"a","iconid":1,"sources":1,"winddirection":"NO","winddirectiondegrees":63,"windspeedms":3.28,"visibility":19000,"precipitation":0,"beaufort":2,"humidity":65,"sunshine":95,"hour":21,"pollenindex":5,"windspeed":12,"sunshinepower":45,"sunpower":45},{"datetime":"2020-07-30T22:00:00","datetimeutc":"2020-07-30T20:00:00","timetype":"Hour","precipitationmm":0.0,"temperature":17.2,"feeltemperature":17.2,"cloudcover":3,"iconcode":"aa","iconid":1,"sources":1,"winddirection":"O","winddirectiondegrees":76,"windspeedms":3.28,"visibility":17600,"precipitation":0,"beaufort":2,"humidity":69,"sunshine":58,"hour":22,"pollenindex":5,"windspeed":12,"sunshinepower":0,"sunpower":0},{"datetime":"2020-07-30T23:00:00","datetimeutc":"2020-07-30T21:00:00","timetype":"Hour","precipitationmm":0.0,"temperature":16.3,"feeltemperature":16.3,"cloudcover":2,"iconcode":"aa","iconid":1,"sources":1,"winddirection":"O","winddirectiondegrees":91,"windspeedms":3.51,"visibility":18210,"precipitation":0,"beaufort":2,"humidity":73,"sunshine":0,"hour":23,"pollenindex":4,"windspeed":13,"sunshinepower":0,"sunpower":0}],"datetime":"2020-07-30T00:00:00","datetimeutc":"2020-07-29T22:00:00","timetype":"Day","precipitationmm":0.0,"mintemperature":12.3,"maxtemperature":21.0,"cloudcover":25,"iconcode":"j","iconid":2,"sources":1,"winddirection":"O","winddirectiondegrees":90,"windspeedms":2.38,"precipitation":0,"beaufort":2,"uvindex":6,"bbqindex":10,"mosquitoindex":8,"pollenindex":5,"icescrapeindex":1,"mintemp":12.3,"maxtemp":21.0,"windspeed":2},{"date":"2020-07-31T00:00:00","sunrise":"2020-07-31T06:00:02","sunset":"2020-07-31T21:32:37","hours":[{"datetime":"2020-07-31T00:00:00","datetimeutc":"2020-07-30T22:00:00","timetype":"Hour","precipitationmm":0.0,"temperature":15.7,"feeltemperature":15.7,"cloudcover":1,"iconcode":"aa","iconid":1,"sources":1,"winddirection":"O","winddirectiondegrees":95,"windspeedms":3.6,"visibility":18410,"precipitation":0,"beaufort":2,"humidity":76,"sunshine":0,"hour":0,"pollenindex":4,"windspeed":13,"sunshinepower":0,"sunpower":0},{"datetime":"2020-07-31T01:00:00","datetimeutc":"2020-07-30T23:00:00","timetype":"Hour","precipitationmm":0.0,"temperature":14.8,"feeltemperature":14.0,"cloudcover":0,"iconcode":"aa","iconid":1,"sources":1,"winddirection":"O","winddirectiondegrees":96,"windspeedms":3.81,"visibility":15820,"precipitation":0,"beaufort":2,"humidity":79,"sunshine":0,"hour":1,"pollenindex":4,"windspeed":14,"sunshinepower":0,"sunpower":0},{"datetime":"2020-07-31T02:00:00","datetimeutc":"2020-07-31T00:00:00","timetype":"Hour","precipitationmm":0.0,"temperature":14.0,"feeltemperature":12.9,"cloudcover":0,"iconcode":"aa","iconid":1,"sources":1,"winddirection":"O","winddirectiondegrees":105,"windspeedms":3.91,"visibility":13020,"precipitation":0,"beaufort":2,"humidity":81,"sunshine":0,"hour":2,"pollenindex":4,"windspeed":14,"sunshinepower":0,"sunpower":0},{"datetime":"2020-07-31T03:00:00","datetimeutc":"2020-07-31T01:00:00","timetype":"Hour","precipitationmm":0.0,"temperature":13.3,"feeltemperature":12.1,"cloudcover":1,"iconcode":"aa","iconid":1,"sources":1,"winddirection":"O","winddirectiondegrees":109,"windspeedms":3.74,"visibility":11810,"precipitation":0,"beaufort":2,"humidity":85,"sunshine":0,"hour":3,"pollenindex":4,"windspeed":13,"sunshinepower":0,"sunpower":0},{"datetime":"2020-07-31T04:00:00","datetimeutc":"2020-07-31T02:00:00","timetype":"Hour","precipitationmm":0.0,"temperature":12.7,"feeltemperature":11.5,"cloudcover":4,"iconcode":"aa","iconid":1,"sources":1,"winddirection":"O","winddirectiondegrees":111,"windspeedms":3.58,"visibility":11210,"precipitation":0,"beaufort":2,"humidity":88,"sunshine":0,"hour":4,"pollenindex":3,"windspeed":13,"sunshinepower":0,"sunpower":0},{"datetime":"2020-07-31T05:00:00","datetimeutc":"2020-07-31T03:00:00","timetype":"Hour","precipitationmm":0.0,"temperature":12.4,"feeltemperature":11.2,"cloudcover":6,"iconcode":"aa","iconid":1,"sources":1,"winddirection":"ZO","winddirectiondegrees":113,"windspeedms":3.45,"visibility":10400,"precipitation":0,"beaufort":2,"humidity":88,"sunshine":0,"hour":5,"pollenindex":3,"windspeed":12,"sunshinepower":0,"sunpower":0},{"datetime":"2020-07-31T06:00:00","datetimeutc":"2020-07-31T04:00:00","timetype":"Hour","precipitationmm":0.0,"temperature":12.7,"feeltemperature":11.5,"cloudcover":8,"iconcode":"aa","iconid":1,"sources":1,"winddirection":"ZO","winddirectiondegrees":114,"windspeedms":3.41,"visibility":10010,"precipitation":0,"beaufort":2,"humidity":86,"sunshine":3,"hour":6,"pollenindex":4,"windspeed":12,"sunshinepower":0,"sunpower":0},{"datetime":"2020-07-31T07:00:00","datetimeutc":"2020-07-31T05:00:00","timetype":"Hour","precipitationmm":0.0,"temperature":13.6,"feeltemperature":12.6,"cloudcover":11,"iconcode":"a","iconid":1,"sources":1,"winddirection":"ZO","winddirectiondegrees":119,"windspeedms":3.53,"visibility":10000,"precipitation":0,"beaufort":2,"humidity":84,"sunshine":91,"hour":7,"pollenindex":4,"windspeed":13,"sunshinepower":73,"sunpower":73},{"datetime":"2020-07-31T08:00:00","datetimeutc":"2020-07-31T06:00:00","timetype":"Hour","precipitationmm":0.0,"temperature":15.1,"feeltemperature":15.1,"cloudcover":12,"iconcode":"a","iconid":1,"sources":1,"winddirection":"ZO","winddirectiondegrees":124,"windspeedms":3.43,"visibility":12800,"precipitation":0,"beaufort":2,"humidity":79,"sunshine":88,"hour":8,"pollenindex":4,"windspeed":12,"sunshinepower":211,"sunpower":211},{"datetime":"2020-07-31T09:00:00","datetimeutc":"2020-07-31T07:00:00","timetype":"Hour","precipitationmm":0.0,"temperature":16.9,"feeltemperature":16.9,"cloudcover":12,"iconcode":"a","iconid":5,"sources":1,"winddirection":"ZO","winddirectiondegrees":127,"windspeedms":3.5,"visibility":15200,"precipitation":0,"beaufort":2,"humidity":73,"sunshine":86,"hour":9,"pollenindex":4,"windspeed":13,"sunshinepower":365,"sunpower":365},{"datetime":"2020-07-31T10:00:00","datetimeutc":"2020-07-31T08:00:00","timetype":"Hour","precipitationmm":0.0,"temperature":18.7,"feeltemperature":18.7,"cloudcover":14,"iconcode":"a","iconid":5,"sources":1,"winddirection":"ZO","winddirectiondegrees":131,"windspeedms":3.91,"visibility":19000,"precipitation":0,"beaufort":2,"humidity":67,"sunshine":86,"hour":10,"pollenindex":5,"windspeed":14,"sunshinepower":513,"sunpower":513},{"datetime":"2020-07-31T11:00:00","datetimeutc":"2020-07-31T09:00:00","timetype":"Hour","precipitationmm":0.0,"temperature":20.4,"feeltemperature":20.4,"cloudcover":14,"iconcode":"a","iconid":5,"sources":1,"winddirection":"ZO","winddirectiondegrees":132,"windspeedms":4.01,"visibility":22400,"precipitation":0,"beaufort":3,"humidity":60,"sunshine":85,"hour":11,"pollenindex":5,"windspeed":14,"sunshinepower":641,"sunpower":641},{"datetime":"2020-07-31T12:00:00","datetimeutc":"2020-07-31T10:00:00","timetype":"Hour","precipitationmm":0.0,"temperature":21.8,"feeltemperature":21.8,"cloudcover":11,"iconcode":"a","iconid":4,"sources":1,"winddirection":"ZO","winddirectiondegrees":140,"windspeedms":4.12,"visibility":27200,"precipitation":0,"beaufort":3,"humidity":54,"sunshine":85,"hour":12,"pollenindex":5,"windspeed":15,"sunshinepower":738,"sunpower":738},{"datetime":"2020-07-31T13:00:00","datetimeutc":"2020-07-31T11:00:00","timetype":"Hour","precipitationmm":0.0,"temperature":23.3,"feeltemperature":25.4,"cloudcover":6,"iconcode":"a","iconid":1,"sources":1,"winddirection":"ZO","winddirectiondegrees":147,"windspeedms":4.41,"visibility":30800,"precipitation":0,"beaufort":3,"humidity":49,"sunshine":88,"hour":13,"pollenindex":6,"windspeed":16,"sunshinepower":798,"sunpower":798},{"datetime":"2020-07-31T14:00:00","datetimeutc":"2020-07-31T12:00:00","timetype":"Hour","precipitationmm":0.0,"temperature":24.7,"feeltemperature":25.9,"cloudcover":3,"iconcode":"a","iconid":1,"sources":1,"winddirection":"ZO","winddirectiondegrees":146,"windspeedms":4.5,"visibility":32400,"precipitation":0,"beaufort":3,"humidity":46,"sunshine":93,"hour":14,"pollenindex":6,"windspeed":16,"sunshinepower":814,"sunpower":814},{"datetime":"2020-07-31T15:00:00","datetimeutc":"2020-07-31T13:00:00","timetype":"Hour","precipitationmm":0.0,"temperature":26.0,"feeltemperature":26.5,"cloudcover":3,"iconcode":"a","iconid":1,"sources":1,"winddirection":"ZO","winddirectiondegrees":147,"windspeedms":4.59,"visibility":34400,"precipitation":0,"beaufort":3,"humidity":44,"sunshine":96,"hour":15,"pollenindex":6,"windspeed":17,"sunshinepower":786,"sunpower":786},{"datetime":"2020-07-31T16:00:00","datetimeutc":"2020-07-31T14:00:00","timetype":"Hour","precipitationmm":0.0,"temperature":26.8,"feeltemperature":27.1,"cloudcover":7,"iconcode":"a","iconid":1,"sources":1,"winddirection":"ZO","winddirectiondegrees":147,"windspeedms":4.54,"visibility":36000,"precipitation":0,"beaufort":3,"humidity":43,"sunshine":96,"hour":16,"pollenindex":5,"windspeed":16,"sunshinepower":716,"sunpower":716},{"datetime":"2020-07-31T17:00:00","datetimeutc":"2020-07-31T15:00:00","timetype":"Hour","precipitationmm":0.0,"temperature":27.2,"feeltemperature":27.4,"cloudcover":9,"iconcode":"a","iconid":1,"sources":1,"winddirection":"ZO","winddirectiondegrees":146,"windspeedms":4.51,"visibility":37000,"precipitation":0,"beaufort":3,"humidity":42,"sunshine":93,"hour":17,"pollenindex":5,"windspeed":16,"sunshinepower":607,"sunpower":607},{"datetime":"2020-07-31T18:00:00","datetimeutc":"2020-07-31T16:00:00","timetype":"Hour","precipitationmm":0.0,"temperature":27.0,"feeltemperature":27.3,"cloudcover":7,"iconcode":"a","iconid":2,"sources":1,"winddirection":"ZO","winddirectiondegrees":142,"windspeedms":4.39,"visibility":37200,"precipitation":0,"beaufort":3,"humidity":43,"sunshine":90,"hour":18,"pollenindex":5,"windspeed":16,"sunshinepower":469,"sunpower":469},{"datetime":"2020-07-31T19:00:00","datetimeutc":"2020-07-31T17:00:00","timetype":"Hour","precipitationmm":0.0,"temperature":26.1,"feeltemperature":26.7,"cloudcover":3,"iconcode":"a","iconid":4,"sources":1,"winddirection":"ZO","winddirectiondegrees":135,"windspeedms":4.14,"visibility":35800,"precipitation":0,"beaufort":3,"humidity":47,"sunshine":93,"hour":19,"pollenindex":6,"windspeed":15,"sunshinepower":318,"sunpower":318},{"datetime":"2020-07-31T20:00:00","datetimeutc":"2020-07-31T18:00:00","timetype":"Hour","precipitationmm":0.0,"temperature":24.5,"feeltemperature":25.9,"cloudcover":0,"iconcode":"a","iconid":1,"sources":1,"winddirection":"ZO","winddirectiondegrees":123,"windspeedms":3.62,"visibility":30800,"precipitation":0,"beaufort":2,"humidity":53,"sunshine":96,"hour":20,"pollenindex":5,"windspeed":13,"sunshinepower":165,"sunpower":165},{"datetime":"2020-07-31T21:00:00","datetimeutc":"2020-07-31T19:00:00","timetype":"Hour","precipitationmm":0.0,"temperature":22.6,"feeltemperature":24.9,"cloudcover":0,"iconcode":"a","iconid":2,"sources":1,"winddirection":"ZO","winddirectiondegrees":115,"windspeedms":3.49,"visibility":27200,"precipitation":0,"beaufort":2,"humidity":59,"sunshine":100,"hour":21,"pollenindex":5,"windspeed":13,"sunshinepower":43,"sunpower":43},{"datetime":"2020-07-31T22:00:00","datetimeutc":"2020-07-31T20:00:00","timetype":"Hour","precipitationmm":0.0,"temperature":21.0,"feeltemperature":21.0,"cloudcover":0,"iconcode":"aa","iconid":2,"sources":1,"winddirection":"ZO","winddirectiondegrees":115,"windspeedms":3.85,"visibility":24810,"precipitation":0,"beaufort":2,"humidity":63,"sunshine":58,"hour":22,"pollenindex":5,"windspeed":14,"sunshinepower":0,"sunpower":0},{"datetime":"2020-07-31T23:00:00","datetimeutc":"2020-07-31T21:00:00","timetype":"Hour","precipitationmm":0.0,"temperature":19.8,"feeltemperature":19.8,"cloudcover":0,"iconcode":"aa","iconid":13,"sources":1,"winddirection":"ZO","winddirectiondegrees":115,"windspeedms":4.38,"visibility":20610,"precipitation":0,"beaufort":3,"humidity":67,"sunshine":0,"hour":23,"pollenindex":5,"windspeed":16,"sunshinepower":0,"sunpower":0}],"datetime":"2020-07-31T00:00:00","datetimeutc":"2020-07-30T22:00:00","timetype":"Day","precipitationmm":0.0,"mintemperature":12.4,"maxtemperature":27.2,"cloudcover":0,"iconcode":"a","iconid":1,"sources":1,"winddirection":"ZO","winddirectiondegrees":135,"windspeedms":3.93,"precipitation":0,"beaufort":2,"uvindex":6,"bbqindex":9,"mosquitoindex":6,"pollenindex":5,"icescrapeindex":1,"mintemp":12.4,"maxtemp":27.2,"windspeed":4},{"date":"2020-08-01T00:00:00","sunrise":"2020-08-01T06:01:36","sunset":"2020-08-01T21:30:55","hours":[{"datetime":"2020-08-01T00:00:00","datetimeutc":"2020-07-31T22:00:00","timetype":"Hour","precipitationmm":0.0,"temperature":19.1,"feeltemperature":19.1,"cloudcover":0,"iconcode":"aa","iconid":2,"sources":1,"winddirection":"ZO","winddirectiondegrees":126,"windspeedms":4.64,"visibility":18810,"precipitation":0,"beaufort":3,"humidity":69,"sunshine":0,"hour":0,"pollenindex":5,"windspeed":17,"sunshinepower":0,"sunpower":0},{"datetime":"2020-08-01T01:00:00","datetimeutc":"2020-07-31T23:00:00","timetype":"Hour","precipitationmm":0.0,"temperature":18.4,"feeltemperature":18.4,"cloudcover":0,"iconcode":"aa","iconid":13,"sources":1,"winddirection":"ZO","winddirectiondegrees":135,"windspeedms":4.95,"visibility":19420,"precipitation":0,"beaufort":3,"humidity":71,"sunshine":0,"hour":1,"pollenindex":5,"windspeed":18,"sunshinepower":0,"sunpower":0},{"datetime":"2020-08-01T02:00:00","datetimeutc":"2020-08-01T00:00:00","timetype":"Hour","precipitationmm":0.0,"temperature":17.8,"feeltemperature":17.8,"cloudcover":54,"iconcode":"bb","iconid":1,"sources":1,"winddirection":"ZO","winddirectiondegrees":140,"windspeedms":4.98,"visibility":18820,"precipitation":0,"beaufort":3,"humidity":73,"sunshine":0,"hour":2,"pollenindex":5,"windspeed":18,"sunshinepower":0,"sunpower":0},{"datetime":"2020-08-01T03:00:00","datetimeutc":"2020-08-01T01:00:00","timetype":"Hour","precipitationmm":0.0,"temperature":17.0,"feeltemperature":17.0,"cloudcover":61,"iconcode":"bb","iconid":1,"sources":1,"winddirection":"ZO","winddirectiondegrees":149,"windspeedms":4.77,"visibility":15620,"precipitation":0,"beaufort":3,"humidity":79,"sunshine":0,"hour":3,"pollenindex":4,"windspeed":17,"sunshinepower":0,"sunpower":0},{"datetime":"2020-08-01T04:00:00","datetimeutc":"2020-08-01T02:00:00","timetype":"Hour","precipitationmm":0.0,"temperature":16.4,"feeltemperature":16.4,"cloudcover":54,"iconcode":"bb","iconid":1,"sources":1,"winddirection":"Z","winddirectiondegrees":162,"windspeedms":4.45,"visibility":13010,"precipitation":0,"beaufort":3,"humidity":83,"sunshine":0,"hour":4,"pollenindex":4,"windspeed":16,"sunshinepower":0,"sunpower":0},{"datetime":"2020-08-01T05:00:00","datetimeutc":"2020-08-01T03:00:00","timetype":"Hour","precipitationmm":0.0,"temperature":16.1,"feeltemperature":16.1,"cloudcover":61,"iconcode":"bb","iconid":1,"sources":1,"winddirection":"Z","winddirectiondegrees":176,"windspeedms":4.23,"visibility":11000,"precipitation":0,"beaufort":3,"humidity":85,"sunshine":0,"hour":5,"pollenindex":4,"windspeed":15,"sunshinepower":0,"sunpower":0},{"datetime":"2020-08-01T06:00:00","datetimeutc":"2020-08-01T04:00:00","timetype":"Hour","precipitationmm":0.0,"temperature":16.1,"feeltemperature":16.1,"cloudcover":58,"iconcode":"bb","iconid":1,"sources":1,"winddirection":"ZW","winddirectiondegrees":214,"windspeedms":4.3,"visibility":10000,"precipitation":0,"beaufort":3,"humidity":86,"sunshine":0,"hour":6,"pollenindex":4,"windspeed":15,"sunshinepower":0,"sunpower":0},{"datetime":"2020-08-01T07:00:00","datetimeutc":"2020-08-01T05:00:00","timetype":"Hour","precipitationmm":0.0,"temperature":16.9,"feeltemperature":16.9,"cloudcover":0,"iconcode":"a","iconid":13,"sources":1,"winddirection":"W","winddirectiondegrees":269,"windspeedms":5.11,"visibility":10000,"precipitation":0,"beaufort":3,"humidity":82,"sunshine":38,"hour":7,"pollenindex":4,"windspeed":18,"sunshinepower":64,"sunpower":64},{"datetime":"2020-08-01T08:00:00","datetimeutc":"2020-08-01T06:00:00","timetype":"Hour","precipitationmm":0.0,"temperature":18.2,"feeltemperature":18.2,"cloudcover":0,"iconcode":"a","iconid":14,"sources":1,"winddirection":"NW","winddirectiondegrees":299,"windspeedms":6.0,"visibility":11200,"precipitation":0,"beaufort":4,"humidity":76,"sunshine":100,"hour":8,"pollenindex":4,"windspeed":22,"sunshinepower":197,"sunpower":197},{"datetime":"2020-08-01T09:00:00","datetimeutc":"2020-08-01T07:00:00","timetype":"Hour","precipitationmm":0.0,"temperature":20.0,"feeltemperature":20.0,"cloudcover":0,"iconcode":"a","iconid":13,"sources":1,"winddirection":"NW","winddirectiondegrees":307,"windspeedms":6.5,"visibility":12200,"precipitation":0,"beaufort":4,"humidity":71,"sunshine":100,"hour":9,"pollenindex":5,"windspeed":23,"sunshinepower":351,"sunpower":351},{"datetime":"2020-08-01T10:00:00","datetimeutc":"2020-08-01T08:00:00","timetype":"Hour","precipitationmm":0.0,"temperature":21.8,"feeltemperature":21.8,"cloudcover":0,"iconcode":"a","iconid":13,"sources":1,"winddirection":"NW","winddirectiondegrees":298,"windspeedms":6.64,"visibility":11200,"precipitation":0,"beaufort":4,"humidity":66,"sunshine":100,"hour":10,"pollenindex":5,"windspeed":24,"sunshinepower":487,"sunpower":487},{"datetime":"2020-08-01T11:00:00","datetimeutc":"2020-08-01T09:00:00","timetype":"Hour","precipitationmm":0.0,"temperature":23.0,"feeltemperature":25.0,"cloudcover":0,"iconcode":"a","iconid":13,"sources":1,"winddirection":"NW","winddirectiondegrees":295,"windspeedms":6.78,"visibility":11000,"precipitation":0,"beaufort":4,"humidity":62,"sunshine":100,"hour":11,"pollenindex":5,"windspeed":24,"sunshinepower":583,"sunpower":583},{"datetime":"2020-08-01T12:00:00","datetimeutc":"2020-08-01T10:00:00","timetype":"Hour","precipitationmm":0.0,"temperature":24.0,"feeltemperature":25.6,"cloudcover":32,"iconcode":"j","iconid":13,"sources":1,"winddirection":"NW","winddirectiondegrees":293,"windspeedms":6.78,"visibility":10200,"precipitation":0,"beaufort":4,"humidity":58,"sunshine":100,"hour":12,"pollenindex":5,"windspeed":24,"sunshinepower":646,"sunpower":646},{"datetime":"2020-08-01T13:00:00","datetimeutc":"2020-08-01T11:00:00","timetype":"Hour","precipitationmm":0.0,"temperature":24.7,"feeltemperature":26.0,"cloudcover":35,"iconcode":"j","iconid":13,"sources":1,"winddirection":"NW","winddirectiondegrees":296,"windspeedms":6.72,"visibility":10400,"precipitation":0,"beaufort":4,"humidity":56,"sunshine":66,"hour":13,"pollenindex":5,"windspeed":24,"sunshinepower":682,"sunpower":682},{"datetime":"2020-08-01T14:00:00","datetimeutc":"2020-08-01T12:00:00","timetype":"Hour","precipitationmm":0.0,"temperature":25.4,"feeltemperature":26.5,"cloudcover":32,"iconcode":"j","iconid":13,"sources":1,"winddirection":"NW","winddirectiondegrees":301,"windspeedms":6.61,"visibility":12000,"precipitation":1,"beaufort":4,"humidity":54,"sunshine":63,"hour":14,"pollenindex":6,"windspeed":24,"sunshinepower":697,"sunpower":697},{"datetime":"2020-08-01T15:00:00","datetimeutc":"2020-08-01T13:00:00","timetype":"Hour","precipitationmm":0.0,"temperature":25.8,"feeltemperature":27.0,"cloudcover":35,"iconcode":"j","iconid":13,"sources":1,"winddirection":"NW","winddirectiondegrees":301,"windspeedms":6.14,"visibility":13000,"precipitation":1,"beaufort":4,"humidity":57,"sunshine":66,"hour":15,"pollenindex":5,"windspeed":22,"sunshinepower":695,"sunpower":695},{"datetime":"2020-08-01T16:00:00","datetimeutc":"2020-08-01T14:00:00","timetype":"Hour","precipitationmm":0.0,"temperature":26.0,"feeltemperature":27.0,"cloudcover":39,"iconcode":"j","iconid":13,"sources":1,"winddirection":"NW","winddirectiondegrees":299,"windspeedms":6.07,"visibility":12600,"precipitation":0,"beaufort":4,"humidity":56,"sunshine":63,"hour":16,"pollenindex":5,"windspeed":22,"sunshinepower":640,"sunpower":640},{"datetime":"2020-08-01T17:00:00","datetimeutc":"2020-08-01T15:00:00","timetype":"Hour","precipitationmm":0.0,"temperature":25.7,"feeltemperature":26.8,"cloudcover":39,"iconcode":"j","iconid":13,"sources":1,"winddirection":"NW","winddirectiondegrees":299,"windspeedms":5.93,"visibility":12200,"precipitation":0,"beaufort":3,"humidity":56,"sunshine":58,"hour":17,"pollenindex":5,"windspeed":21,"sunshinepower":533,"sunpower":533},{"datetime":"2020-08-01T18:00:00","datetimeutc":"2020-08-01T16:00:00","timetype":"Hour","precipitationmm":0.0,"temperature":25.3,"feeltemperature":26.5,"cloudcover":39,"iconcode":"j","iconid":13,"sources":1,"winddirection":"NW","winddirectiondegrees":303,"windspeedms":5.54,"visibility":12800,"precipitation":0,"beaufort":3,"humidity":56,"sunshine":58,"hour":18,"pollenindex":5,"windspeed":20,"sunshinepower":418,"sunpower":418},{"datetime":"2020-08-01T19:00:00","datetimeutc":"2020-08-01T17:00:00","timetype":"Hour","precipitationmm":0.0,"temperature":24.5,"feeltemperature":25.9,"cloudcover":43,"iconcode":"j","iconid":13,"sources":1,"winddirection":"NW","winddirectiondegrees":307,"windspeedms":4.98,"visibility":13000,"precipitation":1,"beaufort":3,"humidity":59,"sunshine":58,"hour":19,"pollenindex":5,"windspeed":18,"sunshinepower":293,"sunpower":293},{"datetime":"2020-08-01T20:00:00","datetimeutc":"2020-08-01T18:00:00","timetype":"Hour","precipitationmm":0.0,"temperature":23.3,"feeltemperature":25.1,"cloudcover":39,"iconcode":"j","iconid":13,"sources":1,"winddirection":"NW","winddirectiondegrees":310,"windspeedms":4.32,"visibility":13400,"precipitation":1,"beaufort":3,"humidity":62,"sunshine":55,"hour":20,"pollenindex":5,"windspeed":16,"sunshinepower":152,"sunpower":152},{"datetime":"2020-08-01T21:00:00","datetimeutc":"2020-08-01T19:00:00","timetype":"Hour","precipitationmm":0.0,"temperature":21.8,"feeltemperature":21.8,"cloudcover":39,"iconcode":"j","iconid":13,"sources":1,"winddirection":"NW","winddirectiondegrees":311,"windspeedms":3.35,"visibility":13200,"precipitation":1,"beaufort":2,"humidity":66,"sunshine":58,"hour":21,"pollenindex":5,"windspeed":12,"sunshinepower":37,"sunpower":37},{"datetime":"2020-08-01T22:00:00","datetimeutc":"2020-08-01T20:00:00","timetype":"Hour","precipitationmm":0.0,"temperature":20.3,"feeltemperature":20.3,"cloudcover":0,"iconcode":"aa","iconid":1,"sources":1,"winddirection":"NW","winddirectiondegrees":301,"windspeedms":2.83,"visibility":11410,"precipitation":1,"beaufort":2,"humidity":71,"sunshine":33,"hour":22,"pollenindex":5,"windspeed":10,"sunshinepower":0,"sunpower":0},{"datetime":"2020-08-01T23:00:00","datetimeutc":"2020-08-01T21:00:00","timetype":"Hour","precipitationmm":0.0,"temperature":19.1,"feeltemperature":19.1,"cloudcover":0,"iconcode":"aa","iconid":1,"sources":1,"winddirection":"W","winddirectiondegrees":292,"windspeedms":2.82,"visibility":10610,"precipitation":1,"beaufort":2,"humidity":77,"sunshine":0,"hour":23,"pollenindex":4,"windspeed":10,"sunshinepower":0,"sunpower":0}],"datetime":"2020-08-01T00:00:00","datetimeutc":"2020-07-31T22:00:00","timetype":"Day","precipitationmm":0.0,"mintemperature":16.1,"maxtemperature":26.0,"cloudcover":25,"iconcode":"j","iconid":2,"sources":1,"winddirection":"NW","winddirectiondegrees":315,"windspeedms":5.23,"precipitation":1,"beaufort":3,"uvindex":6,"bbqindex":8,"mosquitoindex":7,"pollenindex":5,"icescrapeindex":1,"mintemp":16.1,"maxtemp":26.0,"windspeed":5},{"date":"2020-08-02T00:00:00","sunrise":"2020-08-02T06:03:11","sunset":"2020-08-02T21:29:10","hours":[{"datetime":"2020-08-02T00:00:00","datetimeutc":"2020-08-01T22:00:00","timetype":"Hour","precipitationmm":0.0,"temperature":18.2,"feeltemperature":18.2,"cloudcover":7,"iconcode":"aa","iconid":1,"sources":1,"winddirection":"W","winddirectiondegrees":279,"windspeedms":2.91,"visibility":10410,"precipitation":1,"beaufort":2,"humidity":79,"sunshine":0,"hour":0,"pollenindex":4,"windspeed":10,"sunshinepower":0,"sunpower":0},{"datetime":"2020-08-02T01:00:00","datetimeutc":"2020-08-01T23:00:00","timetype":"Hour","precipitationmm":0.0,"temperature":17.5,"feeltemperature":17.5,"cloudcover":16,"iconcode":"jj","iconid":1,"sources":1,"winddirection":"W","winddirectiondegrees":270,"windspeedms":3.14,"visibility":10630,"precipitation":1,"beaufort":2,"humidity":81,"sunshine":0,"hour":1,"pollenindex":4,"windspeed":11,"sunshinepower":0,"sunpower":0},{"datetime":"2020-08-02T02:00:00","datetimeutc":"2020-08-02T00:00:00","timetype":"Hour","precipitationmm":0.0,"temperature":16.9,"feeltemperature":16.9,"cloudcover":39,"iconcode":"jj","iconid":1,"sources":1,"winddirection":"W","winddirectiondegrees":272,"windspeedms":3.1,"visibility":10620,"precipitation":1,"beaufort":2,"humidity":82,"sunshine":0,"hour":2,"pollenindex":4,"windspeed":11,"sunshinepower":0,"sunpower":0}],"datetime":"2020-08-02T00:00:00","datetimeutc":"2020-08-01T22:00:00","timetype":"Day","precipitationmm":0.0,"mintemperature":15.6,"maxtemperature":21.6,"cloudcover":75,"iconcode":"r","iconid":3,"sources":1,"winddirection":"W","winddirectiondegrees":270,"windspeedms":2.73,"precipitation":2,"beaufort":2,"pollenindex":5,"icescrapeindex":1,"mintemp":15.6,"maxtemp":21.6,"windspeed":3},{"date":"2020-08-03T00:00:00","sunrise":"2020-08-03T06:04:46","sunset":"2020-08-03T21:27:25","datetime":"2020-08-03T00:00:00","datetimeutc":"2020-08-02T22:00:00","timetype":"Day","precipitationmm":2.9,"mintemperature":15.4,"maxtemperature":20.8,"cloudcover":25,"iconcode":"f","iconid":16,"sources":1,"winddirection":"ZW","winddirectiondegrees":225,"windspeedms":3.8,"precipitation":57,"beaufort":2,"pollenindex":5,"mintemp":15.4,"maxtemp":20.8,"windspeed":4},{"date":"2020-08-04T00:00:00","sunrise":"2020-08-04T06:06:21","sunset":"2020-08-04T21:25:37","datetime":"2020-08-04T00:00:00","datetimeutc":"2020-08-03T22:00:00","timetype":"Day","precipitationmm":2.2,"mintemperature":16.1,"maxtemperature":20.6,"cloudcover":25,"iconcode":"f","iconid":16,"sources":1,"winddirection":"W","winddirectiondegrees":270,"windspeedms":3.99,"precipitation":66,"beaufort":2,"pollenindex":5,"mintemp":16.1,"maxtemp":20.6,"windspeed":4},{"date":"2020-08-05T00:00:00","sunrise":"2020-08-05T06:07:58","sunset":"2020-08-05T21:23:48","datetime":"2020-08-05T00:00:00","datetimeutc":"2020-08-04T22:00:00","timetype":"Day","precipitationmm":1.3,"mintemperature":16.1,"maxtemperature":21.2,"cloudcover":25,"iconcode":"f","iconid":16,"sources":1,"winddirection":"W","winddirectiondegrees":270,"windspeedms":3.24,"precipitation":59,"beaufort":2,"pollenindex":5,"mintemp":16.1,"maxtemp":21.2,"windspeed":3},{"date":"2020-08-06T00:00:00","sunrise":"2020-08-06T06:09:34","sunset":"2020-08-06T21:21:57","datetime":"2020-08-06T00:00:00","datetimeutc":"2020-08-05T22:00:00","timetype":"Day","precipitationmm":0.0,"mintemperature":16.0,"maxtemperature":20.7,"cloudcover":75,"iconcode":"r","iconid":3,"sources":1,"winddirection":"NW","winddirectiondegrees":315,"windspeedms":3.08,"precipitation":2,"beaufort":2,"pollenindex":5,"mintemp":16.0,"maxtemp":20.7,"windspeed":3},{"date":"2020-08-07T00:00:00","sunrise":"2020-08-07T06:11:11","sunset":"2020-08-07T21:20:05","datetime":"2020-08-07T00:00:00","datetimeutc":"2020-08-06T22:00:00","timetype":"Day","precipitationmm":0.0,"mintemperature":15.2,"maxtemperature":21.5,"cloudcover":0,"iconcode":"a","iconid":1,"sources":1,"winddirection":"N","winddirectiondegrees":0,"windspeedms":2.34,"precipitation":1,"beaufort":2,"pollenindex":5,"mintemp":15.2,"maxtemp":21.5,"windspeed":2},{"date":"2020-08-08T00:00:00","sunrise":"2020-08-08T06:12:48","sunset":"2020-08-08T21:18:11","datetime":"2020-08-08T00:00:00","datetimeutc":"2020-08-07T22:00:00","timetype":"Day","precipitationmm":0.0,"mintemperature":15.8,"maxtemperature":21.6,"cloudcover":0,"iconcode":"a","iconid":1,"sources":1,"winddirection":"N","winddirectiondegrees":0,"windspeedms":2.93,"precipitation":2,"beaufort":2,"pollenindex":5,"mintemp":15.8,"maxtemp":21.6,"windspeed":3},{"date":"2020-08-09T00:00:00","sunrise":"2020-08-09T06:14:26","sunset":"2020-08-09T21:16:15","datetime":"2020-08-09T00:00:00","datetimeutc":"2020-08-08T22:00:00","timetype":"Day","precipitationmm":0.0,"mintemperature":15.8,"maxtemperature":21.3,"cloudcover":75,"iconcode":"r","iconid":3,"sources":1,"winddirection":"N","winddirectiondegrees":0,"windspeedms":3.56,"precipitation":2,"beaufort":2,"pollenindex":5,"mintemp":15.8,"maxtemp":21.3,"windspeed":4}]}