{"location":{"lat":52.37,"lon":4.89},"timeOffset":2.0,"timestamp":"2020-07-01T19:54:34","altitude":0,"elevation":0,"machinename":"None","elapsedms":0,"pollenindexNowDay":5,"pollenindexNowHour":5,"nowrelevant":{"values":[{"type":"pollenindex","value":5},{"type":"uvindex","value":6}]},"days":[{"date":"2020-07-01T00:00:00","sunrise":"2020-07-01T05:23:03","sunset":"2020-07-01T22:05:26","evening":{"datetime":"2020-07-01T22:00:00","datetimeutc":"2020-07-01T20:00:00","timetype":"Evening","precipitationmm":0.0,"mintemperature":17.0,"maxtemperature":17.2,"cloudcover":75,"iconcode":"r","iconid":19,"sources":1,"winddirection":"ZW","winddirectiondegrees":240,"windspeedms":4.6,"visibility":10540,"precipitation":2,"beaufort":3,"humidity":80,"sunshine":27,"hour":22,"mintemp":17.0,"maxtemp":17.2,"windspeed":17,"sunshinepower":0,"sunpower":0},"hours":[{"datetime":"2020-07-01T22:00:00","datetimeutc":"2020-07-01T20:00:00","timetype":"Hour","precipitationmm":0.0,"temperature":17.2,"feeltemperature":17.2,"cloudcover":91,"iconcode":"c","iconid":19,"sources":3,"winddirection":"ZW","winddirectiondegrees":246,"windspeedms":4.7,"visibility":11030,"precipitation":0,"beaufort":3,"humidity":79,"sunshine":55,"hour":22,"pollenindex":4,"windspeed":17,"sunshinepower":0,"sunpower":0},{"datetime":"2020-07-01T23:00:00","datetimeutc":"2020-07-01T21:00:00","timetype":"Hour","precipitationmm":0.0,"temperature":17.0,"feeltemperature":17.0,"cloudcover":60,"iconcode":"bb","iconid":19,"sources":3,"winddirection":"ZW","winddirectiondegrees":236,"windspeedms":4.4,"visibility":10050,"precipitation":4,"beaufort":3,"humidity":82,"sunshine":0,"hour":23,"pollenindex":4,"windspeed":16,"sunshinepower":0,"sunpower":0}],"datetime":"2020-07-01T00:00:00","datetimeutc":"2020-06-30T22:00:00","timetype":"Day","precipitationmm":0.3,"mintemperature":17.0,"maxtemperature":17.2,"cloudcover":75,"iconcode":"m","iconid":16,"sources":2,"winddirection":"ZW","winddirectiondegrees":225,"windspeedms":4.6,"visibility":10540,"precipitation":38,"beaufort":3,"humidity":80,"sunshine":27,"uvindex":6,"bbqindex":8,"mosquitoindex":9,"pollenindex":5,"mintemp":17.0,"maxtemp":17.2,"windspeed":5,"sunshinepower":0,"sunpower":0},{"date":"2020-07-02T00:00:00","sunrise":"2020-07-02T05:23:48","sunset":"2020-07-02T22:05:02","morning":{"datetime":"2020-07-02T07:00:00","datetimeutc":"2020-07-02T05:00:00","timetype":"Morning","precipitationmm":1.1,"mintemperature":16.1,"maxtemperature":18.0,"cloudcover":86,"iconcode":"m","iconid":22,"sources":1,"winddirection":"ZW","winddirectiondegrees":238,"windspeedms":5.0,"visibility":9020,"precipitation":80,"beaufort":3,"humidity":85,"sunshine":4,"hour":7,"mintemp":16.1,"maxtemp":18.0,"windspeed":18,"sunshinepower":201,"sunpower":201},"afternoon":{"datetime":"2020-07-02T12:00:00","datetimeutc":"2020-07-02T10:00:00","timetype":"Afternoon","precipitationmm":0.0,"mintemperature":18.4,"maxtemperature":18.8,"cloudcover":62,"iconcode":"b","iconid":8,"sources":1,"winddirection":"W","winddirectiondegrees":263,"windspeedms":6.8,"visibility":13118,"precipitation":1,"beaufort":4,"humidity":67,"sunshine":29,"hour":12,"mintemp":18.4,"maxtemp":18.8,"windspeed":24,"sunshinepower":545,"sunpower":545},"evening":{"datetime":"2020-07-02T18:00:00","datetimeutc":"2020-07-02T16:00:00","timetype":"Evening","precipitationmm":0.1,"mintemperature":16.0,"maxtemperature":18.4,"cloudcover":55,"iconcode":"b","iconid":19,"sources":1,"winddirection":"W","winddirectiondegrees":255,"windspeedms":5.1,"visibility":12428,"precipitation":23,"beaufort":3,"humidity":73,"sunshine":36,"hour":18,"mintemp":16.0,"maxtemp":18.4,"windspeed":18,"sunshinepower":147,"sunpower":147},"night":{"datetime":"2020-07-02T00:00:00","datetimeutc":"2020-07-01T22:00:00","timetype":"Night","precipitationmm":0.1,"mintemperature":15.4,"maxtemperature":16.6,"cloudcover":93,"iconcode":"c","iconid":19,"sources":1,"winddirection":"ZW","winddirectiondegrees":234,"windspeedms":4.0,"visibility":9592,"precipitation":17,"beaufort":3,"humidity":91,"sunshine":0,"hour":0,"mintemp":15.4,"maxtemp":16.6,"windspeed":14,"sunshinepower":2,"sunpower":2},"hours":[{"datetime":"2020-07-02T00:00:00","datetimeutc":"2020-07-01T22:00:00","timetype":"Hour","precipitationmm":0.0,"temperature":16.6,"feeltemperature":16.6,"cloudcover":73,"iconcode":"rr","iconid":19,"sources":2,"winddirection":"ZW","winddirectiondegrees":234,"windspeedms":4.1,"visibility":10060,"precipitation":0,"beaufort":3,"humidity":85,"sunshine":0,"hour":0,"pollenindex":4,"windspeed":15,"sunshinepower":0,"sunpower":0},{"datetime":"2020-07-02T01:00:00","datetimeutc":"2020-07-01T23:00:00","timetype":"Hour","precipitationmm":0.0,"temperature":16.1,"feeltemperature":16.1,"cloudcover":87,"iconcode":"rr","iconid":19,"sources":2,"winddirection":"ZW","winddirectiondegrees":235,"windspeedms":3.8,"visibility":10060,"precipitation":0,"beaufort":2,"humidity":88,"sunshine":0,"hour":1,"pollenindex":4,"windspeed":14,"sunshinepower":0,"sunpower":0},{"datetime":"2020-07-02T02:00:00","datetimeutc":"2020-07-02T00:00:00","timetype":"Hour","precipitationmm":0.0,"temperature":15.8,"feeltemperature":15.8,"cloudcover":100,"iconcode":"cc","iconid":22,"sources":2,"winddirection":"ZW","winddirectiondegrees":236,"windspeedms":3.7,"visibility":10060,"precipitation":0,"beaufort":2,"humidity":91,"sunshine":0,"hour":2,"pollenindex":4,"windspeed":13,"sunshinepower":0,"sunpower":0},{"datetime":"2020-07-02T03:00:00","datetimeutc":"2020-07-02T01:00:00","timetype":"Hour","precipitationmm":0.0,"temperature":15.5,"feeltemperature":15.5,"cloudcover":100,"iconcode":"cc","iconid":22,"sources":2,"winddirection":"ZW","winddirectiondegrees":233,"windspeedms":3.9,"visibility":9660,"precipitation":1,"beaufort":2,"humidity":92,"sunshine":0,"hour":3,"pollenindex":4,"windspeed":14,"sunshinepower":0,"sunpower":0},{"datetime":"2020-07-02T04:00:00","datetimeutc":"2020-07-02T02:00:00","timetype":"Hour","precipitationmm":0.0,"temperature":15.4,"feeltemperature":15.4,"cloudcover":100,"iconcode":"cc","iconid":22,"sources":2,"winddirection":"ZW","winddirectiondegrees":235,"windspeedms":4.3,"visibility":9260,"precipitation":0,"beaufort":3,"humidity":94,"sunshine":0,"hour":4,"pollenindex":3,"windspeed":15,"sunshinepower":0,"sunpower":0},{"datetime":"2020-07-02T05:00:00","datetimeutc":"2020-07-02T03:00:00","timetype":"Hour","precipitationmm":0.0,"temperature":15.4,"feeltemperature":15.4,"cloudcover":98,"iconcode":"cc","iconid":22,"sources":2,"winddirection":"ZW","winddirectiondegrees":236,"windspeedms":4.3,"visibility":9230,"precipitation":0,"beaufort":3,"humidity":94,"sunshine":0,"hour":5,"pollenindex":3,"windspeed":15,"sunshinepower":0,"sunpower":0},{"datetime":"2020-07-02T06:00:00","datetimeutc":"2020-07-02T04:00:00","timetype":"Hour","precipitationmm":0.1,"temperature":15.6,"feeltemperature":15.6,"cloudcover":98,"iconcode":"m","iconid":22,"sources":2,"winddirection":"ZW","winddirectiondegrees":235,"windspeedms":4.2,"visibility":8820,"precipitation":83,"beaufort":3,"humidity":93,"sunshine":0,"hour":6,"pollenindex":3,"windspeed":15,"sunshinepower":17,"sunpower":17},{"datetime":"2020-07-02T07:00:00","datetimeutc":"2020-07-02T05:00:00","timetype":"Hour","precipitationmm":0.5,"temperature":16.1,"feeltemperature":16.1,"cloudcover":99,"iconcode":"m","iconid":22,"sources":2,"winddirection":"ZW","winddirectiondegrees":232,"windspeedms":4.3,"visibility":8820,"precipitation":86,"beaufort":3,"humidity":91,"sunshine":0,"hour":7,"pollenindex":4,"windspeed":15,"sunshinepower":67,"sunpower":67},{"datetime":"2020-07-02T08:00:00","datetimeutc":"2020-07-02T06:00:00","timetype":"Hour","precipitationmm":0.1,"temperature":16.6,"feeltemperature":16.6,"cloudcover":97,"iconcode":"m","iconid":21,"sources":2,"winddirection":"ZW","winddirectiondegrees":238,"windspeedms":4.5,"visibility":8620,"precipitation":78,"beaufort":3,"humidity":89,"sunshine":0,"hour":8,"pollenindex":4,"windspeed":16,"sunshinepower":129,"sunpower":129},{"datetime":"2020-07-02T09:00:00","datetimeutc":"2020-07-02T07:00:00","timetype":"Hour","precipitationmm":0.1,"temperature":16.9,"feeltemperature":16.9,"cloudcover":89,"iconcode":"m","iconid":21,"sources":2,"winddirection":"ZW","winddirectiondegrees":238,"windspeedms":5.1,"visibility":9420,"precipitation":81,"beaufort":3,"humidity":86,"sunshine":0,"hour":9,"pollenindex":4,"windspeed":18,"sunshinepower":191,"sunpower":191},{"datetime":"2020-07-02T10:00:00","datetimeutc":"2020-07-02T08:00:00","timetype":"Hour","precipitationmm":0.2,"temperature":17.4,"feeltemperature":17.4,"cloudcover":79,"iconcode":"m","iconid":22,"sources":2,"winddirection":"ZW","winddirectiondegrees":241,"windspeedms":5.5,"visibility":9420,"precipitation":75,"beaufort":3,"humidity":82,"sunshine":5,"hour":10,"pollenindex":5,"windspeed":20,"sunshinepower":261,"sunpower":261},{"datetime":"2020-07-02T11:00:00","datetimeutc":"2020-07-02T09:00:00","timetype":"Hour","precipitationmm":0.2,"temperature":18.0,"feeltemperature":18.0,"cloudcover":69,"iconcode":"m","iconid":33,"sources":2,"winddirection":"ZW","winddirectiondegrees":246,"windspeedms":5.6,"visibility":8820,"precipitation":80,"beaufort":3,"humidity":77,"sunshine":16,"hour":11,"pollenindex":5,"windspeed":20,"sunshinepower":360,"sunpower":360},{"datetime":"2020-07-02T12:00:00","datetimeutc":"2020-07-02T10:00:00","timetype":"Hour","precipitationmm":0.0,"temperature":18.5,"feeltemperature":18.5,"cloudcover":68,"iconcode":"b","iconid":8,"sources":2,"winddirection":"W","winddirectiondegrees":260,"windspeedms":6.0,"visibility":9810,"precipitation":2,"beaufort":4,"humidity":72,"sunshine":26,"hour":12,"pollenindex":6,"windspeed":22,"sunshinepower":472,"sunpower":472},{"datetime":"2020-07-02T13:00:00","datetimeutc":"2020-07-02T11:00:00","timetype":"Hour","precipitationmm":0.0,"temperature":18.8,"feeltemperature":18.8,"cloudcover":68,"iconcode":"b","iconid":19,"sources":2,"winddirection":"W","winddirectiondegrees":258,"windspeedms":6.8,"visibility":13020,"precipitation":1,"beaufort":4,"humidity":68,"sunshine":26,"hour":13,"pollenindex":6,"windspeed":24,"sunshinepower":554,"sunpower":554},{"datetime":"2020-07-02T14:00:00","datetimeutc":"2020-07-02T12:00:00","timetype":"Hour","precipitationmm":0.0,"temperature":18.8,"feeltemperature":18.8,"cloudcover":67,"iconcode":"b","iconid":8,"sources":2,"winddirection":"W","winddirectiondegrees":267,"windspeedms":7.2,"visibility":14620,"precipitation":1,"beaufort":4,"humidity":67,"sunshine":26,"hour":14,"pollenindex":6,"windspeed":26,"sunshinepower":595,"sunpower":595},{"datetime":"2020-07-02T15:00:00","datetimeutc":"2020-07-02T13:00:00","timetype":"Hour","precipitationmm":0.0,"temperature":18.7,"feeltemperature":18.7,"cloudcover":63,"iconcode":"b","iconid":7,"sources":2,"winddirection":"W","winddirectiondegrees":268,"windspeedms":7.0,"visibility":13020,"precipitation":1,"beaufort":4,"humidity":67,"sunshine":28,"hour":15,"pollenindex":6,"windspeed":25,"sunshinepower":594,"sunpower":594},{"datetime":"2020-07-02T16:00:00","datetimeutc":"2020-07-02T14:00:00","timetype":"Hour","precipitationmm":0.0,"temperature":18.5,"feeltemperature":18.5,"cloudcover":58,"iconcode":"b","iconid":7,"sources":2,"winddirection":"W","winddirectiondegrees":266,"windspeedms":6.8,"visibility":14420,"precipitation":1,"beaufort":4,"humidity":67,"sunshine":33,"hour":16,"pollenindex":6,"windspeed":24,"sunshinepower":563,"sunpower":563},{"datetime":"2020-07-02T17:00:00","datetimeutc":"2020-07-02T15:00:00","timetype":"Hour","precipitationmm":0.0,"temperature":18.4,"feeltemperature":18.4,"cloudcover":53,"iconcode":"b","iconid":19,"sources":2,"winddirection":"W","winddirectiondegrees":263,"windspeedms":6.8,"visibility":13820,"precipitation":0,"beaufort":4,"humidity":66,"sunshine":38,"hour":17,"pollenindex":6,"windspeed":24,"sunshinepower":492,"sunpower":492},{"datetime":"2020-07-02T18:00:00","datetimeutc":"2020-07-02T16:00:00","timetype":"Hour","precipitationmm":0.0,"temperature":18.4,"feeltemperature":18.4,"cloudcover":48,"iconcode":"j","iconid":19,"sources":2,"winddirection":"W","winddirectiondegrees":259,"windspeedms":6.5,"visibility":12610,"precipitation":1,"beaufort":4,"humidity":66,"sunshine":43,"hour":18,"pollenindex":6,"windspeed":23,"sunshinepower":384,"sunpower":384},{"datetime":"2020-07-02T19:00:00","datetimeutc":"2020-07-02T17:00:00","timetype":"Hour","precipitationmm":0.0,"temperature":18.3,"feeltemperature":18.3,"cloudcover":48,"iconcode":"j","iconid":19,"sources":2,"winddirection":"W","winddirectiondegrees":258,"windspeedms":6.2,"visibility":12220,"precipitation":1,"beaufort":4,"humidity":67,"sunshine":50,"hour":19,"pollenindex":5,"windspeed":22,"sunshinepower":273,"sunpower":273},{"datetime":"2020-07-02T20:00:00","datetimeutc":"2020-07-02T18:00:00","timetype":"Hour","precipitationmm":0.0,"temperature":17.8,"feeltemperature":17.8,"cloudcover":61,"iconcode":"b","iconid":5,"sources":2,"winddirection":"W","winddirectiondegrees":259,"windspeedms":5.6,"visibility":12210,"precipitation":1,"beaufort":3,"humidity":70,"sunshine":50,"hour":20,"pollenindex":5,"windspeed":20,"sunshinepower":164,"sunpower":164},{"datetime":"2020-07-02T21:00:00","datetimeutc":"2020-07-02T19:00:00","timetype":"Hour","precipitationmm":0.1,"temperature":17.1,"feeltemperature":17.1,"cloudcover":61,"iconcode":"f","iconid":5,"sources":2,"winddirection":"W","winddirectiondegrees":258,"windspeedms":5.0,"visibility":12020,"precipitation":78,"beaufort":3,"humidity":74,"sunshine":35,"hour":21,"pollenindex":5,"windspeed":18,"sunshinepower":64,"sunpower":64},{"datetime":"2020-07-02T22:00:00","datetimeutc":"2020-07-02T20:00:00","timetype":"Hour","precipitationmm":0.0,"temperature":16.4,"feeltemperature":16.4,"cloudcover":60,"iconcode":"b","iconid":8,"sources":2,"winddirection":"W","winddirectiondegrees":256,"windspeedms":4.0,"visibility":13650,"precipitation":1,"beaufort":3,"humidity":79,"sunshine":35,"hour":22,"pollenindex":4,"windspeed":14,"sunshinepower":0,"sunpower":0},{"datetime":"2020-07-02T23:00:00","datetimeutc":"2020-07-02T21:00:00","timetype":"Hour","precipitationmm":0.0,"temperature":16.0,"feeltemperature":16.0,"cloudcover":55,"iconcode":"bb","iconid":7,"sources":2,"winddirection":"ZW","winddirectiondegrees":245,"windspeedms":3.6,"visibility":11860,"precipitation":1,"beaufort":2,"humidity":83,"sunshine":5,"hour":23,"pollenindex":4,"windspeed":13,"sunshinepower":0,"sunpower":0}],"datetime":"2020-07-02T00:00:00","datetimeutc":"2020-07-01T22:00:00","timetype":"Day","precipitationmm":1.4,"mintemperature":15.4,"maxtemperature":18.8,"cloudcover":74,"iconcode":"m","iconid":16,"sources":2,"winddirection":"ZW","winddirectiondegrees":225,"windspeedms":5.2,"visibility":11063,"precipitation":32,"beaufort":3,"humidity":79,"sunshine":17,"uvindex":5,"bbqindex":6,"mosquitoindex":7,"pollenindex":5,"icescrapeindex":1,"mintemp":15.4,"maxtemp":18.8,"windspeed":5,"sunshinepower":215,"sunpower":215},{"date":"2020-07-03T00:00:00","sunrise":"2020-07-03T05:24:36","sunset":"2020-07-03T22:04:34","morning":{"datetime":"2020-07-03T07:00:00","datetimeutc":"2020-07-03T05:00:00","timetype":"Morning","precipitationmm":0.1,"mintemperature":15.0,"maxtemperature":18.4,"cloudcover":76,"iconcode":"n","iconid":17,"sources":1,"winddirection":"ZW","winddirectiondegrees":241,"windspeedms":4.2,"visibility":5656,"precipitation":16,"beaufort":3,"humidity":78,"sunshine":24,"hour":7,"mintemp":15.0,"maxtemp":18.4,"windspeed":15,"sunshinepower":336,"sunpower":336},"afternoon":{"datetime":"2020-07-03T14:00:00","datetimeutc":"2020-07-03T12:00:00","timetype":"Afternoon","precipitationmm":0.0,"mintemperature":19.0,"maxtemperature":19.8,"cloudcover":58,"iconcode":"b","iconid":20,"sources":1,"winddirection":"ZW","winddirectiondegrees":244,"windspeedms":7.5,"visibility":15548,"precipitation":0,"beaufort":4,"humidity":62,"sunshine":26,"hour":14,"mintemp":19.0,"maxtemp":19.8,"windspeed":27,"sunshinepower":546,"sunpower":546},"evening":{"datetime":"2020-07-03T18:00:00","datetimeutc":"2020-07-03T16:00:00","timetype":"Evening","precipitationmm":0.0,"mintemperature":16.9,"maxtemperature":19.1,"cloudcover":82,"iconcode":"r","iconid":20,"sources":1,"winddirection":"ZW","winddirectiondegrees":243,"windspeedms":7.6,"visibility":17458,"precipitation":0,"beaufort":4,"humidity":68,"sunshine":26,"hour":18,"mintemp":16.9,"maxtemp":19.1,"windspeed":27,"sunshinepower":152,"sunpower":152},"night":{"datetime":"2020-07-03T00:00:00","datetimeutc":"2020-07-02T22:00:00","timetype":"Night","precipitationmm":0.0,"mintemperature":14.4,"maxtemperature":15.7,"cloudcover":75,"iconcode":"n","iconid":7,"sources":1,"winddirection":"W","winddirectiondegrees":251,"windspeedms":3.2,"visibility":4134,"precipitation":0,"beaufort":2,"humidity":90,"sunshine":2,"hour":0,"mintemp":14.4,"maxtemp":15.7,"windspeed":12,"sunshinepower":3,"sunpower":3},"hours":[{"datetime":"2020-07-03T00:00:00","datetimeutc":"2020-07-02T22:00:00","timetype":"Hour","precipitationmm":0.0,"temperature":15.7,"feeltemperature":15.7,"cloudcover":66,"iconcode":"bb","iconid":7,"sources":2,"winddirection":"ZW","winddirectiondegrees":243,"windspeedms":3.3,"visibility":9450,"precipitation":0,"beaufort":2,"humidity":86,"sunshine":0,"hour":0,"pollenindex":4,"windspeed":12,"sunshinepower":0,"sunpower":0},{"datetime":"2020-07-03T01:00:00","datetimeutc":"2020-07-02T23:00:00","timetype":"Hour","precipitationmm":0.0,"temperature":15.5,"feeltemperature":15.5,"cloudcover":82,"iconcode":"rr","iconid":19,"sources":2,"winddirection":"W","winddirectiondegrees":249,"windspeedms":3.1,"visibility":10060,"precipitation":0,"beaufort":2,"humidity":88,"sunshine":0,"hour":1,"pollenindex":4,"windspeed":11,"sunshinepower":0,"sunpower":0},{"datetime":"2020-07-03T02:00:00","datetimeutc":"2020-07-03T00:00:00","timetype":"Hour","precipitationmm":0.0,"temperature":15.1,"feeltemperature":15.1,"cloudcover":91,"iconcode":"cc","iconid":19,"sources":2,"winddirection":"W","winddirectiondegrees":259,"windspeedms":3.2,"visibility":8660,"precipitation":0,"beaufort":2,"humidity":90,"sunshine":0,"hour":2,"pollenindex":4,"windspeed":12,"sunshinepower":0,"sunpower":0},{"datetime":"2020-07-03T03:00:00","datetimeutc":"2020-07-03T01:00:00","timetype":"Hour","precipitationmm":0.0,"temperature":14.8,"feeltemperature":14.8,"cloudcover":86,"iconcode":"dd","iconid":16,"sources":2,"winddirection":"W","winddirectiondegrees":263,"windspeedms":3.2,"visibility":260,"precipitation":0,"beaufort":2,"humidity":91,"sunshine":0,"hour":3,"pollenindex":4,"windspeed":12,"sunshinepower":0,"sunpower":0},{"datetime":"2020-07-03T04:00:00","datetimeutc":"2020-07-03T02:00:00","timetype":"Hour","precipitationmm":0.0,"temperature":14.4,"feeltemperature":14.4,"cloudcover":75,"iconcode":"nn","iconid":17,"sources":2,"winddirection":"W","winddirectiondegrees":252,"windspeedms":3.2,"visibility":260,"precipitation":0,"beaufort":2,"humidity":93,"sunshine":0,"hour":4,"pollenindex":3,"windspeed":12,"sunshinepower":0,"sunpower":0},{"datetime":"2020-07-03T05:00:00","datetimeutc":"2020-07-03T03:00:00","timetype":"Hour","precipitationmm":0.0,"temperature":14.4,"feeltemperature":14.4,"cloudcover":66,"iconcode":"nn","iconid":17,"sources":2,"winddirection":"W","winddirectiondegrees":250,"windspeedms":3.3,"visibility":230,"precipitation":0,"beaufort":2,"humidity":92,"sunshine":0,"hour":5,"pollenindex":4,"windspeed":12,"sunshinepower":0,"sunpower":0},{"datetime":"2020-07-03T06:00:00","datetimeutc":"2020-07-03T04:00:00","timetype":"Hour","precipitationmm":0.0,"temperature":14.6,"feeltemperature":13.9,"cloudcover":63,"iconcode":"n","iconid":17,"sources":2,"winddirection":"ZW","winddirectiondegrees":247,"windspeedms":3.4,"visibility":20,"precipitation":0,"beaufort":2,"humidity":91,"sunshine":18,"hour":6,"pollenindex":4,"windspeed":12,"sunshinepower":24,"sunpower":24},{"datetime":"2020-07-03T07:00:00","datetimeutc":"2020-07-03T05:00:00","timetype":"Hour","precipitationmm":0.0,"temperature":15.0,"feeltemperature":15.0,"cloudcover":63,"iconcode":"n","iconid":17,"sources":2,"winddirection":"W","winddirectiondegrees":249,"windspeedms":3.4,"visibility":20,"precipitation":0,"beaufort":2,"humidity":88,"sunshine":33,"hour":7,"pollenindex":4,"windspeed":12,"sunshinepower":109,"sunpower":109},{"datetime":"2020-07-03T08:00:00","datetimeutc":"2020-07-03T06:00:00","timetype":"Hour","precipitationmm":0.0,"temperature":15.7,"feeltemperature":15.7,"cloudcover":66,"iconcode":"n","iconid":17,"sources":2,"winddirection":"ZW","winddirectiondegrees":247,"windspeedms":3.7,"visibility":10,"precipitation":0,"beaufort":2,"humidity":84,"sunshine":33,"hour":8,"pollenindex":4,"windspeed":13,"sunshinepower":231,"sunpower":231},{"datetime":"2020-07-03T09:00:00","datetimeutc":"2020-07-03T07:00:00","timetype":"Hour","precipitationmm":0.0,"temperature":16.6,"feeltemperature":16.6,"cloudcover":75,"iconcode":"r","iconid":22,"sources":2,"winddirection":"ZW","winddirectiondegrees":245,"windspeedms":4.3,"visibility":9220,"precipitation":0,"beaufort":3,"humidity":79,"sunshine":30,"hour":9,"pollenindex":4,"windspeed":15,"sunshinepower":358,"sunpower":358},{"datetime":"2020-07-03T10:00:00","datetimeutc":"2020-07-03T08:00:00","timetype":"Hour","precipitationmm":0.0,"temperature":17.5,"feeltemperature":17.5,"cloudcover":87,"iconcode":"r","iconid":22,"sources":2,"winddirection":"ZW","winddirectiondegrees":236,"windspeedms":4.6,"visibility":9020,"precipitation":0,"beaufort":3,"humidity":74,"sunshine":20,"hour":10,"pollenindex":6,"windspeed":17,"sunshinepower":460,"sunpower":460},{"datetime":"2020-07-03T11:00:00","datetimeutc":"2020-07-03T09:00:00","timetype":"Hour","precipitationmm":0.1,"temperature":18.4,"feeltemperature":18.4,"cloudcover":91,"iconcode":"m","iconid":22,"sources":2,"winddirection":"ZW","winddirectiondegrees":230,"windspeedms":5.0,"visibility":10010,"precipitation":79,"beaufort":3,"humidity":69,"sunshine":8,"hour":11,"pollenindex":6,"windspeed":18,"sunshinepower":526,"sunpower":526},{"datetime":"2020-07-03T12:00:00","datetimeutc":"2020-07-03T10:00:00","timetype":"Hour","precipitationmm":0.0,"temperature":19.0,"feeltemperature":19.0,"cloudcover":86,"iconcode":"r","iconid":22,"sources":2,"winddirection":"ZW","winddirectiondegrees":228,"windspeedms":5.9,"visibility":10210,"precipitation":0,"beaufort":3,"humidity":65,"sunshine":3,"hour":12,"pollenindex":6,"windspeed":21,"sunshinepower":535,"sunpower":535},{"datetime":"2020-07-03T13:00:00","datetimeutc":"2020-07-03T11:00:00","timetype":"Hour","precipitationmm":0.0,"temperature":19.6,"feeltemperature":19.6,"cloudcover":74,"iconcode":"r","iconid":20,"sources":2,"winddirection":"ZW","winddirectiondegrees":234,"windspeedms":6.7,"visibility":11620,"precipitation":1,"beaufort":4,"humidity":63,"sunshine":8,"hour":13,"pollenindex":6,"windspeed":24,"sunshinepower":516,"sunpower":516},{"datetime":"2020-07-03T14:00:00","datetimeutc":"2020-07-03T12:00:00","timetype":"Hour","precipitationmm":0.0,"temperature":19.8,"feeltemperature":19.8,"cloudcover":65,"iconcode":"b","iconid":20,"sources":1,"winddirection":"W","winddirectiondegrees":249,"windspeedms":7.8,"visibility":15420,"precipitation":1,"beaufort":4,"humidity":62,"sunshine":21,"hour":14,"pollenindex":6,"windspeed":28,"sunshinepower":542,"sunpower":542},{"datetime":"2020-07-03T15:00:00","datetimeutc":"2020-07-03T13:00:00","timetype":"Hour","precipitationmm":0.0,"temperature":19.8,"feeltemperature":19.8,"cloudcover":56,"iconcode":"b","iconid":20,"sources":1,"winddirection":"W","winddirectiondegrees":251,"windspeedms":7.95,"visibility":16010,"precipitation":0,"beaufort":4,"humidity":61,"sunshine":31,"hour":15,"pollenindex":6,"windspeed":29,"sunshinepower":582,"sunpower":582},{"datetime":"2020-07-03T16:00:00","datetimeutc":"2020-07-03T14:00:00","timetype":"Hour","precipitationmm":0.0,"temperature":19.6,"feeltemperature":19.6,"cloudcover":41,"iconcode":"j","iconid":20,"sources":1,"winddirection":"W","winddirectiondegrees":254,"windspeedms":8.48,"visibility":19410,"precipitation":0,"beaufort":4,"humidity":61,"sunshine":40,"hour":16,"pollenindex":6,"windspeed":31,"sunshinepower":583,"sunpower":583},{"datetime":"2020-07-03T17:00:00","datetimeutc":"2020-07-03T15:00:00","timetype":"Hour","precipitationmm":0.0,"temperature":19.3,"feeltemperature":19.3,"cloudcover":30,"iconcode":"j","iconid":20,"sources":1,"winddirection":"W","winddirectiondegrees":251,"windspeedms":8.15,"visibility":20620,"precipitation":0,"beaufort":4,"humidity":61,"sunshine":56,"hour":17,"pollenindex":6,"windspeed":29,"sunshinepower":522,"sunpower":522},{"datetime":"2020-07-03T18:00:00","datetimeutc":"2020-07-03T16:00:00","timetype":"Hour","precipitationmm":0.0,"temperature":19.1,"feeltemperature":19.1,"cloudcover":47,"iconcode":"j","iconid":20,"sources":1,"winddirection":"W","winddirectiondegrees":248,"windspeedms":8.12,"visibility":20210,"precipitation":0,"beaufort":4,"humidity":61,"sunshine":68,"hour":18,"pollenindex":6,"windspeed":29,"sunshinepower":413,"sunpower":413},{"datetime":"2020-07-03T19:00:00","datetimeutc":"2020-07-03T17:00:00","timetype":"Hour","precipitationmm":0.0,"temperature":18.7,"feeltemperature":18.7,"cloudcover":67,"iconcode":"b","iconid":20,"sources":1,"winddirection":"ZW","winddirectiondegrees":246,"windspeedms":7.95,"visibility":18420,"precipitation":0,"beaufort":4,"humidity":64,"sunshine":50,"hour":19,"pollenindex":5,"windspeed":29,"sunshinepower":289,"sunpower":289},{"datetime":"2020-07-03T20:00:00","datetimeutc":"2020-07-03T18:00:00","timetype":"Hour","precipitationmm":0.0,"temperature":18.1,"feeltemperature":18.1,"cloudcover":85,"iconcode":"r","iconid":22,"sources":1,"winddirection":"ZW","winddirectiondegrees":245,"windspeedms":7.56,"visibility":16610,"precipitation":0,"beaufort":4,"humidity":67,"sunshine":28,"hour":20,"pollenindex":5,"windspeed":27,"sunshinepower":160,"sunpower":160},{"datetime":"2020-07-03T21:00:00","datetimeutc":"2020-07-03T19:00:00","timetype":"Hour","precipitationmm":0.0,"temperature":17.4,"feeltemperature":17.4,"cloudcover":97,"iconcode":"c","iconid":22,"sources":1,"winddirection":"ZW","winddirectiondegrees":241,"windspeedms":7.24,"visibility":17220,"precipitation":0,"beaufort":4,"humidity":70,"sunshine":10,"hour":21,"pollenindex":5,"windspeed":26,"sunshinepower":55,"sunpower":55},{"datetime":"2020-07-03T22:00:00","datetimeutc":"2020-07-03T20:00:00","timetype":"Hour","precipitationmm":0.0,"temperature":17.0,"feeltemperature":17.0,"cloudcover":100,"iconcode":"c","iconid":22,"sources":1,"winddirection":"ZW","winddirectiondegrees":241,"windspeedms":7.3,"visibility":17030,"precipitation":0,"beaufort":4,"humidity":72,"sunshine":0,"hour":22,"pollenindex":5,"windspeed":26,"sunshinepower":0,"sunpower":0},{"datetime":"2020-07-03T23:00:00","datetimeutc":"2020-07-03T21:00:00","timetype":"Hour","precipitationmm":0.0,"temperature":16.9,"feeltemperature":16.9,"cloudcover":100,"iconcode":"cc","iconid":22,"sources":1,"winddirection":"ZW","winddirectiondegrees":239,"windspeedms":7.27,"visibility":15260,"precipitation":0,"beaufort":4,"humidity":74,"sunshine":0,"hour":23,"pollenindex":5,"windspeed":26,"sunshinepower":0,"sunpower":0}],"datetime":"2020-07-03T00:00:00","datetimeutc":"2020-07-02T22:00:00","timetype":"Day","precipitationmm":0.0,"mintemperature":14.4,"maxtemperature":19.8,"cloudcover":73,"iconcode":"r","iconid":3,"sources":2,"winddirection":"ZW","winddirectiondegrees":225,"windspeedms":5.6,"visibility":10635,"precipitation":0,"beaufort":3,"humidity":75,"sunshine":19,"uvindex":6,"bbqindex":6,"mosquitoindex":7,"pollenindex":5,"icescrapeindex":1,"mintemp":14.4,"maxtemp":19.8,"windspeed":6,"sunshinepower":246,"sunpower":246},{"date":"2020-07-04T00:00:00","sunrise":"2020-07-04T05:25:27","sunset":"2020-07-04T22:04:03","hours":[{"datetime":"2020-07-04T00:00:00","datetimeutc":"2020-07-03T22:00:00","timetype":"Hour","precipitationmm":0.0,"temperature":16.7,"feeltemperature":16.7,"cloudcover":100,"iconcode":"cc","iconid":22,"sources":1,"winddirection":"ZW","winddirectiondegrees":238,"windspeedms":7.34,"visibility":12460,"precipitation":0,"beaufort":4,"humidity":75,"sunshine":0,"hour":0,"pollenindex":5,"windspeed":26,"sunshinepower":0,"sunpower":0},{"datetime":"2020-07-04T01:00:00","datetimeutc":"2020-07-03T23:00:00","timetype":"Hour","precipitationmm":0.0,"temperature":16.7,"feeltemperature":16.7,"cloudcover":84,"iconcode":"rr","iconid":22,"sources":1,"winddirection":"ZW","winddirectiondegrees":240,"windspeedms":7.14,"visibility":11060,"precipitation":0,"beaufort":4,"humidity":77,"sunshine":0,"hour":1,"pollenindex":5,"windspeed":26,"sunshinepower":0,"sunpower":0},{"datetime":"2020-07-04T02:00:00","datetimeutc":"2020-07-04T00:00:00","timetype":"Hour","precipitationmm":0.0,"temperature":16.6,"feeltemperature":16.6,"cloudcover":74,"iconcode":"rr","iconid":22,"sources":1,"winddirection":"ZW","winddirectiondegrees":245,"windspeedms":7.19,"visibility":10050,"precipitation":1,"beaufort":4,"humidity":78,"sunshine":0,"hour":2,"pollenindex":4,"windspeed":26,"sunshinepower":0,"sunpower":0},{"datetime":"2020-07-04T03:00:00","datetimeutc":"2020-07-04T01:00:00","timetype":"Hour","precipitationmm":0.0,"temperature":16.4,"feeltemperature":16.4,"cloudcover":85,"iconcode":"rr","iconid":21,"sources":1,"winddirection":"ZW","winddirectiondegrees":247,"windspeedms":7.01,"visibility":10050,"precipitation":1,"beaufort":4,"humidity":80,"sunshine":0,"hour":3,"pollenindex":4,"windspeed":25,"sunshinepower":0,"sunpower":0},{"datetime":"2020-07-04T04:00:00","datetimeutc":"2020-07-04T02:00:00","timetype":"Hour","precipitationmm":0.0,"temperature":16.2,"feeltemperature":16.2,"cloudcover":100,"iconcode":"cc","iconid":21,"sources":1,"winddirection":"ZW","winddirectiondegrees":245,"windspeedms":6.9,"visibility":10050,"precipitation":1,"beaufort":4,"humidity":83,"sunshine":0,"hour":4,"pollenindex":4,"windspeed":25,"sunshinepower":0,"sunpower":0},{"datetime":"2020-07-04T05:00:00","datetimeutc":"2020-07-04T03:00:00","timetype":"Hour","precipitationmm":0.0,"temperature":16.1,"feeltemperature":16.1,"cloudcover":100,"iconcode":"cc","iconid":21,"sources":1,"winddirection":"ZW","winddirectiondegrees":243,"windspeedms":6.86,"visibility":10030,"precipitation":1,"beaufort":4,"humidity":84,"sunshine":0,"hour":5,"pollenindex":4,"windspeed":25,"sunshinepower":0,"sunpower":0},{"datetime":"2020-07-04T06:00:00","datetimeutc":"2020-07-04T04:00:00","timetype":"Hour","precipitationmm":0.0,"temperature":16.1,"feeltemperature":16.1,"cloudcover":100,"iconcode":"d","iconid":20,"sources":1,"winddirection":"ZW","winddirectiondegrees":242,"windspeedms":6.92,"visibility":420,"precipitation":2,"beaufort":4,"humidity":86,"sunshine":0,"hour":6,"pollenindex":4,"windspeed":25,"sunshinepower":14,"sunpower":14},{"datetime":"2020-07-04T07:00:00","datetimeutc":"2020-07-04T05:00:00","timetype":"Hour","precipitationmm":0.0,"temperature":16.2,"feeltemperature":16.2,"cloudcover":100,"iconcode":"d","iconid":17,"sources":1,"winddirection":"ZW","winddirectiondegrees":239,"windspeedms":6.97,"visibility":210,"precipitation":2,"beaufort":4,"humidity":87,"sunshine":0,"hour":7,"pollenindex":4,"windspeed":25,"sunshinepower":49,"sunpower":49},{"datetime":"2020-07-04T08:00:00","datetimeutc":"2020-07-04T06:00:00","timetype":"Hour","precipitationmm":0.0,"temperature":16.2,"feeltemperature":16.2,"cloudcover":100,"iconcode":"d","iconid":17,"sources":1,"winddirection":"ZW","winddirectiondegrees":235,"windspeedms":7.01,"visibility":210,"precipitation":2,"beaufort":4,"humidity":88,"sunshine":0,"hour":8,"pollenindex":4,"windspeed":25,"sunshinepower":80,"sunpower":80},{"datetime":"2020-07-04T09:00:00","datetimeutc":"2020-07-04T07:00:00","timetype":"Hour","precipitationmm":0.8,"temperature":16.3,"feeltemperature":16.3,"cloudcover":100,"iconcode":"m","iconid":33,"sources":1,"winddirection":"ZW","winddirectiondegrees":233,"windspeedms":7.16,"visibility":610,"precipitation":78,"beaufort":4,"humidity":88,"sunshine":0,"hour":9,"pollenindex":4,"windspeed":26,"sunshinepower":121,"sunpower":121},{"datetime":"2020-07-04T10:00:00","datetimeutc":"2020-07-04T08:00:00","timetype":"Hour","precipitationmm":0.0,"temperature":16.6,"feeltemperature":16.6,"cloudcover":100,"iconcode":"c","iconid":22,"sources":1,"winddirection":"ZW","winddirectiondegrees":233,"windspeedms":7.52,"visibility":9410,"precipitation":3,"beaufort":4,"humidity":86,"sunshine":0,"hour":10,"pollenindex":5,"windspeed":27,"sunshinepower":167,"sunpower":167},{"datetime":"2020-07-04T11:00:00","datetimeutc":"2020-07-04T09:00:00","timetype":"Hour","precipitationmm":0.0,"temperature":16.8,"feeltemperature":16.8,"cloudcover":100,"iconcode":"c","iconid":22,"sources":1,"winddirection":"ZW","winddirectiondegrees":235,"windspeedms":7.81,"visibility":9610,"precipitation":3,"beaufort":4,"humidity":84,"sunshine":0,"hour":11,"pollenindex":5,"windspeed":28,"sunshinepower":188,"sunpower":188},{"datetime":"2020-07-04T12:00:00","datetimeutc":"2020-07-04T10:00:00","timetype":"Hour","precipitationmm":1.1,"temperature":17.1,"feeltemperature":17.1,"cloudcover":100,"iconcode":"m","iconid":33,"sources":1,"winddirection":"ZW","winddirectiondegrees":235,"windspeedms":7.87,"visibility":9820,"precipitation":80,"beaufort":4,"humidity":83,"sunshine":0,"hour":12,"pollenindex":5,"windspeed":28,"sunshinepower":174,"sunpower":174},{"datetime":"2020-07-04T13:00:00","datetimeutc":"2020-07-04T11:00:00","timetype":"Hour","precipitationmm":0.9,"temperature":17.4,"feeltemperature":17.4,"cloudcover":100,"iconcode":"m","iconid":33,"sources":1,"winddirection":"ZW","winddirectiondegrees":235,"windspeedms":7.62,"visibility":9620,"precipitation":87,"beaufort":4,"humidity":83,"sunshine":0,"hour":13,"pollenindex":5,"windspeed":27,"sunshinepower":158,"sunpower":158},{"datetime":"2020-07-04T14:00:00","datetimeutc":"2020-07-04T12:00:00","timetype":"Hour","precipitationmm":0.4,"temperature":17.4,"feeltemperature":17.4,"cloudcover":100,"iconcode":"m","iconid":33,"sources":1,"winddirection":"ZW","winddirectiondegrees":226,"windspeedms":7.5,"visibility":6820,"precipitation":80,"beaufort":4,"humidity":86,"sunshine":0,"hour":14,"pollenindex":5,"windspeed":27,"sunshinepower":162,"sunpower":162},{"datetime":"2020-07-04T15:00:00","datetimeutc":"2020-07-04T13:00:00","timetype":"Hour","precipitationmm":0.0,"temperature":18.9,"feeltemperature":18.0,"cloudcover":100,"iconcode":"c","iconid":22,"sources":1,"winddirection":"ZW","winddirectiondegrees":232,"windspeedms":9.58,"visibility":22000,"precipitation":2,"beaufort":5,"humidity":72,"sunshine":0,"hour":15,"pollenindex":6,"windspeed":34,"sunshinepower":160,"sunpower":160},{"datetime":"2020-07-04T16:00:00","datetimeutc":"2020-07-04T14:00:00","timetype":"Hour","precipitationmm":0.0,"temperature":18.2,"feeltemperature":17.2,"cloudcover":100,"iconcode":"c","iconid":21,"sources":1,"winddirection":"ZW","winddirectiondegrees":237,"windspeedms":9.34,"visibility":13200,"precipitation":3,"beaufort":5,"humidity":78,"sunshine":0,"hour":16,"pollenindex":5,"windspeed":34,"sunshinepower":137,"sunpower":137},{"datetime":"2020-07-04T17:00:00","datetimeutc":"2020-07-04T15:00:00","timetype":"Hour","precipitationmm":1.2,"temperature":17.6,"feeltemperature":16.4,"cloudcover":100,"iconcode":"m","iconid":33,"sources":1,"winddirection":"ZW","winddirectiondegrees":238,"windspeedms":9.24,"visibility":7600,"precipitation":77,"beaufort":5,"humidity":83,"sunshine":0,"hour":17,"pollenindex":5,"windspeed":33,"sunshinepower":105,"sunpower":105},{"datetime":"2020-07-04T18:00:00","datetimeutc":"2020-07-04T16:00:00","timetype":"Hour","precipitationmm":1.4,"temperature":17.3,"feeltemperature":16.0,"cloudcover":100,"iconcode":"m","iconid":33,"sources":1,"winddirection":"ZW","winddirectiondegrees":236,"windspeedms":9.06,"visibility":9200,"precipitation":78,"beaufort":5,"humidity":87,"sunshine":0,"hour":18,"pollenindex":5,"windspeed":33,"sunshinepower":81,"sunpower":81},{"datetime":"2020-07-04T19:00:00","datetimeutc":"2020-07-04T17:00:00","timetype":"Hour","precipitationmm":1.4,"temperature":17.2,"feeltemperature":15.9,"cloudcover":100,"iconcode":"m","iconid":33,"sources":1,"winddirection":"ZW","winddirectiondegrees":236,"windspeedms":8.79,"visibility":9600,"precipitation":79,"beaufort":4,"humidity":90,"sunshine":0,"hour":19,"pollenindex":4,"windspeed":32,"sunshinepower":65,"sunpower":65},{"datetime":"2020-07-04T20:00:00","datetimeutc":"2020-07-04T18:00:00","timetype":"Hour","precipitationmm":0.0,"temperature":17.2,"feeltemperature":15.9,"cloudcover":100,"iconcode":"c","iconid":22,"sources":1,"winddirection":"ZW","winddirectiondegrees":240,"windspeedms":8.62,"visibility":9400,"precipitation":3,"beaufort":4,"humidity":92,"sunshine":0,"hour":20,"pollenindex":4,"windspeed":31,"sunshinepower":47,"sunpower":47},{"datetime":"2020-07-04T21:00:00","datetimeutc":"2020-07-04T19:00:00","timetype":"Hour","precipitationmm":0.0,"temperature":17.2,"feeltemperature":16.0,"cloudcover":100,"iconcode":"c","iconid":22,"sources":1,"winddirection":"ZW","winddirectiondegrees":244,"windspeedms":8.23,"visibility":9400,"precipitation":3,"beaufort":4,"humidity":92,"sunshine":0,"hour":21,"pollenindex":4,"windspeed":30,"sunshinepower":22,"sunpower":22},{"datetime":"2020-07-04T22:00:00","datetimeutc":"2020-07-04T20:00:00","timetype":"Hour","precipitationmm":0.0,"temperature":17.4,"feeltemperature":17.4,"cloudcover":100,"iconcode":"d","iconid":22,"sources":1,"winddirection":"ZW","winddirectiondegrees":245,"windspeedms":7.74,"visibility":610,"precipitation":3,"beaufort":4,"humidity":92,"sunshine":0,"hour":22,"pollenindex":4,"windspeed":28,"sunshinepower":0,"sunpower":0},{"datetime":"2020-07-04T23:00:00","datetimeutc":"2020-07-04T21:00:00","timetype":"Hour","precipitationmm":0.0,"temperature":17.7,"feeltemperature":17.7,"cloudcover":100,"iconcode":"dd","iconid":16,"sources":1,"winddirection":"ZW","winddirectiondegrees":243,"windspeedms":7.27,"visibility":410,"precipitation":2,"beaufort":4,"humidity":91,"sunshine":0,"hour":23,"pollenindex":4,"windspeed":26,"sunshinepower":0,"sunpower":0}],"datetime":"2020-07-04T00:00:00","datetimeutc":"2020-07-03T22:00:00","timetype":"Day","precipitationmm":7.3,"mintemperature":16.1,"maxtemperature":18.9,"cloudcover":90,"iconcode":"q","iconid":12,"sources":1,"winddirection":"ZW","winddirectiondegrees":225,"windspeedms":7.78,"precipitation":87,"beaufort":4,"uvindex":2,"bbqindex":4,"mosquitoindex":6,"pollenindex":5,"icescrapeindex":1,"mintemp":16.1,"maxtemp":18.9,"windspeed":8},{"date":"2020-07-05T00:00:00","sunrise":"2020-07-05T05:26:20","sunset":"2020-07-05T22:03:29","hours":[{"datetime":"2020-07-05T00:00:00","datetimeutc":"2020-07-04T22:00:00","timetype":"Hour","precipitationmm":0.0,"temperature":17.8,"feeltemperature":17.8,"cloudcover":100,"iconcode":"dd","iconid":16,"sources":1,"winddirection":"ZW","winddirectiondegrees":241,"windspeedms":7.05,"visibility":410,"precipitation":2,"beaufort":4,"humidity":90,"sunshine":0,"hour":0,"pollenindex":4,"windspeed":25,"sunshinepower":0,"sunpower":0},{"datetime":"2020-07-05T01:00:00","datetimeutc":"2020-07-04T23:00:00","timetype":"Hour","precipitationmm":0.0,"temperature":17.8,"feeltemperature":17.8,"cloudcover":100,"iconcode":"dd","iconid":16,"sources":1,"winddirection":"ZW","winddirectiondegrees":239,"windspeedms":6.88,"visibility":210,"precipitation":2,"beaufort":4,"humidity":90,"sunshine":0,"hour":1,"pollenindex":4,"windspeed":25,"sunshinepower":0,"sunpower":0},{"datetime":"2020-07-05T02:00:00","datetimeutc":"2020-07-05T00:00:00","timetype":"Hour","precipitationmm":0.0,"temperature":17.8,"feeltemperature":17.8,"cloudcover":100,"iconcode":"dd","iconid":16,"sources":1,"winddirection":"ZW","winddirectiondegrees":235,"windspeedms":6.76,"visibility":210,"precipitation":2,"beaufort":4,"humidity":90,"sunshine":0,"hour":2,"pollenindex":4,"windspeed":24,"sunshinepower":0,"sunpower":0},{"datetime":"2020-07-05T03:00:00","datetimeutc":"2020-07-05T01:00:00","timetype":"Hour","precipitationmm":0.0,"temperature":17.8,"feeltemperature":17.8,"cloudcover":100,"iconcode":"dd","iconid":16,"sources":1,"winddirection":"ZW","winddirectiondegrees":233,"windspeedms":6.71,"visibility":210,"precipitation":2,"beaufort":4,"humidity":89,"sunshine":0,"hour":3,"pollenindex":4,"windspeed":24,"sunshinepower":0,"sunpower":0},{"datetime":"2020-07-05T04:00:00","datetimeutc":"2020-07-05T02:00:00","timetype":"Hour","precipitationmm":0.0,"temperature":17.6,"feeltemperature":17.6,"cloudcover":100,"iconcode":"dd","iconid":16,"sources":1,"winddirection":"ZW","winddirectiondegrees":234,"windspeedms":6.67,"visibility":210,"precipitation":2,"beaufort":4,"humidity":89,"sunshine":0,"hour":4,"pollenindex":4,"windspeed":24,"sunshinepower":0,"sunpower":0},{"datetime":"2020-07-05T05:00:00","datetimeutc":"2020-07-05T03:00:00","timetype":"Hour","precipitationmm":0.0,"temperature":17.6,"feeltemperature":17.6,"cloudcover":100,"iconcode":"dd","iconid":16,"sources":1,"winddirection":"ZW","winddirectiondegrees":232,"windspeedms":6.63,"visibility":200,"precipitation":2,"beaufort":4,"humidity":89,"sunshine":0,"hour":5,"pollenindex":4,"windspeed":24,"sunshinepower":0,"sunpower":0},{"datetime":"2020-07-05T06:00:00","datetimeutc":"2020-07-05T04:00:00","timetype":"Hour","precipitationmm":0.0,"temperature":17.6,"feeltemperature":17.6,"cloudcover":100,"iconcode":"d","iconid":16,"sources":1,"winddirection":"ZW","winddirectiondegrees":229,"windspeedms":6.77,"visibility":200,"precipitation":1,"beaufort":4,"humidity":89,"sunshine":0,"hour":6,"pollenindex":4,"windspeed":24,"sunshinepower":5,"sunpower":5},{"datetime":"2020-07-05T07:00:00","datetimeutc":"2020-07-05T05:00:00","timetype":"Hour","precipitationmm":0.0,"temperature":17.6,"feeltemperature":17.6,"cloudcover":100,"iconcode":"d","iconid":16,"sources":1,"winddirection":"ZW","winddirectiondegrees":229,"windspeedms":7.42,"visibility":200,"precipitation":1,"beaufort":4,"humidity":88,"sunshine":0,"hour":7,"pollenindex":4,"windspeed":27,"sunshinepower":25,"sunpower":25},{"datetime":"2020-07-05T08:00:00","datetimeutc":"2020-07-05T06:00:00","timetype":"Hour","precipitationmm":0.0,"temperature":17.7,"feeltemperature":16.6,"cloudcover":100,"iconcode":"d","iconid":22,"sources":1,"winddirection":"ZW","winddirectiondegrees":228,"windspeedms":8.0,"visibility":210,"precipitation":1,"beaufort":4,"humidity":88,"sunshine":0,"hour":8,"pollenindex":4,"windspeed":29,"sunshinepower":53,"sunpower":53},{"datetime":"2020-07-05T09:00:00","datetimeutc":"2020-07-05T07:00:00","timetype":"Hour","precipitationmm":0.0,"temperature":17.8,"feeltemperature":16.6,"cloudcover":100,"iconcode":"d","iconid":22,"sources":1,"winddirection":"ZW","winddirectiondegrees":227,"windspeedms":8.73,"visibility":200,"precipitation":1,"beaufort":4,"humidity":86,"sunshine":0,"hour":9,"pollenindex":4,"windspeed":31,"sunshinepower":79,"sunpower":79},{"datetime":"2020-07-05T10:00:00","datetimeutc":"2020-07-05T08:00:00","timetype":"Hour","precipitationmm":0.0,"temperature":18.0,"feeltemperature":16.9,"cloudcover":100,"iconcode":"d","iconid":22,"sources":1,"winddirection":"ZW","winddirectiondegrees":231,"windspeedms":9.41,"visibility":400,"precipitation":2,"beaufort":5,"humidity":84,"sunshine":0,"hour":10,"pollenindex":5,"windspeed":34,"sunshinepower":101,"sunpower":101},{"datetime":"2020-07-05T11:00:00","datetimeutc":"2020-07-05T09:00:00","timetype":"Hour","precipitationmm":0.0,"temperature":18.3,"feeltemperature":17.2,"cloudcover":100,"iconcode":"d","iconid":22,"sources":1,"winddirection":"ZW","winddirectiondegrees":235,"windspeedms":9.9,"visibility":410,"precipitation":2,"beaufort":5,"humidity":82,"sunshine":0,"hour":11,"pollenindex":5,"windspeed":36,"sunshinepower":123,"sunpower":123},{"datetime":"2020-07-05T12:00:00","datetimeutc":"2020-07-05T10:00:00","timetype":"Hour","precipitationmm":0.7,"temperature":18.7,"feeltemperature":17.6,"cloudcover":100,"iconcode":"m","iconid":33,"sources":1,"winddirection":"ZW","winddirectiondegrees":238,"windspeedms":10.27,"visibility":400,"precipitation":57,"beaufort":5,"humidity":79,"sunshine":0,"hour":12,"pollenindex":5,"windspeed":37,"sunshinepower":155,"sunpower":155},{"datetime":"2020-07-05T13:00:00","datetimeutc":"2020-07-05T11:00:00","timetype":"Hour","precipitationmm":0.0,"temperature":19.0,"feeltemperature":18.0,"cloudcover":100,"iconcode":"d","iconid":22,"sources":1,"winddirection":"ZW","winddirectiondegrees":241,"windspeedms":10.66,"visibility":200,"precipitation":2,"beaufort":5,"humidity":78,"sunshine":0,"hour":13,"pollenindex":5,"windspeed":38,"sunshinepower":183,"sunpower":183},{"datetime":"2020-07-05T14:00:00","datetimeutc":"2020-07-05T12:00:00","timetype":"Hour","precipitationmm":0.0,"temperature":19.2,"feeltemperature":19.2,"cloudcover":100,"iconcode":"d","iconid":22,"sources":1,"winddirection":"ZW","winddirectiondegrees":243,"windspeedms":10.82,"visibility":200,"precipitation":2,"beaufort":5,"humidity":77,"sunshine":0,"hour":14,"pollenindex":5,"windspeed":39,"sunshinepower":216,"sunpower":216},{"datetime":"2020-07-05T15:00:00","datetimeutc":"2020-07-05T13:00:00","timetype":"Hour","precipitationmm":0.0,"temperature":19.4,"feeltemperature":19.4,"cloudcover":100,"iconcode":"d","iconid":22,"sources":1,"winddirection":"ZW","winddirectiondegrees":246,"windspeedms":10.73,"visibility":200,"precipitation":2,"beaufort":5,"humidity":75,"sunshine":0,"hour":15,"pollenindex":6,"windspeed":39,"sunshinepower":259,"sunpower":259},{"datetime":"2020-07-05T16:00:00","datetimeutc":"2020-07-05T14:00:00","timetype":"Hour","precipitationmm":0.0,"temperature":19.6,"feeltemperature":19.6,"cloudcover":78,"iconcode":"r","iconid":7,"sources":1,"winddirection":"W","winddirectiondegrees":251,"windspeedms":10.58,"visibility":9800,"precipitation":2,"beaufort":5,"humidity":74,"sunshine":0,"hour":16,"pollenindex":6,"windspeed":38,"sunshinepower":279,"sunpower":279},{"datetime":"2020-07-05T17:00:00","datetimeutc":"2020-07-05T15:00:00","timetype":"Hour","precipitationmm":0.0,"temperature":19.7,"feeltemperature":19.7,"cloudcover":59,"iconcode":"b","iconid":7,"sources":1,"winddirection":"W","winddirectiondegrees":255,"windspeedms":10.33,"visibility":9400,"precipitation":2,"beaufort":5,"humidity":74,"sunshine":16,"hour":17,"pollenindex":6,"windspeed":37,"sunshinepower":273,"sunpower":273},{"datetime":"2020-07-05T18:00:00","datetimeutc":"2020-07-05T16:00:00","timetype":"Hour","precipitationmm":0.0,"temperature":19.6,"feeltemperature":19.6,"cloudcover":52,"iconcode":"b","iconid":7,"sources":1,"winddirection":"W","winddirectiondegrees":257,"windspeedms":9.88,"visibility":9400,"precipitation":2,"beaufort":5,"humidity":74,"sunshine":36,"hour":18,"pollenindex":6,"windspeed":36,"sunshinepower":244,"sunpower":244},{"datetime":"2020-07-05T19:00:00","datetimeutc":"2020-07-05T17:00:00","timetype":"Hour","precipitationmm":0.0,"temperature":19.1,"feeltemperature":19.1,"cloudcover":51,"iconcode":"b","iconid":7,"sources":1,"winddirection":"W","winddirectiondegrees":263,"windspeedms":9.2,"visibility":9000,"precipitation":2,"beaufort":5,"humidity":75,"sunshine":45,"hour":19,"pollenindex":5,"windspeed":33,"sunshinepower":195,"sunpower":195},{"datetime":"2020-07-05T20:00:00","datetimeutc":"2020-07-05T18:00:00","timetype":"Hour","precipitationmm":0.0,"temperature":18.4,"feeltemperature":17.6,"cloudcover":60,"iconcode":"b","iconid":7,"sources":1,"winddirection":"W","winddirectiondegrees":278,"windspeedms":8.19,"visibility":8800,"precipitation":2,"beaufort":4,"humidity":77,"sunshine":45,"hour":20,"pollenindex":4,"windspeed":29,"sunshinepower":121,"sunpower":121},{"datetime":"2020-07-05T21:00:00","datetimeutc":"2020-07-05T19:00:00","timetype":"Hour","precipitationmm":1.5,"temperature":17.9,"feeltemperature":17.9,"cloudcover":72,"iconcode":"m","iconid":33,"sources":1,"winddirection":"W","winddirectiondegrees":290,"windspeedms":7.33,"visibility":11200,"precipitation":52,"beaufort":4,"humidity":79,"sunshine":35,"hour":21,"pollenindex":4,"windspeed":26,"sunshinepower":45,"sunpower":45},{"datetime":"2020-07-05T22:00:00","datetimeutc":"2020-07-05T20:00:00","timetype":"Hour","precipitationmm":0.0,"temperature":17.6,"feeltemperature":17.6,"cloudcover":81,"iconcode":"r","iconid":22,"sources":1,"winddirection":"W","winddirectiondegrees":290,"windspeedms":6.8,"visibility":11610,"precipitation":2,"beaufort":4,"humidity":79,"sunshine":23,"hour":22,"pollenindex":4,"windspeed":24,"sunshinepower":0,"sunpower":0},{"datetime":"2020-07-05T23:00:00","datetimeutc":"2020-07-05T21:00:00","timetype":"Hour","precipitationmm":0.0,"temperature":17.4,"feeltemperature":17.4,"cloudcover":85,"iconcode":"rr","iconid":22,"sources":1,"winddirection":"W","winddirectiondegrees":288,"windspeedms":6.33,"visibility":10210,"precipitation":2,"beaufort":4,"humidity":78,"sunshine":1,"hour":23,"pollenindex":4,"windspeed":23,"sunshinepower":0,"sunpower":0}],"datetime":"2020-07-05T00:00:00","datetimeutc":"2020-07-04T22:00:00","timetype":"Day","precipitationmm":2.2,"mintemperature":17.4,"maxtemperature":19.7,"cloudcover":90,"iconcode":"m","iconid":12,"sources":1,"winddirection":"ZW","winddirectiondegrees":225,"windspeedms":8.42,"precipitation":57,"beaufort":4,"uvindex":4,"bbqindex":4,"mosquitoindex":6,"pollenindex":5,"icescrapeindex":1,"mintemp":17.4,"maxtemp":19.7,"windspeed":8},{"date":"2020-07-06T00:00:00","sunrise":"2020-07-06T05:27:15","sunset":"2020-07-06T22:02:52","hours":[{"datetime":"2020-07-06T00:00:00","datetimeutc":"2020-07-05T22:00:00","timetype":"Hour","precipitationmm":0.0,"temperature":17.1,"feeltemperature":17.1,"cloudcover":83,"iconcode":"rr","iconid":22,"sources":1,"winddirection":"W","winddirectiondegrees":280,"windspeedms":6.19,"visibility":10010,"precipitation":2,"beaufort":4,"humidity":78,"sunshine":0,"hour":0,"pollenindex":4,"windspeed":22,"sunshinepower":0,"sunpower":0},{"datetime":"2020-07-06T01:00:00","datetimeutc":"2020-07-05T23:00:00","timetype":"Hour","precipitationmm":0.0,"temperature":16.9,"feeltemperature":16.9,"cloudcover":76,"iconcode":"rr","iconid":7,"sources":1,"winddirection":"W","winddirectiondegrees":281,"windspeedms":6.39,"visibility":12410,"precipitation":1,"beaufort":4,"humidity":77,"sunshine":0,"hour":1,"pollenindex":4,"windspeed":23,"sunshinepower":0,"sunpower":0},{"datetime":"2020-07-06T02:00:00","datetimeutc":"2020-07-06T00:00:00","timetype":"Hour","precipitationmm":0.0,"temperature":16.5,"feeltemperature":16.5,"cloudcover":74,"iconcode":"rr","iconid":22,"sources":1,"winddirection":"W","winddirectiondegrees":289,"windspeedms":6.35,"visibility":14010,"precipitation":1,"beaufort":4,"humidity":76,"sunshine":0,"hour":2,"pollenindex":5,"windspeed":23,"sunshinepower":0,"sunpower":0},{"datetime":"2020-07-06T03:00:00","datetimeutc":"2020-07-06T01:00:00","timetype":"Hour","precipitationmm":0.0,"temperature":16.2,"feeltemperature":16.2,"cloudcover":72,"iconcode":"rr","iconid":19,"sources":1,"winddirection":"W","winddirectiondegrees":290,"windspeedms":6.51,"visibility":13600,"precipitation":1,"beaufort":4,"humidity":74,"sunshine":0,"hour":3,"pollenindex":5,"windspeed":23,"sunshinepower":0,"sunpower":0},{"datetime":"2020-07-06T04:00:00","datetimeutc":"2020-07-06T02:00:00","timetype":"Hour","precipitationmm":0.0,"temperature":15.9,"feeltemperature":15.9,"cloudcover":69,"iconcode":"bb","iconid":7,"sources":1,"winddirection":"W","winddirectiondegrees":288,"windspeedms":6.57,"visibility":12600,"precipitation":1,"beaufort":4,"humidity":74,"sunshine":0,"hour":4,"pollenindex":5,"windspeed":24,"sunshinepower":0,"sunpower":0},{"datetime":"2020-07-06T05:00:00","datetimeutc":"2020-07-06T03:00:00","timetype":"Hour","precipitationmm":0.0,"temperature":15.7,"feeltemperature":15.7,"cloudcover":65,"iconcode":"bb","iconid":7,"sources":1,"winddirection":"W","winddirectiondegrees":289,"windspeedms":6.84,"visibility":13600,"precipitation":1,"beaufort":4,"humidity":73,"sunshine":0,"hour":5,"pollenindex":5,"windspeed":25,"sunshinepower":0,"sunpower":0},{"datetime":"2020-07-06T06:00:00","datetimeutc":"2020-07-06T04:00:00","timetype":"Hour","precipitationmm":0.0,"temperature":15.6,"feeltemperature":15.6,"cloudcover":60,"iconcode":"b","iconid":7,"sources":1,"winddirection":"W","winddirectiondegrees":289,"windspeedms":6.85,"visibility":13800,"precipitation":1,"beaufort":4,"humidity":72,"sunshine":18,"hour":6,"pollenindex":5,"windspeed":25,"sunshinepower":25,"sunpower":25},{"datetime":"2020-07-06T07:00:00","datetimeutc":"2020-07-06T05:00:00","timetype":"Hour","precipitationmm":0.0,"temperature":15.3,"feeltemperature":15.3,"cloudcover":55,"iconcode":"b","iconid":7,"sources":1,"winddirection":"W","winddirectiondegrees":290,"windspeedms":7.14,"visibility":13200,"precipitation":1,"beaufort":4,"humidity":72,"sunshine":36,"hour":7,"pollenindex":5,"windspeed":26,"sunshinepower":116,"sunpower":116},{"datetime":"2020-07-06T08:00:00","datetimeutc":"2020-07-06T06:00:00","timetype":"Hour","precipitationmm":0.0,"temperature":15.1,"feeltemperature":15.1,"cloudcover":55,"iconcode":"b","iconid":7,"sources":1,"winddirection":"W","winddirectiondegrees":291,"windspeedms":7.61,"visibility":13800,"precipitation":1,"beaufort":4,"humidity":71,"sunshine":41,"hour":8,"pollenindex":5,"windspeed":27,"sunshinepower":241,"sunpower":241},{"datetime":"2020-07-06T09:00:00","datetimeutc":"2020-07-06T07:00:00","timetype":"Hour","precipitationmm":0.0,"temperature":15.0,"feeltemperature":15.0,"cloudcover":65,"iconcode":"b","iconid":7,"sources":1,"winddirection":"W","winddirectiondegrees":292,"windspeedms":7.71,"visibility":14000,"precipitation":1,"beaufort":4,"humidity":70,"sunshine":41,"hour":9,"pollenindex":5,"windspeed":28,"sunshinepower":355,"sunpower":355},{"datetime":"2020-07-06T10:00:00","datetimeutc":"2020-07-06T08:00:00","timetype":"Hour","precipitationmm":0.0,"temperature":15.3,"feeltemperature":15.3,"cloudcover":79,"iconcode":"r","iconid":7,"sources":1,"winddirection":"W","winddirectiondegrees":292,"windspeedms":7.76,"visibility":14800,"precipitation":2,"beaufort":4,"humidity":68,"sunshine":31,"hour":10,"pollenindex":6,"windspeed":28,"sunshinepower":443,"sunpower":443},{"datetime":"2020-07-06T11:00:00","datetimeutc":"2020-07-06T09:00:00","timetype":"Hour","precipitationmm":0.0,"temperature":15.7,"feeltemperature":14.0,"cloudcover":89,"iconcode":"r","iconid":19,"sources":1,"winddirection":"NW","winddirectiondegrees":293,"windspeedms":8.02,"visibility":16000,"precipitation":2,"beaufort":4,"humidity":65,"sunshine":15,"hour":11,"pollenindex":6,"windspeed":29,"sunshinepower":514,"sunpower":514},{"datetime":"2020-07-06T12:00:00","datetimeutc":"2020-07-06T10:00:00","timetype":"Hour","precipitationmm":0.0,"temperature":16.0,"feeltemperature":14.4,"cloudcover":86,"iconcode":"r","iconid":19,"sources":1,"winddirection":"NW","winddirectiondegrees":294,"windspeedms":8.2,"visibility":16000,"precipitation":2,"beaufort":4,"humidity":63,"sunshine":5,"hour":12,"pollenindex":6,"windspeed":30,"sunshinepower":565,"sunpower":565},{"datetime":"2020-07-06T13:00:00","datetimeutc":"2020-07-06T11:00:00","timetype":"Hour","precipitationmm":0.0,"temperature":16.1,"feeltemperature":14.5,"cloudcover":79,"iconcode":"r","iconid":19,"sources":1,"winddirection":"NW","winddirectiondegrees":297,"windspeedms":8.25,"visibility":15600,"precipitation":2,"beaufort":4,"humidity":62,"sunshine":8,"hour":13,"pollenindex":7,"windspeed":30,"sunshinepower":595,"sunpower":595},{"datetime":"2020-07-06T14:00:00","datetimeutc":"2020-07-06T12:00:00","timetype":"Hour","precipitationmm":0.0,"temperature":16.1,"feeltemperature":14.5,"cloudcover":71,"iconcode":"r","iconid":19,"sources":1,"winddirection":"NW","winddirectiondegrees":300,"windspeedms":8.12,"visibility":15600,"precipitation":2,"beaufort":4,"humidity":63,"sunshine":16,"hour":14,"pollenindex":6,"windspeed":29,"sunshinepower":620,"sunpower":620},{"datetime":"2020-07-06T15:00:00","datetimeutc":"2020-07-06T13:00:00","timetype":"Hour","precipitationmm":0.0,"temperature":16.0,"feeltemperature":16.0,"cloudcover":65,"iconcode":"b","iconid":19,"sources":1,"winddirection":"NW","winddirectiondegrees":303,"windspeedms":7.87,"visibility":14600,"precipitation":2,"beaufort":4,"humidity":63,"sunshine":25,"hour":15,"pollenindex":6,"windspeed":28,"sunshinepower":636,"sunpower":636},{"datetime":"2020-07-06T16:00:00","datetimeutc":"2020-07-06T14:00:00","timetype":"Hour","precipitationmm":0.0,"temperature":15.8,"feeltemperature":15.8,"cloudcover":60,"iconcode":"b","iconid":19,"sources":1,"winddirection":"NW","winddirectiondegrees":304,"windspeedms":7.62,"visibility":14600,"precipitation":2,"beaufort":4,"humidity":64,"sunshine":30,"hour":16,"pollenindex":6,"windspeed":27,"sunshinepower":623,"sunpower":623},{"datetime":"2020-07-06T17:00:00","datetimeutc":"2020-07-06T15:00:00","timetype":"Hour","precipitationmm":0.0,"temperature":15.7,"feeltemperature":15.7,"cloudcover":53,"iconcode":"b","iconid":7,"sources":1,"winddirection":"NW","winddirectiondegrees":302,"windspeedms":7.35,"visibility":15000,"precipitation":2,"beaufort":4,"humidity":64,"sunshine":36,"hour":17,"pollenindex":6,"windspeed":26,"sunshinepower":565,"sunpower":565},{"datetime":"2020-07-06T18:00:00","datetimeutc":"2020-07-06T16:00:00","timetype":"Hour","precipitationmm":0.0,"temperature":15.6,"feeltemperature":15.6,"cloudcover":43,"iconcode":"j","iconid":7,"sources":1,"winddirection":"NW","winddirectiondegrees":301,"windspeedms":7.03,"visibility":15400,"precipitation":2,"beaufort":4,"humidity":64,"sunshine":43,"hour":18,"pollenindex":6,"windspeed":25,"sunshinepower":466,"sunpower":466},{"datetime":"2020-07-06T19:00:00","datetimeutc":"2020-07-06T17:00:00","timetype":"Hour","precipitationmm":0.0,"temperature":15.2,"feeltemperature":15.2,"cloudcover":30,"iconcode":"j","iconid":4,"sources":1,"winddirection":"NW","winddirectiondegrees":302,"windspeedms":6.67,"visibility":16400,"precipitation":2,"beaufort":4,"humidity":65,"sunshine":53,"hour":19,"pollenindex":5,"windspeed":24,"sunshinepower":345,"sunpower":345},{"datetime":"2020-07-06T20:00:00","datetimeutc":"2020-07-06T18:00:00","timetype":"Hour","precipitationmm":0.0,"temperature":14.6,"feeltemperature":13.1,"cloudcover":49,"iconcode":"j","iconid":4,"sources":1,"winddirection":"NW","winddirectiondegrees":305,"windspeedms":6.07,"visibility":16600,"precipitation":2,"beaufort":4,"humidity":67,"sunshine":68,"hour":20,"pollenindex":5,"windspeed":22,"sunshinepower":209,"sunpower":209},{"datetime":"2020-07-06T21:00:00","datetimeutc":"2020-07-06T19:00:00","timetype":"Hour","precipitationmm":0.0,"temperature":13.9,"feeltemperature":12.5,"cloudcover":43,"iconcode":"j","iconid":4,"sources":1,"winddirection":"NW","winddirectiondegrees":303,"windspeedms":5.18,"visibility":16000,"precipitation":1,"beaufort":3,"humidity":69,"sunshine":48,"hour":21,"pollenindex":5,"windspeed":19,"sunshinepower":81,"sunpower":81},{"datetime":"2020-07-06T22:00:00","datetimeutc":"2020-07-06T20:00:00","timetype":"Hour","precipitationmm":0.0,"temperature":13.3,"feeltemperature":12.1,"cloudcover":46,"iconcode":"j","iconid":7,"sources":1,"winddirection":"NW","winddirectiondegrees":294,"windspeedms":3.74,"visibility":14400,"precipitation":1,"beaufort":2,"humidity":73,"sunshine":53,"hour":22,"pollenindex":5,"windspeed":13,"sunshinepower":0,"sunpower":0},{"datetime":"2020-07-06T23:00:00","datetimeutc":"2020-07-06T21:00:00","timetype":"Hour","precipitationmm":0.0,"temperature":12.9,"feeltemperature":12.9,"cloudcover":2,"iconcode":"aa","iconid":1,"sources":1,"winddirection":"W","winddirectiondegrees":281,"windspeedms":3.19,"visibility":12010,"precipitation":0,"beaufort":2,"humidity":75,"sunshine":5,"hour":23,"pollenindex":5,"windspeed":11,"sunshinepower":0,"sunpower":0}],"datetime":"2020-07-06T00:00:00","datetimeutc":"2020-07-05T22:00:00","timetype":"Day","precipitationmm":0.0,"mintemperature":12.9,"maxtemperature":17.1,"cloudcover":75,"iconcode":"r","iconid":3,"sources":1,"winddirection":"W","winddirectiondegrees":270,"windspeedms":6.8,"precipitation":2,"beaufort":4,"uvindex":6,"bbqindex":6,"mosquitoindex":7,"pollenindex":5,"icescrapeindex":1,"mintemp":12.9,"maxtemp":17.1,"windspeed":7},{"date":"2020-07-07T00:00:00","sunrise":"2020-07-07T05:28:13","sunset":"2020-07-07T22:02:12","hours":[{"datetime":"2020-07-07T00:00:00","datetimeutc":"2020-07-06T22:00:00","timetype":"Hour","precipitationmm":0.0,"temperature":12.6,"feeltemperature":12.6,"cloudcover":13,"iconcode":"aa","iconid":4,"sources":1,"winddirection":"W","winddirectiondegrees":268,"windspeedms":3.24,"visibility":11010,"precipitation":0,"beaufort":2,"humidity":77,"sunshine":0,"hour":0,"pollenindex":5,"windspeed":12,"sunshinepower":0,"sunpower":0},{"datetime":"2020-07-07T01:00:00","datetimeutc":"2020-07-06T23:00:00","timetype":"Hour","precipitationmm":0.0,"temperature":12.4,"feeltemperature":12.4,"cloudcover":34,"iconcode":"jj","iconid":4,"sources":1,"winddirection":"W","winddirectiondegrees":259,"windspeedms":3.16,"visibility":10410,"precipitation":0,"beaufort":2,"humidity":79,"sunshine":0,"hour":1,"pollenindex":4,"windspeed":11,"sunshinepower":0,"sunpower":0},{"datetime":"2020-07-07T02:00:00","datetimeutc":"2020-07-07T00:00:00","timetype":"Hour","precipitationmm":0.0,"temperature":12.1,"feeltemperature":12.1,"cloudcover":37,"iconcode":"jj","iconid":7,"sources":1,"winddirection":"W","winddirectiondegrees":259,"windspeedms":3.22,"visibility":10210,"precipitation":0,"beaufort":2,"humidity":81,"sunshine":0,"hour":2,"pollenindex":4,"windspeed":12,"sunshinepower":0,"sunpower":0},{"datetime":"2020-07-07T03:00:00","datetimeutc":"2020-07-07T01:00:00","timetype":"Hour","precipitationmm":0.0,"temperature":12.0,"feeltemperature":12.0,"cloudcover":30,"iconcode":"jj","iconid":7,"sources":1,"winddirection":"W","winddirectiondegrees":264,"windspeedms":3.13,"visibility":10410,"precipitation":0,"beaufort":2,"humidity":82,"sunshine":0,"hour":3,"pollenindex":4,"windspeed":11,"sunshinepower":0,"sunpower":0},{"datetime":"2020-07-07T04:00:00","datetimeutc":"2020-07-07T02:00:00","timetype":"Hour","precipitationmm":0.0,"temperature":12.0,"feeltemperature":12.0,"cloudcover":71,"iconcode":"rr","iconid":7,"sources":1,"winddirection":"W","winddirectiondegrees":270,"windspeedms":3.2,"visibility":11800,"precipitation":0,"beaufort":2,"humidity":83,"sunshine":0,"hour":4,"pollenindex":4,"windspeed":12,"sunshinepower":0,"sunpower":0},{"datetime":"2020-07-07T05:00:00","datetimeutc":"2020-07-07T03:00:00","timetype":"Hour","precipitationmm":0.0,"temperature":12.5,"feeltemperature":12.5,"cloudcover":73,"iconcode":"rr","iconid":19,"sources":1,"winddirection":"W","winddirectiondegrees":274,"windspeedms":3.22,"visibility":13000,"precipitation":0,"beaufort":2,"humidity":81,"sunshine":0,"hour":5,"pollenindex":4,"windspeed":12,"sunshinepower":0,"sunpower":0},{"datetime":"2020-07-07T06:00:00","datetimeutc":"2020-07-07T04:00:00","timetype":"Hour","precipitationmm":0.0,"temperature":13.2,"feeltemperature":13.2,"cloudcover":61,"iconcode":"b","iconid":19,"sources":1,"winddirection":"W","winddirectiondegrees":281,"windspeedms":3.28,"visibility":13200,"precipitation":0,"beaufort":2,"humidity":78,"sunshine":11,"hour":6,"pollenindex":5,"windspeed":12,"sunshinepower":22,"sunpower":22},{"datetime":"2020-07-07T07:00:00","datetimeutc":"2020-07-07T05:00:00","timetype":"Hour","precipitationmm":0.0,"temperature":14.0,"feeltemperature":13.0,"cloudcover":41,"iconcode":"j","iconid":19,"sources":1,"winddirection":"NW","winddirectiondegrees":294,"windspeedms":3.63,"visibility":14600,"precipitation":1,"beaufort":2,"humidity":74,"sunshine":35,"hour":7,"pollenindex":5,"windspeed":13,"sunshinepower":104,"sunpower":104},{"datetime":"2020-07-07T08:00:00","datetimeutc":"2020-07-07T06:00:00","timetype":"Hour","precipitationmm":0.0,"temperature":14.6,"feeltemperature":13.6,"cloudcover":35,"iconcode":"j","iconid":19,"sources":1,"winddirection":"NW","winddirectiondegrees":308,"windspeedms":4.06,"visibility":15600,"precipitation":1,"beaufort":3,"humidity":71,"sunshine":56,"hour":8,"pollenindex":5,"windspeed":15,"sunshinepower":217,"sunpower":217},{"datetime":"2020-07-07T09:00:00","datetimeutc":"2020-07-07T07:00:00","timetype":"Hour","precipitationmm":0.0,"temperature":15.0,"feeltemperature":14.0,"cloudcover":44,"iconcode":"j","iconid":22,"sources":1,"winddirection":"NW","winddirectiondegrees":312,"windspeedms":4.1,"visibility":15400,"precipitation":1,"beaufort":3,"humidity":68,"sunshine":63,"hour":9,"pollenindex":5,"windspeed":15,"sunshinepower":338,"sunpower":338},{"datetime":"2020-07-07T10:00:00","datetimeutc":"2020-07-07T08:00:00","timetype":"Hour","precipitationmm":0.0,"temperature":15.4,"feeltemperature":15.4,"cloudcover":44,"iconcode":"j","iconid":22,"sources":1,"winddirection":"NW","winddirectiondegrees":308,"windspeedms":4.21,"visibility":15400,"precipitation":1,"beaufort":3,"humidity":66,"sunshine":53,"hour":10,"pollenindex":6,"windspeed":15,"sunshinepower":455,"sunpower":455},{"datetime":"2020-07-07T11:00:00","datetimeutc":"2020-07-07T09:00:00","timetype":"Hour","precipitationmm":0.0,"temperature":15.7,"feeltemperature":15.7,"cloudcover":53,"iconcode":"b","iconid":22,"sources":1,"winddirection":"NW","winddirectiondegrees":303,"windspeedms":4.37,"visibility":15400,"precipitation":1,"beaufort":3,"humidity":63,"sunshine":53,"hour":11,"pollenindex":7,"windspeed":16,"sunshinepower":554,"sunpower":554},{"datetime":"2020-07-07T12:00:00","datetimeutc":"2020-07-07T10:00:00","timetype":"Hour","precipitationmm":0.0,"temperature":16.1,"feeltemperature":16.1,"cloudcover":57,"iconcode":"b","iconid":22,"sources":1,"winddirection":"NW","winddirectiondegrees":301,"windspeedms":4.71,"visibility":15400,"precipitation":1,"beaufort":3,"humidity":61,"sunshine":43,"hour":12,"pollenindex":7,"windspeed":17,"sunshinepower":635,"sunpower":635},{"datetime":"2020-07-07T13:00:00","datetimeutc":"2020-07-07T11:00:00","timetype":"Hour","precipitationmm":0.0,"temperature":16.4,"feeltemperature":16.4,"cloudcover":54,"iconcode":"b","iconid":22,"sources":1,"winddirection":"NW","winddirectiondegrees":303,"windspeedms":5.05,"visibility":15200,"precipitation":1,"beaufort":3,"humidity":59,"sunshine":40,"hour":13,"pollenindex":7,"windspeed":18,"sunshinepower":687,"sunpower":687},{"datetime":"2020-07-07T14:00:00","datetimeutc":"2020-07-07T12:00:00","timetype":"Hour","precipitationmm":0.0,"temperature":16.8,"feeltemperature":16.8,"cloudcover":53,"iconcode":"b","iconid":22,"sources":1,"winddirection":"NW","winddirectiondegrees":308,"windspeedms":5.2,"visibility":15000,"precipitation":1,"beaufort":3,"humidity":58,"sunshine":41,"hour":14,"pollenindex":7,"windspeed":19,"sunshinepower":701,"sunpower":701},{"datetime":"2020-07-07T15:00:00","datetimeutc":"2020-07-07T13:00:00","timetype":"Hour","precipitationmm":0.0,"temperature":17.1,"feeltemperature":17.1,"cloudcover":55,"iconcode":"b","iconid":22,"sources":1,"winddirection":"NW","winddirectiondegrees":311,"windspeedms":5.26,"visibility":15200,"precipitation":1,"beaufort":3,"humidity":57,"sunshine":43,"hour":15,"pollenindex":7,"windspeed":19,"sunshinepower":677,"sunpower":677},{"datetime":"2020-07-07T16:00:00","datetimeutc":"2020-07-07T14:00:00","timetype":"Hour","precipitationmm":0.0,"temperature":17.2,"feeltemperature":17.2,"cloudcover":57,"iconcode":"b","iconid":19,"sources":1,"winddirection":"NW","winddirectiondegrees":313,"windspeedms":5.36,"visibility":15600,"precipitation":1,"beaufort":3,"humidity":57,"sunshine":41,"hour":16,"pollenindex":7,"windspeed":19,"sunshinepower":619,"sunpower":619},{"datetime":"2020-07-07T17:00:00","datetimeutc":"2020-07-07T15:00:00","timetype":"Hour","precipitationmm":0.0,"temperature":17.2,"feeltemperature":17.2,"cloudcover":58,"iconcode":"b","iconid":7,"sources":1,"winddirection":"NW","winddirectiondegrees":315,"windspeedms":5.2,"visibility":15800,"precipitation":1,"beaufort":3,"humidity":57,"sunshine":40,"hour":17,"pollenindex":7,"windspeed":19,"sunshinepower":533,"sunpower":533},{"datetime":"2020-07-07T18:00:00","datetimeutc":"2020-07-07T16:00:00","timetype":"Hour","precipitationmm":0.0,"temperature":17.0,"feeltemperature":17.0,"cloudcover":56,"iconcode":"b","iconid":7,"sources":1,"winddirection":"NW","winddirectiondegrees":320,"windspeedms":4.83,"visibility":14600,"precipitation":1,"beaufort":3,"humidity":58,"sunshine":38,"hour":18,"pollenindex":7,"windspeed":17,"sunshinepower":428,"sunpower":428},{"datetime":"2020-07-07T19:00:00","datetimeutc":"2020-07-07T17:00:00","timetype":"Hour","precipitationmm":0.0,"temperature":16.6,"feeltemperature":16.6,"cloudcover":53,"iconcode":"b","iconid":19,"sources":1,"winddirection":"NW","winddirectiondegrees":324,"windspeedms":4.49,"visibility":14800,"precipitation":0,"beaufort":3,"humidity":59,"sunshine":40,"hour":19,"pollenindex":6,"windspeed":16,"sunshinepower":311,"sunpower":311},{"datetime":"2020-07-07T20:00:00","datetimeutc":"2020-07-07T18:00:00","timetype":"Hour","precipitationmm":0.0,"temperature":15.9,"feeltemperature":15.9,"cloudcover":48,"iconcode":"j","iconid":19,"sources":1,"winddirection":"NW","winddirectiondegrees":328,"windspeedms":3.96,"visibility":14400,"precipitation":0,"beaufort":2,"humidity":62,"sunshine":43,"hour":20,"pollenindex":6,"windspeed":14,"sunshinepower":187,"sunpower":187},{"datetime":"2020-07-07T21:00:00","datetimeutc":"2020-07-07T19:00:00","timetype":"Hour","precipitationmm":0.0,"temperature":15.2,"feeltemperature":15.2,"cloudcover":39,"iconcode":"j","iconid":22,"sources":1,"winddirection":"NW","winddirectiondegrees":331,"windspeedms":3.27,"visibility":13200,"precipitation":0,"beaufort":2,"humidity":65,"sunshine":50,"hour":21,"pollenindex":5,"windspeed":12,"sunshinepower":71,"sunpower":71},{"datetime":"2020-07-07T22:00:00","datetimeutc":"2020-07-07T20:00:00","timetype":"Hour","precipitationmm":0.0,"temperature":14.5,"feeltemperature":14.5,"cloudcover":28,"iconcode":"j","iconid":22,"sources":1,"winddirection":"NW","winddirectiondegrees":331,"windspeedms":2.63,"visibility":12410,"precipitation":0,"beaufort":2,"humidity":69,"sunshine":58,"hour":22,"pollenindex":5,"windspeed":9,"sunshinepower":0,"sunpower":0},{"datetime":"2020-07-07T23:00:00","datetimeutc":"2020-07-07T21:00:00","timetype":"Hour","precipitationmm":0.0,"temperature":14.0,"feeltemperature":14.0,"cloudcover":18,"iconcode":"jj","iconid":19,"sources":1,"winddirection":"NW","winddirectiondegrees":332,"windspeedms":2.37,"visibility":12210,"precipitation":0,"beaufort":2,"humidity":71,"sunshine":5,"hour":23,"pollenindex":5,"windspeed":9,"sunshinepower":0,"sunpower":0}],"datetime":"2020-07-07T00:00:00","datetimeutc":"2020-07-06T22:00:00","timetype":"Day","precipitationmm":0.0,"mintemperature":12.0,"maxtemperature":17.2,"cloudcover":25,"iconcode":"j","iconid":2,"sources":1,"winddirection":"NW","winddirectiondegrees":315,"windspeedms":3.96,"precipitation":1,"beaufort":2,"uvindex":7,"bbqindex":6,"mosquitoindex":7,"pollenindex":5,"icescrapeindex":1,"mintemp":12.0,"maxtemp":17.2,"windspeed":4},{"date":"2020-07-08T00:00:00","sunrise":"2020-07-08T05:29:13","sunset":"2020-07-08T22:01:29","hours":[{"datetime":"2020-07-08T00:00:00","datetimeutc":"2020-07-07T22:00:00","timetype":"Hour","precipitationmm":0.0,"temperature":13.6,"feeltemperature":13.6,"cloudcover":13,"iconcode":"aa","iconid":5,"sources":1,"winddirection":"NW","winddirectiondegrees":326,"windspeedms":2.53,"visibility":12210,"precipitation":0,"beaufort":2,"humidity":74,"sunshine":0,"hour":0,"pollenindex":5,"windspeed":9,"sunshinepower":0,"sunpower":0},{"datetime":"2020-07-08T01:00:00","datetimeutc":"2020-07-07T23:00:00","timetype":"Hour","precipitationmm":0.0,"temperature":13.2,"feeltemperature":13.2,"cloudcover":22,"iconcode":"jj","iconid":5,"sources":1,"winddirection":"NW","winddirectiondegrees":321,"windspeedms":2.28,"visibility":12020,"precipitation":0,"beaufort":2,"humidity":76,"sunshine":0,"hour":1,"pollenindex":5,"windspeed":8,"sunshinepower":0,"sunpower":0},{"datetime":"2020-07-08T02:00:00","datetimeutc":"2020-07-08T00:00:00","timetype":"Hour","precipitationmm":0.0,"temperature":12.5,"feeltemperature":12.5,"cloudcover":29,"iconcode":"jj","iconid":5,"sources":1,"winddirection":"NW","winddirectiondegrees":317,"windspeedms":2.13,"visibility":10830,"precipitation":0,"beaufort":2,"humidity":79,"sunshine":0,"hour":2,"pollenindex":5,"windspeed":8,"sunshinepower":0,"sunpower":0},{"datetime":"2020-07-08T03:00:00","datetimeutc":"2020-07-08T01:00:00","timetype":"Hour","precipitationmm":0.0,"temperature":12.1,"feeltemperature":12.1,"cloudcover":30,"iconcode":"jj","iconid":13,"sources":1,"winddirection":"NW","winddirectiondegrees":318,"windspeedms":2.59,"visibility":10220,"precipitation":0,"beaufort":2,"humidity":81,"sunshine":0,"hour":3,"pollenindex":4,"windspeed":9,"sunshinepower":0,"sunpower":0},{"datetime":"2020-07-08T04:00:00","datetimeutc":"2020-07-08T02:00:00","timetype":"Hour","precipitationmm":0.0,"temperature":11.7,"feeltemperature":11.7,"cloudcover":29,"iconcode":"jj","iconid":8,"sources":1,"winddirection":"NW","winddirectiondegrees":320,"windspeedms":2.89,"visibility":10010,"precipitation":0,"beaufort":2,"humidity":83,"sunshine":0,"hour":4,"pollenindex":4,"windspeed":10,"sunshinepower":0,"sunpower":0},{"datetime":"2020-07-08T05:00:00","datetimeutc":"2020-07-08T03:00:00","timetype":"Hour","precipitationmm":0.0,"temperature":11.9,"feeltemperature":11.9,"cloudcover":27,"iconcode":"jj","iconid":8,"sources":1,"winddirection":"NW","winddirectiondegrees":323,"windspeedms":2.6,"visibility":10400,"precipitation":0,"beaufort":2,"humidity":82,"sunshine":0,"hour":5,"pollenindex":4,"windspeed":9,"sunshinepower":0,"sunpower":0},{"datetime":"2020-07-08T06:00:00","datetimeutc":"2020-07-08T04:00:00","timetype":"Hour","precipitationmm":0.0,"temperature":12.2,"feeltemperature":12.2,"cloudcover":30,"iconcode":"j","iconid":6,"sources":1,"winddirection":"NW","winddirectiondegrees":326,"windspeedms":2.94,"visibility":10800,"precipitation":0,"beaufort":2,"humidity":81,"sunshine":38,"hour":6,"pollenindex":4,"windspeed":11,"sunshinepower":20,"sunpower":20},{"datetime":"2020-07-08T07:00:00","datetimeutc":"2020-07-08T05:00:00","timetype":"Hour","precipitationmm":0.0,"temperature":12.6,"feeltemperature":12.6,"cloudcover":70,"iconcode":"r","iconid":20,"sources":1,"winddirection":"NW","winddirectiondegrees":322,"windspeedms":2.67,"visibility":11610,"precipitation":0,"beaufort":2,"humidity":79,"sunshine":68,"hour":7,"pollenindex":5,"windspeed":10,"sunshinepower":103,"sunpower":103},{"datetime":"2020-07-08T08:00:00","datetimeutc":"2020-07-08T06:00:00","timetype":"Hour","precipitationmm":0.0,"temperature":13.2,"feeltemperature":13.2,"cloudcover":93,"iconcode":"c","iconid":20,"sources":1,"winddirection":"NW","winddirectiondegrees":312,"windspeedms":3.0,"visibility":12200,"precipitation":1,"beaufort":2,"humidity":77,"sunshine":25,"hour":8,"pollenindex":5,"windspeed":11,"sunshinepower":220,"sunpower":220},{"datetime":"2020-07-08T09:00:00","datetimeutc":"2020-07-08T07:00:00","timetype":"Hour","precipitationmm":0.0,"temperature":14.1,"feeltemperature":14.1,"cloudcover":94,"iconcode":"c","iconid":20,"sources":1,"winddirection":"W","winddirectiondegrees":286,"windspeedms":2.24,"visibility":12800,"precipitation":1,"beaufort":2,"humidity":72,"sunshine":1,"hour":9,"pollenindex":5,"windspeed":8,"sunshinepower":343,"sunpower":343},{"datetime":"2020-07-08T10:00:00","datetimeutc":"2020-07-08T08:00:00","timetype":"Hour","precipitationmm":0.0,"temperature":15.2,"feeltemperature":15.2,"cloudcover":91,"iconcode":"c","iconid":20,"sources":1,"winddirection":"ZW","winddirectiondegrees":230,"windspeedms":2.16,"visibility":13600,"precipitation":0,"beaufort":2,"humidity":66,"sunshine":0,"hour":10,"pollenindex":6,"windspeed":8,"sunshinepower":463,"sunpower":463},{"datetime":"2020-07-08T11:00:00","datetimeutc":"2020-07-08T09:00:00","timetype":"Hour","precipitationmm":0.0,"temperature":16.4,"feeltemperature":16.4,"cloudcover":49,"iconcode":"j","iconid":19,"sources":1,"winddirection":"ZW","winddirectiondegrees":221,"windspeedms":2.21,"visibility":14600,"precipitation":0,"beaufort":2,"humidity":61,"sunshine":3,"hour":11,"pollenindex":7,"windspeed":8,"sunshinepower":564,"sunpower":564},{"datetime":"2020-07-08T12:00:00","datetimeutc":"2020-07-08T10:00:00","timetype":"Hour","precipitationmm":0.0,"temperature":17.3,"feeltemperature":17.3,"cloudcover":82,"iconcode":"r","iconid":20,"sources":1,"winddirection":"ZW","winddirectiondegrees":236,"windspeedms":2.19,"visibility":15800,"precipitation":0,"beaufort":2,"humidity":56,"sunshine":48,"hour":12,"pollenindex":7,"windspeed":8,"sunshinepower":694,"sunpower":694},{"datetime":"2020-07-08T13:00:00","datetimeutc":"2020-07-08T11:00:00","timetype":"Hour","precipitationmm":0.0,"temperature":18.0,"feeltemperature":18.0,"cloudcover":78,"iconcode":"r","iconid":20,"sources":1,"winddirection":"ZW","winddirectiondegrees":238,"windspeedms":2.29,"visibility":16800,"precipitation":0,"beaufort":2,"humidity":53,"sunshine":13,"hour":13,"pollenindex":7,"windspeed":8,"sunshinepower":521,"sunpower":521},{"datetime":"2020-07-08T14:00:00","datetimeutc":"2020-07-08T12:00:00","timetype":"Hour","precipitationmm":0.0,"temperature":18.5,"feeltemperature":18.5,"cloudcover":75,"iconcode":"r","iconid":20,"sources":1,"winddirection":"ZW","winddirectiondegrees":225,"windspeedms":2.6,"visibility":18200,"precipitation":1,"beaufort":2,"humidity":51,"sunshine":16,"hour":14,"pollenindex":7,"windspeed":9,"sunshinepower":0,"sunpower":0}],"datetime":"2020-07-08T00:00:00","datetimeutc":"2020-07-07T22:00:00","timetype":"Day","precipitationmm":0.0,"mintemperature":11.7,"maxtemperature":18.9,"cloudcover":75,"iconcode":"r","iconid":3,"sources":1,"winddirection":"NW","winddirectiondegrees":315,"windspeedms":2.3,"precipitation":2,"beaufort":2,"mosquitoindex":8,"pollenindex":5,"icescrapeindex":1,"mintemp":11.7,"maxtemp":18.9,"windspeed":2},{"date":"2020-07-09T00:00:00","sunrise":"2020-07-09T05:30:15","sunset":"2020-07-09T22:00:42","datetime":"2020-07-09T00:00:00","datetimeutc":"2020-07-08T22:00:00","timetype":"Day","precipitationmm":0.0,"mintemperature":15.0,"maxtemperature":18.4,"cloudcover":75,"iconcode":"r","iconid":3,"sources":1,"winddirection":"NW","winddirectiondegrees":315,"windspeedms":1.95,"precipitation":1,"beaufort":1,"pollenindex":5,"mintemp":15.0,"maxtemp":18.4,"windspeed":2},{"date":"2020-07-10T00:00:00","sunrise":"2020-07-10T05:31:20","sunset":"2020-07-10T21:59:53","datetime":"2020-07-10T00:00:00","datetimeutc":"2020-07-09T22:00:00","timetype":"Day","precipitationmm":0.0,"mintemperature":15.0,"maxtemperature":18.0,"cloudcover":25,"iconcode":"j","iconid":2,"sources":1,"winddirection":"N","winddirectiondegrees":0,"windspeedms":3.87,"precipitation":2,"beaufort":2,"pollenindex":5,"mintemp":15.0,"maxtemp":18.0,"windspeed":4},{"date":"2020-07-11T00:00:00","sunrise":"2020-07-11T05:32:26","sunset":"2020-07-11T21:59:01","datetime":"2020-07-11T00:00:00","datetimeutc":"2020-07-10T22:00:00","timetype":"Day","precipitationmm":0.0,"mintemperature":14.4,"maxtemperature":18.9,"cloudcover":25,"iconcode":"j","iconid":2,"sources":1,"winddirection":"NO","winddirectiondegrees":45,"windspeedms":3.57,"precipitation":1,"beaufort":2,"pollenindex":5,"mintemp":14.4,"maxtemp":18.9,"windspeed":4},{"date":"2020-07-12T00:00:00","sunrise":"2020-07-12T05:33:35","sunset":"2020-07-12T21:58:06","datetime":"2020-07-12T00:00:00","datetimeutc":"2020-07-11T22:00:00","timetype":"Day","precipitationmm":0.0,"mintemperature":15.4,"maxtemperature":19.9,"cloudcover":75,"iconcode":"r","iconid":3,"sources":1,"winddirection":"NO","winddirectiondegrees":45,"windspeedms":3.67,"precipitation":1,"beaufort":2,"pollenindex":5,"mintemp":15.4,"maxtemp":19.9,"windspeed":4},{"date":"2020-07-13T00:00:00","sunrise":"2020-07-13T05:34:45","sunset":"2020-07-13T21:57:08","datetime":"2020-07-13T00:00:00","datetimeutc":"2020-07-12T22:00:00","timetype":"Day","precipitationmm":0.0,"mintemperature":16.0,"maxtemperature":20.4,"cloudcover":25,"iconcode":"j","iconid":2,"sources":1,"winddirection":"N","winddirectiondegrees":0,"windspeedms":3.47,"precipitation":1,"beaufort":2,"pollenindex":5,"mintemp":16.0,"maxtemp":20.4,"windspeed":3},{"date":"2020-07-14T00:00:00","sunrise":"2020-07-14T05:35:58","sunset":"2020-07-14T21:56:08","datetime":"2020-07-14T00:00:00","datetimeutc":"2020-07-13T22:00:00","timetype":"Day","precipitationmm":0.0,"mintemperature":16.6,"maxtemperature":20.2,"cloudcover":25,"iconcode":"j","iconid":2,"sources":1,"winddirection":"N","winddirectiondegrees":0,"windspeedms":2.18,"precipitation":1,"beaufort":2,"pollenindex":5,"mintemp":16.6,"maxtemp":20.2,"windspeed":2},{"date":"2020-07-15T00:00:00","sunrise":"2020-07-15T05:37:12","sunset":"2020-07-15T21:55:04","datetime":"2020-07-15T00:00:00","datetimeutc":"2020-07-14T22:00:00","timetype":"Day","precipitationmm":0.0,"mintemperature":16.3,"maxtemperature":20.4,"cloudcover":75,"iconcode":"r","iconid":3,"sources":1,"winddirection":"N","winddirectiondegrees":0,"windspeedms":2.53,"precipitation":2,"beaufort":2,"pollenindex":5,"mintemp":16.3,"maxtemp":20.4,"windspeed":3},{"date":"2020-07-16T00:00:00","sunrise":"2020-07-16T05:38:28","sunset":"2020-07-16T21:53:58","datetime":"2020-07-16T00:00:00","datetimeutc":"2020-07-15T22:00:00","timetype":"Day","precipitationmm":3.8,"mintemperature":16.5,"maxtemperature":19.8,"cloudcover":25,"iconcode":"f","iconid":16,"sources":1,"winddirection":"NW","winddirectiondegrees":315,"windspeedms":2.69,"precipitation":64,"beaufort":2,"pollenindex":5,"mintemp":16.5,"maxtemp":19.8,"windspeed":3}]}