{"location":{"lat":52.37,"lon":4.89},"timeOffset":2.0,"timestamp":"2020-07-27T01:39:24","altitude":0,"elevation":0,"machinename":"None","elapsedms":0,"pollenindexNowDay":5,"pollenindexNowHour":4,"nowrelevant":{"values":[{"type":"pollenindex","value":5},{"type":"uvindex","value":5}]},"days":[{"date":"2020-07-27T00:00:00","sunrise":"2020-07-27T05:53:54","sunset":"2020-07-27T21:39:07","morning":{"datetime":"2020-07-27T07:00:00","datetimeutc":"2020-07-27T05:00:00","timetype":"Morning","precipitationmm":0.0,"mintemperature":15.8,"maxtemperature":17.9,"cloudcover":100,"iconcode":"c","iconid":22,"sources":1,"winddirection":"ZW","winddirectiondegrees":212,"windspeedms":4.2,"visibility":12414,"precipitation":1,"beaufort":3,"humidity":78,"sunshine":13,"hour":7,"mintemp":15.8,"maxtemp":17.9,"windspeed":15,"sunshinepower":148,"sunpower":148},"afternoon":{"datetime":"2020-07-27T12:00:00","datetimeutc":"2020-07-27T10:00:00","timetype":"Afternoon","precipitationmm":0.1,"mintemperature":18.4,"maxtemperature":24.6,"cloudcover":78,"iconcode":"r","iconid":33,"sources":1,"winddirection":"ZO","winddirectiondegrees":155,"windspeedms":5.7,"visibility":20311,"precipitation":27,"beaufort":3,"humidity":64,"sunshine":11,"hour":12,"mintemp":18.4,"maxtemp":24.6,"windspeed":21,"sunshinepower":365,"sunpower":365},"evening":{"datetime":"2020-07-27T18:00:00","datetimeutc":"2020-07-27T16:00:00","timetype":"Evening","precipitationmm":0.0,"mintemperature":20.1,"maxtemperature":24.3,"cloudcover":80,"iconcode":"r","iconid":19,"sources":1,"winddirection":"ZW","winddirectiondegrees":247,"windspeedms":5.7,"visibility":22858,"precipitation":0,"beaufort":3,"humidity":62,"sunshine":25,"hour":18,"mintemp":20.1,"maxtemp":24.3,"windspeed":21,"sunshinepower":96,"sunpower":96},"night":{"datetime":"2020-07-27T04:00:00","datetimeutc":"2020-07-27T02:00:00","timetype":"Night","precipitationmm":0.0,"mintemperature":15.1,"maxtemperature":15.5,"cloudcover":44,"iconcode":"j","iconid":22,"sources":1,"winddirection":"ZW","winddirectiondegrees":205,"windspeedms":3.8,"visibility":10043,"precipitation":0,"beaufort":2,"humidity":86,"sunshine":2,"hour":4,"mintemp":15.1,"maxtemp":15.5,"windspeed":14,"sunshinepower":0,"sunpower":0},"hours":[{"datetime":"2020-07-27T04:00:00","datetimeutc":"2020-07-27T02:00:00","timetype":"Hour","precipitationmm":0.0,"temperature":15.5,"feeltemperature":15.5,"cloudcover":74,"iconcode":"rr","iconid":22,"sources":3,"winddirection":"ZW","winddirectiondegrees":203,"windspeedms":3.8,"visibility":10070,"precipitation":0,"beaufort":2,"humidity":87,"sunshine":0,"hour":4,"pollenindex":3,"windspeed":14,"sunshinepower":0,"sunpower":0},{"datetime":"2020-07-27T05:00:00","datetimeutc":"2020-07-27T03:00:00","timetype":"Hour","precipitationmm":0.0,"temperature":15.1,"feeltemperature":15.1,"cloudcover":30,"iconcode":"jj","iconid":21,"sources":3,"winddirection":"ZW","winddirectiondegrees":205,"windspeedms":3.7,"visibility":10040,"precipitation":0,"beaufort":2,"humidity":86,"sunshine":0,"hour":5,"pollenindex":3,"windspeed":13,"sunshinepower":0,"sunpower":0},{"datetime":"2020-07-27T06:00:00","datetimeutc":"2020-07-27T04:00:00","timetype":"Hour","precipitationmm":0.0,"temperature":15.2,"feeltemperature":15.2,"cloudcover":30,"iconcode":"j","iconid":21,"sources":2,"winddirection":"ZW","winddirectiondegrees":209,"windspeedms":3.8,"visibility":10020,"precipitation":0,"beaufort":2,"humidity":85,"sunshine":8,"hour":6,"pollenindex":4,"windspeed":14,"sunshinepower":0,"sunpower":0},{"datetime":"2020-07-27T07:00:00","datetimeutc":"2020-07-27T05:00:00","timetype":"Hour","precipitationmm":0.0,"temperature":15.8,"feeltemperature":15.8,"cloudcover":100,"iconcode":"c","iconid":22,"sources":2,"winddirection":"ZW","winddirectiondegrees":205,"windspeedms":3.8,"visibility":10020,"precipitation":1,"beaufort":2,"humidity":83,"sunshine":68,"hour":7,"pollenindex":4,"windspeed":14,"sunshinepower":62,"sunpower":62},{"datetime":"2020-07-27T08:00:00","datetimeutc":"2020-07-27T06:00:00","timetype":"Hour","precipitationmm":0.0,"temperature":16.6,"feeltemperature":16.6,"cloudcover":100,"iconcode":"c","iconid":22,"sources":2,"winddirection":"ZW","winddirectiondegrees":211,"windspeedms":4.2,"visibility":11010,"precipitation":1,"beaufort":3,"humidity":80,"sunshine":0,"hour":8,"pollenindex":4,"windspeed":15,"sunshinepower":137,"sunpower":137},{"datetime":"2020-07-27T09:00:00","datetimeutc":"2020-07-27T07:00:00","timetype":"Hour","precipitationmm":0.0,"temperature":17.3,"feeltemperature":17.3,"cloudcover":100,"iconcode":"c","iconid":22,"sources":2,"winddirection":"ZW","winddirectiondegrees":210,"windspeedms":4.4,"visibility":12610,"precipitation":1,"beaufort":3,"humidity":78,"sunshine":0,"hour":9,"pollenindex":4,"windspeed":16,"sunshinepower":174,"sunpower":174},{"datetime":"2020-07-27T10:00:00","datetimeutc":"2020-07-27T08:00:00","timetype":"Hour","precipitationmm":0.0,"temperature":17.6,"feeltemperature":17.6,"cloudcover":100,"iconcode":"c","iconid":22,"sources":2,"winddirection":"ZW","winddirectiondegrees":217,"windspeedms":4.3,"visibility":14610,"precipitation":2,"beaufort":3,"humidity":77,"sunshine":0,"hour":10,"pollenindex":4,"windspeed":15,"sunshinepower":169,"sunpower":169},{"datetime":"2020-07-27T11:00:00","datetimeutc":"2020-07-27T09:00:00","timetype":"Hour","precipitationmm":0.0,"temperature":17.9,"feeltemperature":17.9,"cloudcover":100,"iconcode":"c","iconid":19,"sources":2,"winddirection":"ZW","winddirectiondegrees":221,"windspeedms":4.3,"visibility":13820,"precipitation":2,"beaufort":3,"humidity":76,"sunshine":0,"hour":11,"pollenindex":4,"windspeed":15,"sunshinepower":202,"sunpower":202},{"datetime":"2020-07-27T12:00:00","datetimeutc":"2020-07-27T10:00:00","timetype":"Hour","precipitationmm":0.0,"temperature":18.4,"feeltemperature":18.4,"cloudcover":100,"iconcode":"c","iconid":33,"sources":2,"winddirection":"Z","winddirectiondegrees":197,"windspeedms":3.8,"visibility":14220,"precipitation":3,"beaufort":2,"humidity":75,"sunshine":0,"hour":12,"pollenindex":4,"windspeed":14,"sunshinepower":281,"sunpower":281},{"datetime":"2020-07-27T13:00:00","datetimeutc":"2020-07-27T11:00:00","timetype":"Hour","precipitationmm":0.1,"temperature":19.4,"feeltemperature":19.4,"cloudcover":100,"iconcode":"m","iconid":22,"sources":2,"winddirection":"ZO","winddirectiondegrees":150,"windspeedms":4.5,"visibility":17210,"precipitation":82,"beaufort":3,"humidity":70,"sunshine":0,"hour":13,"pollenindex":4,"windspeed":16,"sunshinepower":378,"sunpower":378},{"datetime":"2020-07-27T14:00:00","datetimeutc":"2020-07-27T12:00:00","timetype":"Hour","precipitationmm":0.0,"temperature":20.8,"feeltemperature":20.8,"cloudcover":100,"iconcode":"c","iconid":22,"sources":2,"winddirection":"ZO","winddirectiondegrees":131,"windspeedms":5.5,"visibility":19210,"precipitation":1,"beaufort":3,"humidity":66,"sunshine":0,"hour":14,"pollenindex":5,"windspeed":20,"sunshinepower":423,"sunpower":423},{"datetime":"2020-07-27T15:00:00","datetimeutc":"2020-07-27T13:00:00","timetype":"Hour","precipitationmm":0.0,"temperature":22.4,"feeltemperature":24.6,"cloudcover":100,"iconcode":"c","iconid":22,"sources":2,"winddirection":"ZO","winddirectiondegrees":140,"windspeedms":6.8,"visibility":22210,"precipitation":0,"beaufort":4,"humidity":63,"sunshine":0,"hour":15,"pollenindex":5,"windspeed":24,"sunshinepower":391,"sunpower":391},{"datetime":"2020-07-27T16:00:00","datetimeutc":"2020-07-27T14:00:00","timetype":"Hour","precipitationmm":0.0,"temperature":23.8,"feeltemperature":25.5,"cloudcover":30,"iconcode":"j","iconid":20,"sources":2,"winddirection":"ZO","winddirectiondegrees":152,"windspeedms":7.0,"visibility":23610,"precipitation":0,"beaufort":4,"humidity":59,"sunshine":0,"hour":16,"pollenindex":5,"windspeed":25,"sunshinepower":375,"sunpower":375},{"datetime":"2020-07-27T17:00:00","datetimeutc":"2020-07-27T15:00:00","timetype":"Hour","precipitationmm":0.0,"temperature":24.6,"feeltemperature":26.0,"cloudcover":42,"iconcode":"j","iconid":19,"sources":2,"winddirection":"Z","winddirectiondegrees":164,"windspeedms":6.8,"visibility":25410,"precipitation":0,"beaufort":4,"humidity":56,"sunshine":68,"hour":17,"pollenindex":5,"windspeed":24,"sunshinepower":344,"sunpower":344},{"datetime":"2020-07-27T18:00:00","datetimeutc":"2020-07-27T16:00:00","timetype":"Hour","precipitationmm":0.0,"temperature":24.3,"feeltemperature":25.8,"cloudcover":100,"iconcode":"c","iconid":19,"sources":2,"winddirection":"Z","winddirectiondegrees":162,"windspeedms":5.3,"visibility":25410,"precipitation":1,"beaufort":3,"humidity":57,"sunshine":55,"hour":18,"pollenindex":5,"windspeed":19,"sunshinepower":270,"sunpower":270},{"datetime":"2020-07-27T19:00:00","datetimeutc":"2020-07-27T17:00:00","timetype":"Hour","precipitationmm":0.0,"temperature":23.2,"feeltemperature":25.2,"cloudcover":30,"iconcode":"j","iconid":19,"sources":2,"winddirection":"W","winddirectiondegrees":287,"windspeedms":5.9,"visibility":29020,"precipitation":0,"beaufort":3,"humidity":58,"sunshine":0,"hour":19,"pollenindex":5,"windspeed":21,"sunshinepower":183,"sunpower":183},{"datetime":"2020-07-27T20:00:00","datetimeutc":"2020-07-27T18:00:00","timetype":"Hour","precipitationmm":0.0,"temperature":21.8,"feeltemperature":21.8,"cloudcover":74,"iconcode":"r","iconid":7,"sources":2,"winddirection":"W","winddirectiondegrees":262,"windspeedms":5.2,"visibility":27010,"precipitation":0,"beaufort":3,"humidity":61,"sunshine":68,"hour":20,"pollenindex":5,"windspeed":19,"sunshinepower":99,"sunpower":99},{"datetime":"2020-07-27T21:00:00","datetimeutc":"2020-07-27T19:00:00","timetype":"Hour","precipitationmm":0.0,"temperature":20.7,"feeltemperature":20.7,"cloudcover":84,"iconcode":"r","iconid":20,"sources":2,"winddirection":"W","winddirectiondegrees":256,"windspeedms":5.3,"visibility":24010,"precipitation":0,"beaufort":3,"humidity":63,"sunshine":21,"hour":21,"pollenindex":5,"windspeed":19,"sunshinepower":28,"sunpower":28},{"datetime":"2020-07-27T22:00:00","datetimeutc":"2020-07-27T20:00:00","timetype":"Hour","precipitationmm":0.0,"temperature":20.3,"feeltemperature":20.3,"cloudcover":97,"iconcode":"cc","iconid":22,"sources":2,"winddirection":"W","winddirectiondegrees":249,"windspeedms":6.0,"visibility":18250,"precipitation":1,"beaufort":4,"humidity":67,"sunshine":8,"hour":22,"pollenindex":5,"windspeed":22,"sunshinepower":0,"sunpower":0},{"datetime":"2020-07-27T23:00:00","datetimeutc":"2020-07-27T21:00:00","timetype":"Hour","precipitationmm":0.0,"temperature":20.1,"feeltemperature":20.1,"cloudcover":100,"iconcode":"cc","iconid":22,"sources":2,"winddirection":"ZW","winddirectiondegrees":243,"windspeedms":6.3,"visibility":13450,"precipitation":0,"beaufort":4,"humidity":70,"sunshine":0,"hour":23,"pollenindex":4,"windspeed":23,"sunshinepower":0,"sunpower":0}],"datetime":"2020-07-27T00:00:00","datetimeutc":"2020-07-26T22:00:00","timetype":"Day","precipitationmm":1.4,"mintemperature":15.1,"maxtemperature":24.6,"cloudcover":79,"iconcode":"m","iconid":16,"sources":2,"winddirection":"ZW","winddirectiondegrees":225,"windspeedms":5.0,"visibility":17561,"precipitation":17,"beaufort":3,"humidity":70,"sunshine":14,"uvindex":5,"bbqindex":6,"mosquitoindex":6,"pollenindex":5,"icescrapeindex":1,"mintemp":15.1,"maxtemp":24.6,"windspeed":5,"sunshinepower":175,"sunpower":175},{"date":"2020-07-28T00:00:00","sunrise":"2020-07-28T05:55:25","sunset":"2020-07-28T21:37:32","morning":{"datetime":"2020-07-28T07:00:00","datetimeutc":"2020-07-28T05:00:00","timetype":"Morning","precipitationmm":0.0,"mintemperature":16.8,"maxtemperature":18.2,"cloudcover":54,"iconcode":"b","iconid":7,"sources":1,"winddirection":"W","winddirectiondegrees":276,"windspeedms":6.5,"visibility":14776,"precipitation":0,"beaufort":4,"humidity":74,"sunshine":34,"hour":7,"mintemp":16.8,"maxtemp":18.2,"windspeed":23,"sunshinepower":333,"sunpower":333},"afternoon":{"datetime":"2020-07-28T12:00:00","datetimeutc":"2020-07-28T10:00:00","timetype":"Afternoon","precipitationmm":0.0,"mintemperature":18.5,"maxtemperature":19.4,"cloudcover":61,"iconcode":"b","iconid":8,"sources":1,"winddirection":"W","winddirectiondegrees":268,"windspeedms":7.7,"visibility":18576,"precipitation":0,"beaufort":4,"humidity":61,"sunshine":32,"hour":12,"mintemp":18.5,"maxtemp":19.4,"windspeed":28,"sunshinepower":656,"sunpower":656},"evening":{"datetime":"2020-07-28T20:00:00","datetimeutc":"2020-07-28T18:00:00","timetype":"Evening","precipitationmm":0.0,"mintemperature":16.4,"maxtemperature":19.0,"cloudcover":44,"iconcode":"j","iconid":7,"sources":1,"winddirection":"W","winddirectiondegrees":285,"windspeedms":5.4,"visibility":20190,"precipitation":0,"beaufort":3,"humidity":64,"sunshine":35,"hour":20,"mintemp":16.4,"maxtemp":19.0,"windspeed":19,"sunshinepower":136,"sunpower":136},"night":{"datetime":"2020-07-28T00:00:00","datetimeutc":"2020-07-27T22:00:00","timetype":"Night","precipitationmm":0.0,"mintemperature":17.1,"maxtemperature":19.8,"cloudcover":91,"iconcode":"d","iconid":20,"sources":1,"winddirection":"W","winddirectiondegrees":249,"windspeedms":6.7,"visibility":7645,"precipitation":1,"beaufort":4,"humidity":83,"sunshine":0,"hour":0,"mintemp":17.1,"maxtemp":19.8,"windspeed":24,"sunshinepower":0,"sunpower":0},"hours":[{"datetime":"2020-07-28T00:00:00","datetimeutc":"2020-07-27T22:00:00","timetype":"Hour","precipitationmm":0.0,"temperature":19.8,"feeltemperature":19.8,"cloudcover":79,"iconcode":"rr","iconid":20,"sources":2,"winddirection":"ZW","winddirectiondegrees":237,"windspeedms":6.7,"visibility":12450,"precipitation":0,"beaufort":4,"humidity":75,"sunshine":0,"hour":0,"pollenindex":4,"windspeed":24,"sunshinepower":0,"sunpower":0},{"datetime":"2020-07-28T01:00:00","datetimeutc":"2020-07-27T23:00:00","timetype":"Hour","precipitationmm":0.0,"temperature":19.4,"feeltemperature":19.4,"cloudcover":83,"iconcode":"rr","iconid":20,"sources":2,"winddirection":"ZW","winddirectiondegrees":245,"windspeedms":7.1,"visibility":10650,"precipitation":0,"beaufort":4,"humidity":80,"sunshine":0,"hour":1,"pollenindex":4,"windspeed":26,"sunshinepower":0,"sunpower":0},{"datetime":"2020-07-28T02:00:00","datetimeutc":"2020-07-28T00:00:00","timetype":"Hour","precipitationmm":0.0,"temperature":19.0,"feeltemperature":19.0,"cloudcover":89,"iconcode":"rr","iconid":22,"sources":2,"winddirection":"ZW","winddirectiondegrees":247,"windspeedms":7.4,"visibility":10060,"precipitation":0,"beaufort":4,"humidity":83,"sunshine":0,"hour":2,"pollenindex":4,"windspeed":27,"sunshinepower":0,"sunpower":0},{"datetime":"2020-07-28T03:00:00","datetimeutc":"2020-07-28T01:00:00","timetype":"Hour","precipitationmm":0.0,"temperature":18.6,"feeltemperature":18.6,"cloudcover":98,"iconcode":"cc","iconid":22,"sources":2,"winddirection":"W","winddirectiondegrees":250,"windspeedms":7.4,"visibility":9650,"precipitation":0,"beaufort":4,"humidity":86,"sunshine":0,"hour":3,"pollenindex":3,"windspeed":27,"sunshinepower":0,"sunpower":0},{"datetime":"2020-07-28T04:00:00","datetimeutc":"2020-07-28T02:00:00","timetype":"Hour","precipitationmm":0.0,"temperature":18.1,"feeltemperature":18.1,"cloudcover":100,"iconcode":"dd","iconid":22,"sources":2,"winddirection":"W","winddirectiondegrees":250,"windspeedms":6.5,"visibility":260,"precipitation":1,"beaufort":4,"humidity":87,"sunshine":0,"hour":4,"pollenindex":3,"windspeed":23,"sunshinepower":0,"sunpower":0},{"datetime":"2020-07-28T05:00:00","datetimeutc":"2020-07-28T03:00:00","timetype":"Hour","precipitationmm":0.0,"temperature":17.5,"feeltemperature":17.5,"cloudcover":100,"iconcode":"dd","iconid":22,"sources":2,"winddirection":"W","winddirectiondegrees":255,"windspeedms":6.1,"visibility":830,"precipitation":1,"beaufort":4,"humidity":86,"sunshine":0,"hour":5,"pollenindex":3,"windspeed":22,"sunshinepower":0,"sunpower":0},{"datetime":"2020-07-28T06:00:00","datetimeutc":"2020-07-28T04:00:00","timetype":"Hour","precipitationmm":0.0,"temperature":17.1,"feeltemperature":17.1,"cloudcover":94,"iconcode":"c","iconid":22,"sources":2,"winddirection":"W","winddirectiondegrees":263,"windspeedms":6.0,"visibility":9620,"precipitation":1,"beaufort":4,"humidity":85,"sunshine":0,"hour":6,"pollenindex":3,"windspeed":22,"sunshinepower":0,"sunpower":0},{"datetime":"2020-07-28T07:00:00","datetimeutc":"2020-07-28T05:00:00","timetype":"Hour","precipitationmm":0.0,"temperature":16.8,"feeltemperature":16.8,"cloudcover":65,"iconcode":"b","iconid":7,"sources":2,"winddirection":"W","winddirectiondegrees":281,"windspeedms":5.8,"visibility":12420,"precipitation":0,"beaufort":3,"humidity":82,"sunshine":0,"hour":7,"pollenindex":4,"windspeed":21,"sunshinepower":66,"sunpower":66},{"datetime":"2020-07-28T08:00:00","datetimeutc":"2020-07-28T06:00:00","timetype":"Hour","precipitationmm":0.0,"temperature":16.8,"feeltemperature":16.8,"cloudcover":45,"iconcode":"j","iconid":7,"sources":2,"winddirection":"W","winddirectiondegrees":281,"windspeedms":6.0,"visibility":14820,"precipitation":0,"beaufort":4,"humidity":77,"sunshine":30,"hour":8,"pollenindex":4,"windspeed":22,"sunshinepower":203,"sunpower":203},{"datetime":"2020-07-28T09:00:00","datetimeutc":"2020-07-28T07:00:00","timetype":"Hour","precipitationmm":0.0,"temperature":17.2,"feeltemperature":17.2,"cloudcover":45,"iconcode":"j","iconid":7,"sources":2,"winddirection":"W","winddirectiondegrees":279,"windspeedms":6.5,"visibility":15810,"precipitation":0,"beaufort":4,"humidity":73,"sunshine":51,"hour":9,"pollenindex":4,"windspeed":23,"sunshinepower":356,"sunpower":356},{"datetime":"2020-07-28T10:00:00","datetimeutc":"2020-07-28T08:00:00","timetype":"Hour","precipitationmm":0.0,"temperature":17.7,"feeltemperature":17.7,"cloudcover":54,"iconcode":"b","iconid":7,"sources":2,"winddirection":"W","winddirectiondegrees":272,"windspeedms":7.0,"visibility":14820,"precipitation":0,"beaufort":4,"humidity":70,"sunshine":51,"hour":10,"pollenindex":4,"windspeed":25,"sunshinepower":473,"sunpower":473},{"datetime":"2020-07-28T11:00:00","datetimeutc":"2020-07-28T09:00:00","timetype":"Hour","precipitationmm":0.0,"temperature":18.2,"feeltemperature":18.2,"cloudcover":62,"iconcode":"b","iconid":7,"sources":2,"winddirection":"W","winddirectiondegrees":271,"windspeedms":7.4,"visibility":16010,"precipitation":0,"beaufort":4,"humidity":68,"sunshine":41,"hour":11,"pollenindex":5,"windspeed":27,"sunshinepower":568,"sunpower":568},{"datetime":"2020-07-28T12:00:00","datetimeutc":"2020-07-28T10:00:00","timetype":"Hour","precipitationmm":0.0,"temperature":18.5,"feeltemperature":18.5,"cloudcover":64,"iconcode":"b","iconid":8,"sources":2,"winddirection":"W","winddirectiondegrees":270,"windspeedms":7.7,"visibility":17210,"precipitation":0,"beaufort":4,"humidity":65,"sunshine":35,"hour":12,"pollenindex":5,"windspeed":28,"sunshinepower":653,"sunpower":653},{"datetime":"2020-07-28T13:00:00","datetimeutc":"2020-07-28T11:00:00","timetype":"Hour","precipitationmm":0.0,"temperature":18.7,"feeltemperature":18.7,"cloudcover":65,"iconcode":"b","iconid":8,"sources":2,"winddirection":"W","winddirectiondegrees":269,"windspeedms":7.9,"visibility":18210,"precipitation":0,"beaufort":4,"humidity":63,"sunshine":31,"hour":13,"pollenindex":5,"windspeed":28,"sunshinepower":715,"sunpower":715},{"datetime":"2020-07-28T14:00:00","datetimeutc":"2020-07-28T12:00:00","timetype":"Hour","precipitationmm":0.0,"temperature":18.9,"feeltemperature":18.9,"cloudcover":64,"iconcode":"b","iconid":8,"sources":2,"winddirection":"W","winddirectiondegrees":269,"windspeedms":7.8,"visibility":19410,"precipitation":0,"beaufort":4,"humidity":61,"sunshine":31,"hour":14,"pollenindex":5,"windspeed":28,"sunshinepower":725,"sunpower":725},{"datetime":"2020-07-28T15:00:00","datetimeutc":"2020-07-28T13:00:00","timetype":"Hour","precipitationmm":0.0,"temperature":19.2,"feeltemperature":19.2,"cloudcover":62,"iconcode":"b","iconid":8,"sources":2,"winddirection":"W","winddirectiondegrees":270,"windspeedms":7.6,"visibility":19610,"precipitation":0,"beaufort":4,"humidity":60,"sunshine":31,"hour":15,"pollenindex":5,"windspeed":27,"sunshinepower":691,"sunpower":691},{"datetime":"2020-07-28T16:00:00","datetimeutc":"2020-07-28T14:00:00","timetype":"Hour","precipitationmm":0.0,"temperature":19.4,"feeltemperature":19.4,"cloudcover":59,"iconcode":"b","iconid":8,"sources":2,"winddirection":"W","winddirectiondegrees":267,"windspeedms":7.6,"visibility":18610,"precipitation":0,"beaufort":4,"humidity":60,"sunshine":33,"hour":16,"pollenindex":5,"windspeed":27,"sunshinepower":632,"sunpower":632},{"datetime":"2020-07-28T17:00:00","datetimeutc":"2020-07-28T15:00:00","timetype":"Hour","precipitationmm":0.0,"temperature":19.4,"feeltemperature":19.4,"cloudcover":56,"iconcode":"b","iconid":7,"sources":2,"winddirection":"W","winddirectiondegrees":268,"windspeedms":7.4,"visibility":18410,"precipitation":0,"beaufort":4,"humidity":58,"sunshine":36,"hour":17,"pollenindex":5,"windspeed":27,"sunshinepower":522,"sunpower":522},{"datetime":"2020-07-28T18:00:00","datetimeutc":"2020-07-28T16:00:00","timetype":"Hour","precipitationmm":0.0,"temperature":19.0,"feeltemperature":19.0,"cloudcover":54,"iconcode":"b","iconid":7,"sources":2,"winddirection":"W","winddirectiondegrees":267,"windspeedms":7.1,"visibility":21410,"precipitation":0,"beaufort":4,"humidity":60,"sunshine":40,"hour":18,"pollenindex":5,"windspeed":26,"sunshinepower":387,"sunpower":387},{"datetime":"2020-07-28T19:00:00","datetimeutc":"2020-07-28T17:00:00","timetype":"Hour","precipitationmm":0.0,"temperature":18.4,"feeltemperature":18.4,"cloudcover":52,"iconcode":"b","iconid":7,"sources":2,"winddirection":"W","winddirectiondegrees":269,"windspeedms":6.6,"visibility":21210,"precipitation":0,"beaufort":4,"humidity":62,"sunshine":41,"hour":19,"pollenindex":5,"windspeed":24,"sunshinepower":256,"sunpower":256},{"datetime":"2020-07-28T20:00:00","datetimeutc":"2020-07-28T18:00:00","timetype":"Hour","precipitationmm":0.0,"temperature":17.8,"feeltemperature":17.8,"cloudcover":49,"iconcode":"j","iconid":7,"sources":1,"winddirection":"W","winddirectiondegrees":276,"windspeedms":5.9,"visibility":20610,"precipitation":0,"beaufort":3,"humidity":65,"sunshine":45,"hour":20,"pollenindex":5,"windspeed":21,"sunshinepower":135,"sunpower":135},{"datetime":"2020-07-28T21:00:00","datetimeutc":"2020-07-28T19:00:00","timetype":"Hour","precipitationmm":0.0,"temperature":17.2,"feeltemperature":17.2,"cloudcover":42,"iconcode":"j","iconid":22,"sources":1,"winddirection":"W","winddirectiondegrees":289,"windspeedms":5.16,"visibility":23010,"precipitation":0,"beaufort":3,"humidity":66,"sunshine":48,"hour":21,"pollenindex":5,"windspeed":19,"sunshinepower":39,"sunpower":39},{"datetime":"2020-07-28T22:00:00","datetimeutc":"2020-07-28T20:00:00","timetype":"Hour","precipitationmm":0.0,"temperature":16.7,"feeltemperature":16.7,"cloudcover":38,"iconcode":"jj","iconid":7,"sources":1,"winddirection":"NW","winddirectiondegrees":314,"windspeedms":3.84,"visibility":17450,"precipitation":0,"beaufort":2,"humidity":66,"sunshine":36,"hour":22,"pollenindex":5,"windspeed":14,"sunshinepower":0,"sunpower":0},{"datetime":"2020-07-28T23:00:00","datetimeutc":"2020-07-28T21:00:00","timetype":"Hour","precipitationmm":0.0,"temperature":16.4,"feeltemperature":16.4,"cloudcover":30,"iconcode":"jj","iconid":7,"sources":1,"winddirection":"NW","winddirectiondegrees":298,"windspeedms":3.81,"visibility":17450,"precipitation":0,"beaufort":2,"humidity":69,"sunshine":0,"hour":23,"pollenindex":5,"windspeed":14,"sunshinepower":0,"sunpower":0}],"datetime":"2020-07-28T00:00:00","datetimeutc":"2020-07-27T22:00:00","timetype":"Day","precipitationmm":0.0,"mintemperature":16.4,"maxtemperature":19.8,"cloudcover":64,"iconcode":"b","iconid":3,"sources":2,"winddirection":"W","winddirectiondegrees":270,"windspeedms":6.6,"visibility":15000,"precipitation":0,"beaufort":4,"humidity":71,"sunshine":24,"uvindex":4,"bbqindex":7,"mosquitoindex":6,"pollenindex":5,"icescrapeindex":1,"mintemp":16.4,"maxtemp":19.8,"windspeed":7,"sunshinepower":267,"sunpower":267},{"date":"2020-07-29T00:00:00","sunrise":"2020-07-29T05:56:57","sunset":"2020-07-29T21:35:56","hours":[{"datetime":"2020-07-29T00:00:00","datetimeutc":"2020-07-28T22:00:00","timetype":"Hour","precipitationmm":0.0,"temperature":16.2,"feeltemperature":16.2,"cloudcover":30,"iconcode":"jj","iconid":7,"sources":1,"winddirection":"W","winddirectiondegrees":289,"windspeedms":3.93,"visibility":17450,"precipitation":0,"beaufort":2,"humidity":70,"sunshine":0,"hour":0,"pollenindex":4,"windspeed":14,"sunshinepower":0,"sunpower":0},{"datetime":"2020-07-29T01:00:00","datetimeutc":"2020-07-28T23:00:00","timetype":"Hour","precipitationmm":0.0,"temperature":16.0,"feeltemperature":16.0,"cloudcover":32,"iconcode":"jj","iconid":4,"sources":1,"winddirection":"W","winddirectiondegrees":282,"windspeedms":3.93,"visibility":16250,"precipitation":0,"beaufort":2,"humidity":70,"sunshine":0,"hour":1,"pollenindex":4,"windspeed":14,"sunshinepower":0,"sunpower":0},{"datetime":"2020-07-29T02:00:00","datetimeutc":"2020-07-29T00:00:00","timetype":"Hour","precipitationmm":0.0,"temperature":15.9,"feeltemperature":15.9,"cloudcover":35,"iconcode":"jj","iconid":4,"sources":1,"winddirection":"W","winddirectiondegrees":278,"windspeedms":4.05,"visibility":15260,"precipitation":0,"beaufort":3,"humidity":71,"sunshine":0,"hour":2,"pollenindex":4,"windspeed":15,"sunshinepower":0,"sunpower":0},{"datetime":"2020-07-29T03:00:00","datetimeutc":"2020-07-29T01:00:00","timetype":"Hour","precipitationmm":0.0,"temperature":15.8,"feeltemperature":15.8,"cloudcover":39,"iconcode":"jj","iconid":4,"sources":1,"winddirection":"W","winddirectiondegrees":281,"windspeedms":4.68,"visibility":16050,"precipitation":0,"beaufort":3,"humidity":71,"sunshine":0,"hour":3,"pollenindex":4,"windspeed":17,"sunshinepower":0,"sunpower":0},{"datetime":"2020-07-29T04:00:00","datetimeutc":"2020-07-29T02:00:00","timetype":"Hour","precipitationmm":0.0,"temperature":15.6,"feeltemperature":15.6,"cloudcover":43,"iconcode":"jj","iconid":22,"sources":1,"winddirection":"W","winddirectiondegrees":280,"windspeedms":4.94,"visibility":15850,"precipitation":0,"beaufort":3,"humidity":71,"sunshine":0,"hour":4,"pollenindex":4,"windspeed":18,"sunshinepower":0,"sunpower":0},{"datetime":"2020-07-29T05:00:00","datetimeutc":"2020-07-29T03:00:00","timetype":"Hour","precipitationmm":0.0,"temperature":15.4,"feeltemperature":15.4,"cloudcover":47,"iconcode":"jj","iconid":22,"sources":1,"winddirection":"W","winddirectiondegrees":276,"windspeedms":5.12,"visibility":15050,"precipitation":0,"beaufort":3,"humidity":71,"sunshine":0,"hour":5,"pollenindex":4,"windspeed":18,"sunshinepower":0,"sunpower":0},{"datetime":"2020-07-29T06:00:00","datetimeutc":"2020-07-29T04:00:00","timetype":"Hour","precipitationmm":0.0,"temperature":15.4,"feeltemperature":15.4,"cloudcover":49,"iconcode":"j","iconid":7,"sources":1,"winddirection":"W","winddirectiondegrees":276,"windspeedms":5.15,"visibility":14030,"precipitation":0,"beaufort":3,"humidity":71,"sunshine":3,"hour":6,"pollenindex":4,"windspeed":19,"sunshinepower":0,"sunpower":0},{"datetime":"2020-07-29T07:00:00","datetimeutc":"2020-07-29T05:00:00","timetype":"Hour","precipitationmm":0.0,"temperature":15.5,"feeltemperature":15.5,"cloudcover":51,"iconcode":"b","iconid":7,"sources":1,"winddirection":"W","winddirectiondegrees":279,"windspeedms":5.58,"visibility":14020,"precipitation":0,"beaufort":3,"humidity":72,"sunshine":46,"hour":7,"pollenindex":4,"windspeed":20,"sunshinepower":59,"sunpower":59},{"datetime":"2020-07-29T08:00:00","datetimeutc":"2020-07-29T06:00:00","timetype":"Hour","precipitationmm":0.0,"temperature":15.8,"feeltemperature":15.8,"cloudcover":53,"iconcode":"b","iconid":19,"sources":1,"winddirection":"W","winddirectiondegrees":279,"windspeedms":6.08,"visibility":13610,"precipitation":1,"beaufort":4,"humidity":71,"sunshine":46,"hour":8,"pollenindex":4,"windspeed":22,"sunshinepower":166,"sunpower":166},{"datetime":"2020-07-29T09:00:00","datetimeutc":"2020-07-29T07:00:00","timetype":"Hour","precipitationmm":0.0,"temperature":16.0,"feeltemperature":16.0,"cloudcover":57,"iconcode":"b","iconid":22,"sources":1,"winddirection":"W","winddirectiondegrees":282,"windspeedms":6.38,"visibility":13020,"precipitation":0,"beaufort":4,"humidity":70,"sunshine":43,"hour":9,"pollenindex":4,"windspeed":23,"sunshinepower":278,"sunpower":278},{"datetime":"2020-07-29T10:00:00","datetimeutc":"2020-07-29T08:00:00","timetype":"Hour","precipitationmm":0.0,"temperature":16.2,"feeltemperature":16.2,"cloudcover":62,"iconcode":"b","iconid":19,"sources":1,"winddirection":"W","winddirectiondegrees":286,"windspeedms":6.7,"visibility":12410,"precipitation":1,"beaufort":4,"humidity":69,"sunshine":38,"hour":10,"pollenindex":4,"windspeed":24,"sunshinepower":375,"sunpower":375},{"datetime":"2020-07-29T11:00:00","datetimeutc":"2020-07-29T09:00:00","timetype":"Hour","precipitationmm":0.0,"temperature":16.4,"feeltemperature":16.4,"cloudcover":67,"iconcode":"b","iconid":22,"sources":1,"winddirection":"W","winddirectiondegrees":285,"windspeedms":6.9,"visibility":13010,"precipitation":1,"beaufort":4,"humidity":69,"sunshine":33,"hour":11,"pollenindex":4,"windspeed":25,"sunshinepower":464,"sunpower":464},{"datetime":"2020-07-29T12:00:00","datetimeutc":"2020-07-29T10:00:00","timetype":"Hour","precipitationmm":0.0,"temperature":16.6,"feeltemperature":16.6,"cloudcover":70,"iconcode":"r","iconid":22,"sources":1,"winddirection":"W","winddirectiondegrees":287,"windspeedms":7.03,"visibility":13820,"precipitation":1,"beaufort":4,"humidity":67,"sunshine":28,"hour":12,"pollenindex":5,"windspeed":25,"sunshinepower":543,"sunpower":543},{"datetime":"2020-07-29T13:00:00","datetimeutc":"2020-07-29T11:00:00","timetype":"Hour","precipitationmm":0.0,"temperature":17.0,"feeltemperature":17.0,"cloudcover":72,"iconcode":"r","iconid":7,"sources":1,"winddirection":"W","winddirectiondegrees":287,"windspeedms":7.25,"visibility":14620,"precipitation":1,"beaufort":4,"humidity":64,"sunshine":25,"hour":13,"pollenindex":5,"windspeed":26,"sunshinepower":594,"sunpower":594},{"datetime":"2020-07-29T14:00:00","datetimeutc":"2020-07-29T12:00:00","timetype":"Hour","precipitationmm":0.0,"temperature":17.4,"feeltemperature":17.4,"cloudcover":78,"iconcode":"r","iconid":7,"sources":1,"winddirection":"W","winddirectiondegrees":290,"windspeedms":7.55,"visibility":17620,"precipitation":1,"beaufort":4,"humidity":64,"sunshine":23,"hour":14,"pollenindex":5,"windspeed":27,"sunshinepower":619,"sunpower":619},{"datetime":"2020-07-29T15:00:00","datetimeutc":"2020-07-29T13:00:00","timetype":"Hour","precipitationmm":0.0,"temperature":17.7,"feeltemperature":17.7,"cloudcover":90,"iconcode":"c","iconid":19,"sources":1,"winddirection":"W","winddirectiondegrees":289,"windspeedms":7.65,"visibility":17010,"precipitation":1,"beaufort":4,"humidity":63,"sunshine":16,"hour":15,"pollenindex":5,"windspeed":28,"sunshinepower":600,"sunpower":600},{"datetime":"2020-07-29T16:00:00","datetimeutc":"2020-07-29T14:00:00","timetype":"Hour","precipitationmm":0.0,"temperature":17.9,"feeltemperature":17.9,"cloudcover":100,"iconcode":"c","iconid":19,"sources":1,"winddirection":"W","winddirectiondegrees":291,"windspeedms":7.44,"visibility":17600,"precipitation":1,"beaufort":4,"humidity":63,"sunshine":3,"hour":16,"pollenindex":5,"windspeed":27,"sunshinepower":531,"sunpower":531},{"datetime":"2020-07-29T17:00:00","datetimeutc":"2020-07-29T15:00:00","timetype":"Hour","precipitationmm":0.0,"temperature":17.9,"feeltemperature":17.9,"cloudcover":100,"iconcode":"c","iconid":19,"sources":1,"winddirection":"NW","winddirectiondegrees":294,"windspeedms":7.08,"visibility":18200,"precipitation":1,"beaufort":4,"humidity":62,"sunshine":0,"hour":17,"pollenindex":5,"windspeed":25,"sunshinepower":448,"sunpower":448},{"datetime":"2020-07-29T18:00:00","datetimeutc":"2020-07-29T16:00:00","timetype":"Hour","precipitationmm":0.0,"temperature":17.7,"feeltemperature":17.7,"cloudcover":100,"iconcode":"c","iconid":20,"sources":1,"winddirection":"NW","winddirectiondegrees":296,"windspeedms":6.64,"visibility":18800,"precipitation":1,"beaufort":4,"humidity":62,"sunshine":0,"hour":18,"pollenindex":5,"windspeed":24,"sunshinepower":359,"sunpower":359},{"datetime":"2020-07-29T19:00:00","datetimeutc":"2020-07-29T17:00:00","timetype":"Hour","precipitationmm":0.0,"temperature":17.4,"feeltemperature":17.4,"cloudcover":90,"iconcode":"c","iconid":20,"sources":1,"winddirection":"NW","winddirectiondegrees":296,"windspeedms":5.9,"visibility":18800,"precipitation":0,"beaufort":3,"humidity":62,"sunshine":0,"hour":19,"pollenindex":5,"windspeed":21,"sunshinepower":251,"sunpower":251},{"datetime":"2020-07-29T20:00:00","datetimeutc":"2020-07-29T18:00:00","timetype":"Hour","precipitationmm":0.0,"temperature":16.9,"feeltemperature":16.9,"cloudcover":75,"iconcode":"r","iconid":8,"sources":1,"winddirection":"NW","winddirectiondegrees":298,"windspeedms":5.19,"visibility":17800,"precipitation":0,"beaufort":3,"humidity":63,"sunshine":5,"hour":20,"pollenindex":5,"windspeed":19,"sunshinepower":138,"sunpower":138},{"datetime":"2020-07-29T21:00:00","datetimeutc":"2020-07-29T19:00:00","timetype":"Hour","precipitationmm":0.0,"temperature":16.1,"feeltemperature":16.1,"cloudcover":73,"iconcode":"r","iconid":8,"sources":1,"winddirection":"NW","winddirectiondegrees":295,"windspeedms":3.97,"visibility":16610,"precipitation":0,"beaufort":2,"humidity":66,"sunshine":20,"hour":21,"pollenindex":5,"windspeed":14,"sunshinepower":40,"sunpower":40},{"datetime":"2020-07-29T22:00:00","datetimeutc":"2020-07-29T20:00:00","timetype":"Hour","precipitationmm":0.0,"temperature":15.5,"feeltemperature":15.5,"cloudcover":75,"iconcode":"rr","iconid":9,"sources":1,"winddirection":"W","winddirectiondegrees":286,"windspeedms":3.01,"visibility":14610,"precipitation":0,"beaufort":2,"humidity":68,"sunshine":15,"hour":22,"pollenindex":5,"windspeed":11,"sunshinepower":0,"sunpower":0},{"datetime":"2020-07-29T23:00:00","datetimeutc":"2020-07-29T21:00:00","timetype":"Hour","precipitationmm":0.0,"temperature":15.0,"feeltemperature":15.0,"cloudcover":73,"iconcode":"rr","iconid":9,"sources":1,"winddirection":"W","winddirectiondegrees":272,"windspeedms":2.57,"visibility":13410,"precipitation":0,"beaufort":2,"humidity":72,"sunshine":0,"hour":23,"pollenindex":4,"windspeed":9,"sunshinepower":0,"sunpower":0}],"datetime":"2020-07-29T00:00:00","datetimeutc":"2020-07-28T22:00:00","timetype":"Day","precipitationmm":0.0,"mintemperature":15.0,"maxtemperature":17.9,"cloudcover":75,"iconcode":"r","iconid":3,"sources":1,"winddirection":"W","winddirectiondegrees":270,"windspeedms":5.61,"precipitation":1,"beaufort":3,"uvindex":5,"bbqindex":6,"mosquitoindex":6,"pollenindex":5,"icescrapeindex":1,"mintemp":15.0,"maxtemp":17.9,"windspeed":6},{"date":"2020-07-30T00:00:00","sunrise":"2020-07-30T05:58:29","sunset":"2020-07-30T21:34:17","hours":[{"datetime":"2020-07-30T00:00:00","datetimeutc":"2020-07-29T22:00:00","timetype":"Hour","precipitationmm":0.0,"temperature":14.5,"feeltemperature":14.5,"cloudcover":59,"iconcode":"bb","iconid":8,"sources":1,"winddirection":"W","winddirectiondegrees":261,"windspeedms":2.32,"visibility":12410,"precipitation":0,"beaufort":2,"humidity":74,"sunshine":0,"hour":0,"pollenindex":4,"windspeed":8,"sunshinepower":0,"sunpower":0},{"datetime":"2020-07-30T01:00:00","datetimeutc":"2020-07-29T23:00:00","timetype":"Hour","precipitationmm":0.0,"temperature":14.1,"feeltemperature":14.1,"cloudcover":40,"iconcode":"jj","iconid":8,"sources":1,"winddirection":"W","winddirectiondegrees":249,"windspeedms":2.22,"visibility":11430,"precipitation":0,"beaufort":2,"humidity":77,"sunshine":0,"hour":1,"pollenindex":4,"windspeed":8,"sunshinepower":0,"sunpower":0},{"datetime":"2020-07-30T02:00:00","datetimeutc":"2020-07-30T00:00:00","timetype":"Hour","precipitationmm":0.0,"temperature":13.7,"feeltemperature":13.7,"cloudcover":37,"iconcode":"jj","iconid":4,"sources":1,"winddirection":"ZW","winddirectiondegrees":235,"windspeedms":2.11,"visibility":10630,"precipitation":0,"beaufort":2,"humidity":80,"sunshine":0,"hour":2,"pollenindex":4,"windspeed":8,"sunshinepower":0,"sunpower":0},{"datetime":"2020-07-30T03:00:00","datetimeutc":"2020-07-30T01:00:00","timetype":"Hour","precipitationmm":0.0,"temperature":13.3,"feeltemperature":13.3,"cloudcover":37,"iconcode":"jj","iconid":4,"sources":1,"winddirection":"ZW","winddirectiondegrees":230,"windspeedms":2.06,"visibility":10420,"precipitation":0,"beaufort":2,"humidity":82,"sunshine":0,"hour":3,"pollenindex":4,"windspeed":7,"sunshinepower":0,"sunpower":0},{"datetime":"2020-07-30T04:00:00","datetimeutc":"2020-07-30T02:00:00","timetype":"Hour","precipitationmm":0.0,"temperature":12.9,"feeltemperature":12.9,"cloudcover":46,"iconcode":"jj","iconid":7,"sources":1,"winddirection":"ZW","winddirectiondegrees":227,"windspeedms":2.0,"visibility":9810,"precipitation":0,"beaufort":2,"humidity":85,"sunshine":0,"hour":4,"pollenindex":4,"windspeed":7,"sunshinepower":0,"sunpower":0},{"datetime":"2020-07-30T05:00:00","datetimeutc":"2020-07-30T03:00:00","timetype":"Hour","precipitationmm":0.0,"temperature":12.6,"feeltemperature":12.6,"cloudcover":57,"iconcode":"bb","iconid":8,"sources":1,"winddirection":"ZW","winddirectiondegrees":222,"windspeedms":1.93,"visibility":9400,"precipitation":0,"beaufort":1,"humidity":85,"sunshine":0,"hour":5,"pollenindex":4,"windspeed":7,"sunshinepower":0,"sunpower":0},{"datetime":"2020-07-30T06:00:00","datetimeutc":"2020-07-30T04:00:00","timetype":"Hour","precipitationmm":0.0,"temperature":13.0,"feeltemperature":13.0,"cloudcover":64,"iconcode":"b","iconid":7,"sources":1,"winddirection":"ZW","winddirectiondegrees":216,"windspeedms":1.85,"visibility":9000,"precipitation":0,"beaufort":1,"humidity":84,"sunshine":1,"hour":6,"pollenindex":4,"windspeed":7,"sunshinepower":0,"sunpower":0},{"datetime":"2020-07-30T07:00:00","datetimeutc":"2020-07-30T05:00:00","timetype":"Hour","precipitationmm":0.0,"temperature":13.9,"feeltemperature":13.9,"cloudcover":69,"iconcode":"b","iconid":7,"sources":1,"winddirection":"ZW","winddirectiondegrees":212,"windspeedms":1.7,"visibility":9400,"precipitation":0,"beaufort":1,"humidity":83,"sunshine":31,"hour":7,"pollenindex":4,"windspeed":6,"sunshinepower":70,"sunpower":70},{"datetime":"2020-07-30T08:00:00","datetimeutc":"2020-07-30T06:00:00","timetype":"Hour","precipitationmm":0.0,"temperature":15.4,"feeltemperature":15.4,"cloudcover":77,"iconcode":"r","iconid":20,"sources":1,"winddirection":"ZW","winddirectiondegrees":220,"windspeedms":1.86,"visibility":11000,"precipitation":0,"beaufort":1,"humidity":79,"sunshine":26,"hour":8,"pollenindex":4,"windspeed":7,"sunshinepower":189,"sunpower":189},{"datetime":"2020-07-30T09:00:00","datetimeutc":"2020-07-30T07:00:00","timetype":"Hour","precipitationmm":0.0,"temperature":16.9,"feeltemperature":16.9,"cloudcover":89,"iconcode":"r","iconid":20,"sources":1,"winddirection":"ZW","winddirectiondegrees":225,"windspeedms":2.23,"visibility":12000,"precipitation":0,"beaufort":2,"humidity":74,"sunshine":18,"hour":9,"pollenindex":4,"windspeed":8,"sunshinepower":315,"sunpower":315},{"datetime":"2020-07-30T10:00:00","datetimeutc":"2020-07-30T08:00:00","timetype":"Hour","precipitationmm":0.0,"temperature":18.1,"feeltemperature":18.1,"cloudcover":99,"iconcode":"c","iconid":19,"sources":1,"winddirection":"ZW","winddirectiondegrees":233,"windspeedms":2.34,"visibility":13600,"precipitation":0,"beaufort":2,"humidity":68,"sunshine":5,"hour":10,"pollenindex":5,"windspeed":8,"sunshinepower":441,"sunpower":441},{"datetime":"2020-07-30T11:00:00","datetimeutc":"2020-07-30T09:00:00","timetype":"Hour","precipitationmm":0.0,"temperature":19.1,"feeltemperature":19.1,"cloudcover":100,"iconcode":"c","iconid":19,"sources":1,"winddirection":"ZW","winddirectiondegrees":243,"windspeedms":2.52,"visibility":14400,"precipitation":0,"beaufort":2,"humidity":63,"sunshine":0,"hour":11,"pollenindex":5,"windspeed":9,"sunshinepower":554,"sunpower":554},{"datetime":"2020-07-30T12:00:00","datetimeutc":"2020-07-30T10:00:00","timetype":"Hour","precipitationmm":0.0,"temperature":19.8,"feeltemperature":19.8,"cloudcover":100,"iconcode":"c","iconid":19,"sources":1,"winddirection":"W","winddirectiondegrees":255,"windspeedms":2.56,"visibility":16200,"precipitation":0,"beaufort":2,"humidity":60,"sunshine":0,"hour":12,"pollenindex":5,"windspeed":9,"sunshinepower":632,"sunpower":632},{"datetime":"2020-07-30T13:00:00","datetimeutc":"2020-07-30T11:00:00","timetype":"Hour","precipitationmm":0.0,"temperature":20.3,"feeltemperature":20.3,"cloudcover":92,"iconcode":"c","iconid":19,"sources":1,"winddirection":"W","winddirectiondegrees":278,"windspeedms":2.62,"visibility":18000,"precipitation":0,"beaufort":2,"humidity":57,"sunshine":0,"hour":13,"pollenindex":5,"windspeed":9,"sunshinepower":668,"sunpower":668},{"datetime":"2020-07-30T14:00:00","datetimeutc":"2020-07-30T12:00:00","timetype":"Hour","precipitationmm":0.0,"temperature":20.8,"feeltemperature":20.8,"cloudcover":80,"iconcode":"r","iconid":19,"sources":1,"winddirection":"NW","winddirectiondegrees":299,"windspeedms":2.71,"visibility":19400,"precipitation":0,"beaufort":2,"humidity":56,"sunshine":1,"hour":14,"pollenindex":5,"windspeed":10,"sunshinepower":687,"sunpower":687},{"datetime":"2020-07-30T15:00:00","datetimeutc":"2020-07-30T13:00:00","timetype":"Hour","precipitationmm":0.0,"temperature":21.2,"feeltemperature":21.2,"cloudcover":77,"iconcode":"r","iconid":7,"sources":1,"winddirection":"NW","winddirectiondegrees":312,"windspeedms":2.86,"visibility":20600,"precipitation":0,"beaufort":2,"humidity":56,"sunshine":15,"hour":15,"pollenindex":5,"windspeed":10,"sunshinepower":687,"sunpower":687},{"datetime":"2020-07-30T16:00:00","datetimeutc":"2020-07-30T14:00:00","timetype":"Hour","precipitationmm":0.0,"temperature":21.5,"feeltemperature":21.5,"cloudcover":75,"iconcode":"r","iconid":7,"sources":1,"winddirection":"NW","winddirectiondegrees":323,"windspeedms":2.83,"visibility":21800,"precipitation":0,"beaufort":2,"humidity":56,"sunshine":18,"hour":16,"pollenindex":5,"windspeed":10,"sunshinepower":647,"sunpower":647},{"datetime":"2020-07-30T17:00:00","datetimeutc":"2020-07-30T15:00:00","timetype":"Hour","precipitationmm":0.0,"temperature":21.5,"feeltemperature":21.5,"cloudcover":69,"iconcode":"b","iconid":7,"sources":1,"winddirection":"N","winddirectiondegrees":339,"windspeedms":2.92,"visibility":23000,"precipitation":0,"beaufort":2,"humidity":55,"sunshine":20,"hour":17,"pollenindex":6,"windspeed":11,"sunshinepower":568,"sunpower":568},{"datetime":"2020-07-30T18:00:00","datetimeutc":"2020-07-30T16:00:00","timetype":"Hour","precipitationmm":0.0,"temperature":21.2,"feeltemperature":21.2,"cloudcover":52,"iconcode":"b","iconid":7,"sources":1,"winddirection":"N","winddirectiondegrees":358,"windspeedms":3.0,"visibility":23800,"precipitation":0,"beaufort":2,"humidity":55,"sunshine":26,"hour":18,"pollenindex":6,"windspeed":11,"sunshinepower":455,"sunpower":455},{"datetime":"2020-07-30T19:00:00","datetimeutc":"2020-07-30T17:00:00","timetype":"Hour","precipitationmm":0.0,"temperature":20.6,"feeltemperature":20.6,"cloudcover":27,"iconcode":"j","iconid":4,"sources":1,"winddirection":"N","winddirectiondegrees":12,"windspeedms":2.89,"visibility":24210,"precipitation":0,"beaufort":2,"humidity":56,"sunshine":45,"hour":19,"pollenindex":5,"windspeed":10,"sunshinepower":320,"sunpower":320},{"datetime":"2020-07-30T20:00:00","datetimeutc":"2020-07-30T18:00:00","timetype":"Hour","precipitationmm":0.0,"temperature":19.7,"feeltemperature":19.7,"cloudcover":9,"iconcode":"a","iconid":2,"sources":1,"winddirection":"N","winddirectiondegrees":22,"windspeedms":2.76,"visibility":23810,"precipitation":0,"beaufort":2,"humidity":60,"sunshine":71,"hour":20,"pollenindex":5,"windspeed":10,"sunshinepower":173,"sunpower":173},{"datetime":"2020-07-30T21:00:00","datetimeutc":"2020-07-30T19:00:00","timetype":"Hour","precipitationmm":0.0,"temperature":18.3,"feeltemperature":18.3,"cloudcover":4,"iconcode":"a","iconid":2,"sources":1,"winddirection":"NO","winddirectiondegrees":30,"windspeedms":2.45,"visibility":21010,"precipitation":0,"beaufort":2,"humidity":65,"sunshine":90,"hour":21,"pollenindex":5,"windspeed":9,"sunshinepower":47,"sunpower":47},{"datetime":"2020-07-30T22:00:00","datetimeutc":"2020-07-30T20:00:00","timetype":"Hour","precipitationmm":0.0,"temperature":16.9,"feeltemperature":16.9,"cloudcover":2,"iconcode":"aa","iconid":2,"sources":1,"winddirection":"NO","winddirectiondegrees":39,"windspeedms":2.42,"visibility":18210,"precipitation":0,"beaufort":2,"humidity":70,"sunshine":58,"hour":22,"pollenindex":5,"windspeed":9,"sunshinepower":0,"sunpower":0},{"datetime":"2020-07-30T23:00:00","datetimeutc":"2020-07-30T21:00:00","timetype":"Hour","precipitationmm":0.0,"temperature":15.9,"feeltemperature":15.9,"cloudcover":4,"iconcode":"aa","iconid":2,"sources":1,"winddirection":"NO","winddirectiondegrees":47,"windspeedms":2.3,"visibility":15420,"precipitation":0,"beaufort":2,"humidity":76,"sunshine":0,"hour":23,"pollenindex":4,"windspeed":8,"sunshinepower":0,"sunpower":0}],"datetime":"2020-07-30T00:00:00","datetimeutc":"2020-07-29T22:00:00","timetype":"Day","precipitationmm":0.0,"mintemperature":12.6,"maxtemperature":21.5,"cloudcover":75,"iconcode":"r","iconid":3,"sources":1,"winddirection":"ZW","winddirectiondegrees":225,"windspeedms":2.39,"precipitation":0,"beaufort":2,"uvindex":7,"bbqindex":9,"mosquitoindex":8,"pollenindex":5,"icescrapeindex":1,"mintemp":12.6,"maxtemp":21.5,"windspeed":2},{"date":"2020-07-31T00:00:00","sunrise":"2020-07-31T06:00:02","sunset":"2020-07-31T21:32:37","hours":[{"datetime":"2020-07-31T00:00:00","datetimeutc":"2020-07-30T22:00:00","timetype":"Hour","precipitationmm":0.0,"temperature":15.3,"feeltemperature":15.3,"cloudcover":12,"iconcode":"aa","iconid":4,"sources":1,"winddirection":"NO","winddirectiondegrees":53,"windspeedms":2.25,"visibility":13620,"precipitation":0,"beaufort":2,"humidity":79,"sunshine":0,"hour":0,"pollenindex":4,"windspeed":8,"sunshinepower":0,"sunpower":0},{"datetime":"2020-07-31T01:00:00","datetimeutc":"2020-07-30T23:00:00","timetype":"Hour","precipitationmm":0.0,"temperature":14.8,"feeltemperature":14.8,"cloudcover":23,"iconcode":"jj","iconid":4,"sources":1,"winddirection":"NO","winddirectiondegrees":61,"windspeedms":2.27,"visibility":12820,"precipitation":0,"beaufort":2,"humidity":81,"sunshine":0,"hour":1,"pollenindex":4,"windspeed":8,"sunshinepower":0,"sunpower":0},{"datetime":"2020-07-31T02:00:00","datetimeutc":"2020-07-31T00:00:00","timetype":"Hour","precipitationmm":0.0,"temperature":14.3,"feeltemperature":14.3,"cloudcover":35,"iconcode":"jj","iconid":4,"sources":1,"winddirection":"O","winddirectiondegrees":78,"windspeedms":2.39,"visibility":12220,"precipitation":0,"beaufort":2,"humidity":84,"sunshine":0,"hour":2,"pollenindex":4,"windspeed":9,"sunshinepower":0,"sunpower":0},{"datetime":"2020-07-31T03:00:00","datetimeutc":"2020-07-31T01:00:00","timetype":"Hour","precipitationmm":0.0,"temperature":13.8,"feeltemperature":13.8,"cloudcover":46,"iconcode":"jj","iconid":7,"sources":1,"winddirection":"O","winddirectiondegrees":90,"windspeedms":2.4,"visibility":11420,"precipitation":0,"beaufort":2,"humidity":87,"sunshine":0,"hour":3,"pollenindex":3,"windspeed":9,"sunshinepower":0,"sunpower":0},{"datetime":"2020-07-31T04:00:00","datetimeutc":"2020-07-31T02:00:00","timetype":"Hour","precipitationmm":0.0,"temperature":13.3,"feeltemperature":13.3,"cloudcover":57,"iconcode":"bb","iconid":7,"sources":1,"winddirection":"O","winddirectiondegrees":97,"windspeedms":2.35,"visibility":10810,"precipitation":0,"beaufort":2,"humidity":89,"sunshine":0,"hour":4,"pollenindex":3,"windspeed":8,"sunshinepower":0,"sunpower":0},{"datetime":"2020-07-31T05:00:00","datetimeutc":"2020-07-31T03:00:00","timetype":"Hour","precipitationmm":0.0,"temperature":12.9,"feeltemperature":12.9,"cloudcover":64,"iconcode":"bb","iconid":7,"sources":1,"winddirection":"O","winddirectiondegrees":99,"windspeedms":2.27,"visibility":10000,"precipitation":0,"beaufort":2,"humidity":89,"sunshine":0,"hour":5,"pollenindex":3,"windspeed":8,"sunshinepower":0,"sunpower":0},{"datetime":"2020-07-31T06:00:00","datetimeutc":"2020-07-31T04:00:00","timetype":"Hour","precipitationmm":0.0,"temperature":13.1,"feeltemperature":13.1,"cloudcover":64,"iconcode":"bb","iconid":7,"sources":1,"winddirection":"O","winddirectiondegrees":98,"windspeedms":2.33,"visibility":9000,"precipitation":0,"beaufort":2,"humidity":87,"sunshine":1,"hour":6,"pollenindex":3,"windspeed":8,"sunshinepower":0,"sunpower":0},{"datetime":"2020-07-31T07:00:00","datetimeutc":"2020-07-31T05:00:00","timetype":"Hour","precipitationmm":0.0,"temperature":14.0,"feeltemperature":14.0,"cloudcover":61,"iconcode":"b","iconid":7,"sources":1,"winddirection":"O","winddirectiondegrees":98,"windspeedms":2.4,"visibility":9000,"precipitation":0,"beaufort":2,"humidity":86,"sunshine":31,"hour":7,"pollenindex":4,"windspeed":9,"sunshinepower":73,"sunpower":73},{"datetime":"2020-07-31T08:00:00","datetimeutc":"2020-07-31T06:00:00","timetype":"Hour","precipitationmm":0.0,"temperature":15.7,"feeltemperature":15.7,"cloudcover":59,"iconcode":"b","iconid":7,"sources":1,"winddirection":"O","winddirectiondegrees":100,"windspeedms":2.57,"visibility":11800,"precipitation":0,"beaufort":2,"humidity":83,"sunshine":35,"hour":8,"pollenindex":4,"windspeed":9,"sunshinepower":210,"sunpower":210},{"datetime":"2020-07-31T09:00:00","datetimeutc":"2020-07-31T07:00:00","timetype":"Hour","precipitationmm":0.0,"temperature":17.6,"feeltemperature":17.6,"cloudcover":63,"iconcode":"b","iconid":7,"sources":1,"winddirection":"O","winddirectiondegrees":101,"windspeedms":2.93,"visibility":13800,"precipitation":0,"beaufort":2,"humidity":75,"sunshine":36,"hour":9,"pollenindex":4,"windspeed":11,"sunshinepower":364,"sunpower":364},{"datetime":"2020-07-31T10:00:00","datetimeutc":"2020-07-31T08:00:00","timetype":"Hour","precipitationmm":0.0,"temperature":19.3,"feeltemperature":19.3,"cloudcover":68,"iconcode":"b","iconid":7,"sources":1,"winddirection":"O","winddirectiondegrees":102,"windspeedms":3.15,"visibility":16600,"precipitation":0,"beaufort":2,"humidity":68,"sunshine":33,"hour":10,"pollenindex":5,"windspeed":11,"sunshinepower":512,"sunpower":512},{"datetime":"2020-07-31T11:00:00","datetimeutc":"2020-07-31T09:00:00","timetype":"Hour","precipitationmm":0.0,"temperature":20.6,"feeltemperature":20.6,"cloudcover":68,"iconcode":"b","iconid":7,"sources":1,"winddirection":"O","winddirectiondegrees":104,"windspeedms":3.22,"visibility":20000,"precipitation":0,"beaufort":2,"humidity":60,"sunshine":28,"hour":11,"pollenindex":5,"windspeed":12,"sunshinepower":639,"sunpower":639},{"datetime":"2020-07-31T12:00:00","datetimeutc":"2020-07-31T10:00:00","timetype":"Hour","precipitationmm":0.0,"temperature":21.7,"feeltemperature":21.7,"cloudcover":59,"iconcode":"b","iconid":7,"sources":1,"winddirection":"O","winddirectiondegrees":100,"windspeedms":3.22,"visibility":21800,"precipitation":0,"beaufort":2,"humidity":56,"sunshine":28,"hour":12,"pollenindex":5,"windspeed":12,"sunshinepower":736,"sunpower":736},{"datetime":"2020-07-31T13:00:00","datetimeutc":"2020-07-31T11:00:00","timetype":"Hour","precipitationmm":0.0,"temperature":22.7,"feeltemperature":25.2,"cloudcover":45,"iconcode":"j","iconid":7,"sources":1,"winddirection":"O","winddirectiondegrees":95,"windspeedms":3.3,"visibility":24400,"precipitation":0,"beaufort":2,"humidity":52,"sunshine":36,"hour":13,"pollenindex":6,"windspeed":12,"sunshinepower":796,"sunpower":796},{"datetime":"2020-07-31T14:00:00","datetimeutc":"2020-07-31T12:00:00","timetype":"Hour","precipitationmm":0.0,"temperature":23.6,"feeltemperature":25.5,"cloudcover":32,"iconcode":"j","iconid":4,"sources":1,"winddirection":"O","winddirectiondegrees":90,"windspeedms":3.5,"visibility":24600,"precipitation":0,"beaufort":2,"humidity":49,"sunshine":51,"hour":14,"pollenindex":6,"windspeed":13,"sunshinepower":811,"sunpower":811},{"datetime":"2020-07-31T15:00:00","datetimeutc":"2020-07-31T13:00:00","timetype":"Hour","precipitationmm":0.0,"temperature":24.3,"feeltemperature":25.8,"cloudcover":20,"iconcode":"j","iconid":4,"sources":1,"winddirection":"O","winddirectiondegrees":87,"windspeedms":3.61,"visibility":26000,"precipitation":0,"beaufort":2,"humidity":49,"sunshine":66,"hour":15,"pollenindex":6,"windspeed":13,"sunshinepower":783,"sunpower":783},{"datetime":"2020-07-31T16:00:00","datetimeutc":"2020-07-31T14:00:00","timetype":"Hour","precipitationmm":0.0,"temperature":25.0,"feeltemperature":26.1,"cloudcover":9,"iconcode":"a","iconid":1,"sources":1,"winddirection":"O","winddirectiondegrees":85,"windspeedms":3.67,"visibility":27800,"precipitation":0,"beaufort":2,"humidity":47,"sunshine":78,"hour":16,"pollenindex":6,"windspeed":13,"sunshinepower":714,"sunpower":714},{"datetime":"2020-07-31T17:00:00","datetimeutc":"2020-07-31T15:00:00","timetype":"Hour","precipitationmm":0.0,"temperature":25.3,"feeltemperature":26.2,"cloudcover":1,"iconcode":"a","iconid":1,"sources":1,"winddirection":"O","winddirectiondegrees":86,"windspeedms":3.92,"visibility":28400,"precipitation":0,"beaufort":2,"humidity":46,"sunshine":90,"hour":17,"pollenindex":6,"windspeed":14,"sunshinepower":608,"sunpower":608},{"datetime":"2020-07-31T18:00:00","datetimeutc":"2020-07-31T16:00:00","timetype":"Hour","precipitationmm":0.0,"temperature":25.1,"feeltemperature":26.1,"cloudcover":0,"iconcode":"a","iconid":1,"sources":1,"winddirection":"O","winddirectiondegrees":89,"windspeedms":4.04,"visibility":28800,"precipitation":0,"beaufort":3,"humidity":47,"sunshine":98,"hour":18,"pollenindex":6,"windspeed":15,"sunshinepower":473,"sunpower":473},{"datetime":"2020-07-31T19:00:00","datetimeutc":"2020-07-31T17:00:00","timetype":"Hour","precipitationmm":0.0,"temperature":24.4,"feeltemperature":25.8,"cloudcover":0,"iconcode":"a","iconid":1,"sources":1,"winddirection":"O","winddirectiondegrees":95,"windspeedms":4.02,"visibility":28800,"precipitation":0,"beaufort":3,"humidity":50,"sunshine":100,"hour":19,"pollenindex":6,"windspeed":14,"sunshinepower":321,"sunpower":321},{"datetime":"2020-07-31T20:00:00","datetimeutc":"2020-07-31T18:00:00","timetype":"Hour","precipitationmm":0.0,"temperature":23.1,"feeltemperature":25.2,"cloudcover":0,"iconcode":"a","iconid":1,"sources":1,"winddirection":"O","winddirectiondegrees":100,"windspeedms":3.68,"visibility":27000,"precipitation":0,"beaufort":2,"humidity":57,"sunshine":100,"hour":20,"pollenindex":5,"windspeed":13,"sunshinepower":167,"sunpower":167},{"datetime":"2020-07-31T21:00:00","datetimeutc":"2020-07-31T19:00:00","timetype":"Hour","precipitationmm":0.0,"temperature":21.6,"feeltemperature":21.6,"cloudcover":0,"iconcode":"a","iconid":2,"sources":1,"winddirection":"O","winddirectiondegrees":98,"windspeedms":3.36,"visibility":23400,"precipitation":0,"beaufort":2,"humidity":63,"sunshine":100,"hour":21,"pollenindex":5,"windspeed":12,"sunshinepower":44,"sunpower":44},{"datetime":"2020-07-31T22:00:00","datetimeutc":"2020-07-31T20:00:00","timetype":"Hour","precipitationmm":0.0,"temperature":20.1,"feeltemperature":20.1,"cloudcover":0,"iconcode":"aa","iconid":2,"sources":1,"winddirection":"O","winddirectiondegrees":95,"windspeedms":3.61,"visibility":21610,"precipitation":0,"beaufort":2,"humidity":67,"sunshine":58,"hour":22,"pollenindex":5,"windspeed":13,"sunshinepower":0,"sunpower":0},{"datetime":"2020-07-31T23:00:00","datetimeutc":"2020-07-31T21:00:00","timetype":"Hour","precipitationmm":0.0,"temperature":19.1,"feeltemperature":19.1,"cloudcover":0,"iconcode":"aa","iconid":2,"sources":1,"winddirection":"O","winddirectiondegrees":95,"windspeedms":4.08,"visibility":19610,"precipitation":0,"beaufort":3,"humidity":72,"sunshine":0,"hour":23,"pollenindex":4,"windspeed":15,"sunshinepower":0,"sunpower":0}],"datetime":"2020-07-31T00:00:00","datetimeutc":"2020-07-30T22:00:00","timetype":"Day","precipitationmm":0.0,"mintemperature":12.9,"maxtemperature":25.3,"cloudcover":25,"iconcode":"j","iconid":2,"sources":1,"winddirection":"O","winddirectiondegrees":90,"windspeedms":3.11,"precipitation":0,"beaufort":2,"uvindex":7,"bbqindex":9,"mosquitoindex":6,"pollenindex":5,"icescrapeindex":1,"mintemp":12.9,"maxtemp":25.3,"windspeed":3},{"date":"2020-08-01T00:00:00","sunrise":"2020-08-01T06:01:36","sunset":"2020-08-01T21:30:55","hours":[{"datetime":"2020-08-01T00:00:00","datetimeutc":"2020-07-31T22:00:00","timetype":"Hour","precipitationmm":0.0,"temperature":18.2,"feeltemperature":18.2,"cloudcover":0,"iconcode":"aa","iconid":1,"sources":1,"winddirection":"O","winddirectiondegrees":97,"windspeedms":4.33,"visibility":16420,"precipitation":0,"beaufort":3,"humidity":76,"sunshine":0,"hour":0,"pollenindex":4,"windspeed":16,"sunshinepower":0,"sunpower":0},{"datetime":"2020-08-01T01:00:00","datetimeutc":"2020-07-31T23:00:00","timetype":"Hour","precipitationmm":0.0,"temperature":17.5,"feeltemperature":17.5,"cloudcover":0,"iconcode":"aa","iconid":2,"sources":1,"winddirection":"O","winddirectiondegrees":102,"windspeedms":4.55,"visibility":14620,"precipitation":0,"beaufort":3,"humidity":78,"sunshine":0,"hour":1,"pollenindex":4,"windspeed":16,"sunshinepower":0,"sunpower":0},{"datetime":"2020-08-01T02:00:00","datetimeutc":"2020-08-01T00:00:00","timetype":"Hour","precipitationmm":0.0,"temperature":16.7,"feeltemperature":16.7,"cloudcover":0,"iconcode":"aa","iconid":2,"sources":1,"winddirection":"O","winddirectiondegrees":107,"windspeedms":4.7,"visibility":14020,"precipitation":0,"beaufort":3,"humidity":80,"sunshine":0,"hour":2,"pollenindex":4,"windspeed":17,"sunshinepower":0,"sunpower":0},{"datetime":"2020-08-01T03:00:00","datetimeutc":"2020-08-01T01:00:00","timetype":"Hour","precipitationmm":0.0,"temperature":16.1,"feeltemperature":16.1,"cloudcover":6,"iconcode":"aa","iconid":5,"sources":1,"winddirection":"O","winddirectiondegrees":109,"windspeedms":4.52,"visibility":13020,"precipitation":0,"beaufort":3,"humidity":83,"sunshine":0,"hour":3,"pollenindex":4,"windspeed":16,"sunshinepower":0,"sunpower":0},{"datetime":"2020-08-01T04:00:00","datetimeutc":"2020-08-01T02:00:00","timetype":"Hour","precipitationmm":0.0,"temperature":15.5,"feeltemperature":15.5,"cloudcover":14,"iconcode":"aa","iconid":13,"sources":1,"winddirection":"O","winddirectiondegrees":110,"windspeedms":4.18,"visibility":12410,"precipitation":0,"beaufort":3,"humidity":86,"sunshine":0,"hour":4,"pollenindex":4,"windspeed":15,"sunshinepower":0,"sunpower":0},{"datetime":"2020-08-01T05:00:00","datetimeutc":"2020-08-01T03:00:00","timetype":"Hour","precipitationmm":0.0,"temperature":15.2,"feeltemperature":15.2,"cloudcover":18,"iconcode":"jj","iconid":13,"sources":1,"winddirection":"O","winddirectiondegrees":111,"windspeedms":4.07,"visibility":12010,"precipitation":0,"beaufort":3,"humidity":87,"sunshine":0,"hour":5,"pollenindex":4,"windspeed":15,"sunshinepower":0,"sunpower":0},{"datetime":"2020-08-01T06:00:00","datetimeutc":"2020-08-01T04:00:00","timetype":"Hour","precipitationmm":0.0,"temperature":15.4,"feeltemperature":15.4,"cloudcover":14,"iconcode":"aa","iconid":13,"sources":1,"winddirection":"ZO","winddirectiondegrees":115,"windspeedms":4.1,"visibility":11610,"precipitation":0,"beaufort":3,"humidity":86,"sunshine":0,"hour":6,"pollenindex":4,"windspeed":15,"sunshinepower":0,"sunpower":0},{"datetime":"2020-08-01T07:00:00","datetimeutc":"2020-08-01T05:00:00","timetype":"Hour","precipitationmm":0.0,"temperature":16.3,"feeltemperature":16.3,"cloudcover":6,"iconcode":"a","iconid":13,"sources":1,"winddirection":"ZO","winddirectiondegrees":118,"windspeedms":4.3,"visibility":13200,"precipitation":0,"beaufort":3,"humidity":83,"sunshine":85,"hour":7,"pollenindex":4,"windspeed":15,"sunshinepower":60,"sunpower":60},{"datetime":"2020-08-01T08:00:00","datetimeutc":"2020-08-01T06:00:00","timetype":"Hour","precipitationmm":0.0,"temperature":17.9,"feeltemperature":17.9,"cloudcover":0,"iconcode":"a","iconid":13,"sources":1,"winddirection":"ZO","winddirectiondegrees":125,"windspeedms":4.1,"visibility":15600,"precipitation":0,"beaufort":3,"humidity":77,"sunshine":93,"hour":8,"pollenindex":4,"windspeed":15,"sunshinepower":163,"sunpower":163},{"datetime":"2020-08-01T09:00:00","datetimeutc":"2020-08-01T07:00:00","timetype":"Hour","precipitationmm":0.0,"temperature":19.7,"feeltemperature":19.7,"cloudcover":0,"iconcode":"a","iconid":13,"sources":1,"winddirection":"ZO","winddirectiondegrees":131,"windspeedms":4.13,"visibility":20000,"precipitation":0,"beaufort":3,"humidity":72,"sunshine":100,"hour":9,"pollenindex":5,"windspeed":15,"sunshinepower":269,"sunpower":269},{"datetime":"2020-08-01T10:00:00","datetimeutc":"2020-08-01T08:00:00","timetype":"Hour","precipitationmm":0.0,"temperature":21.3,"feeltemperature":21.3,"cloudcover":0,"iconcode":"a","iconid":13,"sources":1,"winddirection":"ZO","winddirectiondegrees":135,"windspeedms":4.04,"visibility":20400,"precipitation":0,"beaufort":3,"humidity":68,"sunshine":100,"hour":10,"pollenindex":5,"windspeed":15,"sunshinepower":370,"sunpower":370},{"datetime":"2020-08-01T11:00:00","datetimeutc":"2020-08-01T09:00:00","timetype":"Hour","precipitationmm":0.0,"temperature":22.6,"feeltemperature":24.7,"cloudcover":59,"iconcode":"b","iconid":13,"sources":1,"winddirection":"ZO","winddirectiondegrees":143,"windspeedms":4.33,"visibility":21000,"precipitation":1,"beaufort":3,"humidity":63,"sunshine":100,"hour":11,"pollenindex":5,"windspeed":16,"sunshinepower":452,"sunpower":452},{"datetime":"2020-08-01T12:00:00","datetimeutc":"2020-08-01T10:00:00","timetype":"Hour","precipitationmm":0.0,"temperature":23.8,"feeltemperature":25.4,"cloudcover":54,"iconcode":"b","iconid":13,"sources":1,"winddirection":"ZO","winddirectiondegrees":127,"windspeedms":4.42,"visibility":23200,"precipitation":1,"beaufort":3,"humidity":60,"sunshine":36,"hour":12,"pollenindex":5,"windspeed":16,"sunshinepower":515,"sunpower":515},{"datetime":"2020-08-01T13:00:00","datetimeutc":"2020-08-01T11:00:00","timetype":"Hour","precipitationmm":0.0,"temperature":24.8,"feeltemperature":26.1,"cloudcover":38,"iconcode":"j","iconid":13,"sources":1,"winddirection":"ZO","winddirectiondegrees":125,"windspeedms":3.73,"visibility":24400,"precipitation":1,"beaufort":2,"humidity":57,"sunshine":41,"hour":13,"pollenindex":5,"windspeed":13,"sunshinepower":581,"sunpower":581},{"datetime":"2020-08-01T14:00:00","datetimeutc":"2020-08-01T12:00:00","timetype":"Hour","precipitationmm":0.0,"temperature":25.6,"feeltemperature":26.7,"cloudcover":0,"iconcode":"a","iconid":13,"sources":1,"winddirection":"ZO","winddirectiondegrees":117,"windspeedms":3.63,"visibility":30400,"precipitation":1,"beaufort":2,"humidity":56,"sunshine":60,"hour":14,"pollenindex":6,"windspeed":13,"sunshinepower":635,"sunpower":635},{"datetime":"2020-08-01T15:00:00","datetimeutc":"2020-08-01T13:00:00","timetype":"Hour","precipitationmm":0.0,"temperature":26.4,"feeltemperature":27.5,"cloudcover":0,"iconcode":"a","iconid":13,"sources":1,"winddirection":"ZO","winddirectiondegrees":119,"windspeedms":3.75,"visibility":34400,"precipitation":1,"beaufort":2,"humidity":56,"sunshine":100,"hour":15,"pollenindex":6,"windspeed":14,"sunshinepower":630,"sunpower":630},{"datetime":"2020-08-01T16:00:00","datetimeutc":"2020-08-01T14:00:00","timetype":"Hour","precipitationmm":0.0,"temperature":27.0,"feeltemperature":28.1,"cloudcover":0,"iconcode":"a","iconid":13,"sources":1,"winddirection":"O","winddirectiondegrees":109,"windspeedms":3.15,"visibility":35600,"precipitation":1,"beaufort":2,"humidity":56,"sunshine":100,"hour":16,"pollenindex":6,"windspeed":11,"sunshinepower":556,"sunpower":556},{"datetime":"2020-08-01T17:00:00","datetimeutc":"2020-08-01T15:00:00","timetype":"Hour","precipitationmm":0.0,"temperature":27.2,"feeltemperature":28.3,"cloudcover":0,"iconcode":"a","iconid":13,"sources":1,"winddirection":"O","winddirectiondegrees":68,"windspeedms":2.62,"visibility":34800,"precipitation":1,"beaufort":2,"humidity":55,"sunshine":100,"hour":17,"pollenindex":6,"windspeed":9,"sunshinepower":459,"sunpower":459},{"datetime":"2020-08-01T18:00:00","datetimeutc":"2020-08-01T16:00:00","timetype":"Hour","precipitationmm":0.0,"temperature":26.7,"feeltemperature":27.8,"cloudcover":7,"iconcode":"a","iconid":13,"sources":1,"winddirection":"N","winddirectiondegrees":351,"windspeedms":2.76,"visibility":33400,"precipitation":1,"beaufort":2,"humidity":57,"sunshine":100,"hour":18,"pollenindex":6,"windspeed":10,"sunshinepower":347,"sunpower":347},{"datetime":"2020-08-01T19:00:00","datetimeutc":"2020-08-01T17:00:00","timetype":"Hour","precipitationmm":0.0,"temperature":25.2,"feeltemperature":26.5,"cloudcover":17,"iconcode":"j","iconid":13,"sources":1,"winddirection":"NW","winddirectiondegrees":318,"windspeedms":4.0,"visibility":24800,"precipitation":1,"beaufort":3,"humidity":62,"sunshine":93,"hour":19,"pollenindex":5,"windspeed":14,"sunshinepower":226,"sunpower":226},{"datetime":"2020-08-01T20:00:00","datetimeutc":"2020-08-01T18:00:00","timetype":"Hour","precipitationmm":0.0,"temperature":23.1,"feeltemperature":24.6,"cloudcover":38,"iconcode":"j","iconid":13,"sources":1,"winddirection":"NW","winddirectiondegrees":306,"windspeedms":5.03,"visibility":12200,"precipitation":1,"beaufort":3,"humidity":69,"sunshine":81,"hour":20,"pollenindex":5,"windspeed":18,"sunshinepower":117,"sunpower":117},{"datetime":"2020-08-01T21:00:00","datetimeutc":"2020-08-01T19:00:00","timetype":"Hour","precipitationmm":0.0,"temperature":21.3,"feeltemperature":21.3,"cloudcover":57,"iconcode":"n","iconid":13,"sources":1,"winddirection":"NW","winddirectiondegrees":297,"windspeedms":5.29,"visibility":610,"precipitation":1,"beaufort":3,"humidity":73,"sunshine":60,"hour":21,"pollenindex":4,"windspeed":19,"sunshinepower":29,"sunpower":29},{"datetime":"2020-08-01T22:00:00","datetimeutc":"2020-08-01T20:00:00","timetype":"Hour","precipitationmm":0.0,"temperature":20.2,"feeltemperature":20.2,"cloudcover":61,"iconcode":"nn","iconid":1,"sources":1,"winddirection":"W","winddirectiondegrees":292,"windspeedms":5.27,"visibility":410,"precipitation":1,"beaufort":3,"humidity":77,"sunshine":21,"hour":22,"pollenindex":4,"windspeed":19,"sunshinepower":0,"sunpower":0},{"datetime":"2020-08-01T23:00:00","datetimeutc":"2020-08-01T21:00:00","timetype":"Hour","precipitationmm":0.0,"temperature":19.5,"feeltemperature":19.5,"cloudcover":52,"iconcode":"nn","iconid":13,"sources":1,"winddirection":"NW","winddirectiondegrees":298,"windspeedms":5.43,"visibility":410,"precipitation":1,"beaufort":3,"humidity":80,"sunshine":0,"hour":23,"pollenindex":4,"windspeed":20,"sunshinepower":0,"sunpower":0}],"datetime":"2020-08-01T00:00:00","datetimeutc":"2020-07-31T22:00:00","timetype":"Day","precipitationmm":0.0,"mintemperature":15.2,"maxtemperature":27.2,"cloudcover":25,"iconcode":"j","iconid":2,"sources":1,"winddirection":"ZO","winddirectiondegrees":135,"windspeedms":4.19,"precipitation":1,"beaufort":3,"uvindex":6,"bbqindex":9,"mosquitoindex":7,"pollenindex":6,"icescrapeindex":1,"mintemp":15.2,"maxtemp":27.2,"windspeed":4},{"date":"2020-08-02T00:00:00","sunrise":"2020-08-02T06:03:11","sunset":"2020-08-02T21:29:10","hours":[{"datetime":"2020-08-02T00:00:00","datetimeutc":"2020-08-01T22:00:00","timetype":"Hour","precipitationmm":0.0,"temperature":19.0,"feeltemperature":19.0,"cloudcover":46,"iconcode":"nn","iconid":18,"sources":1,"winddirection":"NW","winddirectiondegrees":305,"windspeedms":5.64,"visibility":210,"precipitation":1,"beaufort":3,"humidity":82,"sunshine":0,"hour":0,"pollenindex":4,"windspeed":20,"sunshinepower":0,"sunpower":0},{"datetime":"2020-08-02T01:00:00","datetimeutc":"2020-08-01T23:00:00","timetype":"Hour","precipitationmm":0.0,"temperature":18.6,"feeltemperature":18.6,"cloudcover":78,"iconcode":"nn","iconid":22,"sources":1,"winddirection":"NW","winddirectiondegrees":310,"windspeedms":5.82,"visibility":420,"precipitation":1,"beaufort":3,"humidity":84,"sunshine":0,"hour":1,"pollenindex":4,"windspeed":21,"sunshinepower":0,"sunpower":0},{"datetime":"2020-08-02T02:00:00","datetimeutc":"2020-08-02T00:00:00","timetype":"Hour","precipitationmm":0.0,"temperature":18.3,"feeltemperature":18.3,"cloudcover":99,"iconcode":"cc","iconid":22,"sources":1,"winddirection":"NW","winddirectiondegrees":312,"windspeedms":5.71,"visibility":9810,"precipitation":0,"beaufort":3,"humidity":84,"sunshine":0,"hour":2,"pollenindex":4,"windspeed":21,"sunshinepower":0,"sunpower":0},{"datetime":"2020-08-02T03:00:00","datetimeutc":"2020-08-02T01:00:00","timetype":"Hour","precipitationmm":0.0,"temperature":17.9,"feeltemperature":17.9,"cloudcover":100,"iconcode":"cc","iconid":20,"sources":1,"winddirection":"NW","winddirectiondegrees":314,"windspeedms":5.74,"visibility":9810,"precipitation":0,"beaufort":3,"humidity":85,"sunshine":0,"hour":3,"pollenindex":4,"windspeed":21,"sunshinepower":0,"sunpower":0},{"datetime":"2020-08-02T04:00:00","datetimeutc":"2020-08-02T02:00:00","timetype":"Hour","precipitationmm":0.0,"temperature":17.5,"feeltemperature":17.5,"cloudcover":30,"iconcode":"jj","iconid":20,"sources":1,"winddirection":"NW","winddirectiondegrees":313,"windspeedms":5.48,"visibility":10010,"precipitation":0,"beaufort":3,"humidity":87,"sunshine":0,"hour":4,"pollenindex":3,"windspeed":20,"sunshinepower":0,"sunpower":0},{"datetime":"2020-08-02T05:00:00","datetimeutc":"2020-08-02T03:00:00","timetype":"Hour","precipitationmm":0.0,"temperature":17.1,"feeltemperature":17.1,"cloudcover":30,"iconcode":"jj","iconid":20,"sources":1,"winddirection":"NW","winddirectiondegrees":311,"windspeedms":5.35,"visibility":10010,"precipitation":0,"beaufort":3,"humidity":88,"sunshine":0,"hour":5,"pollenindex":3,"windspeed":19,"sunshinepower":0,"sunpower":0},{"datetime":"2020-08-02T06:00:00","datetimeutc":"2020-08-02T04:00:00","timetype":"Hour","precipitationmm":0.0,"temperature":17.1,"feeltemperature":17.1,"cloudcover":30,"iconcode":"jj","iconid":20,"sources":1,"winddirection":"NW","winddirectiondegrees":311,"windspeedms":5.16,"visibility":10000,"precipitation":0,"beaufort":3,"humidity":86,"sunshine":0,"hour":6,"pollenindex":4,"windspeed":19,"sunshinepower":0,"sunpower":0},{"datetime":"2020-08-02T07:00:00","datetimeutc":"2020-08-02T05:00:00","timetype":"Hour","precipitationmm":0.0,"temperature":17.1,"feeltemperature":17.1,"cloudcover":30,"iconcode":"j","iconid":9,"sources":1,"winddirection":"NW","winddirectiondegrees":309,"windspeedms":5.52,"visibility":10400,"precipitation":0,"beaufort":3,"humidity":85,"sunshine":66,"hour":7,"pollenindex":4,"windspeed":20,"sunshinepower":50,"sunpower":50},{"datetime":"2020-08-02T08:00:00","datetimeutc":"2020-08-02T06:00:00","timetype":"Hour","precipitationmm":0.0,"temperature":17.2,"feeltemperature":17.2,"cloudcover":46,"iconcode":"j","iconid":9,"sources":1,"winddirection":"NW","winddirectiondegrees":308,"windspeedms":5.99,"visibility":11200,"precipitation":1,"beaufort":3,"humidity":83,"sunshine":68,"hour":8,"pollenindex":4,"windspeed":22,"sunshinepower":143,"sunpower":143},{"datetime":"2020-08-02T09:00:00","datetimeutc":"2020-08-02T07:00:00","timetype":"Hour","precipitationmm":0.0,"temperature":17.3,"feeltemperature":17.3,"cloudcover":45,"iconcode":"j","iconid":19,"sources":1,"winddirection":"NW","winddirectiondegrees":305,"windspeedms":6.04,"visibility":11400,"precipitation":0,"beaufort":4,"humidity":82,"sunshine":50,"hour":9,"pollenindex":4,"windspeed":22,"sunshinepower":229,"sunpower":229},{"datetime":"2020-08-02T10:00:00","datetimeutc":"2020-08-02T08:00:00","timetype":"Hour","precipitationmm":0.0,"temperature":17.6,"feeltemperature":17.6,"cloudcover":45,"iconcode":"j","iconid":19,"sources":1,"winddirection":"NW","winddirectiondegrees":305,"windspeedms":6.01,"visibility":12200,"precipitation":0,"beaufort":4,"humidity":80,"sunshine":51,"hour":10,"pollenindex":4,"windspeed":22,"sunshinepower":306,"sunpower":306},{"datetime":"2020-08-02T11:00:00","datetimeutc":"2020-08-02T09:00:00","timetype":"Hour","precipitationmm":0.0,"temperature":18.0,"feeltemperature":18.0,"cloudcover":48,"iconcode":"j","iconid":19,"sources":1,"winddirection":"NW","winddirectiondegrees":303,"windspeedms":5.77,"visibility":13400,"precipitation":0,"beaufort":3,"humidity":78,"sunshine":51,"hour":11,"pollenindex":4,"windspeed":21,"sunshinepower":389,"sunpower":389},{"datetime":"2020-08-02T12:00:00","datetimeutc":"2020-08-02T10:00:00","timetype":"Hour","precipitationmm":0.0,"temperature":18.3,"feeltemperature":18.3,"cloudcover":48,"iconcode":"j","iconid":19,"sources":1,"winddirection":"NW","winddirectiondegrees":300,"windspeedms":5.77,"visibility":14000,"precipitation":1,"beaufort":3,"humidity":76,"sunshine":50,"hour":12,"pollenindex":4,"windspeed":21,"sunshinepower":470,"sunpower":470},{"datetime":"2020-08-02T13:00:00","datetimeutc":"2020-08-02T11:00:00","timetype":"Hour","precipitationmm":0.0,"temperature":18.5,"feeltemperature":18.5,"cloudcover":41,"iconcode":"j","iconid":13,"sources":1,"winddirection":"NW","winddirectiondegrees":296,"windspeedms":5.8,"visibility":14600,"precipitation":1,"beaufort":3,"humidity":74,"sunshine":48,"hour":13,"pollenindex":4,"windspeed":21,"sunshinepower":513,"sunpower":513},{"datetime":"2020-08-02T14:00:00","datetimeutc":"2020-08-02T12:00:00","timetype":"Hour","precipitationmm":0.0,"temperature":18.8,"feeltemperature":18.8,"cloudcover":41,"iconcode":"j","iconid":7,"sources":1,"winddirection":"NW","winddirectiondegrees":294,"windspeedms":5.94,"visibility":14400,"precipitation":1,"beaufort":3,"humidity":72,"sunshine":56,"hour":14,"pollenindex":5,"windspeed":21,"sunshinepower":506,"sunpower":506},{"datetime":"2020-08-02T15:00:00","datetimeutc":"2020-08-02T13:00:00","timetype":"Hour","precipitationmm":0.0,"temperature":19.0,"feeltemperature":19.0,"cloudcover":26,"iconcode":"j","iconid":19,"sources":1,"winddirection":"NW","winddirectiondegrees":296,"windspeedms":6.28,"visibility":15200,"precipitation":1,"beaufort":4,"humidity":76,"sunshine":56,"hour":15,"pollenindex":4,"windspeed":23,"sunshinepower":484,"sunpower":484},{"datetime":"2020-08-02T16:00:00","datetimeutc":"2020-08-02T14:00:00","timetype":"Hour","precipitationmm":0.0,"temperature":19.2,"feeltemperature":19.2,"cloudcover":46,"iconcode":"j","iconid":8,"sources":1,"winddirection":"NW","winddirectiondegrees":296,"windspeedms":6.69,"visibility":14600,"precipitation":1,"beaufort":4,"humidity":76,"sunshine":71,"hour":16,"pollenindex":4,"windspeed":24,"sunshinepower":463,"sunpower":463},{"datetime":"2020-08-02T17:00:00","datetimeutc":"2020-08-02T15:00:00","timetype":"Hour","precipitationmm":0.0,"temperature":18.9,"feeltemperature":18.9,"cloudcover":43,"iconcode":"j","iconid":8,"sources":1,"winddirection":"NW","winddirectiondegrees":297,"windspeedms":6.69,"visibility":15000,"precipitation":0,"beaufort":4,"humidity":76,"sunshine":51,"hour":17,"pollenindex":4,"windspeed":24,"sunshinepower":415,"sunpower":415},{"datetime":"2020-08-02T18:00:00","datetimeutc":"2020-08-02T16:00:00","timetype":"Hour","precipitationmm":0.0,"temperature":18.6,"feeltemperature":18.6,"cloudcover":46,"iconcode":"j","iconid":20,"sources":1,"winddirection":"NW","winddirectiondegrees":302,"windspeedms":6.53,"visibility":15400,"precipitation":1,"beaufort":4,"humidity":75,"sunshine":55,"hour":18,"pollenindex":4,"windspeed":24,"sunshinepower":328,"sunpower":328},{"datetime":"2020-08-02T19:00:00","datetimeutc":"2020-08-02T17:00:00","timetype":"Hour","precipitationmm":1.0,"temperature":17.9,"feeltemperature":17.9,"cloudcover":86,"iconcode":"m","iconid":33,"sources":1,"winddirection":"NW","winddirectiondegrees":302,"windspeedms":6.14,"visibility":15200,"precipitation":31,"beaufort":4,"humidity":77,"sunshine":51,"hour":19,"pollenindex":4,"windspeed":22,"sunshinepower":229,"sunpower":229},{"datetime":"2020-08-02T20:00:00","datetimeutc":"2020-08-02T18:00:00","timetype":"Hour","precipitationmm":1.1,"temperature":17.1,"feeltemperature":17.1,"cloudcover":86,"iconcode":"m","iconid":33,"sources":1,"winddirection":"NW","winddirectiondegrees":301,"windspeedms":5.48,"visibility":15200,"precipitation":31,"beaufort":3,"humidity":78,"sunshine":8,"hour":20,"pollenindex":4,"windspeed":20,"sunshinepower":123,"sunpower":123},{"datetime":"2020-08-02T21:00:00","datetimeutc":"2020-08-02T19:00:00","timetype":"Hour","precipitationmm":0.0,"temperature":16.4,"feeltemperature":16.4,"cloudcover":89,"iconcode":"r","iconid":22,"sources":1,"winddirection":"NW","winddirectiondegrees":297,"windspeedms":4.26,"visibility":14400,"precipitation":1,"beaufort":3,"humidity":80,"sunshine":8,"hour":21,"pollenindex":4,"windspeed":15,"sunshinepower":31,"sunpower":31},{"datetime":"2020-08-02T22:00:00","datetimeutc":"2020-08-02T20:00:00","timetype":"Hour","precipitationmm":0.0,"temperature":15.9,"feeltemperature":15.9,"cloudcover":92,"iconcode":"cc","iconid":22,"sources":1,"winddirection":"W","winddirectiondegrees":285,"windspeedms":3.24,"visibility":13400,"precipitation":1,"beaufort":2,"humidity":82,"sunshine":3,"hour":22,"pollenindex":4,"windspeed":12,"sunshinepower":0,"sunpower":0},{"datetime":"2020-08-02T23:00:00","datetimeutc":"2020-08-02T21:00:00","timetype":"Hour","precipitationmm":0.0,"temperature":15.8,"feeltemperature":15.8,"cloudcover":94,"iconcode":"cc","iconid":22,"sources":1,"winddirection":"W","winddirectiondegrees":265,"windspeedms":2.81,"visibility":12800,"precipitation":1,"beaufort":2,"humidity":84,"sunshine":0,"hour":23,"pollenindex":4,"windspeed":10,"sunshinepower":0,"sunpower":0}],"datetime":"2020-08-02T00:00:00","datetimeutc":"2020-08-01T22:00:00","timetype":"Day","precipitationmm":2.1,"mintemperature":15.8,"maxtemperature":19.2,"cloudcover":25,"iconcode":"f","iconid":16,"sources":1,"winddirection":"NW","winddirectiondegrees":315,"windspeedms":5.58,"precipitation":31,"beaufort":3,"uvindex":6,"bbqindex":4,"mosquitoindex":6,"pollenindex":5,"icescrapeindex":1,"mintemp":15.8,"maxtemp":19.2,"windspeed":6},{"date":"2020-08-03T00:00:00","sunrise":"2020-08-03T06:04:46","sunset":"2020-08-03T21:27:25","hours":[{"datetime":"2020-08-03T00:00:00","datetimeutc":"2020-08-02T22:00:00","timetype":"Hour","precipitationmm":0.0,"temperature":15.7,"feeltemperature":15.7,"cloudcover":98,"iconcode":"cc","iconid":22,"sources":1,"winddirection":"ZW","winddirectiondegrees":234,"windspeedms":2.8,"visibility":12410,"precipitation":1,"beaufort":2,"humidity":84,"sunshine":0,"hour":0,"pollenindex":4,"windspeed":10,"sunshinepower":0,"sunpower":0},{"datetime":"2020-08-03T01:00:00","datetimeutc":"2020-08-02T23:00:00","timetype":"Hour","precipitationmm":0.0,"temperature":15.3,"feeltemperature":15.3,"cloudcover":100,"iconcode":"cc","iconid":22,"sources":1,"winddirection":"ZW","winddirectiondegrees":214,"windspeedms":2.83,"visibility":11830,"precipitation":1,"beaufort":2,"humidity":86,"sunshine":0,"hour":1,"pollenindex":4,"windspeed":10,"sunshinepower":0,"sunpower":0},{"datetime":"2020-08-03T02:00:00","datetimeutc":"2020-08-03T00:00:00","timetype":"Hour","precipitationmm":0.0,"temperature":14.6,"feeltemperature":14.6,"cloudcover":37,"iconcode":"jj","iconid":21,"sources":1,"winddirection":"Z","winddirectiondegrees":199,"windspeedms":2.96,"visibility":10820,"precipitation":1,"beaufort":2,"humidity":86,"sunshine":0,"hour":2,"pollenindex":4,"windspeed":11,"sunshinepower":0,"sunpower":0}],"datetime":"2020-08-03T00:00:00","datetimeutc":"2020-08-02T22:00:00","timetype":"Day","precipitationmm":4.1,"mintemperature":14.6,"maxtemperature":20.1,"cloudcover":90,"iconcode":"q","iconid":12,"sources":1,"winddirection":"W","winddirectiondegrees":270,"windspeedms":4.3,"precipitation":69,"beaufort":3,"pollenindex":5,"icescrapeindex":1,"mintemp":14.6,"maxtemp":20.1,"windspeed":4},{"date":"2020-08-04T00:00:00","sunrise":"2020-08-04T06:06:21","sunset":"2020-08-04T21:25:37","datetime":"2020-08-04T00:00:00","datetimeutc":"2020-08-03T22:00:00","timetype":"Day","precipitationmm":3.0,"mintemperature":16.2,"maxtemperature":19.9,"cloudcover":25,"iconcode":"f","iconid":16,"sources":1,"winddirection":"NW","winddirectiondegrees":315,"windspeedms":4.31,"precipitation":77,"beaufort":3,"pollenindex":5,"mintemp":16.2,"maxtemp":19.9,"windspeed":4},{"date":"2020-08-05T00:00:00","sunrise":"2020-08-05T06:07:58","sunset":"2020-08-05T21:23:48","datetime":"2020-08-05T00:00:00","datetimeutc":"2020-08-04T22:00:00","timetype":"Day","precipitationmm":1.1,"mintemperature":15.9,"maxtemperature":20.9,"cloudcover":25,"iconcode":"f","iconid":16,"sources":1,"winddirection":"W","winddirectiondegrees":270,"windspeedms":3.26,"precipitation":66,"beaufort":2,"pollenindex":5,"mintemp":15.9,"maxtemp":20.9,"windspeed":3},{"date":"2020-08-06T00:00:00","sunrise":"2020-08-06T06:09:34","sunset":"2020-08-06T21:21:57","datetime":"2020-08-06T00:00:00","datetimeutc":"2020-08-05T22:00:00","timetype":"Day","precipitationmm":0.0,"mintemperature":15.8,"maxtemperature":22.3,"cloudcover":25,"iconcode":"j","iconid":2,"sources":1,"winddirection":"NW","winddirectiondegrees":315,"windspeedms":1.57,"precipitation":2,"beaufort":1,"pollenindex":5,"mintemp":15.8,"maxtemp":22.3,"windspeed":2},{"date":"2020-08-07T00:00:00","sunrise":"2020-08-07T06:11:11","sunset":"2020-08-07T21:20:05","datetime":"2020-08-07T00:00:00","datetimeutc":"2020-08-06T22:00:00","timetype":"Day","precipitationmm":0.0,"mintemperature":16.5,"maxtemperature":22.1,"cloudcover":0,"iconcode":"a","iconid":1,"sources":1,"winddirection":"N","winddirectiondegrees":0,"windspeedms":2.26,"precipitation":1,"beaufort":2,"pollenindex":5,"mintemp":16.5,"maxtemp":22.1,"windspeed":2},{"date":"2020-08-08T00:00:00","sunrise":"2020-08-08T06:12:48","sunset":"2020-08-08T21:18:11","datetime":"2020-08-08T00:00:00","datetimeutc":"2020-08-07T22:00:00","timetype":"Day","precipitationmm":0.0,"mintemperature":16.0,"maxtemperature":21.8,"cloudcover":25,"iconcode":"j","iconid":2,"sources":1,"winddirection":"N","winddirectiondegrees":0,"windspeedms":3.65,"precipitation":1,"beaufort":2,"pollenindex":5,"mintemp":16.0,"maxtemp":21.8,"windspeed":4},{"date":"2020-08-09T00:00:00","sunrise":"2020-08-09T06:14:26","sunset":"2020-08-09T21:16:15","datetime":"2020-08-09T00:00:00","datetimeutc":"2020-08-08T22:00:00","timetype":"Day","precipitationmm":0.0,"mintemperature":15.9,"maxtemperature":21.8,"cloudcover":0,"iconcode":"a","iconid":1,"sources":1,"winddirection":"N","winddirectiondegrees":0,"windspeedms":3.18,"precipitation":2,"beaufort":2,"pollenindex":5,"mintemp":15.9,"maxtemp":21.8,"windspeed":3},{"date":"2020-08-10T00:00:00","sunrise":"2020-08-10T06:16:04","sunset":"2020-08-10T21:14:19","datetime":"2020-08-10T00:00:00","datetimeutc":"2020-08-09T22:00:00","timetype":"Day","precipitationmm":0.0,"mintemperature":16.1,"maxtemperature":22.7,"cloudcover":25,"iconcode":"j","iconid":2,"sources":1,"winddirection":"NO","winddirectiondegrees":45,"windspeedms":2.49,"precipitation":2,"beaufort":2,"pollenindex":5,"mintemp":16.1,"maxtemp":22.7,"windspeed":2}]}