{"location":{"lat":52.37,"lon":4.89},"timeOffset":2.0,"timestamp":"2020-06-25T05:55:42","altitude":0,"elevation":0,"machinename":"None","elapsedms":0,"pollenindexNowDay":6,"pollenindexNowHour":5,"nowrelevant":{"values":[{"type":"temperature","value":29.4},{"type":"pollenindex","value":6}]},"days":[{"date":"2020-06-25T00:00:00","sunrise":"2020-06-25T05:19:30","sunset":"2020-06-25T22:06:45","morning":{"datetime":"2020-06-25T08:00:00","datetimeutc":"2020-06-25T06:00:00","timetype":"Morning","precipitationmm":0.0,"mintemperature":21.5,"maxtemperature":25.3,"cloudcover":0,"iconcode":"a","iconid":1,"sources":1,"winddirection":"O","winddirectiondegrees":111,"windspeedms":4.1,"visibility":16965,"precipitation":0,"beaufort":3,"humidity":60,"sunshine":99,"hour":8,"mintemp":21.5,"maxtemp":25.3,"windspeed":15,"sunshinepower":500,"sunpower":500},"afternoon":{"datetime":"2020-06-25T12:00:00","datetimeutc":"2020-06-25T10:00:00","timetype":"Afternoon","precipitationmm":0.0,"mintemperature":26.5,"maxtemperature":29.4,"cloudcover":18,"iconcode":"j","iconid":1,"sources":1,"winddirection":"O","winddirectiondegrees":102,"windspeedms":5.3,"visibility":26383,"precipitation":0,"beaufort":3,"humidity":43,"sunshine":86,"hour":12,"mintemp":26.5,"maxtemp":29.4,"windspeed":19,"sunshinepower":781,"sunpower":781},"evening":{"datetime":"2020-06-25T18:00:00","datetimeutc":"2020-06-25T16:00:00","timetype":"Evening","precipitationmm":0.0,"mintemperature":24.3,"maxtemperature":28.9,"cloudcover":36,"iconcode":"j","iconid":7,"sources":1,"winddirection":"O","winddirectiondegrees":100,"windspeedms":4.2,"visibility":23088,"precipitation":0,"beaufort":3,"humidity":54,"sunshine":44,"hour":18,"mintemp":24.3,"maxtemp":28.9,"windspeed":15,"sunshinepower":187,"sunpower":187},"hours":[{"datetime":"2020-06-25T08:00:00","datetimeutc":"2020-06-25T06:00:00","timetype":"Hour","precipitationmm":0.0,"temperature":21.5,"feeltemperature":21.5,"cloudcover":0,"iconcode":"a","iconid":1,"sources":3,"winddirection":"O","winddirectiondegrees":112,"windspeedms":3.7,"visibility":13610,"precipitation":0,"beaufort":2,"humidity":67,"sunshine":100,"hour":8,"pollenindex":6,"windspeed":13,"sunshinepower":286,"sunpower":286},{"datetime":"2020-06-25T09:00:00","datetimeutc":"2020-06-25T07:00:00","timetype":"Hour","precipitationmm":0.0,"temperature":22.8,"feeltemperature":24.8,"cloudcover":0,"iconcode":"a","iconid":1,"sources":3,"winddirection":"O","winddirectiondegrees":109,"windspeedms":3.8,"visibility":15210,"precipitation":0,"beaufort":2,"humidity":63,"sunshine":100,"hour":9,"pollenindex":6,"windspeed":14,"sunshinepower":437,"sunpower":437},{"datetime":"2020-06-25T10:00:00","datetimeutc":"2020-06-25T08:00:00","timetype":"Hour","precipitationmm":0.0,"temperature":24.1,"feeltemperature":25.6,"cloudcover":1,"iconcode":"a","iconid":1,"sources":2,"winddirection":"O","winddirectiondegrees":112,"windspeedms":4.2,"visibility":18020,"precipitation":0,"beaufort":3,"humidity":59,"sunshine":100,"hour":10,"pollenindex":7,"windspeed":15,"sunshinepower":579,"sunpower":579},{"datetime":"2020-06-25T11:00:00","datetimeutc":"2020-06-25T09:00:00","timetype":"Hour","precipitationmm":0.0,"temperature":25.3,"feeltemperature":26.4,"cloudcover":2,"iconcode":"a","iconid":1,"sources":2,"winddirection":"O","winddirectiondegrees":112,"windspeedms":4.8,"visibility":21020,"precipitation":0,"beaufort":3,"humidity":53,"sunshine":98,"hour":11,"pollenindex":8,"windspeed":17,"sunshinepower":701,"sunpower":701},{"datetime":"2020-06-25T12:00:00","datetimeutc":"2020-06-25T10:00:00","timetype":"Hour","precipitationmm":0.0,"temperature":26.5,"feeltemperature":27.1,"cloudcover":3,"iconcode":"a","iconid":1,"sources":2,"winddirection":"O","winddirectiondegrees":106,"windspeedms":5.2,"visibility":23020,"precipitation":0,"beaufort":3,"humidity":48,"sunshine":98,"hour":12,"pollenindex":8,"windspeed":19,"sunshinepower":791,"sunpower":791},{"datetime":"2020-06-25T13:00:00","datetimeutc":"2020-06-25T11:00:00","timetype":"Hour","precipitationmm":0.0,"temperature":27.6,"feeltemperature":27.9,"cloudcover":5,"iconcode":"a","iconid":1,"sources":2,"winddirection":"O","winddirectiondegrees":103,"windspeedms":5.4,"visibility":25020,"precipitation":0,"beaufort":3,"humidity":45,"sunshine":96,"hour":13,"pollenindex":8,"windspeed":19,"sunshinepower":842,"sunpower":842},{"datetime":"2020-06-25T14:00:00","datetimeutc":"2020-06-25T12:00:00","timetype":"Hour","precipitationmm":0.0,"temperature":28.4,"feeltemperature":28.4,"cloudcover":6,"iconcode":"a","iconid":1,"sources":2,"winddirection":"O","winddirectiondegrees":107,"windspeedms":5.5,"visibility":27020,"precipitation":0,"beaufort":3,"humidity":42,"sunshine":95,"hour":14,"pollenindex":8,"windspeed":20,"sunshinepower":852,"sunpower":852},{"datetime":"2020-06-25T15:00:00","datetimeutc":"2020-06-25T13:00:00","timetype":"Hour","precipitationmm":0.0,"temperature":29.0,"feeltemperature":29.0,"cloudcover":17,"iconcode":"j","iconid":5,"sources":2,"winddirection":"O","winddirectiondegrees":105,"windspeedms":5.4,"visibility":27820,"precipitation":0,"beaufort":3,"humidity":42,"sunshine":93,"hour":15,"pollenindex":8,"windspeed":19,"sunshinepower":821,"sunpower":821},{"datetime":"2020-06-25T16:00:00","datetimeutc":"2020-06-25T14:00:00","timetype":"Hour","precipitationmm":0.0,"temperature":29.4,"feeltemperature":29.5,"cloudcover":39,"iconcode":"j","iconid":4,"sources":2,"winddirection":"O","winddirectiondegrees":95,"windspeedms":5.1,"visibility":27610,"precipitation":0,"beaufort":3,"humidity":42,"sunshine":81,"hour":16,"pollenindex":8,"windspeed":18,"sunshinepower":751,"sunpower":751},{"datetime":"2020-06-25T17:00:00","datetimeutc":"2020-06-25T15:00:00","timetype":"Hour","precipitationmm":0.0,"temperature":29.3,"feeltemperature":29.4,"cloudcover":39,"iconcode":"j","iconid":7,"sources":2,"winddirection":"O","winddirectiondegrees":96,"windspeedms":5.2,"visibility":27810,"precipitation":0,"beaufort":3,"humidity":42,"sunshine":58,"hour":17,"pollenindex":8,"windspeed":19,"sunshinepower":634,"sunpower":634},{"datetime":"2020-06-25T18:00:00","datetimeutc":"2020-06-25T16:00:00","timetype":"Hour","precipitationmm":0.0,"temperature":28.9,"feeltemperature":29.2,"cloudcover":45,"iconcode":"j","iconid":7,"sources":2,"winddirection":"O","winddirectiondegrees":98,"windspeedms":5.1,"visibility":27020,"precipitation":0,"beaufort":3,"humidity":45,"sunshine":58,"hour":18,"pollenindex":8,"windspeed":18,"sunshinepower":488,"sunpower":488},{"datetime":"2020-06-25T19:00:00","datetimeutc":"2020-06-25T17:00:00","timetype":"Hour","precipitationmm":0.0,"temperature":28.3,"feeltemperature":28.9,"cloudcover":45,"iconcode":"j","iconid":4,"sources":2,"winddirection":"O","winddirectiondegrees":105,"windspeedms":5.1,"visibility":26010,"precipitation":0,"beaufort":3,"humidity":48,"sunshine":51,"hour":19,"pollenindex":7,"windspeed":18,"sunshinepower":344,"sunpower":344},{"datetime":"2020-06-25T20:00:00","datetimeutc":"2020-06-25T18:00:00","timetype":"Hour","precipitationmm":0.0,"temperature":27.3,"feeltemperature":28.2,"cloudcover":48,"iconcode":"j","iconid":4,"sources":2,"winddirection":"O","winddirectiondegrees":111,"windspeedms":5.0,"visibility":24610,"precipitation":0,"beaufort":3,"humidity":53,"sunshine":51,"hour":20,"pollenindex":7,"windspeed":18,"sunshinepower":208,"sunpower":208},{"datetime":"2020-06-25T21:00:00","datetimeutc":"2020-06-25T19:00:00","timetype":"Hour","precipitationmm":0.0,"temperature":26.3,"feeltemperature":27.4,"cloudcover":48,"iconcode":"j","iconid":4,"sources":2,"winddirection":"O","winddirectiondegrees":111,"windspeedms":4.0,"visibility":22810,"precipitation":0,"beaufort":3,"humidity":57,"sunshine":48,"hour":21,"pollenindex":7,"windspeed":14,"sunshinepower":85,"sunpower":85},{"datetime":"2020-06-25T22:00:00","datetimeutc":"2020-06-25T20:00:00","timetype":"Hour","precipitationmm":0.0,"temperature":25.3,"feeltemperature":26.5,"cloudcover":16,"iconcode":"j","iconid":4,"sources":2,"winddirection":"O","winddirectiondegrees":92,"windspeedms":3.1,"visibility":20430,"precipitation":0,"beaufort":2,"humidity":59,"sunshine":48,"hour":22,"pollenindex":6,"windspeed":11,"sunshinepower":0,"sunpower":0},{"datetime":"2020-06-25T23:00:00","datetimeutc":"2020-06-25T21:00:00","timetype":"Hour","precipitationmm":0.0,"temperature":24.3,"feeltemperature":25.7,"cloudcover":15,"iconcode":"jj","iconid":4,"sources":2,"winddirection":"O","winddirectiondegrees":87,"windspeedms":3.1,"visibility":17650,"precipitation":0,"beaufort":2,"humidity":65,"sunshine":11,"hour":23,"pollenindex":6,"windspeed":11,"sunshinepower":0,"sunpower":0}],"datetime":"2020-06-25T00:00:00","datetimeutc":"2020-06-24T22:00:00","timetype":"Day","precipitationmm":0.0,"mintemperature":21.5,"maxtemperature":29.4,"cloudcover":20,"iconcode":"j","iconid":2,"sources":2,"winddirection":"O","winddirectiondegrees":90,"windspeedms":4.6,"visibility":22793,"precipitation":0,"beaufort":3,"humidity":51,"sunshine":74,"uvindex":7,"bbqindex":8,"mosquitoindex":7,"pollenindex":6,"mintemp":21.5,"maxtemp":29.4,"windspeed":5,"sunshinepower":488,"sunpower":488},{"date":"2020-06-26T00:00:00","sunrise":"2020-06-26T05:19:58","sunset":"2020-06-26T22:06:40","morning":{"datetime":"2020-06-26T07:00:00","datetimeutc":"2020-06-26T05:00:00","timetype":"Morning","precipitationmm":0.0,"mintemperature":21.4,"maxtemperature":26.6,"cloudcover":3,"iconcode":"a","iconid":4,"sources":1,"winddirection":"ZO","winddirectiondegrees":135,"windspeedms":4.6,"visibility":18376,"precipitation":0,"beaufort":3,"humidity":62,"sunshine":88,"hour":7,"mintemp":21.4,"maxtemp":26.6,"windspeed":17,"sunshinepower":428,"sunpower":428},"afternoon":{"datetime":"2020-06-26T12:00:00","datetimeutc":"2020-06-26T10:00:00","timetype":"Afternoon","precipitationmm":0.0,"mintemperature":27.8,"maxtemperature":30.6,"cloudcover":1,"iconcode":"a","iconid":1,"sources":1,"winddirection":"ZO","winddirectiondegrees":133,"windspeedms":5.5,"visibility":30985,"precipitation":0,"beaufort":3,"humidity":39,"sunshine":99,"hour":12,"mintemp":27.8,"maxtemp":30.6,"windspeed":20,"sunshinepower":792,"sunpower":792},"evening":{"datetime":"2020-06-26T18:00:00","datetimeutc":"2020-06-26T16:00:00","timetype":"Evening","precipitationmm":9.5,"mintemperature":23.7,"maxtemperature":30.0,"cloudcover":30,"iconcode":"f","iconid":1,"sources":1,"winddirection":"Z","winddirectiondegrees":186,"windspeedms":4.0,"visibility":24823,"precipitation":20,"beaufort":3,"humidity":50,"sunshine":67,"hour":18,"mintemp":23.7,"maxtemp":30.0,"windspeed":14,"sunshinepower":193,"sunpower":193},"night":{"datetime":"2020-06-26T00:00:00","datetimeutc":"2020-06-25T22:00:00","timetype":"Night","precipitationmm":0.0,"mintemperature":20.1,"maxtemperature":23.3,"cloudcover":22,"iconcode":"j","iconid":4,"sources":1,"winddirection":"ZO","winddirectiondegrees":123,"windspeedms":3.5,"visibility":13672,"precipitation":0,"beaufort":2,"humidity":75,"sunshine":4,"hour":0,"mintemp":20.1,"maxtemp":23.3,"windspeed":13,"sunshinepower":4,"sunpower":4},"hours":[{"datetime":"2020-06-26T00:00:00","datetimeutc":"2020-06-25T22:00:00","timetype":"Hour","precipitationmm":0.0,"temperature":23.3,"feeltemperature":24.7,"cloudcover":10,"iconcode":"aa","iconid":4,"sources":2,"winddirection":"O","winddirectiondegrees":97,"windspeedms":3.6,"visibility":15650,"precipitation":0,"beaufort":2,"humidity":69,"sunshine":0,"hour":0,"pollenindex":6,"windspeed":13,"sunshinepower":0,"sunpower":0},{"datetime":"2020-06-26T01:00:00","datetimeutc":"2020-06-25T23:00:00","timetype":"Hour","precipitationmm":0.0,"temperature":22.4,"feeltemperature":23.8,"cloudcover":4,"iconcode":"aa","iconid":1,"sources":2,"winddirection":"O","winddirectiondegrees":111,"windspeedms":3.6,"visibility":15450,"precipitation":0,"beaufort":2,"humidity":73,"sunshine":0,"hour":1,"pollenindex":5,"windspeed":13,"sunshinepower":0,"sunpower":0},{"datetime":"2020-06-26T02:00:00","datetimeutc":"2020-06-26T00:00:00","timetype":"Hour","precipitationmm":0.0,"temperature":21.5,"feeltemperature":21.5,"cloudcover":0,"iconcode":"aa","iconid":1,"sources":2,"winddirection":"ZO","winddirectiondegrees":122,"windspeedms":3.8,"visibility":14450,"precipitation":0,"beaufort":2,"humidity":75,"sunshine":0,"hour":2,"pollenindex":5,"windspeed":14,"sunshinepower":0,"sunpower":0},{"datetime":"2020-06-26T03:00:00","datetimeutc":"2020-06-26T01:00:00","timetype":"Hour","precipitationmm":0.0,"temperature":20.8,"feeltemperature":20.8,"cloudcover":16,"iconcode":"jj","iconid":4,"sources":2,"winddirection":"ZO","winddirectiondegrees":128,"windspeedms":3.5,"visibility":13650,"precipitation":0,"beaufort":2,"humidity":77,"sunshine":0,"hour":3,"pollenindex":5,"windspeed":13,"sunshinepower":0,"sunpower":0},{"datetime":"2020-06-26T04:00:00","datetimeutc":"2020-06-26T02:00:00","timetype":"Hour","precipitationmm":0.0,"temperature":20.2,"feeltemperature":20.2,"cloudcover":38,"iconcode":"jj","iconid":4,"sources":2,"winddirection":"ZO","winddirectiondegrees":133,"windspeedms":3.4,"visibility":12850,"precipitation":0,"beaufort":2,"humidity":79,"sunshine":0,"hour":4,"pollenindex":5,"windspeed":12,"sunshinepower":0,"sunpower":0},{"datetime":"2020-06-26T05:00:00","datetimeutc":"2020-06-26T03:00:00","timetype":"Hour","precipitationmm":0.0,"temperature":20.1,"feeltemperature":20.1,"cloudcover":49,"iconcode":"jj","iconid":7,"sources":2,"winddirection":"ZO","winddirectiondegrees":139,"windspeedms":3.4,"visibility":12240,"precipitation":0,"beaufort":2,"humidity":79,"sunshine":0,"hour":5,"pollenindex":5,"windspeed":12,"sunshinepower":0,"sunpower":0},{"datetime":"2020-06-26T06:00:00","datetimeutc":"2020-06-26T04:00:00","timetype":"Hour","precipitationmm":0.0,"temperature":20.5,"feeltemperature":20.5,"cloudcover":38,"iconcode":"j","iconid":4,"sources":2,"winddirection":"ZO","winddirectiondegrees":136,"windspeedms":3.5,"visibility":11420,"precipitation":0,"beaufort":2,"humidity":77,"sunshine":33,"hour":6,"pollenindex":5,"windspeed":13,"sunshinepower":33,"sunpower":33},{"datetime":"2020-06-26T07:00:00","datetimeutc":"2020-06-26T05:00:00","timetype":"Hour","precipitationmm":0.0,"temperature":21.4,"feeltemperature":21.4,"cloudcover":16,"iconcode":"j","iconid":4,"sources":2,"winddirection":"ZO","winddirectiondegrees":138,"windspeedms":3.8,"visibility":13220,"precipitation":0,"beaufort":2,"humidity":74,"sunshine":60,"hour":7,"pollenindex":5,"windspeed":14,"sunshinepower":140,"sunpower":140},{"datetime":"2020-06-26T08:00:00","datetimeutc":"2020-06-26T06:00:00","timetype":"Hour","precipitationmm":0.0,"temperature":22.6,"feeltemperature":24.4,"cloudcover":0,"iconcode":"a","iconid":1,"sources":2,"winddirection":"ZO","winddirectiondegrees":135,"windspeedms":4.1,"visibility":15210,"precipitation":0,"beaufort":3,"humidity":68,"sunshine":83,"hour":8,"pollenindex":6,"windspeed":15,"sunshinepower":284,"sunpower":284},{"datetime":"2020-06-26T09:00:00","datetimeutc":"2020-06-26T07:00:00","timetype":"Hour","precipitationmm":0.0,"temperature":24.0,"feeltemperature":25.5,"cloudcover":0,"iconcode":"a","iconid":1,"sources":2,"winddirection":"ZO","winddirectiondegrees":127,"windspeedms":4.5,"visibility":17410,"precipitation":0,"beaufort":3,"humidity":63,"sunshine":100,"hour":9,"pollenindex":6,"windspeed":16,"sunshinepower":436,"sunpower":436},{"datetime":"2020-06-26T10:00:00","datetimeutc":"2020-06-26T08:00:00","timetype":"Hour","precipitationmm":0.0,"temperature":25.3,"feeltemperature":26.5,"cloudcover":0,"iconcode":"a","iconid":1,"sources":2,"winddirection":"ZO","winddirectiondegrees":137,"windspeedms":5.0,"visibility":21020,"precipitation":0,"beaufort":3,"humidity":58,"sunshine":100,"hour":10,"pollenindex":7,"windspeed":18,"sunshinepower":579,"sunpower":579},{"datetime":"2020-06-26T11:00:00","datetimeutc":"2020-06-26T09:00:00","timetype":"Hour","precipitationmm":0.0,"temperature":26.6,"feeltemperature":27.3,"cloudcover":0,"iconcode":"a","iconid":1,"sources":2,"winddirection":"ZO","winddirectiondegrees":138,"windspeedms":5.6,"visibility":25020,"precipitation":0,"beaufort":3,"humidity":50,"sunshine":100,"hour":11,"pollenindex":8,"windspeed":20,"sunshinepower":701,"sunpower":701},{"datetime":"2020-06-26T12:00:00","datetimeutc":"2020-06-26T10:00:00","timetype":"Hour","precipitationmm":0.0,"temperature":27.8,"feeltemperature":28.1,"cloudcover":0,"iconcode":"a","iconid":1,"sources":2,"winddirection":"ZO","winddirectiondegrees":137,"windspeedms":5.9,"visibility":27620,"precipitation":0,"beaufort":3,"humidity":45,"sunshine":100,"hour":12,"pollenindex":8,"windspeed":21,"sunshinepower":793,"sunpower":793},{"datetime":"2020-06-26T13:00:00","datetimeutc":"2020-06-26T11:00:00","timetype":"Hour","precipitationmm":0.0,"temperature":28.8,"feeltemperature":28.8,"cloudcover":0,"iconcode":"a","iconid":1,"sources":2,"winddirection":"ZO","winddirectiondegrees":132,"windspeedms":5.8,"visibility":29220,"precipitation":0,"beaufort":3,"humidity":42,"sunshine":100,"hour":13,"pollenindex":8,"windspeed":21,"sunshinepower":848,"sunpower":848},{"datetime":"2020-06-26T14:00:00","datetimeutc":"2020-06-26T12:00:00","timetype":"Hour","precipitationmm":0.0,"temperature":29.7,"feeltemperature":29.5,"cloudcover":0,"iconcode":"a","iconid":1,"sources":2,"winddirection":"ZO","winddirectiondegrees":131,"windspeedms":5.8,"visibility":31620,"precipitation":0,"beaufort":3,"humidity":39,"sunshine":100,"hour":14,"pollenindex":8,"windspeed":21,"sunshinepower":862,"sunpower":862},{"datetime":"2020-06-26T15:00:00","datetimeutc":"2020-06-26T13:00:00","timetype":"Hour","precipitationmm":0.0,"temperature":30.3,"feeltemperature":29.9,"cloudcover":1,"iconcode":"a","iconid":1,"sources":2,"winddirection":"ZO","winddirectiondegrees":131,"windspeedms":5.5,"visibility":31620,"precipitation":0,"beaufort":3,"humidity":37,"sunshine":100,"hour":15,"pollenindex":8,"windspeed":20,"sunshinepower":833,"sunpower":833},{"datetime":"2020-06-26T16:00:00","datetimeutc":"2020-06-26T14:00:00","timetype":"Hour","precipitationmm":0.0,"temperature":30.6,"feeltemperature":30.1,"cloudcover":3,"iconcode":"a","iconid":1,"sources":2,"winddirection":"ZO","winddirectiondegrees":132,"windspeedms":5.2,"visibility":32220,"precipitation":0,"beaufort":3,"humidity":36,"sunshine":98,"hour":16,"pollenindex":8,"windspeed":19,"sunshinepower":763,"sunpower":763},{"datetime":"2020-06-26T17:00:00","datetimeutc":"2020-06-26T15:00:00","timetype":"Hour","precipitationmm":0.0,"temperature":30.5,"feeltemperature":30.0,"cloudcover":3,"iconcode":"a","iconid":1,"sources":2,"winddirection":"ZO","winddirectiondegrees":136,"windspeedms":5.0,"visibility":33610,"precipitation":0,"beaufort":3,"humidity":36,"sunshine":96,"hour":17,"pollenindex":8,"windspeed":18,"sunshinepower":656,"sunpower":656},{"datetime":"2020-06-26T18:00:00","datetimeutc":"2020-06-26T16:00:00","timetype":"Hour","precipitationmm":9.5,"temperature":30.0,"feeltemperature":29.7,"cloudcover":3,"iconcode":"f","iconid":1,"sources":2,"winddirection":"ZO","winddirectiondegrees":142,"windspeedms":4.7,"visibility":34610,"precipitation":82,"beaufort":3,"humidity":38,"sunshine":96,"hour":18,"pollenindex":8,"windspeed":17,"sunshinepower":516,"sunpower":516},{"datetime":"2020-06-26T19:00:00","datetimeutc":"2020-06-26T17:00:00","timetype":"Hour","precipitationmm":0.0,"temperature":29.0,"feeltemperature":29.0,"cloudcover":1,"iconcode":"a","iconid":1,"sources":2,"winddirection":"ZO","winddirectiondegrees":146,"windspeedms":4.5,"visibility":34210,"precipitation":0,"beaufort":3,"humidity":42,"sunshine":96,"hour":19,"pollenindex":7,"windspeed":16,"sunshinepower":358,"sunpower":358},{"datetime":"2020-06-26T20:00:00","datetimeutc":"2020-06-26T18:00:00","timetype":"Hour","precipitationmm":0.0,"temperature":27.8,"feeltemperature":28.3,"cloudcover":40,"iconcode":"j","iconid":13,"sources":2,"winddirection":"ZO","winddirectiondegrees":145,"windspeedms":3.9,"visibility":32210,"precipitation":0,"beaufort":2,"humidity":48,"sunshine":98,"hour":20,"pollenindex":7,"windspeed":14,"sunshinepower":206,"sunpower":206},{"datetime":"2020-06-26T21:00:00","datetimeutc":"2020-06-26T19:00:00","timetype":"Hour","precipitationmm":0.0,"temperature":26.4,"feeltemperature":27.4,"cloudcover":46,"iconcode":"j","iconid":13,"sources":2,"winddirection":"Z","winddirectiondegrees":197,"windspeedms":3.2,"visibility":26620,"precipitation":0,"beaufort":2,"humidity":54,"sunshine":56,"hour":21,"pollenindex":7,"windspeed":12,"sunshinepower":78,"sunpower":78},{"datetime":"2020-06-26T22:00:00","datetimeutc":"2020-06-26T20:00:00","timetype":"Hour","precipitationmm":0.0,"temperature":25.0,"feeltemperature":26.3,"cloudcover":40,"iconcode":"j","iconid":22,"sources":2,"winddirection":"W","winddirectiondegrees":261,"windspeedms":4.2,"visibility":10830,"precipitation":1,"beaufort":3,"humidity":57,"sunshine":51,"hour":22,"pollenindex":6,"windspeed":15,"sunshinepower":0,"sunpower":0},{"datetime":"2020-06-26T23:00:00","datetimeutc":"2020-06-26T21:00:00","timetype":"Hour","precipitationmm":0.0,"temperature":23.7,"feeltemperature":25.3,"cloudcover":52,"iconcode":"bb","iconid":22,"sources":2,"winddirection":"W","winddirectiondegrees":250,"windspeedms":3.7,"visibility":10460,"precipitation":1,"beaufort":2,"humidity":63,"sunshine":8,"hour":23,"pollenindex":6,"windspeed":13,"sunshinepower":0,"sunpower":0}],"datetime":"2020-06-26T00:00:00","datetimeutc":"2020-06-25T22:00:00","timetype":"Day","precipitationmm":0.0,"mintemperature":20.1,"maxtemperature":30.6,"cloudcover":15,"iconcode":"j","iconid":2,"sources":2,"winddirection":"ZO","winddirectiondegrees":135,"windspeedms":4.4,"visibility":21768,"precipitation":0,"beaufort":3,"humidity":57,"sunshine":61,"uvindex":7,"bbqindex":6,"mosquitoindex":6,"pollenindex":6,"icescrapeindex":1,"mintemp":20.1,"maxtemp":30.6,"windspeed":4,"sunshinepower":336,"sunpower":336},{"date":"2020-06-27T00:00:00","sunrise":"2020-06-27T05:20:29","sunset":"2020-06-27T22:06:31","morning":{"datetime":"2020-06-27T07:00:00","datetimeutc":"2020-06-27T05:00:00","timetype":"Morning","precipitationmm":4.1,"mintemperature":20.3,"maxtemperature":21.4,"cloudcover":63,"iconcode":"g","iconid":9,"sources":1,"winddirection":"Z","winddirectiondegrees":196,"windspeedms":3.4,"visibility":6338,"precipitation":58,"beaufort":2,"humidity":83,"sunshine":27,"hour":7,"mintemp":20.3,"maxtemp":21.4,"windspeed":12,"sunshinepower":236,"sunpower":236},"afternoon":{"datetime":"2020-06-27T12:00:00","datetimeutc":"2020-06-27T10:00:00","timetype":"Afternoon","precipitationmm":0.4,"mintemperature":21.4,"maxtemperature":23.0,"cloudcover":83,"iconcode":"r","iconid":8,"sources":1,"winddirection":"W","winddirectiondegrees":248,"windspeedms":5.6,"visibility":11478,"precipitation":45,"beaufort":3,"humidity":67,"sunshine":16,"hour":12,"mintemp":21.4,"maxtemp":23.0,"windspeed":20,"sunshinepower":463,"sunpower":463},"evening":{"datetime":"2020-06-27T18:00:00","datetimeutc":"2020-06-27T16:00:00","timetype":"Evening","precipitationmm":0.0,"mintemperature":18.7,"maxtemperature":22.3,"cloudcover":43,"iconcode":"j","iconid":7,"sources":1,"winddirection":"ZW","winddirectiondegrees":243,"windspeedms":5.7,"visibility":12136,"precipitation":1,"beaufort":3,"humidity":65,"sunshine":34,"hour":18,"mintemp":18.7,"maxtemp":22.3,"windspeed":21,"sunshinepower":151,"sunpower":151},"night":{"datetime":"2020-06-27T02:00:00","datetimeutc":"2020-06-27T00:00:00","timetype":"Night","precipitationmm":0.0,"mintemperature":19.7,"maxtemperature":22.6,"cloudcover":77,"iconcode":"n","iconid":21,"sources":1,"winddirection":"ZW","winddirectiondegrees":207,"windspeedms":2.6,"visibility":6450,"precipitation":1,"beaufort":2,"humidity":81,"sunshine":0,"hour":2,"mintemp":19.7,"maxtemp":22.6,"windspeed":9,"sunshinepower":2,"sunpower":2},"hours":[{"datetime":"2020-06-27T00:00:00","datetimeutc":"2020-06-26T22:00:00","timetype":"Hour","precipitationmm":0.0,"temperature":22.6,"feeltemperature":24.4,"cloudcover":52,"iconcode":"bb","iconid":22,"sources":2,"winddirection":"ZW","winddirectiondegrees":233,"windspeedms":3.3,"visibility":10460,"precipitation":1,"beaufort":2,"humidity":68,"sunshine":0,"hour":0,"pollenindex":6,"windspeed":12,"sunshinepower":0,"sunpower":0},{"datetime":"2020-06-27T01:00:00","datetimeutc":"2020-06-26T23:00:00","timetype":"Hour","precipitationmm":0.0,"temperature":21.6,"feeltemperature":21.6,"cloudcover":70,"iconcode":"rr","iconid":9,"sources":2,"winddirection":"ZW","winddirectiondegrees":218,"windspeedms":3.3,"visibility":6060,"precipitation":2,"beaufort":2,"humidity":75,"sunshine":0,"hour":1,"pollenindex":5,"windspeed":12,"sunshinepower":0,"sunpower":0},{"datetime":"2020-06-27T02:00:00","datetimeutc":"2020-06-27T00:00:00","timetype":"Hour","precipitationmm":0.0,"temperature":20.8,"feeltemperature":20.8,"cloudcover":91,"iconcode":"cc","iconid":21,"sources":1,"winddirection":"W","winddirectiondegrees":266,"windspeedms":2.33,"visibility":9060,"precipitation":2,"beaufort":2,"humidity":79,"sunshine":0,"hour":2,"pollenindex":5,"windspeed":8,"sunshinepower":0,"sunpower":0},{"datetime":"2020-06-27T03:00:00","datetimeutc":"2020-06-27T01:00:00","timetype":"Hour","precipitationmm":0.0,"temperature":20.2,"feeltemperature":20.2,"cloudcover":40,"iconcode":"jj","iconid":10,"sources":1,"winddirection":"ZW","winddirectiondegrees":203,"windspeedms":1.85,"visibility":9860,"precipitation":1,"beaufort":1,"humidity":83,"sunshine":0,"hour":3,"pollenindex":4,"windspeed":7,"sunshinepower":0,"sunpower":0},{"datetime":"2020-06-27T04:00:00","datetimeutc":"2020-06-27T02:00:00","timetype":"Hour","precipitationmm":0.0,"temperature":19.8,"feeltemperature":19.8,"cloudcover":100,"iconcode":"cc","iconid":19,"sources":1,"winddirection":"Z","winddirectiondegrees":176,"windspeedms":2.44,"visibility":9260,"precipitation":1,"beaufort":2,"humidity":87,"sunshine":0,"hour":4,"pollenindex":4,"windspeed":9,"sunshinepower":0,"sunpower":0},{"datetime":"2020-06-27T05:00:00","datetimeutc":"2020-06-27T03:00:00","timetype":"Hour","precipitationmm":0.0,"temperature":19.7,"feeltemperature":19.7,"cloudcover":99,"iconcode":"dd","iconid":16,"sources":1,"winddirection":"Z","winddirectiondegrees":182,"windspeedms":2.63,"visibility":440,"precipitation":2,"beaufort":2,"humidity":88,"sunshine":0,"hour":5,"pollenindex":4,"windspeed":9,"sunshinepower":0,"sunpower":0},{"datetime":"2020-06-27T06:00:00","datetimeutc":"2020-06-27T04:00:00","timetype":"Hour","precipitationmm":0.0,"temperature":19.9,"feeltemperature":19.9,"cloudcover":87,"iconcode":"d","iconid":16,"sources":1,"winddirection":"Z","winddirectiondegrees":185,"windspeedms":2.67,"visibility":10,"precipitation":2,"beaufort":2,"humidity":88,"sunshine":0,"hour":6,"pollenindex":4,"windspeed":10,"sunshinepower":19,"sunpower":19},{"datetime":"2020-06-27T07:00:00","datetimeutc":"2020-06-27T05:00:00","timetype":"Hour","precipitationmm":0.0,"temperature":20.3,"feeltemperature":20.3,"cloudcover":71,"iconcode":"n","iconid":9,"sources":1,"winddirection":"Z","winddirectiondegrees":191,"windspeedms":2.86,"visibility":10,"precipitation":2,"beaufort":2,"humidity":87,"sunshine":8,"hour":7,"pollenindex":4,"windspeed":10,"sunshinepower":85,"sunpower":85},{"datetime":"2020-06-27T08:00:00","datetimeutc":"2020-06-27T06:00:00","timetype":"Hour","precipitationmm":0.0,"temperature":20.7,"feeltemperature":20.7,"cloudcover":62,"iconcode":"b","iconid":9,"sources":1,"winddirection":"Z","winddirectiondegrees":190,"windspeedms":3.13,"visibility":1020,"precipitation":2,"beaufort":2,"humidity":84,"sunshine":25,"hour":8,"pollenindex":4,"windspeed":11,"sunshinepower":175,"sunpower":175},{"datetime":"2020-06-27T09:00:00","datetimeutc":"2020-06-27T07:00:00","timetype":"Hour","precipitationmm":1.2,"temperature":21.0,"feeltemperature":21.0,"cloudcover":61,"iconcode":"g","iconid":28,"sources":1,"winddirection":"Z","winddirectiondegrees":180,"windspeedms":3.09,"visibility":8620,"precipitation":71,"beaufort":2,"humidity":82,"sunshine":35,"hour":9,"pollenindex":5,"windspeed":11,"sunshinepower":246,"sunpower":246},{"datetime":"2020-06-27T10:00:00","datetimeutc":"2020-06-27T08:00:00","timetype":"Hour","precipitationmm":1.4,"temperature":21.3,"feeltemperature":21.3,"cloudcover":61,"iconcode":"g","iconid":28,"sources":1,"winddirection":"ZW","winddirectiondegrees":204,"windspeedms":3.73,"visibility":10820,"precipitation":65,"beaufort":2,"humidity":82,"sunshine":35,"hour":10,"pollenindex":6,"windspeed":13,"sunshinepower":306,"sunpower":306},{"datetime":"2020-06-27T11:00:00","datetimeutc":"2020-06-27T09:00:00","timetype":"Hour","precipitationmm":1.5,"temperature":21.4,"feeltemperature":21.4,"cloudcover":61,"iconcode":"g","iconid":28,"sources":1,"winddirection":"ZW","winddirectiondegrees":216,"windspeedms":4.4,"visibility":11220,"precipitation":66,"beaufort":3,"humidity":80,"sunshine":35,"hour":11,"pollenindex":6,"windspeed":16,"sunshinepower":368,"sunpower":368},{"datetime":"2020-06-27T12:00:00","datetimeutc":"2020-06-27T10:00:00","timetype":"Hour","precipitationmm":0.0,"temperature":21.4,"feeltemperature":21.4,"cloudcover":61,"iconcode":"b","iconid":8,"sources":1,"winddirection":"ZW","winddirectiondegrees":226,"windspeedms":4.92,"visibility":9220,"precipitation":3,"beaufort":3,"humidity":75,"sunshine":35,"hour":12,"pollenindex":6,"windspeed":18,"sunshinepower":422,"sunpower":422},{"datetime":"2020-06-27T13:00:00","datetimeutc":"2020-06-27T11:00:00","timetype":"Hour","precipitationmm":0.0,"temperature":21.9,"feeltemperature":21.9,"cloudcover":92,"iconcode":"c","iconid":21,"sources":1,"winddirection":"ZW","winddirectiondegrees":235,"windspeedms":5.03,"visibility":9620,"precipitation":3,"beaufort":3,"humidity":74,"sunshine":35,"hour":13,"pollenindex":6,"windspeed":18,"sunshinepower":465,"sunpower":465},{"datetime":"2020-06-27T14:00:00","datetimeutc":"2020-06-27T12:00:00","timetype":"Hour","precipitationmm":0.4,"temperature":22.5,"feeltemperature":24.3,"cloudcover":100,"iconcode":"m","iconid":33,"sources":1,"winddirection":"W","winddirectiondegrees":249,"windspeedms":5.53,"visibility":9420,"precipitation":58,"beaufort":3,"humidity":68,"sunshine":1,"hour":14,"pollenindex":7,"windspeed":20,"sunshinepower":492,"sunpower":492},{"datetime":"2020-06-27T15:00:00","datetimeutc":"2020-06-27T13:00:00","timetype":"Hour","precipitationmm":0.0,"temperature":23.0,"feeltemperature":24.8,"cloudcover":100,"iconcode":"c","iconid":19,"sources":1,"winddirection":"W","winddirectiondegrees":265,"windspeedms":5.54,"visibility":13010,"precipitation":2,"beaufort":3,"humidity":64,"sunshine":0,"hour":15,"pollenindex":7,"windspeed":20,"sunshinepower":499,"sunpower":499},{"datetime":"2020-06-27T16:00:00","datetimeutc":"2020-06-27T14:00:00","timetype":"Hour","precipitationmm":0.0,"temperature":23.0,"feeltemperature":24.9,"cloudcover":68,"iconcode":"b","iconid":20,"sources":1,"winddirection":"W","winddirectiondegrees":259,"windspeedms":5.96,"visibility":13400,"precipitation":2,"beaufort":3,"humidity":63,"sunshine":0,"hour":16,"pollenindex":7,"windspeed":21,"sunshinepower":472,"sunpower":472},{"datetime":"2020-06-27T17:00:00","datetimeutc":"2020-06-27T15:00:00","timetype":"Hour","precipitationmm":0.0,"temperature":22.7,"feeltemperature":24.8,"cloudcover":79,"iconcode":"r","iconid":19,"sources":1,"winddirection":"W","winddirectiondegrees":256,"windspeedms":6.41,"visibility":14200,"precipitation":2,"beaufort":4,"humidity":62,"sunshine":28,"hour":17,"pollenindex":7,"windspeed":23,"sunshinepower":428,"sunpower":428},{"datetime":"2020-06-27T18:00:00","datetimeutc":"2020-06-27T16:00:00","timetype":"Hour","precipitationmm":0.0,"temperature":22.3,"feeltemperature":24.7,"cloudcover":59,"iconcode":"b","iconid":7,"sources":1,"winddirection":"W","winddirectiondegrees":255,"windspeedms":6.28,"visibility":13400,"precipitation":2,"beaufort":4,"humidity":61,"sunshine":16,"hour":18,"pollenindex":7,"windspeed":23,"sunshinepower":367,"sunpower":367},{"datetime":"2020-06-27T19:00:00","datetimeutc":"2020-06-27T17:00:00","timetype":"Hour","precipitationmm":0.0,"temperature":21.6,"feeltemperature":21.6,"cloudcover":54,"iconcode":"b","iconid":4,"sources":1,"winddirection":"W","winddirectiondegrees":250,"windspeedms":6.17,"visibility":12000,"precipitation":2,"beaufort":4,"humidity":62,"sunshine":36,"hour":19,"pollenindex":6,"windspeed":22,"sunshinepower":284,"sunpower":284},{"datetime":"2020-06-27T20:00:00","datetimeutc":"2020-06-27T18:00:00","timetype":"Hour","precipitationmm":0.0,"temperature":20.9,"feeltemperature":20.9,"cloudcover":45,"iconcode":"j","iconid":13,"sources":1,"winddirection":"ZW","winddirectiondegrees":247,"windspeedms":6.15,"visibility":13000,"precipitation":1,"beaufort":4,"humidity":65,"sunshine":41,"hour":20,"pollenindex":6,"windspeed":22,"sunshinepower":183,"sunpower":183},{"datetime":"2020-06-27T21:00:00","datetimeutc":"2020-06-27T19:00:00","timetype":"Hour","precipitationmm":0.0,"temperature":20.1,"feeltemperature":20.1,"cloudcover":43,"iconcode":"j","iconid":4,"sources":1,"winddirection":"ZW","winddirectiondegrees":244,"windspeedms":5.76,"visibility":12800,"precipitation":1,"beaufort":3,"humidity":66,"sunshine":51,"hour":21,"pollenindex":6,"windspeed":21,"sunshinepower":77,"sunpower":77},{"datetime":"2020-06-27T22:00:00","datetimeutc":"2020-06-27T20:00:00","timetype":"Hour","precipitationmm":0.0,"temperature":19.4,"feeltemperature":19.4,"cloudcover":30,"iconcode":"j","iconid":7,"sources":1,"winddirection":"ZW","winddirectiondegrees":238,"windspeedms":5.22,"visibility":11610,"precipitation":1,"beaufort":3,"humidity":67,"sunshine":55,"hour":22,"pollenindex":6,"windspeed":19,"sunshinepower":0,"sunpower":0},{"datetime":"2020-06-27T23:00:00","datetimeutc":"2020-06-27T21:00:00","timetype":"Hour","precipitationmm":0.0,"temperature":18.7,"feeltemperature":18.7,"cloudcover":30,"iconcode":"jj","iconid":7,"sources":1,"winddirection":"ZW","winddirectiondegrees":228,"windspeedms":4.84,"visibility":10010,"precipitation":1,"beaufort":3,"humidity":72,"sunshine":10,"hour":23,"pollenindex":5,"windspeed":17,"sunshinepower":0,"sunpower":0}],"datetime":"2020-06-27T00:00:00","datetimeutc":"2020-06-26T22:00:00","timetype":"Day","precipitationmm":4.5,"mintemperature":18.7,"maxtemperature":23.0,"cloudcover":67,"iconcode":"g","iconid":8,"sources":2,"winddirection":"ZW","winddirectiondegrees":225,"windspeedms":4.3,"visibility":9105,"precipitation":38,"beaufort":3,"humidity":74,"sunshine":18,"uvindex":5,"bbqindex":6,"mosquitoindex":7,"pollenindex":6,"icescrapeindex":1,"mintemp":18.7,"maxtemp":23.0,"windspeed":4,"sunshinepower":203,"sunpower":203},{"date":"2020-06-28T00:00:00","sunrise":"2020-06-28T05:21:04","sunset":"2020-06-28T22:06:20","hours":[{"datetime":"2020-06-28T00:00:00","datetimeutc":"2020-06-27T22:00:00","timetype":"Hour","precipitationmm":0.0,"temperature":18.0,"feeltemperature":18.0,"cloudcover":30,"iconcode":"jj","iconid":19,"sources":1,"winddirection":"ZW","winddirectiondegrees":224,"windspeedms":4.84,"visibility":10010,"precipitation":0,"beaufort":3,"humidity":78,"sunshine":0,"hour":0,"pollenindex":5,"windspeed":17,"sunshinepower":0,"sunpower":0},{"datetime":"2020-06-28T01:00:00","datetimeutc":"2020-06-27T23:00:00","timetype":"Hour","precipitationmm":0.0,"temperature":17.5,"feeltemperature":17.5,"cloudcover":48,"iconcode":"jj","iconid":20,"sources":1,"winddirection":"ZW","winddirectiondegrees":225,"windspeedms":5.05,"visibility":10010,"precipitation":0,"beaufort":3,"humidity":83,"sunshine":0,"hour":1,"pollenindex":4,"windspeed":18,"sunshinepower":0,"sunpower":0},{"datetime":"2020-06-28T02:00:00","datetimeutc":"2020-06-28T00:00:00","timetype":"Hour","precipitationmm":0.0,"temperature":16.9,"feeltemperature":16.9,"cloudcover":63,"iconcode":"bb","iconid":20,"sources":1,"winddirection":"ZW","winddirectiondegrees":226,"windspeedms":5.35,"visibility":10020,"precipitation":0,"beaufort":3,"humidity":86,"sunshine":0,"hour":2,"pollenindex":4,"windspeed":19,"sunshinepower":0,"sunpower":0},{"datetime":"2020-06-28T03:00:00","datetimeutc":"2020-06-28T01:00:00","timetype":"Hour","precipitationmm":0.0,"temperature":16.4,"feeltemperature":16.4,"cloudcover":71,"iconcode":"rr","iconid":20,"sources":1,"winddirection":"ZW","winddirectiondegrees":228,"windspeedms":5.24,"visibility":10020,"precipitation":0,"beaufort":3,"humidity":88,"sunshine":0,"hour":3,"pollenindex":4,"windspeed":19,"sunshinepower":0,"sunpower":0},{"datetime":"2020-06-28T04:00:00","datetimeutc":"2020-06-28T02:00:00","timetype":"Hour","precipitationmm":0.0,"temperature":16.2,"feeltemperature":16.2,"cloudcover":74,"iconcode":"rr","iconid":9,"sources":1,"winddirection":"ZW","winddirectiondegrees":233,"windspeedms":5.27,"visibility":10010,"precipitation":1,"beaufort":3,"humidity":90,"sunshine":0,"hour":4,"pollenindex":4,"windspeed":19,"sunshinepower":0,"sunpower":0},{"datetime":"2020-06-28T05:00:00","datetimeutc":"2020-06-28T03:00:00","timetype":"Hour","precipitationmm":0.0,"temperature":16.3,"feeltemperature":16.3,"cloudcover":76,"iconcode":"rr","iconid":21,"sources":1,"winddirection":"ZW","winddirectiondegrees":241,"windspeedms":5.47,"visibility":10000,"precipitation":1,"beaufort":3,"humidity":89,"sunshine":0,"hour":5,"pollenindex":4,"windspeed":20,"sunshinepower":0,"sunpower":0},{"datetime":"2020-06-28T06:00:00","datetimeutc":"2020-06-28T04:00:00","timetype":"Hour","precipitationmm":0.0,"temperature":16.6,"feeltemperature":16.6,"cloudcover":78,"iconcode":"r","iconid":22,"sources":1,"winddirection":"ZW","winddirectiondegrees":247,"windspeedms":5.73,"visibility":10610,"precipitation":1,"beaufort":3,"humidity":87,"sunshine":13,"hour":6,"pollenindex":4,"windspeed":21,"sunshinepower":26,"sunpower":26},{"datetime":"2020-06-28T07:00:00","datetimeutc":"2020-06-28T05:00:00","timetype":"Hour","precipitationmm":0.0,"temperature":17.0,"feeltemperature":17.0,"cloudcover":99,"iconcode":"c","iconid":22,"sources":1,"winddirection":"W","winddirectiondegrees":252,"windspeedms":5.99,"visibility":11610,"precipitation":1,"beaufort":3,"humidity":83,"sunshine":16,"hour":7,"pollenindex":4,"windspeed":22,"sunshinepower":103,"sunpower":103},{"datetime":"2020-06-28T08:00:00","datetimeutc":"2020-06-28T06:00:00","timetype":"Hour","precipitationmm":0.0,"temperature":17.4,"feeltemperature":17.4,"cloudcover":100,"iconcode":"c","iconid":22,"sources":1,"winddirection":"W","winddirectiondegrees":257,"windspeedms":6.26,"visibility":13810,"precipitation":1,"beaufort":4,"humidity":79,"sunshine":0,"hour":8,"pollenindex":5,"windspeed":23,"sunshinepower":194,"sunpower":194},{"datetime":"2020-06-28T09:00:00","datetimeutc":"2020-06-28T07:00:00","timetype":"Hour","precipitationmm":0.0,"temperature":17.6,"feeltemperature":17.6,"cloudcover":100,"iconcode":"c","iconid":22,"sources":1,"winddirection":"W","winddirectiondegrees":260,"windspeedms":6.49,"visibility":15600,"precipitation":2,"beaufort":4,"humidity":75,"sunshine":0,"hour":9,"pollenindex":5,"windspeed":23,"sunshinepower":258,"sunpower":258},{"datetime":"2020-06-28T10:00:00","datetimeutc":"2020-06-28T08:00:00","timetype":"Hour","precipitationmm":0.0,"temperature":17.7,"feeltemperature":17.7,"cloudcover":100,"iconcode":"c","iconid":22,"sources":1,"winddirection":"W","winddirectiondegrees":257,"windspeedms":6.79,"visibility":16400,"precipitation":2,"beaufort":4,"humidity":74,"sunshine":0,"hour":10,"pollenindex":6,"windspeed":24,"sunshinepower":284,"sunpower":284},{"datetime":"2020-06-28T11:00:00","datetimeutc":"2020-06-28T09:00:00","timetype":"Hour","precipitationmm":0.0,"temperature":17.8,"feeltemperature":17.8,"cloudcover":100,"iconcode":"c","iconid":19,"sources":1,"winddirection":"W","winddirectiondegrees":256,"windspeedms":7.02,"visibility":15200,"precipitation":2,"beaufort":4,"humidity":72,"sunshine":0,"hour":11,"pollenindex":6,"windspeed":25,"sunshinepower":296,"sunpower":296},{"datetime":"2020-06-28T12:00:00","datetimeutc":"2020-06-28T10:00:00","timetype":"Hour","precipitationmm":2.2,"temperature":17.8,"feeltemperature":17.8,"cloudcover":100,"iconcode":"s","iconid":28,"sources":1,"winddirection":"W","winddirectiondegrees":253,"windspeedms":7.11,"visibility":14200,"precipitation":70,"beaufort":4,"humidity":71,"sunshine":0,"hour":12,"pollenindex":6,"windspeed":26,"sunshinepower":294,"sunpower":294},{"datetime":"2020-06-28T13:00:00","datetimeutc":"2020-06-28T11:00:00","timetype":"Hour","precipitationmm":0.0,"temperature":18.3,"feeltemperature":18.3,"cloudcover":100,"iconcode":"c","iconid":22,"sources":1,"winddirection":"W","winddirectiondegrees":254,"windspeedms":7.14,"visibility":14600,"precipitation":3,"beaufort":4,"humidity":70,"sunshine":0,"hour":13,"pollenindex":6,"windspeed":26,"sunshinepower":266,"sunpower":266},{"datetime":"2020-06-28T14:00:00","datetimeutc":"2020-06-28T12:00:00","timetype":"Hour","precipitationmm":0.0,"temperature":18.9,"feeltemperature":18.9,"cloudcover":100,"iconcode":"c","iconid":22,"sources":1,"winddirection":"W","winddirectiondegrees":255,"windspeedms":7.3,"visibility":16800,"precipitation":2,"beaufort":4,"humidity":66,"sunshine":0,"hour":14,"pollenindex":7,"windspeed":26,"sunshinepower":264,"sunpower":264},{"datetime":"2020-06-28T15:00:00","datetimeutc":"2020-06-28T13:00:00","timetype":"Hour","precipitationmm":2.3,"temperature":19.6,"feeltemperature":19.6,"cloudcover":99,"iconcode":"m","iconid":33,"sources":1,"winddirection":"W","winddirectiondegrees":256,"windspeedms":7.48,"visibility":18400,"precipitation":64,"beaufort":4,"humidity":62,"sunshine":0,"hour":15,"pollenindex":7,"windspeed":27,"sunshinepower":283,"sunpower":283},{"datetime":"2020-06-28T16:00:00","datetimeutc":"2020-06-28T14:00:00","timetype":"Hour","precipitationmm":0.0,"temperature":19.8,"feeltemperature":19.8,"cloudcover":98,"iconcode":"c","iconid":19,"sources":1,"winddirection":"W","winddirectiondegrees":260,"windspeedms":7.66,"visibility":18800,"precipitation":2,"beaufort":4,"humidity":62,"sunshine":0,"hour":16,"pollenindex":7,"windspeed":28,"sunshinepower":262,"sunpower":262},{"datetime":"2020-06-28T17:00:00","datetimeutc":"2020-06-28T15:00:00","timetype":"Hour","precipitationmm":0.0,"temperature":19.7,"feeltemperature":19.7,"cloudcover":84,"iconcode":"r","iconid":20,"sources":1,"winddirection":"W","winddirectiondegrees":262,"windspeedms":7.41,"visibility":16800,"precipitation":2,"beaufort":4,"humidity":61,"sunshine":0,"hour":17,"pollenindex":7,"windspeed":27,"sunshinepower":248,"sunpower":248},{"datetime":"2020-06-28T18:00:00","datetimeutc":"2020-06-28T16:00:00","timetype":"Hour","precipitationmm":0.0,"temperature":19.3,"feeltemperature":19.3,"cloudcover":56,"iconcode":"b","iconid":8,"sources":1,"winddirection":"W","winddirectiondegrees":258,"windspeedms":7.03,"visibility":15400,"precipitation":2,"beaufort":4,"humidity":63,"sunshine":10,"hour":18,"pollenindex":7,"windspeed":25,"sunshinepower":260,"sunpower":260},{"datetime":"2020-06-28T19:00:00","datetimeutc":"2020-06-28T17:00:00","timetype":"Hour","precipitationmm":0.0,"temperature":18.8,"feeltemperature":18.8,"cloudcover":46,"iconcode":"j","iconid":5,"sources":1,"winddirection":"W","winddirectiondegrees":252,"windspeedms":6.63,"visibility":15000,"precipitation":2,"beaufort":4,"humidity":64,"sunshine":40,"hour":19,"pollenindex":6,"windspeed":24,"sunshinepower":237,"sunpower":237},{"datetime":"2020-06-28T20:00:00","datetimeutc":"2020-06-28T18:00:00","timetype":"Hour","precipitationmm":0.0,"temperature":18.2,"feeltemperature":18.2,"cloudcover":46,"iconcode":"j","iconid":13,"sources":1,"winddirection":"W","winddirectiondegrees":252,"windspeedms":6.28,"visibility":14600,"precipitation":2,"beaufort":4,"humidity":67,"sunshine":51,"hour":20,"pollenindex":6,"windspeed":23,"sunshinepower":162,"sunpower":162},{"datetime":"2020-06-28T21:00:00","datetimeutc":"2020-06-28T19:00:00","timetype":"Hour","precipitationmm":0.0,"temperature":17.7,"feeltemperature":17.7,"cloudcover":46,"iconcode":"j","iconid":4,"sources":1,"winddirection":"W","winddirectiondegrees":251,"windspeedms":5.71,"visibility":13800,"precipitation":1,"beaufort":3,"humidity":68,"sunshine":51,"hour":21,"pollenindex":6,"windspeed":21,"sunshinepower":69,"sunpower":69},{"datetime":"2020-06-28T22:00:00","datetimeutc":"2020-06-28T20:00:00","timetype":"Hour","precipitationmm":0.0,"temperature":17.2,"feeltemperature":17.2,"cloudcover":54,"iconcode":"b","iconid":19,"sources":1,"winddirection":"ZW","winddirectiondegrees":245,"windspeedms":4.61,"visibility":12800,"precipitation":1,"beaufort":3,"humidity":70,"sunshine":51,"hour":22,"pollenindex":6,"windspeed":17,"sunshinepower":0,"sunpower":0},{"datetime":"2020-06-28T23:00:00","datetimeutc":"2020-06-28T21:00:00","timetype":"Hour","precipitationmm":0.0,"temperature":16.7,"feeltemperature":16.7,"cloudcover":71,"iconcode":"rr","iconid":19,"sources":1,"winddirection":"ZW","winddirectiondegrees":231,"windspeedms":4.07,"visibility":12010,"precipitation":1,"beaufort":3,"humidity":74,"sunshine":6,"hour":23,"pollenindex":5,"windspeed":15,"sunshinepower":0,"sunpower":0}],"datetime":"2020-06-28T00:00:00","datetimeutc":"2020-06-27T22:00:00","timetype":"Day","precipitationmm":4.5,"mintemperature":16.2,"maxtemperature":19.8,"cloudcover":50,"iconcode":"g","iconid":8,"sources":1,"winddirection":"W","winddirectiondegrees":270,"windspeedms":6.16,"precipitation":70,"beaufort":4,"uvindex":6,"bbqindex":6,"mosquitoindex":6,"pollenindex":6,"icescrapeindex":1,"mintemp":16.2,"maxtemp":19.8,"windspeed":6},{"date":"2020-06-29T00:00:00","sunrise":"2020-06-29T05:21:41","sunset":"2020-06-29T22:06:05","hours":[{"datetime":"2020-06-29T00:00:00","datetimeutc":"2020-06-28T22:00:00","timetype":"Hour","precipitationmm":0.0,"temperature":16.3,"feeltemperature":16.3,"cloudcover":55,"iconcode":"bb","iconid":19,"sources":1,"winddirection":"ZW","winddirectiondegrees":222,"windspeedms":3.87,"visibility":11410,"precipitation":1,"beaufort":2,"humidity":76,"sunshine":0,"hour":0,"pollenindex":5,"windspeed":14,"sunshinepower":0,"sunpower":0},{"datetime":"2020-06-29T01:00:00","datetimeutc":"2020-06-28T23:00:00","timetype":"Hour","precipitationmm":0.0,"temperature":15.8,"feeltemperature":15.8,"cloudcover":24,"iconcode":"jj","iconid":22,"sources":1,"winddirection":"ZW","winddirectiondegrees":209,"windspeedms":3.45,"visibility":10820,"precipitation":0,"beaufort":2,"humidity":78,"sunshine":0,"hour":1,"pollenindex":5,"windspeed":12,"sunshinepower":0,"sunpower":0},{"datetime":"2020-06-29T02:00:00","datetimeutc":"2020-06-29T00:00:00","timetype":"Hour","precipitationmm":0.0,"temperature":15.4,"feeltemperature":15.4,"cloudcover":0,"iconcode":"aa","iconid":13,"sources":1,"winddirection":"Z","winddirectiondegrees":200,"windspeedms":3.38,"visibility":10020,"precipitation":0,"beaufort":2,"humidity":78,"sunshine":0,"hour":2,"pollenindex":5,"windspeed":12,"sunshinepower":0,"sunpower":0},{"datetime":"2020-06-29T03:00:00","datetimeutc":"2020-06-29T01:00:00","timetype":"Hour","precipitationmm":0.0,"temperature":15.0,"feeltemperature":15.0,"cloudcover":36,"iconcode":"jj","iconid":13,"sources":1,"winddirection":"Z","winddirectiondegrees":196,"windspeedms":3.29,"visibility":9810,"precipitation":0,"beaufort":2,"humidity":79,"sunshine":0,"hour":3,"pollenindex":5,"windspeed":12,"sunshinepower":0,"sunpower":0},{"datetime":"2020-06-29T04:00:00","datetimeutc":"2020-06-29T02:00:00","timetype":"Hour","precipitationmm":0.0,"temperature":14.9,"feeltemperature":14.9,"cloudcover":0,"iconcode":"aa","iconid":13,"sources":1,"winddirection":"Z","winddirectiondegrees":193,"windspeedms":3.21,"visibility":9600,"precipitation":0,"beaufort":2,"humidity":81,"sunshine":0,"hour":4,"pollenindex":5,"windspeed":12,"sunshinepower":0,"sunpower":0},{"datetime":"2020-06-29T05:00:00","datetimeutc":"2020-06-29T03:00:00","timetype":"Hour","precipitationmm":0.0,"temperature":15.1,"feeltemperature":15.1,"cloudcover":41,"iconcode":"jj","iconid":1,"sources":1,"winddirection":"Z","winddirectiondegrees":187,"windspeedms":3.21,"visibility":8400,"precipitation":0,"beaufort":2,"humidity":81,"sunshine":0,"hour":5,"pollenindex":5,"windspeed":12,"sunshinepower":0,"sunpower":0},{"datetime":"2020-06-29T06:00:00","datetimeutc":"2020-06-29T04:00:00","timetype":"Hour","precipitationmm":0.0,"temperature":15.6,"feeltemperature":15.6,"cloudcover":41,"iconcode":"j","iconid":4,"sources":1,"winddirection":"Z","winddirectiondegrees":190,"windspeedms":3.64,"visibility":8200,"precipitation":0,"beaufort":2,"humidity":80,"sunshine":38,"hour":6,"pollenindex":5,"windspeed":13,"sunshinepower":19,"sunpower":19},{"datetime":"2020-06-29T07:00:00","datetimeutc":"2020-06-29T05:00:00","timetype":"Hour","precipitationmm":0.0,"temperature":16.1,"feeltemperature":16.1,"cloudcover":41,"iconcode":"n","iconid":17,"sources":1,"winddirection":"ZW","winddirectiondegrees":208,"windspeedms":4.21,"visibility":200,"precipitation":0,"beaufort":3,"humidity":79,"sunshine":56,"hour":7,"pollenindex":5,"windspeed":15,"sunshinepower":90,"sunpower":90},{"datetime":"2020-06-29T08:00:00","datetimeutc":"2020-06-29T06:00:00","timetype":"Hour","precipitationmm":0.0,"temperature":16.6,"feeltemperature":16.6,"cloudcover":56,"iconcode":"n","iconid":22,"sources":1,"winddirection":"ZW","winddirectiondegrees":239,"windspeedms":4.8,"visibility":1000,"precipitation":1,"beaufort":3,"humidity":76,"sunshine":56,"hour":8,"pollenindex":5,"windspeed":17,"sunshinepower":195,"sunpower":195},{"datetime":"2020-06-29T09:00:00","datetimeutc":"2020-06-29T07:00:00","timetype":"Hour","precipitationmm":0.0,"temperature":17.1,"feeltemperature":17.1,"cloudcover":56,"iconcode":"b","iconid":22,"sources":1,"winddirection":"W","winddirectiondegrees":257,"windspeedms":5.18,"visibility":8800,"precipitation":0,"beaufort":3,"humidity":71,"sunshine":40,"hour":9,"pollenindex":5,"windspeed":19,"sunshinepower":312,"sunpower":312},{"datetime":"2020-06-29T10:00:00","datetimeutc":"2020-06-29T08:00:00","timetype":"Hour","precipitationmm":0.0,"temperature":17.7,"feeltemperature":17.7,"cloudcover":60,"iconcode":"b","iconid":22,"sources":1,"winddirection":"W","winddirectiondegrees":261,"windspeedms":5.38,"visibility":9400,"precipitation":0,"beaufort":3,"humidity":68,"sunshine":40,"hour":10,"pollenindex":7,"windspeed":19,"sunshinepower":425,"sunpower":425},{"datetime":"2020-06-29T11:00:00","datetimeutc":"2020-06-29T09:00:00","timetype":"Hour","precipitationmm":0.0,"temperature":18.2,"feeltemperature":18.2,"cloudcover":60,"iconcode":"b","iconid":22,"sources":1,"winddirection":"W","winddirectiondegrees":267,"windspeedms":5.41,"visibility":10000,"precipitation":0,"beaufort":3,"humidity":64,"sunshine":36,"hour":11,"pollenindex":7,"windspeed":19,"sunshinepower":516,"sunpower":516},{"datetime":"2020-06-29T12:00:00","datetimeutc":"2020-06-29T10:00:00","timetype":"Hour","precipitationmm":0.0,"temperature":18.8,"feeltemperature":18.8,"cloudcover":58,"iconcode":"b","iconid":22,"sources":1,"winddirection":"W","winddirectiondegrees":284,"windspeedms":5.5,"visibility":10600,"precipitation":0,"beaufort":3,"humidity":61,"sunshine":35,"hour":12,"pollenindex":7,"windspeed":20,"sunshinepower":588,"sunpower":588},{"datetime":"2020-06-29T13:00:00","datetimeutc":"2020-06-29T11:00:00","timetype":"Hour","precipitationmm":0.0,"temperature":19.2,"feeltemperature":19.2,"cloudcover":52,"iconcode":"b","iconid":20,"sources":1,"winddirection":"NW","winddirectiondegrees":314,"windspeedms":5.7,"visibility":11600,"precipitation":0,"beaufort":3,"humidity":60,"sunshine":38,"hour":13,"pollenindex":7,"windspeed":21,"sunshinepower":640,"sunpower":640},{"datetime":"2020-06-29T14:00:00","datetimeutc":"2020-06-29T12:00:00","timetype":"Hour","precipitationmm":0.0,"temperature":19.5,"feeltemperature":19.5,"cloudcover":50,"iconcode":"b","iconid":21,"sources":1,"winddirection":"N","winddirectiondegrees":342,"windspeedms":5.9,"visibility":12800,"precipitation":0,"beaufort":3,"humidity":58,"sunshine":45,"hour":14,"pollenindex":8,"windspeed":21,"sunshinepower":655,"sunpower":655},{"datetime":"2020-06-29T15:00:00","datetimeutc":"2020-06-29T13:00:00","timetype":"Hour","precipitationmm":0.0,"temperature":19.6,"feeltemperature":19.6,"cloudcover":48,"iconcode":"j","iconid":22,"sources":1,"winddirection":"N","winddirectiondegrees":348,"windspeedms":5.77,"visibility":14600,"precipitation":0,"beaufort":3,"humidity":58,"sunshine":46,"hour":15,"pollenindex":8,"windspeed":21,"sunshinepower":634,"sunpower":634},{"datetime":"2020-06-29T16:00:00","datetimeutc":"2020-06-29T14:00:00","timetype":"Hour","precipitationmm":0.0,"temperature":19.6,"feeltemperature":19.6,"cloudcover":46,"iconcode":"j","iconid":21,"sources":1,"winddirection":"NW","winddirectiondegrees":336,"windspeedms":5.87,"visibility":16200,"precipitation":0,"beaufort":3,"humidity":57,"sunshine":48,"hour":16,"pollenindex":8,"windspeed":21,"sunshinepower":590,"sunpower":590},{"datetime":"2020-06-29T17:00:00","datetimeutc":"2020-06-29T15:00:00","timetype":"Hour","precipitationmm":0.0,"temperature":19.2,"feeltemperature":19.2,"cloudcover":43,"iconcode":"j","iconid":21,"sources":1,"winddirection":"NW","winddirectiondegrees":322,"windspeedms":5.86,"visibility":17200,"precipitation":0,"beaufort":3,"humidity":57,"sunshine":51,"hour":17,"pollenindex":8,"windspeed":21,"sunshinepower":520,"sunpower":520},{"datetime":"2020-06-29T18:00:00","datetimeutc":"2020-06-29T16:00:00","timetype":"Hour","precipitationmm":0.0,"temperature":18.8,"feeltemperature":18.8,"cloudcover":39,"iconcode":"j","iconid":22,"sources":1,"winddirection":"NW","winddirectiondegrees":321,"windspeedms":5.73,"visibility":18000,"precipitation":0,"beaufort":3,"humidity":59,"sunshine":53,"hour":18,"pollenindex":7,"windspeed":21,"sunshinepower":414,"sunpower":414},{"datetime":"2020-06-29T19:00:00","datetimeutc":"2020-06-29T17:00:00","timetype":"Hour","precipitationmm":0.0,"temperature":18.2,"feeltemperature":18.2,"cloudcover":39,"iconcode":"j","iconid":13,"sources":1,"winddirection":"NW","winddirectiondegrees":323,"windspeedms":5.19,"visibility":17800,"precipitation":0,"beaufort":3,"humidity":62,"sunshine":58,"hour":19,"pollenindex":6,"windspeed":19,"sunshinepower":293,"sunpower":293},{"datetime":"2020-06-29T20:00:00","datetimeutc":"2020-06-29T18:00:00","timetype":"Hour","precipitationmm":0.0,"temperature":17.5,"feeltemperature":17.5,"cloudcover":39,"iconcode":"j","iconid":13,"sources":1,"winddirection":"NW","winddirectiondegrees":320,"windspeedms":4.82,"visibility":17400,"precipitation":0,"beaufort":3,"humidity":66,"sunshine":58,"hour":20,"pollenindex":6,"windspeed":17,"sunshinepower":175,"sunpower":175},{"datetime":"2020-06-29T21:00:00","datetimeutc":"2020-06-29T19:00:00","timetype":"Hour","precipitationmm":0.0,"temperature":16.8,"feeltemperature":16.8,"cloudcover":17,"iconcode":"j","iconid":22,"sources":1,"winddirection":"NW","winddirectiondegrees":317,"windspeedms":4.17,"visibility":16800,"precipitation":1,"beaufort":3,"humidity":68,"sunshine":58,"hour":21,"pollenindex":6,"windspeed":15,"sunshinepower":70,"sunpower":70},{"datetime":"2020-06-29T22:00:00","datetimeutc":"2020-06-29T20:00:00","timetype":"Hour","precipitationmm":0.0,"temperature":16.3,"feeltemperature":16.3,"cloudcover":41,"iconcode":"j","iconid":8,"sources":1,"winddirection":"NW","winddirectiondegrees":312,"windspeedms":3.29,"visibility":15610,"precipitation":1,"beaufort":2,"humidity":70,"sunshine":81,"hour":22,"pollenindex":6,"windspeed":12,"sunshinepower":0,"sunpower":0},{"datetime":"2020-06-29T23:00:00","datetimeutc":"2020-06-29T21:00:00","timetype":"Hour","precipitationmm":0.0,"temperature":16.0,"feeltemperature":16.0,"cloudcover":63,"iconcode":"bb","iconid":7,"sources":1,"winddirection":"NW","winddirectiondegrees":307,"windspeedms":2.86,"visibility":13810,"precipitation":1,"beaufort":2,"humidity":75,"sunshine":8,"hour":23,"pollenindex":5,"windspeed":10,"sunshinepower":0,"sunpower":0}],"datetime":"2020-06-29T00:00:00","datetimeutc":"2020-06-28T22:00:00","timetype":"Day","precipitationmm":0.0,"mintemperature":14.9,"maxtemperature":19.6,"cloudcover":25,"iconcode":"j","iconid":2,"sources":1,"winddirection":"NW","winddirectiondegrees":315,"windspeedms":4.57,"precipitation":1,"beaufort":3,"uvindex":6,"bbqindex":8,"mosquitoindex":7,"pollenindex":6,"icescrapeindex":1,"mintemp":14.9,"maxtemp":19.6,"windspeed":5},{"date":"2020-06-30T00:00:00","sunrise":"2020-06-30T05:22:20","sunset":"2020-06-30T22:05:47","hours":[{"datetime":"2020-06-30T00:00:00","datetimeutc":"2020-06-29T22:00:00","timetype":"Hour","precipitationmm":0.0,"temperature":15.6,"feeltemperature":15.6,"cloudcover":81,"iconcode":"rr","iconid":19,"sources":1,"winddirection":"NW","winddirectiondegrees":301,"windspeedms":2.77,"visibility":13010,"precipitation":1,"beaufort":2,"humidity":78,"sunshine":0,"hour":0,"pollenindex":5,"windspeed":10,"sunshinepower":0,"sunpower":0},{"datetime":"2020-06-30T01:00:00","datetimeutc":"2020-06-29T23:00:00","timetype":"Hour","precipitationmm":0.0,"temperature":15.4,"feeltemperature":15.4,"cloudcover":95,"iconcode":"cc","iconid":19,"sources":1,"winddirection":"NW","winddirectiondegrees":294,"windspeedms":2.87,"visibility":12220,"precipitation":1,"beaufort":2,"humidity":79,"sunshine":0,"hour":1,"pollenindex":5,"windspeed":10,"sunshinepower":0,"sunpower":0},{"datetime":"2020-06-30T02:00:00","datetimeutc":"2020-06-30T00:00:00","timetype":"Hour","precipitationmm":0.0,"temperature":15.2,"feeltemperature":15.2,"cloudcover":100,"iconcode":"cc","iconid":22,"sources":1,"winddirection":"W","winddirectiondegrees":279,"windspeedms":2.69,"visibility":11820,"precipitation":0,"beaufort":2,"humidity":80,"sunshine":0,"hour":2,"pollenindex":5,"windspeed":10,"sunshinepower":0,"sunpower":0},{"datetime":"2020-06-30T03:00:00","datetimeutc":"2020-06-30T01:00:00","timetype":"Hour","precipitationmm":0.0,"temperature":15.0,"feeltemperature":15.0,"cloudcover":100,"iconcode":"cc","iconid":21,"sources":1,"winddirection":"ZW","winddirectiondegrees":246,"windspeedms":2.89,"visibility":12020,"precipitation":1,"beaufort":2,"humidity":81,"sunshine":0,"hour":3,"pollenindex":5,"windspeed":10,"sunshinepower":0,"sunpower":0},{"datetime":"2020-06-30T04:00:00","datetimeutc":"2020-06-30T02:00:00","timetype":"Hour","precipitationmm":0.0,"temperature":14.9,"feeltemperature":14.9,"cloudcover":100,"iconcode":"cc","iconid":22,"sources":1,"winddirection":"ZW","winddirectiondegrees":230,"windspeedms":2.91,"visibility":11810,"precipitation":1,"beaufort":2,"humidity":81,"sunshine":0,"hour":4,"pollenindex":5,"windspeed":10,"sunshinepower":0,"sunpower":0},{"datetime":"2020-06-30T05:00:00","datetimeutc":"2020-06-30T03:00:00","timetype":"Hour","precipitationmm":0.0,"temperature":15.0,"feeltemperature":15.0,"cloudcover":100,"iconcode":"cc","iconid":22,"sources":1,"winddirection":"ZW","winddirectiondegrees":216,"windspeedms":2.98,"visibility":11400,"precipitation":0,"beaufort":2,"humidity":81,"sunshine":0,"hour":5,"pollenindex":5,"windspeed":11,"sunshinepower":0,"sunpower":0},{"datetime":"2020-06-30T06:00:00","datetimeutc":"2020-06-30T04:00:00","timetype":"Hour","precipitationmm":0.0,"temperature":15.2,"feeltemperature":15.2,"cloudcover":100,"iconcode":"c","iconid":22,"sources":1,"winddirection":"Z","winddirectiondegrees":201,"windspeedms":3.33,"visibility":10800,"precipitation":1,"beaufort":2,"humidity":82,"sunshine":0,"hour":6,"pollenindex":5,"windspeed":12,"sunshinepower":14,"sunpower":14},{"datetime":"2020-06-30T07:00:00","datetimeutc":"2020-06-30T05:00:00","timetype":"Hour","precipitationmm":0.0,"temperature":15.4,"feeltemperature":15.4,"cloudcover":100,"iconcode":"c","iconid":22,"sources":1,"winddirection":"ZW","winddirectiondegrees":203,"windspeedms":3.68,"visibility":12000,"precipitation":1,"beaufort":2,"humidity":83,"sunshine":0,"hour":7,"pollenindex":4,"windspeed":13,"sunshinepower":35,"sunpower":35},{"datetime":"2020-06-30T08:00:00","datetimeutc":"2020-06-30T06:00:00","timetype":"Hour","precipitationmm":0.0,"temperature":15.7,"feeltemperature":15.7,"cloudcover":100,"iconcode":"c","iconid":22,"sources":1,"winddirection":"ZW","winddirectiondegrees":212,"windspeedms":4.11,"visibility":12000,"precipitation":1,"beaufort":3,"humidity":81,"sunshine":0,"hour":8,"pollenindex":5,"windspeed":15,"sunshinepower":57,"sunpower":57},{"datetime":"2020-06-30T09:00:00","datetimeutc":"2020-06-30T07:00:00","timetype":"Hour","precipitationmm":1.1,"temperature":16.0,"feeltemperature":16.0,"cloudcover":100,"iconcode":"m","iconid":33,"sources":1,"winddirection":"ZW","winddirectiondegrees":212,"windspeedms":4.27,"visibility":9800,"precipitation":29,"beaufort":3,"humidity":79,"sunshine":0,"hour":9,"pollenindex":5,"windspeed":15,"sunshinepower":89,"sunpower":89},{"datetime":"2020-06-30T10:00:00","datetimeutc":"2020-06-30T08:00:00","timetype":"Hour","precipitationmm":1.0,"temperature":16.4,"feeltemperature":16.4,"cloudcover":100,"iconcode":"m","iconid":33,"sources":1,"winddirection":"ZW","winddirectiondegrees":209,"windspeedms":4.44,"visibility":9200,"precipitation":35,"beaufort":3,"humidity":79,"sunshine":0,"hour":10,"pollenindex":6,"windspeed":16,"sunshinepower":121,"sunpower":121},{"datetime":"2020-06-30T11:00:00","datetimeutc":"2020-06-30T09:00:00","timetype":"Hour","precipitationmm":0.0,"temperature":16.8,"feeltemperature":16.8,"cloudcover":97,"iconcode":"c","iconid":22,"sources":1,"winddirection":"ZW","winddirectiondegrees":217,"windspeedms":4.3,"visibility":9800,"precipitation":1,"beaufort":3,"humidity":76,"sunshine":0,"hour":11,"pollenindex":6,"windspeed":15,"sunshinepower":184,"sunpower":184},{"datetime":"2020-06-30T12:00:00","datetimeutc":"2020-06-30T10:00:00","timetype":"Hour","precipitationmm":0.0,"temperature":17.3,"feeltemperature":17.3,"cloudcover":91,"iconcode":"c","iconid":22,"sources":1,"winddirection":"ZW","winddirectiondegrees":230,"windspeedms":4.33,"visibility":10000,"precipitation":1,"beaufort":3,"humidity":73,"sunshine":0,"hour":12,"pollenindex":6,"windspeed":16,"sunshinepower":281,"sunpower":281},{"datetime":"2020-06-30T13:00:00","datetimeutc":"2020-06-30T11:00:00","timetype":"Hour","precipitationmm":0.0,"temperature":18.0,"feeltemperature":18.0,"cloudcover":85,"iconcode":"r","iconid":22,"sources":1,"winddirection":"ZW","winddirectiondegrees":240,"windspeedms":4.05,"visibility":10000,"precipitation":1,"beaufort":3,"humidity":70,"sunshine":3,"hour":13,"pollenindex":7,"windspeed":15,"sunshinepower":374,"sunpower":374},{"datetime":"2020-06-30T14:00:00","datetimeutc":"2020-06-30T12:00:00","timetype":"Hour","precipitationmm":0.0,"temperature":18.7,"feeltemperature":18.7,"cloudcover":80,"iconcode":"r","iconid":22,"sources":1,"winddirection":"ZW","winddirectiondegrees":245,"windspeedms":4.14,"visibility":10400,"precipitation":1,"beaufort":3,"humidity":67,"sunshine":10,"hour":14,"pollenindex":7,"windspeed":15,"sunshinepower":433,"sunpower":433},{"datetime":"2020-06-30T15:00:00","datetimeutc":"2020-06-30T13:00:00","timetype":"Hour","precipitationmm":0.0,"temperature":19.4,"feeltemperature":19.4,"cloudcover":80,"iconcode":"r","iconid":22,"sources":1,"winddirection":"W","winddirectiondegrees":251,"windspeedms":3.83,"visibility":10600,"precipitation":1,"beaufort":2,"humidity":64,"sunshine":15,"hour":15,"pollenindex":7,"windspeed":14,"sunshinepower":453,"sunpower":453},{"datetime":"2020-06-30T16:00:00","datetimeutc":"2020-06-30T14:00:00","timetype":"Hour","precipitationmm":0.0,"temperature":19.7,"feeltemperature":19.7,"cloudcover":82,"iconcode":"r","iconid":22,"sources":1,"winddirection":"W","winddirectiondegrees":260,"windspeedms":4.0,"visibility":10800,"precipitation":1,"beaufort":3,"humidity":63,"sunshine":15,"hour":16,"pollenindex":7,"windspeed":14,"sunshinepower":450,"sunpower":450},{"datetime":"2020-06-30T17:00:00","datetimeutc":"2020-06-30T15:00:00","timetype":"Hour","precipitationmm":0.0,"temperature":19.6,"feeltemperature":19.6,"cloudcover":81,"iconcode":"r","iconid":22,"sources":1,"winddirection":"W","winddirectiondegrees":265,"windspeedms":4.18,"visibility":10800,"precipitation":1,"beaufort":3,"humidity":63,"sunshine":11,"hour":17,"pollenindex":7,"windspeed":15,"sunshinepower":418,"sunpower":418},{"datetime":"2020-06-30T18:00:00","datetimeutc":"2020-06-30T16:00:00","timetype":"Hour","precipitationmm":0.0,"temperature":19.1,"feeltemperature":19.1,"cloudcover":68,"iconcode":"b","iconid":22,"sources":1,"winddirection":"W","winddirectiondegrees":272,"windspeedms":3.89,"visibility":11000,"precipitation":1,"beaufort":2,"humidity":65,"sunshine":15,"hour":18,"pollenindex":7,"windspeed":14,"sunshinepower":353,"sunpower":353},{"datetime":"2020-06-30T19:00:00","datetimeutc":"2020-06-30T17:00:00","timetype":"Hour","precipitationmm":0.0,"temperature":18.5,"feeltemperature":18.5,"cloudcover":52,"iconcode":"b","iconid":22,"sources":1,"winddirection":"W","winddirectiondegrees":283,"windspeedms":3.55,"visibility":11000,"precipitation":1,"beaufort":2,"humidity":68,"sunshine":26,"hour":19,"pollenindex":6,"windspeed":13,"sunshinepower":268,"sunpower":268},{"datetime":"2020-06-30T20:00:00","datetimeutc":"2020-06-30T18:00:00","timetype":"Hour","precipitationmm":0.0,"temperature":17.8,"feeltemperature":17.8,"cloudcover":50,"iconcode":"b","iconid":22,"sources":1,"winddirection":"NW","winddirectiondegrees":296,"windspeedms":3.27,"visibility":11400,"precipitation":1,"beaufort":2,"humidity":72,"sunshine":45,"hour":20,"pollenindex":5,"windspeed":12,"sunshinepower":166,"sunpower":166},{"datetime":"2020-06-30T21:00:00","datetimeutc":"2020-06-30T19:00:00","timetype":"Hour","precipitationmm":0.0,"temperature":17.2,"feeltemperature":17.2,"cloudcover":51,"iconcode":"b","iconid":19,"sources":1,"winddirection":"NW","winddirectiondegrees":309,"windspeedms":2.8,"visibility":11400,"precipitation":1,"beaufort":2,"humidity":72,"sunshine":46,"hour":21,"pollenindex":5,"windspeed":10,"sunshinepower":66,"sunpower":66},{"datetime":"2020-06-30T22:00:00","datetimeutc":"2020-06-30T20:00:00","timetype":"Hour","precipitationmm":0.0,"temperature":16.8,"feeltemperature":16.8,"cloudcover":67,"iconcode":"b","iconid":19,"sources":1,"winddirection":"NW","winddirectiondegrees":321,"windspeedms":2.22,"visibility":11410,"precipitation":1,"beaufort":2,"humidity":74,"sunshine":45,"hour":22,"pollenindex":5,"windspeed":8,"sunshinepower":0,"sunpower":0},{"datetime":"2020-06-30T23:00:00","datetimeutc":"2020-06-30T21:00:00","timetype":"Hour","precipitationmm":0.0,"temperature":16.4,"feeltemperature":16.4,"cloudcover":77,"iconcode":"rr","iconid":7,"sources":1,"winddirection":"N","winddirectiondegrees":338,"windspeedms":1.85,"visibility":11610,"precipitation":1,"beaufort":1,"humidity":77,"sunshine":3,"hour":23,"pollenindex":5,"windspeed":7,"sunshinepower":0,"sunpower":0}],"datetime":"2020-06-30T00:00:00","datetimeutc":"2020-06-29T22:00:00","timetype":"Day","precipitationmm":2.1,"mintemperature":14.9,"maxtemperature":19.7,"cloudcover":25,"iconcode":"f","iconid":16,"sources":1,"winddirection":"ZW","winddirectiondegrees":225,"windspeedms":3.47,"precipitation":35,"beaufort":2,"uvindex":6,"bbqindex":7,"mosquitoindex":6,"pollenindex":6,"icescrapeindex":1,"mintemp":14.9,"maxtemp":19.7,"windspeed":3},{"date":"2020-07-01T00:00:00","sunrise":"2020-07-01T05:23:03","sunset":"2020-07-01T22:05:26","hours":[{"datetime":"2020-07-01T00:00:00","datetimeutc":"2020-06-30T22:00:00","timetype":"Hour","precipitationmm":0.0,"temperature":16.0,"feeltemperature":16.0,"cloudcover":37,"iconcode":"jj","iconid":8,"sources":1,"winddirection":"N","winddirectiondegrees":352,"windspeedms":1.69,"visibility":11210,"precipitation":1,"beaufort":1,"humidity":80,"sunshine":0,"hour":0,"pollenindex":4,"windspeed":6,"sunshinepower":0,"sunpower":0},{"datetime":"2020-07-01T01:00:00","datetimeutc":"2020-06-30T23:00:00","timetype":"Hour","precipitationmm":0.0,"temperature":15.6,"feeltemperature":15.6,"cloudcover":67,"iconcode":"bb","iconid":8,"sources":1,"winddirection":"N","winddirectiondegrees":4,"windspeedms":1.5,"visibility":10410,"precipitation":1,"beaufort":1,"humidity":82,"sunshine":0,"hour":1,"pollenindex":4,"windspeed":5,"sunshinepower":0,"sunpower":0},{"datetime":"2020-07-01T02:00:00","datetimeutc":"2020-07-01T00:00:00","timetype":"Hour","precipitationmm":0.0,"temperature":15.2,"feeltemperature":15.2,"cloudcover":63,"iconcode":"bb","iconid":9,"sources":1,"winddirection":"NO","winddirectiondegrees":30,"windspeedms":1.7,"visibility":9620,"precipitation":1,"beaufort":1,"humidity":84,"sunshine":0,"hour":2,"pollenindex":4,"windspeed":6,"sunshinepower":0,"sunpower":0},{"datetime":"2020-07-01T03:00:00","datetimeutc":"2020-07-01T01:00:00","timetype":"Hour","precipitationmm":0.0,"temperature":14.9,"feeltemperature":14.9,"cloudcover":67,"iconcode":"bb","iconid":9,"sources":1,"winddirection":"NO","winddirectiondegrees":47,"windspeedms":1.85,"visibility":9220,"precipitation":1,"beaufort":1,"humidity":84,"sunshine":0,"hour":3,"pollenindex":4,"windspeed":7,"sunshinepower":0,"sunpower":0},{"datetime":"2020-07-01T04:00:00","datetimeutc":"2020-07-01T02:00:00","timetype":"Hour","precipitationmm":0.0,"temperature":14.8,"feeltemperature":14.8,"cloudcover":74,"iconcode":"rr","iconid":9,"sources":1,"winddirection":"NO","winddirectiondegrees":54,"windspeedms":2.01,"visibility":9010,"precipitation":1,"beaufort":2,"humidity":86,"sunshine":0,"hour":4,"pollenindex":4,"windspeed":7,"sunshinepower":0,"sunpower":0},{"datetime":"2020-07-01T05:00:00","datetimeutc":"2020-07-01T03:00:00","timetype":"Hour","precipitationmm":0.0,"temperature":15.0,"feeltemperature":15.0,"cloudcover":80,"iconcode":"rr","iconid":21,"sources":1,"winddirection":"NO","winddirectiondegrees":62,"windspeedms":1.95,"visibility":9400,"precipitation":1,"beaufort":1,"humidity":85,"sunshine":0,"hour":5,"pollenindex":4,"windspeed":7,"sunshinepower":0,"sunpower":0},{"datetime":"2020-07-01T06:00:00","datetimeutc":"2020-07-01T04:00:00","timetype":"Hour","precipitationmm":0.0,"temperature":15.5,"feeltemperature":15.5,"cloudcover":85,"iconcode":"r","iconid":19,"sources":1,"winddirection":"O","winddirectiondegrees":71,"windspeedms":2.25,"visibility":9800,"precipitation":1,"beaufort":2,"humidity":84,"sunshine":10,"hour":6,"pollenindex":4,"windspeed":8,"sunshinepower":25,"sunpower":25},{"datetime":"2020-07-01T07:00:00","datetimeutc":"2020-07-01T05:00:00","timetype":"Hour","precipitationmm":0.0,"temperature":16.0,"feeltemperature":16.0,"cloudcover":88,"iconcode":"r","iconid":22,"sources":1,"winddirection":"O","winddirectiondegrees":78,"windspeedms":2.36,"visibility":10000,"precipitation":1,"beaufort":2,"humidity":83,"sunshine":10,"hour":7,"pollenindex":4,"windspeed":8,"sunshinepower":115,"sunpower":115},{"datetime":"2020-07-01T08:00:00","datetimeutc":"2020-07-01T06:00:00","timetype":"Hour","precipitationmm":0.0,"temperature":16.5,"feeltemperature":16.5,"cloudcover":93,"iconcode":"c","iconid":22,"sources":1,"winddirection":"O","winddirectiondegrees":79,"windspeedms":2.6,"visibility":11400,"precipitation":1,"beaufort":2,"humidity":80,"sunshine":6,"hour":8,"pollenindex":4,"windspeed":9,"sunshinepower":233,"sunpower":233},{"datetime":"2020-07-01T09:00:00","datetimeutc":"2020-07-01T07:00:00","timetype":"Hour","precipitationmm":0.0,"temperature":16.9,"feeltemperature":16.9,"cloudcover":100,"iconcode":"c","iconid":22,"sources":1,"winddirection":"O","winddirectiondegrees":77,"windspeedms":2.92,"visibility":12400,"precipitation":1,"beaufort":2,"humidity":76,"sunshine":1,"hour":9,"pollenindex":5,"windspeed":11,"sunshinepower":335,"sunpower":335},{"datetime":"2020-07-01T10:00:00","datetimeutc":"2020-07-01T08:00:00","timetype":"Hour","precipitationmm":0.0,"temperature":17.3,"feeltemperature":17.3,"cloudcover":100,"iconcode":"c","iconid":22,"sources":1,"winddirection":"O","winddirectiondegrees":72,"windspeedms":3.18,"visibility":13810,"precipitation":1,"beaufort":2,"humidity":74,"sunshine":0,"hour":10,"pollenindex":6,"windspeed":11,"sunshinepower":412,"sunpower":412},{"datetime":"2020-07-01T11:00:00","datetimeutc":"2020-07-01T09:00:00","timetype":"Hour","precipitationmm":0.0,"temperature":17.6,"feeltemperature":17.6,"cloudcover":100,"iconcode":"c","iconid":22,"sources":1,"winddirection":"NO","winddirectiondegrees":63,"windspeedms":3.62,"visibility":15400,"precipitation":1,"beaufort":2,"humidity":70,"sunshine":0,"hour":11,"pollenindex":6,"windspeed":13,"sunshinepower":478,"sunpower":478},{"datetime":"2020-07-01T12:00:00","datetimeutc":"2020-07-01T10:00:00","timetype":"Hour","precipitationmm":0.0,"temperature":17.9,"feeltemperature":17.9,"cloudcover":97,"iconcode":"c","iconid":22,"sources":1,"winddirection":"NO","winddirectiondegrees":54,"windspeedms":3.85,"visibility":17010,"precipitation":1,"beaufort":2,"humidity":68,"sunshine":0,"hour":12,"pollenindex":6,"windspeed":14,"sunshinepower":526,"sunpower":526},{"datetime":"2020-07-01T13:00:00","datetimeutc":"2020-07-01T11:00:00","timetype":"Hour","precipitationmm":0.0,"temperature":18.2,"feeltemperature":18.2,"cloudcover":100,"iconcode":"c","iconid":19,"sources":1,"winddirection":"NO","winddirectiondegrees":48,"windspeedms":4.03,"visibility":18000,"precipitation":1,"beaufort":3,"humidity":67,"sunshine":0,"hour":13,"pollenindex":6,"windspeed":15,"sunshinepower":551,"sunpower":551},{"datetime":"2020-07-01T14:00:00","datetimeutc":"2020-07-01T12:00:00","timetype":"Hour","precipitationmm":0.0,"temperature":18.4,"feeltemperature":18.4,"cloudcover":100,"iconcode":"c","iconid":21,"sources":1,"winddirection":"NO","winddirectiondegrees":44,"windspeedms":4.35,"visibility":19400,"precipitation":1,"beaufort":3,"humidity":65,"sunshine":0,"hour":14,"pollenindex":6,"windspeed":16,"sunshinepower":570,"sunpower":570},{"datetime":"2020-07-01T15:00:00","datetimeutc":"2020-07-01T13:00:00","timetype":"Hour","precipitationmm":0.0,"temperature":18.6,"feeltemperature":18.6,"cloudcover":99,"iconcode":"c","iconid":21,"sources":1,"winddirection":"NO","winddirectiondegrees":42,"windspeedms":4.65,"visibility":21400,"precipitation":2,"beaufort":3,"humidity":64,"sunshine":0,"hour":15,"pollenindex":7,"windspeed":17,"sunshinepower":575,"sunpower":575},{"datetime":"2020-07-01T16:00:00","datetimeutc":"2020-07-01T14:00:00","timetype":"Hour","precipitationmm":0.0,"temperature":18.6,"feeltemperature":18.6,"cloudcover":82,"iconcode":"r","iconid":21,"sources":1,"winddirection":"NO","winddirectiondegrees":38,"windspeedms":4.83,"visibility":23000,"precipitation":2,"beaufort":3,"humidity":62,"sunshine":0,"hour":16,"pollenindex":7,"windspeed":17,"sunshinepower":556,"sunpower":556},{"datetime":"2020-07-01T17:00:00","datetimeutc":"2020-07-01T15:00:00","timetype":"Hour","precipitationmm":0.0,"temperature":18.5,"feeltemperature":18.5,"cloudcover":66,"iconcode":"b","iconid":21,"sources":1,"winddirection":"NO","winddirectiondegrees":37,"windspeedms":4.92,"visibility":25000,"precipitation":2,"beaufort":3,"humidity":59,"sunshine":11,"hour":17,"pollenindex":7,"windspeed":18,"sunshinepower":502,"sunpower":502},{"datetime":"2020-07-01T18:00:00","datetimeutc":"2020-07-01T16:00:00","timetype":"Hour","precipitationmm":0.0,"temperature":18.2,"feeltemperature":18.2,"cloudcover":61,"iconcode":"b","iconid":8,"sources":1,"winddirection":"NO","winddirectiondegrees":37,"windspeedms":4.87,"visibility":24800,"precipitation":2,"beaufort":3,"humidity":59,"sunshine":30,"hour":18,"pollenindex":7,"windspeed":18,"sunshinepower":418,"sunpower":418},{"datetime":"2020-07-01T19:00:00","datetimeutc":"2020-07-01T17:00:00","timetype":"Hour","precipitationmm":0.0,"temperature":17.7,"feeltemperature":17.7,"cloudcover":60,"iconcode":"b","iconid":8,"sources":1,"winddirection":"NO","winddirectiondegrees":37,"windspeedms":4.85,"visibility":22800,"precipitation":1,"beaufort":3,"humidity":62,"sunshine":35,"hour":19,"pollenindex":6,"windspeed":17,"sunshinepower":316,"sunpower":316},{"datetime":"2020-07-01T20:00:00","datetimeutc":"2020-07-01T18:00:00","timetype":"Hour","precipitationmm":0.0,"temperature":17.1,"feeltemperature":17.1,"cloudcover":57,"iconcode":"b","iconid":7,"sources":1,"winddirection":"NO","winddirectiondegrees":38,"windspeedms":4.84,"visibility":19600,"precipitation":1,"beaufort":3,"humidity":65,"sunshine":36,"hour":20,"pollenindex":6,"windspeed":17,"sunshinepower":199,"sunpower":199},{"datetime":"2020-07-01T21:00:00","datetimeutc":"2020-07-01T19:00:00","timetype":"Hour","precipitationmm":0.0,"temperature":16.4,"feeltemperature":16.4,"cloudcover":49,"iconcode":"j","iconid":7,"sources":1,"winddirection":"NO","winddirectiondegrees":41,"windspeedms":4.75,"visibility":17600,"precipitation":1,"beaufort":3,"humidity":67,"sunshine":38,"hour":21,"pollenindex":5,"windspeed":17,"sunshinepower":82,"sunpower":82},{"datetime":"2020-07-01T22:00:00","datetimeutc":"2020-07-01T20:00:00","timetype":"Hour","precipitationmm":0.0,"temperature":15.7,"feeltemperature":15.7,"cloudcover":38,"iconcode":"j","iconid":4,"sources":1,"winddirection":"NO","winddirectiondegrees":50,"windspeedms":4.26,"visibility":17010,"precipitation":1,"beaufort":3,"humidity":68,"sunshine":48,"hour":22,"pollenindex":5,"windspeed":15,"sunshinepower":0,"sunpower":0},{"datetime":"2020-07-01T23:00:00","datetimeutc":"2020-07-01T21:00:00","timetype":"Hour","precipitationmm":0.0,"temperature":15.1,"feeltemperature":15.1,"cloudcover":31,"iconcode":"jj","iconid":20,"sources":1,"winddirection":"NO","winddirectiondegrees":62,"windspeedms":4.22,"visibility":16610,"precipitation":1,"beaufort":3,"humidity":72,"sunshine":8,"hour":23,"pollenindex":5,"windspeed":15,"sunshinepower":0,"sunpower":0}],"datetime":"2020-07-01T00:00:00","datetimeutc":"2020-06-30T22:00:00","timetype":"Day","precipitationmm":0.0,"mintemperature":14.8,"maxtemperature":18.6,"cloudcover":75,"iconcode":"r","iconid":3,"sources":1,"winddirection":"NO","winddirectiondegrees":45,"windspeedms":3.42,"precipitation":2,"beaufort":2,"uvindex":6,"bbqindex":7,"mosquitoindex":7,"pollenindex":5,"icescrapeindex":1,"mintemp":14.8,"maxtemp":18.6,"windspeed":3},{"date":"2020-07-02T00:00:00","sunrise":"2020-07-02T05:23:48","sunset":"2020-07-02T22:05:02","hours":[{"datetime":"2020-07-02T00:00:00","datetimeutc":"2020-07-01T22:00:00","timetype":"Hour","precipitationmm":0.0,"temperature":14.6,"feeltemperature":13.6,"cloudcover":28,"iconcode":"jj","iconid":22,"sources":1,"winddirection":"O","winddirectiondegrees":68,"windspeedms":4.13,"visibility":16410,"precipitation":1,"beaufort":3,"humidity":75,"sunshine":0,"hour":0,"pollenindex":5,"windspeed":15,"sunshinepower":0,"sunpower":0},{"datetime":"2020-07-02T01:00:00","datetimeutc":"2020-07-01T23:00:00","timetype":"Hour","precipitationmm":0.0,"temperature":14.2,"feeltemperature":13.2,"cloudcover":39,"iconcode":"jj","iconid":22,"sources":1,"winddirection":"O","winddirectiondegrees":73,"windspeedms":3.92,"visibility":15410,"precipitation":1,"beaufort":2,"humidity":77,"sunshine":0,"hour":1,"pollenindex":5,"windspeed":14,"sunshinepower":0,"sunpower":0},{"datetime":"2020-07-02T02:00:00","datetimeutc":"2020-07-02T00:00:00","timetype":"Hour","precipitationmm":0.0,"temperature":13.9,"feeltemperature":12.9,"cloudcover":55,"iconcode":"bb","iconid":22,"sources":1,"winddirection":"O","winddirectiondegrees":78,"windspeedms":3.7,"visibility":14810,"precipitation":1,"beaufort":2,"humidity":78,"sunshine":0,"hour":2,"pollenindex":5,"windspeed":13,"sunshinepower":0,"sunpower":0}],"datetime":"2020-07-02T00:00:00","datetimeutc":"2020-07-01T22:00:00","timetype":"Day","precipitationmm":1.0,"mintemperature":13.9,"maxtemperature":20.0,"cloudcover":25,"iconcode":"f","iconid":16,"sources":1,"winddirection":"W","winddirectiondegrees":270,"windspeedms":3.54,"precipitation":71,"beaufort":2,"pollenindex":5,"icescrapeindex":1,"mintemp":13.9,"maxtemp":20.0,"windspeed":4},{"date":"2020-07-03T00:00:00","sunrise":"2020-07-03T05:24:36","sunset":"2020-07-03T22:04:34","datetime":"2020-07-03T00:00:00","datetimeutc":"2020-07-02T22:00:00","timetype":"Day","precipitationmm":2.9,"mintemperature":16.0,"maxtemperature":19.3,"cloudcover":25,"iconcode":"f","iconid":16,"sources":1,"winddirection":"ZW","winddirectiondegrees":225,"windspeedms":3.94,"precipitation":72,"beaufort":2,"pollenindex":5,"mintemp":16.0,"maxtemp":19.3,"windspeed":4},{"date":"2020-07-04T00:00:00","sunrise":"2020-07-04T05:25:27","sunset":"2020-07-04T22:04:03","datetime":"2020-07-04T00:00:00","datetimeutc":"2020-07-03T22:00:00","timetype":"Day","precipitationmm":2.9,"mintemperature":15.8,"maxtemperature":18.9,"cloudcover":25,"iconcode":"f","iconid":16,"sources":1,"winddirection":"W","winddirectiondegrees":270,"windspeedms":5.27,"precipitation":76,"beaufort":3,"pollenindex":5,"mintemp":15.8,"maxtemp":18.9,"windspeed":5},{"date":"2020-07-05T00:00:00","sunrise":"2020-07-05T05:26:20","sunset":"2020-07-05T22:03:29","datetime":"2020-07-05T00:00:00","datetimeutc":"2020-07-04T22:00:00","timetype":"Day","precipitationmm":1.8,"mintemperature":16.2,"maxtemperature":19.3,"cloudcover":25,"iconcode":"f","iconid":16,"sources":1,"winddirection":"W","winddirectiondegrees":270,"windspeedms":3.79,"precipitation":77,"beaufort":2,"pollenindex":5,"mintemp":16.2,"maxtemp":19.3,"windspeed":4},{"date":"2020-07-06T00:00:00","sunrise":"2020-07-06T05:27:15","sunset":"2020-07-06T22:02:52","datetime":"2020-07-06T00:00:00","datetimeutc":"2020-07-05T22:00:00","timetype":"Day","precipitationmm":0.0,"mintemperature":16.4,"maxtemperature":20.8,"cloudcover":75,"iconcode":"r","iconid":3,"sources":1,"winddirection":"NW","winddirectiondegrees":315,"windspeedms":1.61,"precipitation":2,"beaufort":1,"pollenindex":5,"mintemp":16.4,"maxtemp":20.8,"windspeed":2},{"date":"2020-07-07T00:00:00","sunrise":"2020-07-07T05:28:13","sunset":"2020-07-07T22:02:12","datetime":"2020-07-07T00:00:00","datetimeutc":"2020-07-06T22:00:00","timetype":"Day","precipitationmm":0.0,"mintemperature":17.2,"maxtemperature":21.7,"cloudcover":25,"iconcode":"j","iconid":2,"sources":1,"winddirection":"Z","winddirectiondegrees":180,"windspeedms":1.54,"precipitation":2,"beaufort":1,"pollenindex":5,"mintemp":17.2,"maxtemp":21.7,"windspeed":2},{"date":"2020-07-08T00:00:00","sunrise":"2020-07-08T05:29:13","sunset":"2020-07-08T22:01:29","datetime":"2020-07-08T00:00:00","datetimeutc":"2020-07-07T22:00:00","timetype":"Day","precipitationmm":0.0,"mintemperature":17.8,"maxtemperature":21.7,"cloudcover":25,"iconcode":"j","iconid":2,"sources":1,"winddirection":"ZW","winddirectiondegrees":225,"windspeedms":1.81,"precipitation":2,"beaufort":1,"pollenindex":5,"mintemp":17.8,"maxtemp":21.7,"windspeed":2},{"date":"2020-07-09T00:00:00","sunrise":"2020-07-09T05:30:15","sunset":"2020-07-09T22:00:42","datetime":"2020-07-09T00:00:00","datetimeutc":"2020-07-08T22:00:00","timetype":"Day","precipitationmm":0.0,"mintemperature":17.3,"maxtemperature":22.0,"cloudcover":0,"iconcode":"a","iconid":1,"sources":1,"winddirection":"ZW","winddirectiondegrees":225,"windspeedms":1.68,"precipitation":2,"beaufort":1,"pollenindex":5,"mintemp":17.3,"maxtemp":22.0,"windspeed":2}]}