{"location":{"lat":52.37,"lon":4.89},"timeOffset":2.0,"timestamp":"2020-07-01T09:43:34","altitude":0,"elevation":0,"machinename":"None","elapsedms":0,"pollenindexNowDay":5,"pollenindexNowHour":5,"nowrelevant":{"values":[{"type":"pollenindex","value":5},{"type":"uvindex","value":6}]},"days":[{"date":"2020-07-01T00:00:00","sunrise":"2020-07-01T05:23:03","sunset":"2020-07-01T22:05:26","afternoon":{"datetime":"2020-07-01T12:00:00","datetimeutc":"2020-07-01T10:00:00","timetype":"Afternoon","precipitationmm":0.0,"mintemperature":19.0,"maxtemperature":20.4,"cloudcover":64,"iconcode":"b","iconid":22,"sources":1,"winddirection":"W","winddirectiondegrees":254,"windspeedms":7.5,"visibility":13950,"precipitation":0,"beaufort":4,"humidity":67,"sunshine":25,"hour":12,"mintemp":19.0,"maxtemp":20.4,"windspeed":27,"sunshinepower":573,"sunpower":573},"evening":{"datetime":"2020-07-01T18:00:00","datetimeutc":"2020-07-01T16:00:00","timetype":"Evening","precipitationmm":0.0,"mintemperature":17.2,"maxtemperature":20.2,"cloudcover":53,"iconcode":"b","iconid":7,"sources":1,"winddirection":"W","winddirectiondegrees":250,"windspeedms":5.6,"visibility":13823,"precipitation":0,"beaufort":3,"humidity":72,"sunshine":45,"hour":18,"mintemp":17.2,"maxtemp":20.2,"windspeed":20,"sunshinepower":163,"sunpower":163},"hours":[{"datetime":"2020-07-01T12:00:00","datetimeutc":"2020-07-01T10:00:00","timetype":"Hour","precipitationmm":0.0,"temperature":19.0,"feeltemperature":19.0,"cloudcover":80,"iconcode":"r","iconid":22,"sources":3,"winddirection":"W","winddirectiondegrees":250,"windspeedms":7.0,"visibility":9020,"precipitation":0,"beaufort":4,"humidity":72,"sunshine":5,"hour":12,"pollenindex":6,"windspeed":25,"sunshinepower":524,"sunpower":524},{"datetime":"2020-07-01T13:00:00","datetimeutc":"2020-07-01T11:00:00","timetype":"Hour","precipitationmm":0.0,"temperature":19.4,"feeltemperature":19.4,"cloudcover":68,"iconcode":"b","iconid":22,"sources":3,"winddirection":"W","winddirectiondegrees":253,"windspeedms":7.4,"visibility":9820,"precipitation":0,"beaufort":4,"humidity":71,"sunshine":15,"hour":13,"pollenindex":6,"windspeed":27,"sunshinepower":547,"sunpower":547},{"datetime":"2020-07-01T14:00:00","datetimeutc":"2020-07-01T12:00:00","timetype":"Hour","precipitationmm":0.0,"temperature":19.7,"feeltemperature":19.7,"cloudcover":60,"iconcode":"b","iconid":7,"sources":2,"winddirection":"W","winddirectiondegrees":252,"windspeedms":7.7,"visibility":13810,"precipitation":0,"beaufort":4,"humidity":67,"sunshine":26,"hour":14,"pollenindex":6,"windspeed":28,"sunshinepower":626,"sunpower":626},{"datetime":"2020-07-01T15:00:00","datetimeutc":"2020-07-01T13:00:00","timetype":"Hour","precipitationmm":0.0,"temperature":20.0,"feeltemperature":20.0,"cloudcover":59,"iconcode":"b","iconid":7,"sources":2,"winddirection":"W","winddirectiondegrees":256,"windspeedms":7.9,"visibility":16220,"precipitation":0,"beaufort":4,"humidity":67,"sunshine":36,"hour":15,"pollenindex":6,"windspeed":28,"sunshinepower":637,"sunpower":637},{"datetime":"2020-07-01T16:00:00","datetimeutc":"2020-07-01T14:00:00","timetype":"Hour","precipitationmm":0.0,"temperature":20.3,"feeltemperature":20.3,"cloudcover":61,"iconcode":"b","iconid":7,"sources":2,"winddirection":"W","winddirectiondegrees":259,"windspeedms":7.7,"visibility":17620,"precipitation":0,"beaufort":4,"humidity":65,"sunshine":36,"hour":16,"pollenindex":6,"windspeed":28,"sunshinepower":568,"sunpower":568},{"datetime":"2020-07-01T17:00:00","datetimeutc":"2020-07-01T15:00:00","timetype":"Hour","precipitationmm":0.0,"temperature":20.4,"feeltemperature":20.4,"cloudcover":59,"iconcode":"b","iconid":7,"sources":2,"winddirection":"W","winddirectiondegrees":256,"windspeedms":7.4,"visibility":17210,"precipitation":0,"beaufort":4,"humidity":64,"sunshine":35,"hour":17,"pollenindex":6,"windspeed":27,"sunshinepower":536,"sunpower":536},{"datetime":"2020-07-01T18:00:00","datetimeutc":"2020-07-01T16:00:00","timetype":"Hour","precipitationmm":0.0,"temperature":20.2,"feeltemperature":20.2,"cloudcover":50,"iconcode":"b","iconid":7,"sources":2,"winddirection":"W","winddirectiondegrees":255,"windspeedms":7.2,"visibility":16420,"precipitation":0,"beaufort":4,"humidity":64,"sunshine":36,"hour":18,"pollenindex":6,"windspeed":26,"sunshinepower":429,"sunpower":429},{"datetime":"2020-07-01T19:00:00","datetimeutc":"2020-07-01T17:00:00","timetype":"Hour","precipitationmm":0.0,"temperature":19.7,"feeltemperature":19.7,"cloudcover":37,"iconcode":"j","iconid":7,"sources":2,"winddirection":"W","winddirectiondegrees":253,"windspeedms":6.8,"visibility":16010,"precipitation":0,"beaufort":4,"humidity":66,"sunshine":46,"hour":19,"pollenindex":5,"windspeed":24,"sunshinepower":307,"sunpower":307},{"datetime":"2020-07-01T20:00:00","datetimeutc":"2020-07-01T18:00:00","timetype":"Hour","precipitationmm":0.0,"temperature":19.1,"feeltemperature":19.1,"cloudcover":30,"iconcode":"j","iconid":19,"sources":2,"winddirection":"W","winddirectiondegrees":251,"windspeedms":6.0,"visibility":16610,"precipitation":0,"beaufort":4,"humidity":69,"sunshine":60,"hour":20,"pollenindex":5,"windspeed":22,"sunshinepower":178,"sunpower":178},{"datetime":"2020-07-01T21:00:00","datetimeutc":"2020-07-01T19:00:00","timetype":"Hour","precipitationmm":0.0,"temperature":18.4,"feeltemperature":18.4,"cloudcover":37,"iconcode":"j","iconid":19,"sources":2,"winddirection":"W","winddirectiondegrees":254,"windspeedms":5.1,"visibility":13020,"precipitation":0,"beaufort":3,"humidity":73,"sunshine":68,"hour":21,"pollenindex":5,"windspeed":18,"sunshinepower":67,"sunpower":67},{"datetime":"2020-07-01T22:00:00","datetimeutc":"2020-07-01T20:00:00","timetype":"Hour","precipitationmm":0.0,"temperature":17.8,"feeltemperature":17.8,"cloudcover":83,"iconcode":"r","iconid":19,"sources":2,"winddirection":"W","winddirectiondegrees":249,"windspeedms":4.3,"visibility":10620,"precipitation":0,"beaufort":3,"humidity":78,"sunshine":60,"hour":22,"pollenindex":4,"windspeed":15,"sunshinepower":0,"sunpower":0},{"datetime":"2020-07-01T23:00:00","datetimeutc":"2020-07-01T21:00:00","timetype":"Hour","precipitationmm":0.0,"temperature":17.2,"feeltemperature":17.2,"cloudcover":81,"iconcode":"rr","iconid":22,"sources":2,"winddirection":"ZW","winddirectiondegrees":243,"windspeedms":4.2,"visibility":10260,"precipitation":0,"beaufort":3,"humidity":82,"sunshine":1,"hour":23,"pollenindex":4,"windspeed":15,"sunshinepower":0,"sunpower":0}],"datetime":"2020-07-01T00:00:00","datetimeutc":"2020-06-30T22:00:00","timetype":"Day","precipitationmm":0.3,"mintemperature":17.2,"maxtemperature":20.4,"cloudcover":58,"iconcode":"f","iconid":16,"sources":2,"winddirection":"W","winddirectiondegrees":270,"windspeedms":6.6,"visibility":13886,"precipitation":3,"beaufort":4,"humidity":69,"sunshine":35,"uvindex":6,"bbqindex":7,"mosquitoindex":8,"pollenindex":5,"mintemp":17.2,"maxtemp":20.4,"windspeed":7,"sunshinepower":368,"sunpower":368},{"date":"2020-07-02T00:00:00","sunrise":"2020-07-02T05:23:48","sunset":"2020-07-02T22:05:02","morning":{"datetime":"2020-07-02T07:00:00","datetimeutc":"2020-07-02T05:00:00","timetype":"Morning","precipitationmm":0.6,"mintemperature":16.8,"maxtemperature":17.9,"cloudcover":67,"iconcode":"m","iconid":8,"sources":1,"winddirection":"ZW","winddirectiondegrees":242,"windspeedms":5.6,"visibility":6496,"precipitation":59,"beaufort":3,"humidity":81,"sunshine":28,"hour":7,"mintemp":16.8,"maxtemp":17.9,"windspeed":20,"sunshinepower":226,"sunpower":226},"afternoon":{"datetime":"2020-07-02T12:00:00","datetimeutc":"2020-07-02T10:00:00","timetype":"Afternoon","precipitationmm":2.0,"mintemperature":18.3,"maxtemperature":18.8,"cloudcover":60,"iconcode":"f","iconid":8,"sources":1,"winddirection":"W","winddirectiondegrees":259,"windspeedms":6.8,"visibility":12316,"precipitation":28,"beaufort":4,"humidity":66,"sunshine":32,"hour":12,"mintemp":18.3,"maxtemp":18.8,"windspeed":24,"sunshinepower":502,"sunpower":502},"evening":{"datetime":"2020-07-02T18:00:00","datetimeutc":"2020-07-02T16:00:00","timetype":"Evening","precipitationmm":0.0,"mintemperature":15.8,"maxtemperature":18.2,"cloudcover":55,"iconcode":"b","iconid":7,"sources":1,"winddirection":"W","winddirectiondegrees":265,"windspeedms":4.7,"visibility":10960,"precipitation":1,"beaufort":3,"humidity":73,"sunshine":35,"hour":18,"mintemp":15.8,"maxtemp":18.2,"windspeed":17,"sunshinepower":138,"sunpower":138},"night":{"datetime":"2020-07-02T00:00:00","datetimeutc":"2020-07-01T22:00:00","timetype":"Night","precipitationmm":0.0,"mintemperature":16.4,"maxtemperature":16.6,"cloudcover":86,"iconcode":"r","iconid":22,"sources":1,"winddirection":"ZW","winddirectiondegrees":239,"windspeedms":4.3,"visibility":9681,"precipitation":0,"beaufort":3,"humidity":87,"sunshine":2,"hour":0,"mintemp":16.4,"maxtemp":16.6,"windspeed":15,"sunshinepower":2,"sunpower":2},"hours":[{"datetime":"2020-07-02T00:00:00","datetimeutc":"2020-07-01T22:00:00","timetype":"Hour","precipitationmm":0.0,"temperature":16.6,"feeltemperature":16.6,"cloudcover":88,"iconcode":"rr","iconid":22,"sources":2,"winddirection":"ZW","winddirectiondegrees":240,"windspeedms":4.2,"visibility":9660,"precipitation":0,"beaufort":3,"humidity":86,"sunshine":0,"hour":0,"pollenindex":4,"windspeed":15,"sunshinepower":0,"sunpower":0},{"datetime":"2020-07-02T01:00:00","datetimeutc":"2020-07-01T23:00:00","timetype":"Hour","precipitationmm":0.0,"temperature":16.5,"feeltemperature":16.5,"cloudcover":97,"iconcode":"cc","iconid":22,"sources":2,"winddirection":"ZW","winddirectiondegrees":241,"windspeedms":4.2,"visibility":9660,"precipitation":0,"beaufort":3,"humidity":88,"sunshine":0,"hour":1,"pollenindex":4,"windspeed":15,"sunshinepower":0,"sunpower":0},{"datetime":"2020-07-02T02:00:00","datetimeutc":"2020-07-02T00:00:00","timetype":"Hour","precipitationmm":0.0,"temperature":16.4,"feeltemperature":16.4,"cloudcover":100,"iconcode":"cc","iconid":22,"sources":2,"winddirection":"ZW","winddirectiondegrees":242,"windspeedms":4.3,"visibility":9870,"precipitation":0,"beaufort":3,"humidity":87,"sunshine":0,"hour":2,"pollenindex":4,"windspeed":15,"sunshinepower":0,"sunpower":0},{"datetime":"2020-07-02T03:00:00","datetimeutc":"2020-07-02T01:00:00","timetype":"Hour","precipitationmm":0.0,"temperature":16.5,"feeltemperature":16.5,"cloudcover":95,"iconcode":"cc","iconid":22,"sources":2,"winddirection":"ZW","winddirectiondegrees":244,"windspeedms":4.4,"visibility":9870,"precipitation":1,"beaufort":3,"humidity":87,"sunshine":0,"hour":3,"pollenindex":4,"windspeed":16,"sunshinepower":0,"sunpower":0},{"datetime":"2020-07-02T04:00:00","datetimeutc":"2020-07-02T02:00:00","timetype":"Hour","precipitationmm":0.0,"temperature":16.5,"feeltemperature":16.5,"cloudcover":82,"iconcode":"rr","iconid":19,"sources":2,"winddirection":"ZW","winddirectiondegrees":238,"windspeedms":4.3,"visibility":9260,"precipitation":0,"beaufort":3,"humidity":88,"sunshine":0,"hour":4,"pollenindex":4,"windspeed":15,"sunshinepower":0,"sunpower":0},{"datetime":"2020-07-02T05:00:00","datetimeutc":"2020-07-02T03:00:00","timetype":"Hour","precipitationmm":0.0,"temperature":16.6,"feeltemperature":16.6,"cloudcover":73,"iconcode":"rr","iconid":22,"sources":2,"winddirection":"ZW","winddirectiondegrees":232,"windspeedms":4.2,"visibility":10030,"precipitation":0,"beaufort":3,"humidity":88,"sunshine":0,"hour":5,"pollenindex":4,"windspeed":15,"sunshinepower":0,"sunpower":0},{"datetime":"2020-07-02T06:00:00","datetimeutc":"2020-07-02T04:00:00","timetype":"Hour","precipitationmm":0.0,"temperature":16.6,"feeltemperature":16.6,"cloudcover":70,"iconcode":"r","iconid":8,"sources":2,"winddirection":"ZW","winddirectiondegrees":240,"windspeedms":4.4,"visibility":9420,"precipitation":0,"beaufort":3,"humidity":89,"sunshine":15,"hour":6,"pollenindex":4,"windspeed":16,"sunshinepower":20,"sunpower":20},{"datetime":"2020-07-02T07:00:00","datetimeutc":"2020-07-02T05:00:00","timetype":"Hour","precipitationmm":0.0,"temperature":16.8,"feeltemperature":16.8,"cloudcover":66,"iconcode":"n","iconid":8,"sources":2,"winddirection":"ZW","winddirectiondegrees":240,"windspeedms":4.8,"visibility":420,"precipitation":1,"beaufort":3,"humidity":87,"sunshine":25,"hour":7,"pollenindex":4,"windspeed":17,"sunshinepower":92,"sunpower":92},{"datetime":"2020-07-02T08:00:00","datetimeutc":"2020-07-02T06:00:00","timetype":"Hour","precipitationmm":0.1,"temperature":17.0,"feeltemperature":17.0,"cloudcover":63,"iconcode":"f","iconid":33,"sources":2,"winddirection":"ZW","winddirectiondegrees":240,"windspeedms":5.2,"visibility":8810,"precipitation":82,"beaufort":3,"humidity":85,"sunshine":30,"hour":8,"pollenindex":4,"windspeed":19,"sunshinepower":175,"sunpower":175},{"datetime":"2020-07-02T09:00:00","datetimeutc":"2020-07-02T07:00:00","timetype":"Hour","precipitationmm":0.2,"temperature":17.2,"feeltemperature":17.2,"cloudcover":66,"iconcode":"m","iconid":22,"sources":2,"winddirection":"ZW","winddirectiondegrees":230,"windspeedms":5.3,"visibility":210,"precipitation":86,"beaufort":3,"humidity":83,"sunshine":33,"hour":9,"pollenindex":4,"windspeed":19,"sunshinepower":235,"sunpower":235},{"datetime":"2020-07-02T10:00:00","datetimeutc":"2020-07-02T08:00:00","timetype":"Hour","precipitationmm":0.0,"temperature":17.5,"feeltemperature":17.5,"cloudcover":69,"iconcode":"b","iconid":9,"sources":2,"winddirection":"W","winddirectiondegrees":257,"windspeedms":6.0,"visibility":11020,"precipitation":1,"beaufort":4,"humidity":78,"sunshine":30,"hour":10,"pollenindex":5,"windspeed":22,"sunshinepower":278,"sunpower":278},{"datetime":"2020-07-02T11:00:00","datetimeutc":"2020-07-02T09:00:00","timetype":"Hour","precipitationmm":0.3,"temperature":17.9,"feeltemperature":17.9,"cloudcover":71,"iconcode":"m","iconid":21,"sources":2,"winddirection":"ZW","winddirectiondegrees":244,"windspeedms":6.5,"visibility":12020,"precipitation":83,"beaufort":4,"humidity":73,"sunshine":26,"hour":11,"pollenindex":6,"windspeed":23,"sunshinepower":351,"sunpower":351},{"datetime":"2020-07-02T12:00:00","datetimeutc":"2020-07-02T10:00:00","timetype":"Hour","precipitationmm":2.0,"temperature":18.3,"feeltemperature":18.3,"cloudcover":69,"iconcode":"m","iconid":8,"sources":2,"winddirection":"W","winddirectiondegrees":254,"windspeedms":6.6,"visibility":11620,"precipitation":78,"beaufort":4,"humidity":68,"sunshine":25,"hour":12,"pollenindex":6,"windspeed":24,"sunshinepower":445,"sunpower":445},{"datetime":"2020-07-02T13:00:00","datetimeutc":"2020-07-02T11:00:00","timetype":"Hour","precipitationmm":0.0,"temperature":18.6,"feeltemperature":18.6,"cloudcover":66,"iconcode":"b","iconid":21,"sources":2,"winddirection":"W","winddirectiondegrees":255,"windspeedms":6.7,"visibility":12620,"precipitation":1,"beaufort":4,"humidity":66,"sunshine":26,"hour":13,"pollenindex":6,"windspeed":24,"sunshinepower":505,"sunpower":505},{"datetime":"2020-07-02T14:00:00","datetimeutc":"2020-07-02T12:00:00","timetype":"Hour","precipitationmm":0.0,"temperature":18.8,"feeltemperature":18.8,"cloudcover":62,"iconcode":"b","iconid":7,"sources":2,"winddirection":"W","winddirectiondegrees":261,"windspeedms":7.0,"visibility":12210,"precipitation":1,"beaufort":4,"humidity":64,"sunshine":30,"hour":14,"pollenindex":6,"windspeed":25,"sunshinepower":537,"sunpower":537},{"datetime":"2020-07-02T15:00:00","datetimeutc":"2020-07-02T13:00:00","timetype":"Hour","precipitationmm":0.0,"temperature":18.7,"feeltemperature":18.7,"cloudcover":56,"iconcode":"b","iconid":7,"sources":2,"winddirection":"W","winddirectiondegrees":266,"windspeedms":7.1,"visibility":13420,"precipitation":1,"beaufort":4,"humidity":67,"sunshine":33,"hour":15,"pollenindex":6,"windspeed":26,"sunshinepower":544,"sunpower":544},{"datetime":"2020-07-02T16:00:00","datetimeutc":"2020-07-02T14:00:00","timetype":"Hour","precipitationmm":0.0,"temperature":18.6,"feeltemperature":18.6,"cloudcover":55,"iconcode":"b","iconid":19,"sources":2,"winddirection":"W","winddirectiondegrees":262,"windspeedms":6.7,"visibility":11820,"precipitation":1,"beaufort":4,"humidity":68,"sunshine":40,"hour":16,"pollenindex":6,"windspeed":24,"sunshinepower":522,"sunpower":522},{"datetime":"2020-07-02T17:00:00","datetimeutc":"2020-07-02T15:00:00","timetype":"Hour","precipitationmm":0.0,"temperature":18.4,"feeltemperature":18.4,"cloudcover":55,"iconcode":"b","iconid":7,"sources":2,"winddirection":"W","winddirectiondegrees":259,"windspeedms":6.4,"visibility":12210,"precipitation":1,"beaufort":4,"humidity":68,"sunshine":41,"hour":17,"pollenindex":6,"windspeed":23,"sunshinepower":459,"sunpower":459},{"datetime":"2020-07-02T18:00:00","datetimeutc":"2020-07-02T16:00:00","timetype":"Hour","precipitationmm":0.0,"temperature":18.2,"feeltemperature":18.2,"cloudcover":53,"iconcode":"b","iconid":7,"sources":2,"winddirection":"W","winddirectiondegrees":254,"windspeedms":6.2,"visibility":12620,"precipitation":1,"beaufort":4,"humidity":68,"sunshine":41,"hour":18,"pollenindex":6,"windspeed":22,"sunshinepower":359,"sunpower":359},{"datetime":"2020-07-02T19:00:00","datetimeutc":"2020-07-02T17:00:00","timetype":"Hour","precipitationmm":0.0,"temperature":17.9,"feeltemperature":17.9,"cloudcover":55,"iconcode":"b","iconid":7,"sources":2,"winddirection":"W","winddirectiondegrees":257,"windspeedms":5.9,"visibility":11810,"precipitation":1,"beaufort":3,"humidity":69,"sunshine":43,"hour":19,"pollenindex":5,"windspeed":21,"sunshinepower":256,"sunpower":256},{"datetime":"2020-07-02T20:00:00","datetimeutc":"2020-07-02T18:00:00","timetype":"Hour","precipitationmm":0.0,"temperature":17.4,"feeltemperature":17.4,"cloudcover":55,"iconcode":"b","iconid":7,"sources":2,"winddirection":"W","winddirectiondegrees":259,"windspeedms":5.3,"visibility":11020,"precipitation":1,"beaufort":3,"humidity":70,"sunshine":41,"hour":20,"pollenindex":5,"windspeed":19,"sunshinepower":155,"sunpower":155},{"datetime":"2020-07-02T21:00:00","datetimeutc":"2020-07-02T19:00:00","timetype":"Hour","precipitationmm":0.0,"temperature":17.0,"feeltemperature":17.0,"cloudcover":55,"iconcode":"b","iconid":4,"sources":2,"winddirection":"W","winddirectiondegrees":266,"windspeedms":4.3,"visibility":11010,"precipitation":1,"beaufort":3,"humidity":74,"sunshine":41,"hour":21,"pollenindex":5,"windspeed":15,"sunshinepower":61,"sunpower":61},{"datetime":"2020-07-02T22:00:00","datetimeutc":"2020-07-02T20:00:00","timetype":"Hour","precipitationmm":0.0,"temperature":16.4,"feeltemperature":16.4,"cloudcover":56,"iconcode":"b","iconid":4,"sources":2,"winddirection":"W","winddirectiondegrees":273,"windspeedms":3.5,"visibility":10240,"precipitation":1,"beaufort":2,"humidity":78,"sunshine":41,"hour":22,"pollenindex":4,"windspeed":13,"sunshinepower":0,"sunpower":0},{"datetime":"2020-07-02T23:00:00","datetimeutc":"2020-07-02T21:00:00","timetype":"Hour","precipitationmm":0.0,"temperature":15.8,"feeltemperature":15.8,"cloudcover":61,"iconcode":"bb","iconid":22,"sources":2,"winddirection":"W","winddirectiondegrees":287,"windspeedms":2.8,"visibility":9060,"precipitation":0,"beaufort":2,"humidity":83,"sunshine":5,"hour":23,"pollenindex":4,"windspeed":10,"sunshinepower":0,"sunpower":0}],"datetime":"2020-07-02T00:00:00","datetimeutc":"2020-07-01T22:00:00","timetype":"Day","precipitationmm":0.9,"mintemperature":15.8,"maxtemperature":18.8,"cloudcover":68,"iconcode":"m","iconid":16,"sources":2,"winddirection":"W","winddirectiondegrees":270,"windspeedms":5.3,"visibility":9996,"precipitation":24,"beaufort":3,"humidity":77,"sunshine":23,"uvindex":4,"bbqindex":7,"mosquitoindex":6,"pollenindex":5,"icescrapeindex":1,"mintemp":15.8,"maxtemp":18.8,"windspeed":5,"sunshinepower":208,"sunpower":208},{"date":"2020-07-03T00:00:00","sunrise":"2020-07-03T05:24:36","sunset":"2020-07-03T22:04:34","morning":{"datetime":"2020-07-03T08:00:00","datetimeutc":"2020-07-03T06:00:00","timetype":"Morning","precipitationmm":0.0,"mintemperature":15.2,"maxtemperature":18.3,"cloudcover":76,"iconcode":"n","iconid":17,"sources":1,"winddirection":"ZW","winddirectiondegrees":226,"windspeedms":3.7,"visibility":5660,"precipitation":0,"beaufort":2,"humidity":80,"sunshine":17,"hour":8,"mintemp":15.2,"maxtemp":18.3,"windspeed":13,"sunshinepower":322,"sunpower":322},"afternoon":{"datetime":"2020-07-03T12:00:00","datetimeutc":"2020-07-03T10:00:00","timetype":"Afternoon","precipitationmm":0.0,"mintemperature":18.9,"maxtemperature":20.3,"cloudcover":46,"iconcode":"j","iconid":20,"sources":1,"winddirection":"ZW","winddirectiondegrees":239,"windspeedms":7.4,"visibility":15211,"precipitation":1,"beaufort":4,"humidity":63,"sunshine":43,"hour":12,"mintemp":18.9,"maxtemp":20.3,"windspeed":27,"sunshinepower":591,"sunpower":591},"evening":{"datetime":"2020-07-03T18:00:00","datetimeutc":"2020-07-03T16:00:00","timetype":"Evening","precipitationmm":0.0,"mintemperature":17.3,"maxtemperature":19.9,"cloudcover":71,"iconcode":"r","iconid":20,"sources":1,"winddirection":"ZW","winddirectiondegrees":242,"windspeedms":7.8,"visibility":19490,"precipitation":0,"beaufort":4,"humidity":63,"sunshine":33,"hour":18,"mintemp":17.3,"maxtemp":19.9,"windspeed":28,"sunshinepower":157,"sunpower":157},"night":{"datetime":"2020-07-03T00:00:00","datetimeutc":"2020-07-02T22:00:00","timetype":"Night","precipitationmm":0.0,"mintemperature":14.6,"maxtemperature":15.4,"cloudcover":72,"iconcode":"n","iconid":22,"sources":1,"winddirection":"W","winddirectiondegrees":281,"windspeedms":2.0,"visibility":2591,"precipitation":0,"beaufort":2,"humidity":90,"sunshine":1,"hour":0,"mintemp":14.6,"maxtemp":15.4,"windspeed":7,"sunshinepower":3,"sunpower":3},"hours":[{"datetime":"2020-07-03T00:00:00","datetimeutc":"2020-07-02T22:00:00","timetype":"Hour","precipitationmm":0.0,"temperature":15.4,"feeltemperature":15.4,"cloudcover":61,"iconcode":"bb","iconid":22,"sources":2,"winddirection":"W","winddirectiondegrees":291,"windspeedms":2.3,"visibility":8660,"precipitation":0,"beaufort":2,"humidity":88,"sunshine":0,"hour":0,"pollenindex":4,"windspeed":8,"sunshinepower":0,"sunpower":0},{"datetime":"2020-07-03T01:00:00","datetimeutc":"2020-07-02T23:00:00","timetype":"Hour","precipitationmm":0.0,"temperature":15.0,"feeltemperature":15.0,"cloudcover":61,"iconcode":"bb","iconid":16,"sources":2,"winddirection":"NW","winddirectiondegrees":300,"windspeedms":2.2,"visibility":8250,"precipitation":0,"beaufort":2,"humidity":90,"sunshine":0,"hour":1,"pollenindex":4,"windspeed":8,"sunshinepower":0,"sunpower":0},{"datetime":"2020-07-03T02:00:00","datetimeutc":"2020-07-03T00:00:00","timetype":"Hour","precipitationmm":0.0,"temperature":14.8,"feeltemperature":14.8,"cloudcover":76,"iconcode":"nn","iconid":16,"sources":2,"winddirection":"NW","winddirectiondegrees":309,"windspeedms":2.0,"visibility":460,"precipitation":0,"beaufort":2,"humidity":91,"sunshine":0,"hour":2,"pollenindex":4,"windspeed":7,"sunshinepower":0,"sunpower":0},{"datetime":"2020-07-03T03:00:00","datetimeutc":"2020-07-03T01:00:00","timetype":"Hour","precipitationmm":0.0,"temperature":14.7,"feeltemperature":14.7,"cloudcover":79,"iconcode":"nn","iconid":16,"sources":2,"winddirection":"NW","winddirectiondegrees":294,"windspeedms":1.9,"visibility":260,"precipitation":0,"beaufort":1,"humidity":91,"sunshine":0,"hour":3,"pollenindex":4,"windspeed":7,"sunshinepower":0,"sunpower":0},{"datetime":"2020-07-03T04:00:00","datetimeutc":"2020-07-03T02:00:00","timetype":"Hour","precipitationmm":0.0,"temperature":14.6,"feeltemperature":14.6,"cloudcover":77,"iconcode":"nn","iconid":16,"sources":2,"winddirection":"W","winddirectiondegrees":277,"windspeedms":1.9,"visibility":260,"precipitation":0,"beaufort":1,"humidity":90,"sunshine":0,"hour":4,"pollenindex":4,"windspeed":7,"sunshinepower":0,"sunpower":0},{"datetime":"2020-07-03T05:00:00","datetimeutc":"2020-07-03T03:00:00","timetype":"Hour","precipitationmm":0.0,"temperature":14.6,"feeltemperature":14.6,"cloudcover":75,"iconcode":"nn","iconid":17,"sources":2,"winddirection":"W","winddirectiondegrees":260,"windspeedms":1.9,"visibility":230,"precipitation":0,"beaufort":1,"humidity":90,"sunshine":0,"hour":5,"pollenindex":4,"windspeed":7,"sunshinepower":0,"sunpower":0},{"datetime":"2020-07-03T06:00:00","datetimeutc":"2020-07-03T04:00:00","timetype":"Hour","precipitationmm":0.0,"temperature":14.8,"feeltemperature":14.8,"cloudcover":76,"iconcode":"n","iconid":17,"sources":2,"winddirection":"ZW","winddirectiondegrees":240,"windspeedms":2.0,"visibility":20,"precipitation":0,"beaufort":2,"humidity":90,"sunshine":13,"hour":6,"pollenindex":4,"windspeed":7,"sunshinepower":23,"sunpower":23},{"datetime":"2020-07-03T07:00:00","datetimeutc":"2020-07-03T05:00:00","timetype":"Hour","precipitationmm":0.0,"temperature":15.2,"feeltemperature":15.2,"cloudcover":77,"iconcode":"n","iconid":17,"sources":2,"winddirection":"ZW","winddirectiondegrees":234,"windspeedms":2.3,"visibility":20,"precipitation":0,"beaufort":2,"humidity":88,"sunshine":20,"hour":7,"pollenindex":4,"windspeed":8,"sunshinepower":104,"sunpower":104},{"datetime":"2020-07-03T08:00:00","datetimeutc":"2020-07-03T06:00:00","timetype":"Hour","precipitationmm":0.0,"temperature":15.9,"feeltemperature":15.9,"cloudcover":78,"iconcode":"n","iconid":17,"sources":1,"winddirection":"ZW","winddirectiondegrees":228,"windspeedms":2.81,"visibility":20,"precipitation":0,"beaufort":2,"humidity":85,"sunshine":18,"hour":8,"pollenindex":4,"windspeed":10,"sunshinepower":218,"sunpower":218},{"datetime":"2020-07-03T09:00:00","datetimeutc":"2020-07-03T07:00:00","timetype":"Hour","precipitationmm":0.0,"temperature":16.7,"feeltemperature":16.7,"cloudcover":79,"iconcode":"r","iconid":20,"sources":1,"winddirection":"ZW","winddirectiondegrees":226,"windspeedms":3.54,"visibility":8820,"precipitation":0,"beaufort":2,"humidity":81,"sunshine":16,"hour":9,"pollenindex":4,"windspeed":13,"sunshinepower":341,"sunpower":341},{"datetime":"2020-07-03T10:00:00","datetimeutc":"2020-07-03T08:00:00","timetype":"Hour","precipitationmm":0.0,"temperature":17.5,"feeltemperature":17.5,"cloudcover":77,"iconcode":"r","iconid":8,"sources":1,"winddirection":"ZW","winddirectiondegrees":224,"windspeedms":4.49,"visibility":9420,"precipitation":0,"beaufort":3,"humidity":77,"sunshine":16,"hour":10,"pollenindex":5,"windspeed":16,"sunshinepower":439,"sunpower":439},{"datetime":"2020-07-03T11:00:00","datetimeutc":"2020-07-03T09:00:00","timetype":"Hour","precipitationmm":0.0,"temperature":18.3,"feeltemperature":18.3,"cloudcover":73,"iconcode":"r","iconid":22,"sources":1,"winddirection":"ZW","winddirectiondegrees":220,"windspeedms":5.35,"visibility":10020,"precipitation":0,"beaufort":3,"humidity":73,"sunshine":18,"hour":11,"pollenindex":6,"windspeed":19,"sunshinepower":511,"sunpower":511},{"datetime":"2020-07-03T12:00:00","datetimeutc":"2020-07-03T10:00:00","timetype":"Hour","precipitationmm":0.0,"temperature":18.9,"feeltemperature":18.9,"cloudcover":65,"iconcode":"b","iconid":20,"sources":1,"winddirection":"ZW","winddirectiondegrees":221,"windspeedms":6.01,"visibility":10820,"precipitation":1,"beaufort":4,"humidity":67,"sunshine":21,"hour":12,"pollenindex":6,"windspeed":22,"sunshinepower":549,"sunpower":549},{"datetime":"2020-07-03T13:00:00","datetimeutc":"2020-07-03T11:00:00","timetype":"Hour","precipitationmm":0.0,"temperature":19.5,"feeltemperature":19.5,"cloudcover":53,"iconcode":"b","iconid":22,"sources":1,"winddirection":"ZW","winddirectiondegrees":232,"windspeedms":6.7,"visibility":12010,"precipitation":1,"beaufort":4,"humidity":67,"sunshine":31,"hour":13,"pollenindex":6,"windspeed":24,"sunshinepower":565,"sunpower":565},{"datetime":"2020-07-03T14:00:00","datetimeutc":"2020-07-03T12:00:00","timetype":"Hour","precipitationmm":0.0,"temperature":19.8,"feeltemperature":19.8,"cloudcover":43,"iconcode":"j","iconid":8,"sources":1,"winddirection":"ZW","winddirectiondegrees":242,"windspeedms":7.29,"visibility":14210,"precipitation":1,"beaufort":4,"humidity":65,"sunshine":43,"hour":14,"pollenindex":6,"windspeed":26,"sunshinepower":606,"sunpower":606},{"datetime":"2020-07-03T15:00:00","datetimeutc":"2020-07-03T13:00:00","timetype":"Hour","precipitationmm":0.0,"temperature":20.1,"feeltemperature":20.1,"cloudcover":41,"iconcode":"j","iconid":20,"sources":1,"winddirection":"ZW","winddirectiondegrees":246,"windspeedms":8.02,"visibility":15810,"precipitation":1,"beaufort":4,"humidity":64,"sunshine":53,"hour":15,"pollenindex":6,"windspeed":29,"sunshinepower":639,"sunpower":639},{"datetime":"2020-07-03T16:00:00","datetimeutc":"2020-07-03T14:00:00","timetype":"Hour","precipitationmm":0.0,"temperature":20.3,"feeltemperature":20.3,"cloudcover":41,"iconcode":"j","iconid":4,"sources":1,"winddirection":"W","winddirectiondegrees":252,"windspeedms":8.17,"visibility":17210,"precipitation":0,"beaufort":4,"humidity":60,"sunshine":56,"hour":16,"pollenindex":6,"windspeed":29,"sunshinepower":633,"sunpower":633},{"datetime":"2020-07-03T17:00:00","datetimeutc":"2020-07-03T15:00:00","timetype":"Hour","precipitationmm":0.0,"temperature":20.2,"feeltemperature":20.2,"cloudcover":37,"iconcode":"j","iconid":20,"sources":1,"winddirection":"ZW","winddirectiondegrees":246,"windspeedms":8.38,"visibility":21210,"precipitation":0,"beaufort":4,"humidity":58,"sunshine":56,"hour":17,"pollenindex":7,"windspeed":30,"sunshinepower":559,"sunpower":559},{"datetime":"2020-07-03T18:00:00","datetimeutc":"2020-07-03T16:00:00","timetype":"Hour","precipitationmm":0.0,"temperature":19.9,"feeltemperature":19.9,"cloudcover":49,"iconcode":"j","iconid":20,"sources":1,"winddirection":"ZW","winddirectiondegrees":245,"windspeedms":8.31,"visibility":22610,"precipitation":0,"beaufort":4,"humidity":58,"sunshine":60,"hour":18,"pollenindex":7,"windspeed":30,"sunshinepower":432,"sunpower":432},{"datetime":"2020-07-03T19:00:00","datetimeutc":"2020-07-03T17:00:00","timetype":"Hour","precipitationmm":0.0,"temperature":19.4,"feeltemperature":19.4,"cloudcover":30,"iconcode":"j","iconid":8,"sources":1,"winddirection":"ZW","winddirectiondegrees":245,"windspeedms":8.38,"visibility":24010,"precipitation":0,"beaufort":4,"humidity":60,"sunshine":48,"hour":19,"pollenindex":6,"windspeed":30,"sunshinepower":297,"sunpower":297},{"datetime":"2020-07-03T20:00:00","datetimeutc":"2020-07-03T18:00:00","timetype":"Hour","precipitationmm":0.0,"temperature":18.7,"feeltemperature":18.7,"cloudcover":78,"iconcode":"r","iconid":9,"sources":1,"winddirection":"ZW","winddirectiondegrees":242,"windspeedms":7.99,"visibility":21410,"precipitation":0,"beaufort":4,"humidity":62,"sunshine":68,"hour":20,"pollenindex":5,"windspeed":29,"sunshinepower":162,"sunpower":162},{"datetime":"2020-07-03T21:00:00","datetimeutc":"2020-07-03T19:00:00","timetype":"Hour","precipitationmm":0.0,"temperature":18.1,"feeltemperature":18.1,"cloudcover":87,"iconcode":"r","iconid":22,"sources":1,"winddirection":"ZW","winddirectiondegrees":241,"windspeedms":7.62,"visibility":18220,"precipitation":0,"beaufort":4,"humidity":65,"sunshine":16,"hour":21,"pollenindex":5,"windspeed":27,"sunshinepower":55,"sunpower":55},{"datetime":"2020-07-03T22:00:00","datetimeutc":"2020-07-03T20:00:00","timetype":"Hour","precipitationmm":0.0,"temperature":17.6,"feeltemperature":17.6,"cloudcover":93,"iconcode":"c","iconid":22,"sources":1,"winddirection":"ZW","winddirectiondegrees":241,"windspeedms":7.4,"visibility":15830,"precipitation":0,"beaufort":4,"humidity":67,"sunshine":6,"hour":22,"pollenindex":5,"windspeed":27,"sunshinepower":0,"sunpower":0},{"datetime":"2020-07-03T23:00:00","datetimeutc":"2020-07-03T21:00:00","timetype":"Hour","precipitationmm":0.0,"temperature":17.3,"feeltemperature":17.3,"cloudcover":94,"iconcode":"cc","iconid":22,"sources":1,"winddirection":"ZW","winddirectiondegrees":239,"windspeedms":7.27,"visibility":14860,"precipitation":0,"beaufort":4,"humidity":68,"sunshine":0,"hour":23,"pollenindex":5,"windspeed":26,"sunshinepower":0,"sunpower":0}],"datetime":"2020-07-03T00:00:00","datetimeutc":"2020-07-02T22:00:00","timetype":"Day","precipitationmm":0.0,"mintemperature":14.6,"maxtemperature":20.3,"cloudcover":66,"iconcode":"b","iconid":3,"sources":2,"winddirection":"ZW","winddirectiondegrees":225,"windspeedms":5.2,"visibility":10610,"precipitation":0,"beaufort":3,"humidity":74,"sunshine":23,"uvindex":6,"bbqindex":7,"mosquitoindex":8,"pollenindex":5,"icescrapeindex":1,"mintemp":14.6,"maxtemp":20.3,"windspeed":5,"sunshinepower":255,"sunpower":255},{"date":"2020-07-04T00:00:00","sunrise":"2020-07-04T05:25:27","sunset":"2020-07-04T22:04:03","hours":[{"datetime":"2020-07-04T00:00:00","datetimeutc":"2020-07-03T22:00:00","timetype":"Hour","precipitationmm":0.0,"temperature":17.1,"feeltemperature":17.1,"cloudcover":30,"iconcode":"jj","iconid":19,"sources":1,"winddirection":"ZW","winddirectiondegrees":238,"windspeedms":7.18,"visibility":13460,"precipitation":0,"beaufort":4,"humidity":71,"sunshine":0,"hour":0,"pollenindex":5,"windspeed":26,"sunshinepower":0,"sunpower":0},{"datetime":"2020-07-04T01:00:00","datetimeutc":"2020-07-03T23:00:00","timetype":"Hour","precipitationmm":0.0,"temperature":16.9,"feeltemperature":16.9,"cloudcover":48,"iconcode":"jj","iconid":20,"sources":1,"winddirection":"ZW","winddirectiondegrees":237,"windspeedms":7.09,"visibility":12060,"precipitation":0,"beaufort":4,"humidity":73,"sunshine":0,"hour":1,"pollenindex":5,"windspeed":26,"sunshinepower":0,"sunpower":0},{"datetime":"2020-07-04T02:00:00","datetimeutc":"2020-07-04T00:00:00","timetype":"Hour","precipitationmm":0.0,"temperature":16.8,"feeltemperature":16.8,"cloudcover":64,"iconcode":"bb","iconid":20,"sources":1,"winddirection":"ZW","winddirectiondegrees":238,"windspeedms":6.92,"visibility":10860,"precipitation":0,"beaufort":4,"humidity":75,"sunshine":0,"hour":2,"pollenindex":5,"windspeed":25,"sunshinepower":0,"sunpower":0},{"datetime":"2020-07-04T03:00:00","datetimeutc":"2020-07-04T01:00:00","timetype":"Hour","precipitationmm":0.0,"temperature":16.6,"feeltemperature":16.6,"cloudcover":100,"iconcode":"cc","iconid":20,"sources":1,"winddirection":"ZW","winddirectiondegrees":241,"windspeedms":7.6,"visibility":12220,"precipitation":0,"beaufort":4,"humidity":78,"sunshine":0,"hour":3,"pollenindex":4,"windspeed":27,"sunshinepower":0,"sunpower":0},{"datetime":"2020-07-04T04:00:00","datetimeutc":"2020-07-04T02:00:00","timetype":"Hour","precipitationmm":0.0,"temperature":16.6,"feeltemperature":16.6,"cloudcover":100,"iconcode":"cc","iconid":21,"sources":1,"winddirection":"ZW","winddirectiondegrees":241,"windspeedms":7.39,"visibility":10810,"precipitation":1,"beaufort":4,"humidity":80,"sunshine":0,"hour":4,"pollenindex":4,"windspeed":27,"sunshinepower":0,"sunpower":0},{"datetime":"2020-07-04T05:00:00","datetimeutc":"2020-07-04T03:00:00","timetype":"Hour","precipitationmm":0.0,"temperature":16.7,"feeltemperature":16.7,"cloudcover":100,"iconcode":"cc","iconid":20,"sources":1,"winddirection":"ZW","winddirectiondegrees":238,"windspeedms":7.4,"visibility":10610,"precipitation":0,"beaufort":4,"humidity":81,"sunshine":0,"hour":5,"pollenindex":4,"windspeed":27,"sunshinepower":0,"sunpower":0},{"datetime":"2020-07-04T06:00:00","datetimeutc":"2020-07-04T04:00:00","timetype":"Hour","precipitationmm":0.0,"temperature":16.8,"feeltemperature":16.8,"cloudcover":100,"iconcode":"c","iconid":22,"sources":1,"winddirection":"ZW","winddirectiondegrees":234,"windspeedms":7.51,"visibility":11210,"precipitation":1,"beaufort":4,"humidity":82,"sunshine":0,"hour":6,"pollenindex":4,"windspeed":27,"sunshinepower":15,"sunpower":15},{"datetime":"2020-07-04T07:00:00","datetimeutc":"2020-07-04T05:00:00","timetype":"Hour","precipitationmm":0.0,"temperature":16.9,"feeltemperature":16.9,"cloudcover":100,"iconcode":"c","iconid":22,"sources":1,"winddirection":"ZW","winddirectiondegrees":231,"windspeedms":7.8,"visibility":12400,"precipitation":1,"beaufort":4,"humidity":82,"sunshine":0,"hour":7,"pollenindex":4,"windspeed":28,"sunshinepower":51,"sunpower":51},{"datetime":"2020-07-04T08:00:00","datetimeutc":"2020-07-04T06:00:00","timetype":"Hour","precipitationmm":0.0,"temperature":17.1,"feeltemperature":15.9,"cloudcover":100,"iconcode":"c","iconid":22,"sources":1,"winddirection":"ZW","winddirectiondegrees":232,"windspeedms":8.03,"visibility":12200,"precipitation":2,"beaufort":4,"humidity":82,"sunshine":0,"hour":8,"pollenindex":4,"windspeed":29,"sunshinepower":86,"sunpower":86},{"datetime":"2020-07-04T09:00:00","datetimeutc":"2020-07-04T07:00:00","timetype":"Hour","precipitationmm":0.0,"temperature":17.3,"feeltemperature":16.2,"cloudcover":100,"iconcode":"c","iconid":22,"sources":1,"winddirection":"ZW","winddirectiondegrees":225,"windspeedms":8.05,"visibility":13800,"precipitation":2,"beaufort":4,"humidity":81,"sunshine":0,"hour":9,"pollenindex":4,"windspeed":29,"sunshinepower":136,"sunpower":136},{"datetime":"2020-07-04T10:00:00","datetimeutc":"2020-07-04T08:00:00","timetype":"Hour","precipitationmm":0.0,"temperature":17.6,"feeltemperature":16.5,"cloudcover":100,"iconcode":"c","iconid":22,"sources":1,"winddirection":"ZW","winddirectiondegrees":225,"windspeedms":8.52,"visibility":16800,"precipitation":2,"beaufort":4,"humidity":79,"sunshine":0,"hour":10,"pollenindex":5,"windspeed":31,"sunshinepower":197,"sunpower":197},{"datetime":"2020-07-04T11:00:00","datetimeutc":"2020-07-04T09:00:00","timetype":"Hour","precipitationmm":0.0,"temperature":18.1,"feeltemperature":17.0,"cloudcover":100,"iconcode":"c","iconid":22,"sources":1,"winddirection":"ZW","winddirectiondegrees":225,"windspeedms":8.94,"visibility":20200,"precipitation":2,"beaufort":4,"humidity":76,"sunshine":0,"hour":11,"pollenindex":6,"windspeed":32,"sunshinepower":228,"sunpower":228},{"datetime":"2020-07-04T12:00:00","datetimeutc":"2020-07-04T10:00:00","timetype":"Hour","precipitationmm":0.0,"temperature":18.5,"feeltemperature":17.5,"cloudcover":100,"iconcode":"c","iconid":22,"sources":1,"winddirection":"ZW","winddirectiondegrees":224,"windspeedms":9.25,"visibility":22400,"precipitation":3,"beaufort":5,"humidity":71,"sunshine":0,"hour":12,"pollenindex":6,"windspeed":33,"sunshinepower":218,"sunpower":218},{"datetime":"2020-07-04T13:00:00","datetimeutc":"2020-07-04T11:00:00","timetype":"Hour","precipitationmm":1.8,"temperature":18.8,"feeltemperature":18.0,"cloudcover":100,"iconcode":"m","iconid":33,"sources":1,"winddirection":"ZW","winddirectiondegrees":225,"windspeedms":8.97,"visibility":24000,"precipitation":64,"beaufort":4,"humidity":71,"sunshine":0,"hour":13,"pollenindex":6,"windspeed":32,"sunshinepower":205,"sunpower":205},{"datetime":"2020-07-04T14:00:00","datetimeutc":"2020-07-04T12:00:00","timetype":"Hour","precipitationmm":0.0,"temperature":18.9,"feeltemperature":18.1,"cloudcover":100,"iconcode":"c","iconid":22,"sources":1,"winddirection":"ZW","winddirectiondegrees":227,"windspeedms":9.13,"visibility":25800,"precipitation":2,"beaufort":5,"humidity":70,"sunshine":0,"hour":14,"pollenindex":6,"windspeed":33,"sunshinepower":200,"sunpower":200},{"datetime":"2020-07-04T15:00:00","datetimeutc":"2020-07-04T13:00:00","timetype":"Hour","precipitationmm":0.0,"temperature":18.6,"feeltemperature":17.7,"cloudcover":100,"iconcode":"c","iconid":22,"sources":1,"winddirection":"ZW","winddirectiondegrees":232,"windspeedms":9.42,"visibility":22000,"precipitation":2,"beaufort":5,"humidity":75,"sunshine":0,"hour":15,"pollenindex":6,"windspeed":34,"sunshinepower":178,"sunpower":178},{"datetime":"2020-07-04T16:00:00","datetimeutc":"2020-07-04T14:00:00","timetype":"Hour","precipitationmm":0.0,"temperature":18.2,"feeltemperature":17.2,"cloudcover":100,"iconcode":"c","iconid":20,"sources":1,"winddirection":"ZW","winddirectiondegrees":237,"windspeedms":9.14,"visibility":13200,"precipitation":3,"beaufort":5,"humidity":79,"sunshine":0,"hour":16,"pollenindex":5,"windspeed":33,"sunshinepower":137,"sunpower":137},{"datetime":"2020-07-04T17:00:00","datetimeutc":"2020-07-04T15:00:00","timetype":"Hour","precipitationmm":1.2,"temperature":17.8,"feeltemperature":16.7,"cloudcover":100,"iconcode":"m","iconid":33,"sources":1,"winddirection":"ZW","winddirectiondegrees":238,"windspeedms":9.03,"visibility":7600,"precipitation":76,"beaufort":5,"humidity":84,"sunshine":0,"hour":17,"pollenindex":5,"windspeed":33,"sunshinepower":96,"sunpower":96},{"datetime":"2020-07-04T18:00:00","datetimeutc":"2020-07-04T16:00:00","timetype":"Hour","precipitationmm":1.4,"temperature":17.5,"feeltemperature":16.2,"cloudcover":100,"iconcode":"m","iconid":33,"sources":1,"winddirection":"ZW","winddirectiondegrees":236,"windspeedms":8.84,"visibility":9200,"precipitation":77,"beaufort":4,"humidity":88,"sunshine":0,"hour":18,"pollenindex":5,"windspeed":32,"sunshinepower":74,"sunpower":74},{"datetime":"2020-07-04T19:00:00","datetimeutc":"2020-07-04T17:00:00","timetype":"Hour","precipitationmm":1.4,"temperature":17.3,"feeltemperature":16.0,"cloudcover":100,"iconcode":"m","iconid":33,"sources":1,"winddirection":"ZW","winddirectiondegrees":236,"windspeedms":8.58,"visibility":9600,"precipitation":78,"beaufort":4,"humidity":92,"sunshine":0,"hour":19,"pollenindex":4,"windspeed":31,"sunshinepower":58,"sunpower":58},{"datetime":"2020-07-04T20:00:00","datetimeutc":"2020-07-04T18:00:00","timetype":"Hour","precipitationmm":0.0,"temperature":17.2,"feeltemperature":16.0,"cloudcover":100,"iconcode":"c","iconid":22,"sources":1,"winddirection":"ZW","winddirectiondegrees":240,"windspeedms":8.41,"visibility":9400,"precipitation":3,"beaufort":4,"humidity":93,"sunshine":0,"hour":20,"pollenindex":3,"windspeed":30,"sunshinepower":43,"sunpower":43},{"datetime":"2020-07-04T21:00:00","datetimeutc":"2020-07-04T19:00:00","timetype":"Hour","precipitationmm":0.0,"temperature":17.2,"feeltemperature":16.1,"cloudcover":100,"iconcode":"c","iconid":22,"sources":1,"winddirection":"ZW","winddirectiondegrees":244,"windspeedms":8.04,"visibility":9400,"precipitation":3,"beaufort":4,"humidity":92,"sunshine":0,"hour":21,"pollenindex":4,"windspeed":29,"sunshinepower":21,"sunpower":21},{"datetime":"2020-07-04T22:00:00","datetimeutc":"2020-07-04T20:00:00","timetype":"Hour","precipitationmm":0.0,"temperature":17.3,"feeltemperature":17.3,"cloudcover":100,"iconcode":"d","iconid":22,"sources":1,"winddirection":"ZW","winddirectiondegrees":245,"windspeedms":7.54,"visibility":610,"precipitation":3,"beaufort":4,"humidity":92,"sunshine":0,"hour":22,"pollenindex":4,"windspeed":27,"sunshinepower":0,"sunpower":0},{"datetime":"2020-07-04T23:00:00","datetimeutc":"2020-07-04T21:00:00","timetype":"Hour","precipitationmm":0.0,"temperature":17.4,"feeltemperature":17.4,"cloudcover":100,"iconcode":"dd","iconid":16,"sources":1,"winddirection":"ZW","winddirectiondegrees":243,"windspeedms":7.07,"visibility":410,"precipitation":2,"beaufort":4,"humidity":92,"sunshine":0,"hour":23,"pollenindex":4,"windspeed":25,"sunshinepower":0,"sunpower":0}],"datetime":"2020-07-04T00:00:00","datetimeutc":"2020-07-03T22:00:00","timetype":"Day","precipitationmm":5.9,"mintemperature":16.6,"maxtemperature":18.9,"cloudcover":90,"iconcode":"q","iconid":12,"sources":1,"winddirection":"ZW","winddirectiondegrees":225,"windspeedms":8.16,"precipitation":78,"beaufort":4,"uvindex":7,"bbqindex":4,"mosquitoindex":6,"pollenindex":5,"icescrapeindex":1,"mintemp":16.6,"maxtemp":18.9,"windspeed":8},{"date":"2020-07-05T00:00:00","sunrise":"2020-07-05T05:26:20","sunset":"2020-07-05T22:03:29","hours":[{"datetime":"2020-07-05T00:00:00","datetimeutc":"2020-07-04T22:00:00","timetype":"Hour","precipitationmm":0.0,"temperature":17.5,"feeltemperature":17.5,"cloudcover":100,"iconcode":"dd","iconid":16,"sources":1,"winddirection":"ZW","winddirectiondegrees":241,"windspeedms":6.83,"visibility":410,"precipitation":2,"beaufort":4,"humidity":93,"sunshine":0,"hour":0,"pollenindex":3,"windspeed":25,"sunshinepower":0,"sunpower":0},{"datetime":"2020-07-05T01:00:00","datetimeutc":"2020-07-04T23:00:00","timetype":"Hour","precipitationmm":0.0,"temperature":17.6,"feeltemperature":17.6,"cloudcover":95,"iconcode":"dd","iconid":16,"sources":1,"winddirection":"ZW","winddirectiondegrees":239,"windspeedms":6.67,"visibility":210,"precipitation":2,"beaufort":4,"humidity":92,"sunshine":0,"hour":1,"pollenindex":4,"windspeed":24,"sunshinepower":0,"sunpower":0},{"datetime":"2020-07-05T02:00:00","datetimeutc":"2020-07-05T00:00:00","timetype":"Hour","precipitationmm":0.0,"temperature":17.5,"feeltemperature":17.5,"cloudcover":97,"iconcode":"dd","iconid":16,"sources":1,"winddirection":"ZW","winddirectiondegrees":235,"windspeedms":6.56,"visibility":210,"precipitation":2,"beaufort":4,"humidity":91,"sunshine":0,"hour":2,"pollenindex":4,"windspeed":24,"sunshinepower":0,"sunpower":0},{"datetime":"2020-07-05T03:00:00","datetimeutc":"2020-07-05T01:00:00","timetype":"Hour","precipitationmm":0.0,"temperature":17.5,"feeltemperature":17.5,"cloudcover":97,"iconcode":"dd","iconid":16,"sources":1,"winddirection":"ZW","winddirectiondegrees":233,"windspeedms":6.44,"visibility":210,"precipitation":2,"beaufort":4,"humidity":88,"sunshine":0,"hour":3,"pollenindex":4,"windspeed":23,"sunshinepower":0,"sunpower":0},{"datetime":"2020-07-05T04:00:00","datetimeutc":"2020-07-05T02:00:00","timetype":"Hour","precipitationmm":0.0,"temperature":17.5,"feeltemperature":17.5,"cloudcover":97,"iconcode":"dd","iconid":16,"sources":1,"winddirection":"ZW","winddirectiondegrees":234,"windspeedms":6.37,"visibility":210,"precipitation":2,"beaufort":4,"humidity":88,"sunshine":0,"hour":4,"pollenindex":4,"windspeed":23,"sunshinepower":0,"sunpower":0},{"datetime":"2020-07-05T05:00:00","datetimeutc":"2020-07-05T03:00:00","timetype":"Hour","precipitationmm":0.0,"temperature":17.5,"feeltemperature":17.5,"cloudcover":99,"iconcode":"dd","iconid":16,"sources":1,"winddirection":"ZW","winddirectiondegrees":232,"windspeedms":6.35,"visibility":200,"precipitation":1,"beaufort":4,"humidity":87,"sunshine":0,"hour":5,"pollenindex":4,"windspeed":23,"sunshinepower":0,"sunpower":0},{"datetime":"2020-07-05T06:00:00","datetimeutc":"2020-07-05T04:00:00","timetype":"Hour","precipitationmm":0.0,"temperature":17.6,"feeltemperature":17.6,"cloudcover":100,"iconcode":"d","iconid":16,"sources":1,"winddirection":"ZW","winddirectiondegrees":229,"windspeedms":6.61,"visibility":200,"precipitation":1,"beaufort":4,"humidity":88,"sunshine":0,"hour":6,"pollenindex":4,"windspeed":24,"sunshinepower":7,"sunpower":7},{"datetime":"2020-07-05T07:00:00","datetimeutc":"2020-07-05T05:00:00","timetype":"Hour","precipitationmm":0.0,"temperature":17.7,"feeltemperature":17.7,"cloudcover":100,"iconcode":"d","iconid":16,"sources":1,"winddirection":"ZW","winddirectiondegrees":229,"windspeedms":7.29,"visibility":200,"precipitation":1,"beaufort":4,"humidity":88,"sunshine":0,"hour":7,"pollenindex":4,"windspeed":26,"sunshinepower":38,"sunpower":38},{"datetime":"2020-07-05T08:00:00","datetimeutc":"2020-07-05T06:00:00","timetype":"Hour","precipitationmm":0.0,"temperature":17.8,"feeltemperature":17.8,"cloudcover":100,"iconcode":"d","iconid":22,"sources":1,"winddirection":"ZW","winddirectiondegrees":228,"windspeedms":7.89,"visibility":210,"precipitation":1,"beaufort":4,"humidity":88,"sunshine":0,"hour":8,"pollenindex":4,"windspeed":28,"sunshinepower":79,"sunpower":79},{"datetime":"2020-07-05T09:00:00","datetimeutc":"2020-07-05T07:00:00","timetype":"Hour","precipitationmm":0.0,"temperature":18.0,"feeltemperature":17.0,"cloudcover":100,"iconcode":"d","iconid":22,"sources":1,"winddirection":"ZW","winddirectiondegrees":227,"windspeedms":8.63,"visibility":200,"precipitation":1,"beaufort":4,"humidity":87,"sunshine":0,"hour":9,"pollenindex":4,"windspeed":31,"sunshinepower":109,"sunpower":109},{"datetime":"2020-07-05T10:00:00","datetimeutc":"2020-07-05T08:00:00","timetype":"Hour","precipitationmm":0.0,"temperature":18.2,"feeltemperature":17.1,"cloudcover":100,"iconcode":"d","iconid":22,"sources":1,"winddirection":"ZW","winddirectiondegrees":231,"windspeedms":9.34,"visibility":400,"precipitation":1,"beaufort":5,"humidity":84,"sunshine":0,"hour":10,"pollenindex":5,"windspeed":34,"sunshinepower":123,"sunpower":123},{"datetime":"2020-07-05T11:00:00","datetimeutc":"2020-07-05T09:00:00","timetype":"Hour","precipitationmm":0.0,"temperature":18.4,"feeltemperature":17.4,"cloudcover":100,"iconcode":"d","iconid":22,"sources":1,"winddirection":"ZW","winddirectiondegrees":235,"windspeedms":9.87,"visibility":410,"precipitation":1,"beaufort":5,"humidity":81,"sunshine":0,"hour":11,"pollenindex":5,"windspeed":36,"sunshinepower":143,"sunpower":143},{"datetime":"2020-07-05T12:00:00","datetimeutc":"2020-07-05T10:00:00","timetype":"Hour","precipitationmm":0.7,"temperature":18.7,"feeltemperature":17.7,"cloudcover":100,"iconcode":"m","iconid":33,"sources":1,"winddirection":"ZW","winddirectiondegrees":238,"windspeedms":10.24,"visibility":400,"precipitation":48,"beaufort":5,"humidity":78,"sunshine":0,"hour":12,"pollenindex":5,"windspeed":37,"sunshinepower":182,"sunpower":182},{"datetime":"2020-07-05T13:00:00","datetimeutc":"2020-07-05T11:00:00","timetype":"Hour","precipitationmm":0.0,"temperature":19.0,"feeltemperature":19.0,"cloudcover":100,"iconcode":"d","iconid":22,"sources":1,"winddirection":"ZW","winddirectiondegrees":241,"windspeedms":10.68,"visibility":200,"precipitation":1,"beaufort":5,"humidity":78,"sunshine":0,"hour":13,"pollenindex":5,"windspeed":38,"sunshinepower":217,"sunpower":217},{"datetime":"2020-07-05T14:00:00","datetimeutc":"2020-07-05T12:00:00","timetype":"Hour","precipitationmm":0.0,"temperature":19.4,"feeltemperature":19.4,"cloudcover":100,"iconcode":"d","iconid":22,"sources":1,"winddirection":"ZW","winddirectiondegrees":243,"windspeedms":10.84,"visibility":200,"precipitation":1,"beaufort":5,"humidity":76,"sunshine":0,"hour":14,"pollenindex":6,"windspeed":39,"sunshinepower":239,"sunpower":239},{"datetime":"2020-07-05T15:00:00","datetimeutc":"2020-07-05T13:00:00","timetype":"Hour","precipitationmm":0.0,"temperature":19.6,"feeltemperature":19.6,"cloudcover":100,"iconcode":"d","iconid":22,"sources":1,"winddirection":"ZW","winddirectiondegrees":246,"windspeedms":10.76,"visibility":200,"precipitation":1,"beaufort":5,"humidity":78,"sunshine":0,"hour":15,"pollenindex":5,"windspeed":39,"sunshinepower":252,"sunpower":252},{"datetime":"2020-07-05T16:00:00","datetimeutc":"2020-07-05T14:00:00","timetype":"Hour","precipitationmm":0.0,"temperature":19.9,"feeltemperature":19.9,"cloudcover":100,"iconcode":"c","iconid":19,"sources":1,"winddirection":"W","winddirectiondegrees":251,"windspeedms":10.63,"visibility":9800,"precipitation":1,"beaufort":5,"humidity":77,"sunshine":0,"hour":16,"pollenindex":5,"windspeed":38,"sunshinepower":249,"sunpower":249},{"datetime":"2020-07-05T17:00:00","datetimeutc":"2020-07-05T15:00:00","timetype":"Hour","precipitationmm":0.0,"temperature":19.9,"feeltemperature":19.9,"cloudcover":100,"iconcode":"c","iconid":19,"sources":1,"winddirection":"W","winddirectiondegrees":255,"windspeedms":10.34,"visibility":9400,"precipitation":2,"beaufort":5,"humidity":76,"sunshine":0,"hour":17,"pollenindex":5,"windspeed":37,"sunshinepower":232,"sunpower":232},{"datetime":"2020-07-05T18:00:00","datetimeutc":"2020-07-05T16:00:00","timetype":"Hour","precipitationmm":0.0,"temperature":19.6,"feeltemperature":19.6,"cloudcover":100,"iconcode":"c","iconid":19,"sources":1,"winddirection":"W","winddirectiondegrees":257,"windspeedms":9.92,"visibility":9400,"precipitation":1,"beaufort":5,"humidity":75,"sunshine":0,"hour":18,"pollenindex":6,"windspeed":36,"sunshinepower":206,"sunpower":206},{"datetime":"2020-07-05T19:00:00","datetimeutc":"2020-07-05T17:00:00","timetype":"Hour","precipitationmm":0.0,"temperature":19.2,"feeltemperature":19.2,"cloudcover":99,"iconcode":"c","iconid":19,"sources":1,"winddirection":"W","winddirectiondegrees":263,"windspeedms":9.23,"visibility":9000,"precipitation":2,"beaufort":5,"humidity":77,"sunshine":0,"hour":19,"pollenindex":4,"windspeed":33,"sunshinepower":163,"sunpower":163},{"datetime":"2020-07-05T20:00:00","datetimeutc":"2020-07-05T18:00:00","timetype":"Hour","precipitationmm":0.0,"temperature":18.6,"feeltemperature":17.9,"cloudcover":91,"iconcode":"c","iconid":19,"sources":1,"winddirection":"W","winddirectiondegrees":278,"windspeedms":8.28,"visibility":8800,"precipitation":2,"beaufort":4,"humidity":78,"sunshine":0,"hour":20,"pollenindex":4,"windspeed":30,"sunshinepower":103,"sunpower":103},{"datetime":"2020-07-05T21:00:00","datetimeutc":"2020-07-05T19:00:00","timetype":"Hour","precipitationmm":1.5,"temperature":18.2,"feeltemperature":18.2,"cloudcover":80,"iconcode":"m","iconid":33,"sources":1,"winddirection":"W","winddirectiondegrees":290,"windspeedms":7.47,"visibility":11200,"precipitation":45,"beaufort":4,"humidity":78,"sunshine":3,"hour":21,"pollenindex":4,"windspeed":27,"sunshinepower":41,"sunpower":41},{"datetime":"2020-07-05T22:00:00","datetimeutc":"2020-07-05T20:00:00","timetype":"Hour","precipitationmm":0.0,"temperature":17.7,"feeltemperature":17.7,"cloudcover":74,"iconcode":"r","iconid":22,"sources":1,"winddirection":"W","winddirectiondegrees":290,"windspeedms":6.94,"visibility":11610,"precipitation":1,"beaufort":4,"humidity":79,"sunshine":15,"hour":22,"pollenindex":4,"windspeed":25,"sunshinepower":0,"sunpower":0},{"datetime":"2020-07-05T23:00:00","datetimeutc":"2020-07-05T21:00:00","timetype":"Hour","precipitationmm":0.0,"temperature":17.4,"feeltemperature":17.4,"cloudcover":71,"iconcode":"rr","iconid":22,"sources":1,"winddirection":"W","winddirectiondegrees":288,"windspeedms":6.49,"visibility":10210,"precipitation":2,"beaufort":4,"humidity":80,"sunshine":1,"hour":23,"pollenindex":4,"windspeed":23,"sunshinepower":0,"sunpower":0}],"datetime":"2020-07-05T00:00:00","datetimeutc":"2020-07-04T22:00:00","timetype":"Day","precipitationmm":2.2,"mintemperature":17.4,"maxtemperature":19.9,"cloudcover":90,"iconcode":"m","iconid":12,"sources":1,"winddirection":"ZW","winddirectiondegrees":225,"windspeedms":8.36,"precipitation":48,"beaufort":4,"uvindex":4,"bbqindex":4,"mosquitoindex":7,"pollenindex":5,"icescrapeindex":1,"mintemp":17.4,"maxtemp":19.9,"windspeed":8},{"date":"2020-07-06T00:00:00","sunrise":"2020-07-06T05:27:15","sunset":"2020-07-06T22:02:52","hours":[{"datetime":"2020-07-06T00:00:00","datetimeutc":"2020-07-05T22:00:00","timetype":"Hour","precipitationmm":0.0,"temperature":17.0,"feeltemperature":17.0,"cloudcover":76,"iconcode":"rr","iconid":22,"sources":1,"winddirection":"W","winddirectiondegrees":280,"windspeedms":6.27,"visibility":10010,"precipitation":2,"beaufort":4,"humidity":81,"sunshine":0,"hour":0,"pollenindex":4,"windspeed":23,"sunshinepower":0,"sunpower":0},{"datetime":"2020-07-06T01:00:00","datetimeutc":"2020-07-05T23:00:00","timetype":"Hour","precipitationmm":0.0,"temperature":16.9,"feeltemperature":16.9,"cloudcover":85,"iconcode":"rr","iconid":19,"sources":1,"winddirection":"W","winddirectiondegrees":281,"windspeedms":6.4,"visibility":12410,"precipitation":1,"beaufort":4,"humidity":79,"sunshine":0,"hour":1,"pollenindex":4,"windspeed":23,"sunshinepower":0,"sunpower":0},{"datetime":"2020-07-06T02:00:00","datetimeutc":"2020-07-06T00:00:00","timetype":"Hour","precipitationmm":0.0,"temperature":16.7,"feeltemperature":16.7,"cloudcover":89,"iconcode":"rr","iconid":22,"sources":1,"winddirection":"W","winddirectiondegrees":289,"windspeedms":6.29,"visibility":14010,"precipitation":1,"beaufort":4,"humidity":76,"sunshine":0,"hour":2,"pollenindex":5,"windspeed":23,"sunshinepower":0,"sunpower":0},{"datetime":"2020-07-06T03:00:00","datetimeutc":"2020-07-06T01:00:00","timetype":"Hour","precipitationmm":0.0,"temperature":16.7,"feeltemperature":16.7,"cloudcover":81,"iconcode":"rr","iconid":19,"sources":1,"winddirection":"W","winddirectiondegrees":290,"windspeedms":6.36,"visibility":13600,"precipitation":1,"beaufort":4,"humidity":72,"sunshine":0,"hour":3,"pollenindex":5,"windspeed":23,"sunshinepower":0,"sunpower":0},{"datetime":"2020-07-06T04:00:00","datetimeutc":"2020-07-06T02:00:00","timetype":"Hour","precipitationmm":0.0,"temperature":16.3,"feeltemperature":16.3,"cloudcover":69,"iconcode":"bb","iconid":7,"sources":1,"winddirection":"W","winddirectiondegrees":288,"windspeedms":6.35,"visibility":12600,"precipitation":1,"beaufort":4,"humidity":72,"sunshine":0,"hour":4,"pollenindex":5,"windspeed":23,"sunshinepower":0,"sunpower":0},{"datetime":"2020-07-06T05:00:00","datetimeutc":"2020-07-06T03:00:00","timetype":"Hour","precipitationmm":0.0,"temperature":16.0,"feeltemperature":16.0,"cloudcover":61,"iconcode":"bb","iconid":7,"sources":1,"winddirection":"W","winddirectiondegrees":289,"windspeedms":6.62,"visibility":13600,"precipitation":2,"beaufort":4,"humidity":72,"sunshine":0,"hour":5,"pollenindex":5,"windspeed":24,"sunshinepower":0,"sunpower":0},{"datetime":"2020-07-06T06:00:00","datetimeutc":"2020-07-06T04:00:00","timetype":"Hour","precipitationmm":0.0,"temperature":15.7,"feeltemperature":15.7,"cloudcover":61,"iconcode":"b","iconid":7,"sources":1,"winddirection":"W","winddirectiondegrees":289,"windspeedms":6.72,"visibility":13800,"precipitation":2,"beaufort":4,"humidity":72,"sunshine":20,"hour":6,"pollenindex":5,"windspeed":24,"sunshinepower":23,"sunpower":23},{"datetime":"2020-07-06T07:00:00","datetimeutc":"2020-07-06T05:00:00","timetype":"Hour","precipitationmm":0.0,"temperature":15.6,"feeltemperature":15.6,"cloudcover":66,"iconcode":"b","iconid":7,"sources":1,"winddirection":"W","winddirectiondegrees":290,"windspeedms":7.02,"visibility":13200,"precipitation":2,"beaufort":4,"humidity":71,"sunshine":35,"hour":7,"pollenindex":5,"windspeed":25,"sunshinepower":110,"sunpower":110},{"datetime":"2020-07-06T08:00:00","datetimeutc":"2020-07-06T06:00:00","timetype":"Hour","precipitationmm":0.0,"temperature":15.5,"feeltemperature":15.5,"cloudcover":70,"iconcode":"r","iconid":7,"sources":1,"winddirection":"W","winddirectiondegrees":291,"windspeedms":7.47,"visibility":13800,"precipitation":1,"beaufort":4,"humidity":70,"sunshine":30,"hour":8,"pollenindex":5,"windspeed":27,"sunshinepower":230,"sunpower":230},{"datetime":"2020-07-06T09:00:00","datetimeutc":"2020-07-06T07:00:00","timetype":"Hour","precipitationmm":0.0,"temperature":15.7,"feeltemperature":15.7,"cloudcover":71,"iconcode":"r","iconid":7,"sources":1,"winddirection":"W","winddirectiondegrees":292,"windspeedms":7.57,"visibility":14000,"precipitation":1,"beaufort":4,"humidity":68,"sunshine":25,"hour":9,"pollenindex":5,"windspeed":27,"sunshinepower":337,"sunpower":337},{"datetime":"2020-07-06T10:00:00","datetimeutc":"2020-07-06T08:00:00","timetype":"Hour","precipitationmm":0.0,"temperature":16.0,"feeltemperature":16.0,"cloudcover":70,"iconcode":"r","iconid":7,"sources":1,"winddirection":"W","winddirectiondegrees":292,"windspeedms":7.62,"visibility":14800,"precipitation":1,"beaufort":4,"humidity":65,"sunshine":25,"hour":10,"pollenindex":6,"windspeed":27,"sunshinepower":423,"sunpower":423},{"datetime":"2020-07-06T11:00:00","datetimeutc":"2020-07-06T09:00:00","timetype":"Hour","precipitationmm":0.0,"temperature":16.4,"feeltemperature":16.4,"cloudcover":69,"iconcode":"b","iconid":7,"sources":1,"winddirection":"NW","winddirectiondegrees":293,"windspeedms":7.92,"visibility":16000,"precipitation":1,"beaufort":4,"humidity":62,"sunshine":25,"hour":11,"pollenindex":7,"windspeed":29,"sunshinepower":502,"sunpower":502},{"datetime":"2020-07-06T12:00:00","datetimeutc":"2020-07-06T10:00:00","timetype":"Hour","precipitationmm":0.0,"temperature":16.8,"feeltemperature":15.4,"cloudcover":65,"iconcode":"b","iconid":7,"sources":1,"winddirection":"NW","winddirectiondegrees":294,"windspeedms":8.14,"visibility":16000,"precipitation":1,"beaufort":4,"humidity":58,"sunshine":26,"hour":12,"pollenindex":7,"windspeed":29,"sunshinepower":566,"sunpower":566},{"datetime":"2020-07-06T13:00:00","datetimeutc":"2020-07-06T11:00:00","timetype":"Hour","precipitationmm":0.0,"temperature":17.0,"feeltemperature":15.8,"cloudcover":60,"iconcode":"b","iconid":19,"sources":1,"winddirection":"NW","winddirectiondegrees":297,"windspeedms":8.22,"visibility":15600,"precipitation":2,"beaufort":4,"humidity":58,"sunshine":31,"hour":13,"pollenindex":7,"windspeed":30,"sunshinepower":613,"sunpower":613},{"datetime":"2020-07-06T14:00:00","datetimeutc":"2020-07-06T12:00:00","timetype":"Hour","precipitationmm":0.0,"temperature":17.1,"feeltemperature":15.9,"cloudcover":57,"iconcode":"b","iconid":19,"sources":1,"winddirection":"NW","winddirectiondegrees":300,"windspeedms":8.12,"visibility":15600,"precipitation":2,"beaufort":4,"humidity":57,"sunshine":36,"hour":14,"pollenindex":7,"windspeed":29,"sunshinepower":645,"sunpower":645},{"datetime":"2020-07-06T15:00:00","datetimeutc":"2020-07-06T13:00:00","timetype":"Hour","precipitationmm":0.0,"temperature":17.1,"feeltemperature":17.1,"cloudcover":57,"iconcode":"b","iconid":19,"sources":1,"winddirection":"NW","winddirectiondegrees":303,"windspeedms":7.88,"visibility":14600,"precipitation":2,"beaufort":4,"humidity":59,"sunshine":40,"hour":15,"pollenindex":7,"windspeed":28,"sunshinepower":655,"sunpower":655},{"datetime":"2020-07-06T16:00:00","datetimeutc":"2020-07-06T14:00:00","timetype":"Hour","precipitationmm":0.0,"temperature":16.9,"feeltemperature":16.9,"cloudcover":59,"iconcode":"b","iconid":19,"sources":1,"winddirection":"NW","winddirectiondegrees":304,"windspeedms":7.61,"visibility":14600,"precipitation":2,"beaufort":4,"humidity":60,"sunshine":38,"hour":16,"pollenindex":7,"windspeed":27,"sunshinepower":637,"sunpower":637},{"datetime":"2020-07-06T17:00:00","datetimeutc":"2020-07-06T15:00:00","timetype":"Hour","precipitationmm":0.0,"temperature":16.6,"feeltemperature":16.6,"cloudcover":59,"iconcode":"b","iconid":7,"sources":1,"winddirection":"NW","winddirectiondegrees":302,"windspeedms":7.33,"visibility":15000,"precipitation":2,"beaufort":4,"humidity":61,"sunshine":36,"hour":17,"pollenindex":7,"windspeed":26,"sunshinepower":570,"sunpower":570},{"datetime":"2020-07-06T18:00:00","datetimeutc":"2020-07-06T16:00:00","timetype":"Hour","precipitationmm":0.0,"temperature":16.1,"feeltemperature":16.1,"cloudcover":53,"iconcode":"b","iconid":7,"sources":1,"winddirection":"NW","winddirectiondegrees":301,"windspeedms":6.95,"visibility":15400,"precipitation":2,"beaufort":4,"humidity":62,"sunshine":38,"hour":18,"pollenindex":7,"windspeed":25,"sunshinepower":463,"sunpower":463},{"datetime":"2020-07-06T19:00:00","datetimeutc":"2020-07-06T17:00:00","timetype":"Hour","precipitationmm":0.0,"temperature":15.6,"feeltemperature":15.6,"cloudcover":45,"iconcode":"j","iconid":7,"sources":1,"winddirection":"NW","winddirectiondegrees":302,"windspeedms":6.63,"visibility":16400,"precipitation":2,"beaufort":4,"humidity":64,"sunshine":43,"hour":19,"pollenindex":5,"windspeed":24,"sunshinepower":338,"sunpower":338},{"datetime":"2020-07-06T20:00:00","datetimeutc":"2020-07-06T18:00:00","timetype":"Hour","precipitationmm":0.0,"temperature":15.0,"feeltemperature":15.0,"cloudcover":38,"iconcode":"j","iconid":4,"sources":1,"winddirection":"NW","winddirectiondegrees":305,"windspeedms":5.98,"visibility":16600,"precipitation":2,"beaufort":3,"humidity":65,"sunshine":51,"hour":20,"pollenindex":5,"windspeed":22,"sunshinepower":204,"sunpower":204},{"datetime":"2020-07-06T21:00:00","datetimeutc":"2020-07-06T19:00:00","timetype":"Hour","precipitationmm":0.0,"temperature":14.4,"feeltemperature":13.1,"cloudcover":30,"iconcode":"j","iconid":4,"sources":1,"winddirection":"NW","winddirectiondegrees":303,"windspeedms":5.02,"visibility":16000,"precipitation":1,"beaufort":3,"humidity":66,"sunshine":60,"hour":21,"pollenindex":5,"windspeed":18,"sunshinepower":80,"sunpower":80},{"datetime":"2020-07-06T22:00:00","datetimeutc":"2020-07-06T20:00:00","timetype":"Hour","precipitationmm":0.0,"temperature":13.9,"feeltemperature":12.9,"cloudcover":33,"iconcode":"j","iconid":4,"sources":1,"winddirection":"NW","winddirectiondegrees":294,"windspeedms":3.61,"visibility":14400,"precipitation":1,"beaufort":2,"humidity":68,"sunshine":68,"hour":22,"pollenindex":5,"windspeed":13,"sunshinepower":0,"sunpower":0},{"datetime":"2020-07-06T23:00:00","datetimeutc":"2020-07-06T21:00:00","timetype":"Hour","precipitationmm":0.0,"temperature":13.4,"feeltemperature":13.4,"cloudcover":23,"iconcode":"jj","iconid":4,"sources":1,"winddirection":"W","winddirectiondegrees":281,"windspeedms":3.1,"visibility":12010,"precipitation":1,"beaufort":2,"humidity":71,"sunshine":5,"hour":23,"pollenindex":5,"windspeed":11,"sunshinepower":0,"sunpower":0}],"datetime":"2020-07-06T00:00:00","datetimeutc":"2020-07-05T22:00:00","timetype":"Day","precipitationmm":0.0,"mintemperature":13.4,"maxtemperature":17.1,"cloudcover":75,"iconcode":"r","iconid":3,"sources":1,"winddirection":"W","winddirectiondegrees":270,"windspeedms":6.72,"precipitation":2,"beaufort":4,"uvindex":5,"bbqindex":6,"mosquitoindex":7,"pollenindex":5,"icescrapeindex":1,"mintemp":13.4,"maxtemp":17.1,"windspeed":7},{"date":"2020-07-07T00:00:00","sunrise":"2020-07-07T05:28:13","sunset":"2020-07-07T22:02:12","hours":[{"datetime":"2020-07-07T00:00:00","datetimeutc":"2020-07-06T22:00:00","timetype":"Hour","precipitationmm":0.0,"temperature":12.9,"feeltemperature":12.9,"cloudcover":18,"iconcode":"jj","iconid":4,"sources":1,"winddirection":"W","winddirectiondegrees":268,"windspeedms":2.98,"visibility":11010,"precipitation":1,"beaufort":2,"humidity":75,"sunshine":0,"hour":0,"pollenindex":5,"windspeed":11,"sunshinepower":0,"sunpower":0},{"datetime":"2020-07-07T01:00:00","datetimeutc":"2020-07-06T23:00:00","timetype":"Hour","precipitationmm":0.0,"temperature":12.5,"feeltemperature":12.5,"cloudcover":19,"iconcode":"jj","iconid":4,"sources":1,"winddirection":"W","winddirectiondegrees":259,"windspeedms":3.03,"visibility":10410,"precipitation":1,"beaufort":2,"humidity":78,"sunshine":0,"hour":1,"pollenindex":5,"windspeed":11,"sunshinepower":0,"sunpower":0},{"datetime":"2020-07-07T02:00:00","datetimeutc":"2020-07-07T00:00:00","timetype":"Hour","precipitationmm":0.0,"temperature":12.0,"feeltemperature":12.0,"cloudcover":22,"iconcode":"jj","iconid":4,"sources":1,"winddirection":"W","winddirectiondegrees":259,"windspeedms":3.04,"visibility":10210,"precipitation":1,"beaufort":2,"humidity":80,"sunshine":0,"hour":2,"pollenindex":4,"windspeed":11,"sunshinepower":0,"sunpower":0},{"datetime":"2020-07-07T03:00:00","datetimeutc":"2020-07-07T01:00:00","timetype":"Hour","precipitationmm":0.0,"temperature":11.7,"feeltemperature":11.7,"cloudcover":30,"iconcode":"jj","iconid":4,"sources":1,"winddirection":"W","winddirectiondegrees":264,"windspeedms":2.93,"visibility":10410,"precipitation":1,"beaufort":2,"humidity":82,"sunshine":0,"hour":3,"pollenindex":4,"windspeed":11,"sunshinepower":0,"sunpower":0},{"datetime":"2020-07-07T04:00:00","datetimeutc":"2020-07-07T02:00:00","timetype":"Hour","precipitationmm":0.0,"temperature":11.7,"feeltemperature":11.7,"cloudcover":32,"iconcode":"jj","iconid":4,"sources":1,"winddirection":"W","winddirectiondegrees":270,"windspeedms":2.94,"visibility":11800,"precipitation":1,"beaufort":2,"humidity":83,"sunshine":0,"hour":4,"pollenindex":4,"windspeed":11,"sunshinepower":0,"sunpower":0},{"datetime":"2020-07-07T05:00:00","datetimeutc":"2020-07-07T03:00:00","timetype":"Hour","precipitationmm":0.0,"temperature":12.3,"feeltemperature":12.3,"cloudcover":38,"iconcode":"jj","iconid":19,"sources":1,"winddirection":"W","winddirectiondegrees":274,"windspeedms":2.95,"visibility":13000,"precipitation":1,"beaufort":2,"humidity":82,"sunshine":0,"hour":5,"pollenindex":4,"windspeed":11,"sunshinepower":0,"sunpower":0},{"datetime":"2020-07-07T06:00:00","datetimeutc":"2020-07-07T04:00:00","timetype":"Hour","precipitationmm":0.0,"temperature":13.0,"feeltemperature":13.0,"cloudcover":47,"iconcode":"j","iconid":19,"sources":1,"winddirection":"W","winddirectiondegrees":281,"windspeedms":3.09,"visibility":13200,"precipitation":1,"beaufort":2,"humidity":80,"sunshine":33,"hour":6,"pollenindex":4,"windspeed":11,"sunshinepower":22,"sunpower":22},{"datetime":"2020-07-07T07:00:00","datetimeutc":"2020-07-07T05:00:00","timetype":"Hour","precipitationmm":0.0,"temperature":13.8,"feeltemperature":13.8,"cloudcover":55,"iconcode":"b","iconid":19,"sources":1,"winddirection":"NW","winddirectiondegrees":294,"windspeedms":3.39,"visibility":14600,"precipitation":1,"beaufort":2,"humidity":77,"sunshine":50,"hour":7,"pollenindex":5,"windspeed":12,"sunshinepower":104,"sunpower":104},{"datetime":"2020-07-07T08:00:00","datetimeutc":"2020-07-07T06:00:00","timetype":"Hour","precipitationmm":0.0,"temperature":14.6,"feeltemperature":13.6,"cloudcover":61,"iconcode":"b","iconid":19,"sources":1,"winddirection":"NW","winddirectiondegrees":308,"windspeedms":3.93,"visibility":15600,"precipitation":1,"beaufort":2,"humidity":74,"sunshine":41,"hour":8,"pollenindex":5,"windspeed":14,"sunshinepower":217,"sunpower":217},{"datetime":"2020-07-07T09:00:00","datetimeutc":"2020-07-07T07:00:00","timetype":"Hour","precipitationmm":0.0,"temperature":15.2,"feeltemperature":15.2,"cloudcover":58,"iconcode":"b","iconid":22,"sources":1,"winddirection":"NW","winddirectiondegrees":312,"windspeedms":4.01,"visibility":15400,"precipitation":1,"beaufort":3,"humidity":70,"sunshine":35,"hour":9,"pollenindex":5,"windspeed":14,"sunshinepower":338,"sunpower":338},{"datetime":"2020-07-07T10:00:00","datetimeutc":"2020-07-07T08:00:00","timetype":"Hour","precipitationmm":0.0,"temperature":15.7,"feeltemperature":15.7,"cloudcover":53,"iconcode":"b","iconid":22,"sources":1,"winddirection":"NW","winddirectiondegrees":308,"windspeedms":4.1,"visibility":15400,"precipitation":1,"beaufort":3,"humidity":65,"sunshine":38,"hour":10,"pollenindex":6,"windspeed":15,"sunshinepower":455,"sunpower":455},{"datetime":"2020-07-07T11:00:00","datetimeutc":"2020-07-07T09:00:00","timetype":"Hour","precipitationmm":0.0,"temperature":16.2,"feeltemperature":16.2,"cloudcover":48,"iconcode":"j","iconid":22,"sources":1,"winddirection":"NW","winddirectiondegrees":303,"windspeedms":4.33,"visibility":15400,"precipitation":2,"beaufort":3,"humidity":61,"sunshine":43,"hour":11,"pollenindex":7,"windspeed":16,"sunshinepower":555,"sunpower":555},{"datetime":"2020-07-07T12:00:00","datetimeutc":"2020-07-07T10:00:00","timetype":"Hour","precipitationmm":0.0,"temperature":16.6,"feeltemperature":16.6,"cloudcover":49,"iconcode":"j","iconid":22,"sources":1,"winddirection":"NW","winddirectiondegrees":301,"windspeedms":4.7,"visibility":15400,"precipitation":2,"beaufort":3,"humidity":58,"sunshine":48,"hour":12,"pollenindex":7,"windspeed":17,"sunshinepower":632,"sunpower":632},{"datetime":"2020-07-07T13:00:00","datetimeutc":"2020-07-07T11:00:00","timetype":"Hour","precipitationmm":0.0,"temperature":17.0,"feeltemperature":17.0,"cloudcover":52,"iconcode":"b","iconid":22,"sources":1,"winddirection":"NW","winddirectiondegrees":303,"windspeedms":5.04,"visibility":15200,"precipitation":2,"beaufort":3,"humidity":57,"sunshine":48,"hour":13,"pollenindex":7,"windspeed":18,"sunshinepower":665,"sunpower":665},{"datetime":"2020-07-07T14:00:00","datetimeutc":"2020-07-07T12:00:00","timetype":"Hour","precipitationmm":0.0,"temperature":17.4,"feeltemperature":17.4,"cloudcover":51,"iconcode":"b","iconid":22,"sources":1,"winddirection":"NW","winddirectiondegrees":308,"windspeedms":5.22,"visibility":15000,"precipitation":2,"beaufort":3,"humidity":55,"sunshine":45,"hour":14,"pollenindex":7,"windspeed":19,"sunshinepower":673,"sunpower":673},{"datetime":"2020-07-07T15:00:00","datetimeutc":"2020-07-07T13:00:00","timetype":"Hour","precipitationmm":0.0,"temperature":17.7,"feeltemperature":17.7,"cloudcover":43,"iconcode":"j","iconid":22,"sources":1,"winddirection":"NW","winddirectiondegrees":311,"windspeedms":5.27,"visibility":15200,"precipitation":1,"beaufort":3,"humidity":56,"sunshine":45,"hour":15,"pollenindex":7,"windspeed":19,"sunshinepower":665,"sunpower":665},{"datetime":"2020-07-07T16:00:00","datetimeutc":"2020-07-07T14:00:00","timetype":"Hour","precipitationmm":0.0,"temperature":17.9,"feeltemperature":17.9,"cloudcover":31,"iconcode":"j","iconid":19,"sources":1,"winddirection":"NW","winddirectiondegrees":313,"windspeedms":5.32,"visibility":15600,"precipitation":1,"beaufort":3,"humidity":55,"sunshine":55,"hour":16,"pollenindex":7,"windspeed":19,"sunshinepower":625,"sunpower":625},{"datetime":"2020-07-07T17:00:00","datetimeutc":"2020-07-07T15:00:00","timetype":"Hour","precipitationmm":0.0,"temperature":17.8,"feeltemperature":17.8,"cloudcover":37,"iconcode":"j","iconid":4,"sources":1,"winddirection":"NW","winddirectiondegrees":315,"windspeedms":5.11,"visibility":15800,"precipitation":1,"beaufort":3,"humidity":55,"sunshine":66,"hour":17,"pollenindex":7,"windspeed":18,"sunshinepower":548,"sunpower":548},{"datetime":"2020-07-07T18:00:00","datetimeutc":"2020-07-07T16:00:00","timetype":"Hour","precipitationmm":0.0,"temperature":17.5,"feeltemperature":17.5,"cloudcover":37,"iconcode":"j","iconid":4,"sources":1,"winddirection":"NW","winddirectiondegrees":320,"windspeedms":4.74,"visibility":14600,"precipitation":1,"beaufort":3,"humidity":56,"sunshine":60,"hour":18,"pollenindex":7,"windspeed":17,"sunshinepower":440,"sunpower":440},{"datetime":"2020-07-07T19:00:00","datetimeutc":"2020-07-07T17:00:00","timetype":"Hour","precipitationmm":0.0,"temperature":16.9,"feeltemperature":16.9,"cloudcover":33,"iconcode":"j","iconid":19,"sources":1,"winddirection":"NW","winddirectiondegrees":324,"windspeedms":4.26,"visibility":14800,"precipitation":0,"beaufort":3,"humidity":58,"sunshine":60,"hour":19,"pollenindex":6,"windspeed":15,"sunshinepower":320,"sunpower":320},{"datetime":"2020-07-07T20:00:00","datetimeutc":"2020-07-07T18:00:00","timetype":"Hour","precipitationmm":0.0,"temperature":16.3,"feeltemperature":16.3,"cloudcover":16,"iconcode":"j","iconid":19,"sources":1,"winddirection":"NW","winddirectiondegrees":328,"windspeedms":3.68,"visibility":14400,"precipitation":0,"beaufort":2,"humidity":61,"sunshine":65,"hour":20,"pollenindex":6,"windspeed":13,"sunshinepower":193,"sunpower":193},{"datetime":"2020-07-07T21:00:00","datetimeutc":"2020-07-07T19:00:00","timetype":"Hour","precipitationmm":0.0,"temperature":15.6,"feeltemperature":15.6,"cloudcover":35,"iconcode":"j","iconid":22,"sources":1,"winddirection":"NW","winddirectiondegrees":331,"windspeedms":2.95,"visibility":13200,"precipitation":0,"beaufort":2,"humidity":64,"sunshine":83,"hour":21,"pollenindex":6,"windspeed":11,"sunshinepower":73,"sunpower":73},{"datetime":"2020-07-07T22:00:00","datetimeutc":"2020-07-07T20:00:00","timetype":"Hour","precipitationmm":0.0,"temperature":14.9,"feeltemperature":14.9,"cloudcover":35,"iconcode":"j","iconid":13,"sources":1,"winddirection":"NW","winddirectiondegrees":331,"windspeedms":2.24,"visibility":12410,"precipitation":0,"beaufort":2,"humidity":67,"sunshine":63,"hour":22,"pollenindex":5,"windspeed":8,"sunshinepower":0,"sunpower":0},{"datetime":"2020-07-07T23:00:00","datetimeutc":"2020-07-07T21:00:00","timetype":"Hour","precipitationmm":0.0,"temperature":14.3,"feeltemperature":14.3,"cloudcover":37,"iconcode":"jj","iconid":13,"sources":1,"winddirection":"NW","winddirectiondegrees":332,"windspeedms":1.98,"visibility":12210,"precipitation":0,"beaufort":1,"humidity":71,"sunshine":5,"hour":23,"pollenindex":5,"windspeed":7,"sunshinepower":0,"sunpower":0}],"datetime":"2020-07-07T00:00:00","datetimeutc":"2020-07-06T22:00:00","timetype":"Day","precipitationmm":0.0,"mintemperature":11.7,"maxtemperature":17.9,"cloudcover":25,"iconcode":"j","iconid":2,"sources":1,"winddirection":"NW","winddirectiondegrees":315,"windspeedms":3.8,"precipitation":2,"beaufort":2,"uvindex":6,"bbqindex":6,"mosquitoindex":7,"pollenindex":5,"icescrapeindex":1,"mintemp":11.7,"maxtemp":17.9,"windspeed":4},{"date":"2020-07-08T00:00:00","sunrise":"2020-07-08T05:29:13","sunset":"2020-07-08T22:01:29","hours":[{"datetime":"2020-07-08T00:00:00","datetimeutc":"2020-07-07T22:00:00","timetype":"Hour","precipitationmm":0.0,"temperature":13.6,"feeltemperature":13.6,"cloudcover":37,"iconcode":"jj","iconid":13,"sources":1,"winddirection":"NW","winddirectiondegrees":326,"windspeedms":2.16,"visibility":12210,"precipitation":0,"beaufort":2,"humidity":75,"sunshine":0,"hour":0,"pollenindex":5,"windspeed":8,"sunshinepower":0,"sunpower":0},{"datetime":"2020-07-08T01:00:00","datetimeutc":"2020-07-07T23:00:00","timetype":"Hour","precipitationmm":0.0,"temperature":13.1,"feeltemperature":13.1,"cloudcover":37,"iconcode":"jj","iconid":5,"sources":1,"winddirection":"NW","winddirectiondegrees":321,"windspeedms":1.93,"visibility":12020,"precipitation":0,"beaufort":1,"humidity":78,"sunshine":0,"hour":1,"pollenindex":5,"windspeed":7,"sunshinepower":0,"sunpower":0},{"datetime":"2020-07-08T02:00:00","datetimeutc":"2020-07-08T00:00:00","timetype":"Hour","precipitationmm":0.0,"temperature":12.6,"feeltemperature":12.6,"cloudcover":0,"iconcode":"aa","iconid":5,"sources":1,"winddirection":"NW","winddirectiondegrees":317,"windspeedms":1.89,"visibility":10830,"precipitation":0,"beaufort":1,"humidity":80,"sunshine":0,"hour":2,"pollenindex":4,"windspeed":7,"sunshinepower":0,"sunpower":0},{"datetime":"2020-07-08T03:00:00","datetimeutc":"2020-07-08T01:00:00","timetype":"Hour","precipitationmm":0.0,"temperature":12.2,"feeltemperature":12.2,"cloudcover":4,"iconcode":"aa","iconid":13,"sources":1,"winddirection":"NW","winddirectiondegrees":318,"windspeedms":2.59,"visibility":10220,"precipitation":0,"beaufort":2,"humidity":79,"sunshine":0,"hour":3,"pollenindex":5,"windspeed":9,"sunshinepower":0,"sunpower":0},{"datetime":"2020-07-08T04:00:00","datetimeutc":"2020-07-08T02:00:00","timetype":"Hour","precipitationmm":0.0,"temperature":12.0,"feeltemperature":12.0,"cloudcover":8,"iconcode":"aa","iconid":13,"sources":1,"winddirection":"NW","winddirectiondegrees":320,"windspeedms":2.89,"visibility":10010,"precipitation":0,"beaufort":2,"humidity":81,"sunshine":0,"hour":4,"pollenindex":4,"windspeed":10,"sunshinepower":0,"sunpower":0},{"datetime":"2020-07-08T05:00:00","datetimeutc":"2020-07-08T03:00:00","timetype":"Hour","precipitationmm":0.0,"temperature":12.1,"feeltemperature":12.1,"cloudcover":37,"iconcode":"jj","iconid":8,"sources":1,"winddirection":"NW","winddirectiondegrees":323,"windspeedms":2.6,"visibility":10400,"precipitation":0,"beaufort":2,"humidity":80,"sunshine":0,"hour":5,"pollenindex":4,"windspeed":9,"sunshinepower":0,"sunpower":0},{"datetime":"2020-07-08T06:00:00","datetimeutc":"2020-07-08T04:00:00","timetype":"Hour","precipitationmm":0.0,"temperature":12.3,"feeltemperature":12.3,"cloudcover":37,"iconcode":"j","iconid":8,"sources":1,"winddirection":"NW","winddirectiondegrees":326,"windspeedms":2.94,"visibility":10800,"precipitation":0,"beaufort":2,"humidity":80,"sunshine":33,"hour":6,"pollenindex":4,"windspeed":11,"sunshinepower":21,"sunpower":21},{"datetime":"2020-07-08T07:00:00","datetimeutc":"2020-07-08T05:00:00","timetype":"Hour","precipitationmm":0.0,"temperature":12.8,"feeltemperature":12.8,"cloudcover":38,"iconcode":"j","iconid":20,"sources":1,"winddirection":"NW","winddirectiondegrees":322,"windspeedms":2.67,"visibility":11610,"precipitation":0,"beaufort":2,"humidity":78,"sunshine":60,"hour":7,"pollenindex":5,"windspeed":10,"sunshinepower":106,"sunpower":106},{"datetime":"2020-07-08T08:00:00","datetimeutc":"2020-07-08T06:00:00","timetype":"Hour","precipitationmm":0.0,"temperature":13.4,"feeltemperature":13.4,"cloudcover":37,"iconcode":"j","iconid":4,"sources":1,"winddirection":"NW","winddirectiondegrees":312,"windspeedms":3.0,"visibility":12200,"precipitation":1,"beaufort":2,"humidity":76,"sunshine":58,"hour":8,"pollenindex":5,"windspeed":11,"sunshinepower":226,"sunpower":226},{"datetime":"2020-07-08T09:00:00","datetimeutc":"2020-07-08T07:00:00","timetype":"Hour","precipitationmm":0.0,"temperature":14.3,"feeltemperature":14.3,"cloudcover":37,"iconcode":"j","iconid":20,"sources":1,"winddirection":"W","winddirectiondegrees":286,"windspeedms":2.24,"visibility":12800,"precipitation":1,"beaufort":2,"humidity":73,"sunshine":60,"hour":9,"pollenindex":5,"windspeed":8,"sunshinepower":355,"sunpower":355},{"datetime":"2020-07-08T10:00:00","datetimeutc":"2020-07-08T08:00:00","timetype":"Hour","precipitationmm":0.0,"temperature":15.2,"feeltemperature":15.2,"cloudcover":39,"iconcode":"j","iconid":20,"sources":1,"winddirection":"ZW","winddirectiondegrees":230,"windspeedms":2.16,"visibility":13600,"precipitation":1,"beaufort":2,"humidity":68,"sunshine":60,"hour":10,"pollenindex":6,"windspeed":8,"sunshinepower":482,"sunpower":482},{"datetime":"2020-07-08T11:00:00","datetimeutc":"2020-07-08T09:00:00","timetype":"Hour","precipitationmm":0.0,"temperature":16.2,"feeltemperature":16.2,"cloudcover":39,"iconcode":"j","iconid":5,"sources":1,"winddirection":"ZW","winddirectiondegrees":221,"windspeedms":2.21,"visibility":14600,"precipitation":1,"beaufort":2,"humidity":62,"sunshine":58,"hour":11,"pollenindex":7,"windspeed":8,"sunshinepower":582,"sunpower":582},{"datetime":"2020-07-08T12:00:00","datetimeutc":"2020-07-08T10:00:00","timetype":"Hour","precipitationmm":0.0,"temperature":17.2,"feeltemperature":17.2,"cloudcover":37,"iconcode":"j","iconid":20,"sources":1,"winddirection":"ZW","winddirectiondegrees":236,"windspeedms":2.19,"visibility":15800,"precipitation":1,"beaufort":2,"humidity":55,"sunshine":58,"hour":12,"pollenindex":7,"windspeed":8,"sunshinepower":699,"sunpower":699},{"datetime":"2020-07-08T13:00:00","datetimeutc":"2020-07-08T11:00:00","timetype":"Hour","precipitationmm":0.0,"temperature":17.9,"feeltemperature":17.9,"cloudcover":37,"iconcode":"j","iconid":20,"sources":1,"winddirection":"ZW","winddirectiondegrees":238,"windspeedms":2.29,"visibility":16800,"precipitation":1,"beaufort":2,"humidity":53,"sunshine":61,"hour":13,"pollenindex":7,"windspeed":8,"sunshinepower":519,"sunpower":519},{"datetime":"2020-07-08T14:00:00","datetimeutc":"2020-07-08T12:00:00","timetype":"Hour","precipitationmm":0.0,"temperature":18.5,"feeltemperature":18.5,"cloudcover":30,"iconcode":"j","iconid":20,"sources":1,"winddirection":"ZW","winddirectiondegrees":225,"windspeedms":2.6,"visibility":18200,"precipitation":1,"beaufort":2,"humidity":51,"sunshine":61,"hour":14,"pollenindex":7,"windspeed":9,"sunshinepower":0,"sunpower":0}],"datetime":"2020-07-08T00:00:00","datetimeutc":"2020-07-07T22:00:00","timetype":"Day","precipitationmm":0.0,"mintemperature":12.0,"maxtemperature":18.5,"cloudcover":25,"iconcode":"j","iconid":2,"sources":1,"winddirection":"NW","winddirectiondegrees":315,"windspeedms":2.63,"precipitation":2,"beaufort":2,"mosquitoindex":8,"pollenindex":5,"icescrapeindex":1,"mintemp":12.0,"maxtemp":18.5,"windspeed":3},{"date":"2020-07-09T00:00:00","sunrise":"2020-07-09T05:30:15","sunset":"2020-07-09T22:00:42","datetime":"2020-07-09T00:00:00","datetimeutc":"2020-07-08T22:00:00","timetype":"Day","precipitationmm":0.0,"mintemperature":15.0,"maxtemperature":19.7,"cloudcover":25,"iconcode":"j","iconid":2,"sources":1,"winddirection":"NW","winddirectiondegrees":315,"windspeedms":1.95,"precipitation":2,"beaufort":1,"pollenindex":5,"mintemp":15.0,"maxtemp":19.7,"windspeed":2},{"date":"2020-07-10T00:00:00","sunrise":"2020-07-10T05:31:20","sunset":"2020-07-10T21:59:53","datetime":"2020-07-10T00:00:00","datetimeutc":"2020-07-09T22:00:00","timetype":"Day","precipitationmm":0.0,"mintemperature":15.9,"maxtemperature":19.5,"cloudcover":75,"iconcode":"r","iconid":3,"sources":1,"winddirection":"N","winddirectiondegrees":0,"windspeedms":2.34,"precipitation":1,"beaufort":2,"pollenindex":5,"mintemp":15.9,"maxtemp":19.5,"windspeed":2},{"date":"2020-07-11T00:00:00","sunrise":"2020-07-11T05:32:26","sunset":"2020-07-11T21:59:01","datetime":"2020-07-11T00:00:00","datetimeutc":"2020-07-10T22:00:00","timetype":"Day","precipitationmm":0.0,"mintemperature":15.9,"maxtemperature":20.8,"cloudcover":25,"iconcode":"j","iconid":2,"sources":1,"winddirection":"NO","winddirectiondegrees":45,"windspeedms":2.74,"precipitation":1,"beaufort":2,"pollenindex":5,"mintemp":15.9,"maxtemp":20.8,"windspeed":3},{"date":"2020-07-12T00:00:00","sunrise":"2020-07-12T05:33:35","sunset":"2020-07-12T21:58:06","datetime":"2020-07-12T00:00:00","datetimeutc":"2020-07-11T22:00:00","timetype":"Day","precipitationmm":0.0,"mintemperature":17.1,"maxtemperature":22.5,"cloudcover":0,"iconcode":"a","iconid":1,"sources":1,"winddirection":"NO","winddirectiondegrees":45,"windspeedms":3.03,"precipitation":1,"beaufort":2,"pollenindex":5,"mintemp":17.1,"maxtemp":22.5,"windspeed":3},{"date":"2020-07-13T00:00:00","sunrise":"2020-07-13T05:34:45","sunset":"2020-07-13T21:57:08","datetime":"2020-07-13T00:00:00","datetimeutc":"2020-07-12T22:00:00","timetype":"Day","precipitationmm":0.0,"mintemperature":17.6,"maxtemperature":21.9,"cloudcover":0,"iconcode":"a","iconid":1,"sources":1,"winddirection":"N","winddirectiondegrees":0,"windspeedms":4.26,"precipitation":1,"beaufort":3,"pollenindex":5,"mintemp":17.6,"maxtemp":21.9,"windspeed":4},{"date":"2020-07-14T00:00:00","sunrise":"2020-07-14T05:35:58","sunset":"2020-07-14T21:56:08","datetime":"2020-07-14T00:00:00","datetimeutc":"2020-07-13T22:00:00","timetype":"Day","precipitationmm":1.5,"mintemperature":16.9,"maxtemperature":20.3,"cloudcover":25,"iconcode":"f","iconid":16,"sources":1,"winddirection":"N","winddirectiondegrees":0,"windspeedms":4.19,"precipitation":57,"beaufort":3,"pollenindex":5,"mintemp":16.9,"maxtemp":20.3,"windspeed":4},{"date":"2020-07-15T00:00:00","sunrise":"2020-07-15T05:37:12","sunset":"2020-07-15T21:55:04","datetime":"2020-07-15T00:00:00","datetimeutc":"2020-07-14T22:00:00","timetype":"Day","precipitationmm":0.0,"mintemperature":16.4,"maxtemperature":20.4,"cloudcover":25,"iconcode":"j","iconid":2,"sources":1,"winddirection":"N","winddirectiondegrees":0,"windspeedms":3.96,"precipitation":2,"beaufort":2,"pollenindex":5,"mintemp":16.4,"maxtemp":20.4,"windspeed":4}]}