{"location":{"lat":52.37,"lon":4.89},"timeOffset":2.0,"timestamp":"2020-07-14T09:52:53","altitude":0,"elevation":0,"machinename":"None","elapsedms":0,"pollenindexNowDay":5,"pollenindexNowHour":3,"nowrelevant":{"values":[{"type":"pollenindex","value":5},{"type":"maxtemperature","value":18.2}]},"days":[{"date":"2020-07-14T00:00:00","sunrise":"2020-07-14T05:35:58","sunset":"2020-07-14T21:56:08","afternoon":{"datetime":"2020-07-14T12:00:00","datetimeutc":"2020-07-14T10:00:00","timetype":"Afternoon","precipitationmm":1.5,"mintemperature":17.2,"maxtemperature":18.2,"cloudcover":99,"iconcode":"m","iconid":33,"sources":1,"winddirection":"NW","winddirectiondegrees":302,"windspeedms":3.1,"visibility":9520,"precipitation":77,"beaufort":2,"humidity":84,"sunshine":0,"hour":12,"mintemp":17.2,"maxtemp":18.2,"windspeed":11,"sunshinepower":249,"sunpower":249},"evening":{"datetime":"2020-07-14T18:00:00","datetimeutc":"2020-07-14T16:00:00","timetype":"Evening","precipitationmm":0.0,"mintemperature":14.8,"maxtemperature":17.0,"cloudcover":61,"iconcode":"b","iconid":22,"sources":1,"winddirection":"NW","winddirectiondegrees":327,"windspeedms":3.2,"visibility":11193,"precipitation":0,"beaufort":2,"humidity":79,"sunshine":21,"hour":18,"mintemp":14.8,"maxtemp":17.0,"windspeed":12,"sunshinepower":77,"sunpower":77},"hours":[{"datetime":"2020-07-14T12:00:00","datetimeutc":"2020-07-14T10:00:00","timetype":"Hour","precipitationmm":0.0,"temperature":18.2,"feeltemperature":18.2,"cloudcover":100,"iconcode":"c","iconid":33,"sources":3,"winddirection":"W","winddirectiondegrees":279,"windspeedms":3.4,"visibility":9820,"precipitation":4,"beaufort":2,"humidity":83,"sunshine":0,"hour":12,"pollenindex":3,"windspeed":12,"sunshinepower":200,"sunpower":200},{"datetime":"2020-07-14T13:00:00","datetimeutc":"2020-07-14T11:00:00","timetype":"Hour","precipitationmm":0.0,"temperature":17.9,"feeltemperature":17.9,"cloudcover":100,"iconcode":"c","iconid":22,"sources":3,"winddirection":"W","winddirectiondegrees":291,"windspeedms":3.1,"visibility":9820,"precipitation":4,"beaufort":2,"humidity":85,"sunshine":0,"hour":13,"pollenindex":3,"windspeed":11,"sunshinepower":274,"sunpower":274},{"datetime":"2020-07-14T14:00:00","datetimeutc":"2020-07-14T12:00:00","timetype":"Hour","precipitationmm":0.0,"temperature":17.6,"feeltemperature":17.6,"cloudcover":100,"iconcode":"c","iconid":33,"sources":2,"winddirection":"NW","winddirectiondegrees":303,"windspeedms":3.1,"visibility":9620,"precipitation":3,"beaufort":2,"humidity":86,"sunshine":0,"hour":14,"pollenindex":3,"windspeed":11,"sunshinepower":302,"sunpower":302},{"datetime":"2020-07-14T15:00:00","datetimeutc":"2020-07-14T13:00:00","timetype":"Hour","precipitationmm":1.3,"temperature":17.4,"feeltemperature":17.4,"cloudcover":100,"iconcode":"m","iconid":21,"sources":2,"winddirection":"W","winddirectiondegrees":279,"windspeedms":2.9,"visibility":9020,"precipitation":81,"beaufort":2,"humidity":86,"sunshine":0,"hour":15,"pollenindex":3,"windspeed":10,"sunshinepower":313,"sunpower":313},{"datetime":"2020-07-14T16:00:00","datetimeutc":"2020-07-14T14:00:00","timetype":"Hour","precipitationmm":0.1,"temperature":17.2,"feeltemperature":17.2,"cloudcover":100,"iconcode":"m","iconid":22,"sources":2,"winddirection":"NW","winddirectiondegrees":325,"windspeedms":2.7,"visibility":9420,"precipitation":79,"beaufort":2,"humidity":85,"sunshine":0,"hour":16,"pollenindex":3,"windspeed":10,"sunshinepower":241,"sunpower":241},{"datetime":"2020-07-14T17:00:00","datetimeutc":"2020-07-14T15:00:00","timetype":"Hour","precipitationmm":0.1,"temperature":17.2,"feeltemperature":17.2,"cloudcover":98,"iconcode":"m","iconid":22,"sources":2,"winddirection":"N","winddirectiondegrees":338,"windspeedms":3.5,"visibility":9420,"precipitation":82,"beaufort":2,"humidity":84,"sunshine":0,"hour":17,"pollenindex":3,"windspeed":13,"sunshinepower":165,"sunpower":165},{"datetime":"2020-07-14T18:00:00","datetimeutc":"2020-07-14T16:00:00","timetype":"Hour","precipitationmm":0.0,"temperature":17.0,"feeltemperature":17.0,"cloudcover":80,"iconcode":"r","iconid":22,"sources":2,"winddirection":"NW","winddirectiondegrees":329,"windspeedms":3.8,"visibility":10620,"precipitation":1,"beaufort":2,"humidity":82,"sunshine":0,"hour":18,"pollenindex":3,"windspeed":14,"sunshinepower":176,"sunpower":176},{"datetime":"2020-07-14T19:00:00","datetimeutc":"2020-07-14T17:00:00","timetype":"Hour","precipitationmm":0.0,"temperature":16.8,"feeltemperature":16.8,"cloudcover":67,"iconcode":"b","iconid":22,"sources":2,"winddirection":"NW","winddirectiondegrees":327,"windspeedms":3.6,"visibility":11820,"precipitation":1,"beaufort":2,"humidity":80,"sunshine":15,"hour":19,"pollenindex":3,"windspeed":13,"sunshinepower":150,"sunpower":150},{"datetime":"2020-07-14T20:00:00","datetimeutc":"2020-07-14T18:00:00","timetype":"Hour","precipitationmm":0.0,"temperature":16.6,"feeltemperature":16.6,"cloudcover":57,"iconcode":"b","iconid":22,"sources":2,"winddirection":"NW","winddirectiondegrees":325,"windspeedms":3.3,"visibility":13220,"precipitation":0,"beaufort":2,"humidity":78,"sunshine":28,"hour":20,"pollenindex":4,"windspeed":12,"sunshinepower":100,"sunpower":100},{"datetime":"2020-07-14T21:00:00","datetimeutc":"2020-07-14T19:00:00","timetype":"Hour","precipitationmm":0.0,"temperature":16.1,"feeltemperature":16.1,"cloudcover":47,"iconcode":"j","iconid":8,"sources":2,"winddirection":"NW","winddirectiondegrees":321,"windspeedms":3.1,"visibility":13410,"precipitation":0,"beaufort":2,"humidity":78,"sunshine":40,"hour":21,"pollenindex":4,"windspeed":11,"sunshinepower":39,"sunpower":39},{"datetime":"2020-07-14T22:00:00","datetimeutc":"2020-07-14T20:00:00","timetype":"Hour","precipitationmm":0.0,"temperature":15.5,"feeltemperature":15.5,"cloudcover":49,"iconcode":"jj","iconid":22,"sources":2,"winddirection":"NW","winddirectiondegrees":328,"windspeedms":2.7,"visibility":9630,"precipitation":0,"beaufort":2,"humidity":79,"sunshine":48,"hour":22,"pollenindex":3,"windspeed":10,"sunshinepower":0,"sunpower":0},{"datetime":"2020-07-14T23:00:00","datetimeutc":"2020-07-14T21:00:00","timetype":"Hour","precipitationmm":0.0,"temperature":14.8,"feeltemperature":14.8,"cloudcover":68,"iconcode":"bb","iconid":16,"sources":2,"winddirection":"NW","winddirectiondegrees":332,"windspeedms":2.6,"visibility":8460,"precipitation":0,"beaufort":2,"humidity":81,"sunshine":0,"hour":23,"pollenindex":3,"windspeed":9,"sunshinepower":0,"sunpower":0}],"datetime":"2020-07-14T00:00:00","datetimeutc":"2020-07-13T22:00:00","timetype":"Day","precipitationmm":2.5,"mintemperature":14.8,"maxtemperature":18.2,"cloudcover":80,"iconcode":"m","iconid":16,"sources":2,"winddirection":"ZW","winddirectiondegrees":225,"windspeedms":3.2,"visibility":10356,"precipitation":43,"beaufort":2,"humidity":82,"sunshine":10,"uvindex":2,"bbqindex":5,"mosquitoindex":7,"pollenindex":5,"mintemp":14.8,"maxtemp":18.2,"windspeed":3,"sunshinepower":163,"sunpower":163},{"date":"2020-07-15T00:00:00","sunrise":"2020-07-15T05:37:12","sunset":"2020-07-15T21:55:04","morning":{"datetime":"2020-07-15T07:00:00","datetimeutc":"2020-07-15T05:00:00","timetype":"Morning","precipitationmm":0.0,"mintemperature":13.8,"maxtemperature":17.5,"cloudcover":29,"iconcode":"n","iconid":16,"sources":1,"winddirection":"NW","winddirectiondegrees":312,"windspeedms":1.6,"visibility":5012,"precipitation":0,"beaufort":1,"humidity":73,"sunshine":72,"hour":7,"mintemp":13.8,"maxtemp":17.5,"windspeed":6,"sunshinepower":344,"sunpower":344},"afternoon":{"datetime":"2020-07-15T12:00:00","datetimeutc":"2020-07-15T10:00:00","timetype":"Afternoon","precipitationmm":0.0,"mintemperature":18.5,"maxtemperature":20.1,"cloudcover":60,"iconcode":"b","iconid":7,"sources":1,"winddirection":"NW","winddirectiondegrees":297,"windspeedms":3.4,"visibility":20580,"precipitation":0,"beaufort":2,"humidity":55,"sunshine":39,"hour":12,"mintemp":18.5,"maxtemp":20.1,"windspeed":12,"sunshinepower":615,"sunpower":615},"evening":{"datetime":"2020-07-15T18:00:00","datetimeutc":"2020-07-15T16:00:00","timetype":"Evening","precipitationmm":0.0,"mintemperature":16.2,"maxtemperature":19.4,"cloudcover":59,"iconcode":"b","iconid":21,"sources":1,"winddirection":"W","winddirectiondegrees":286,"windspeedms":2.3,"visibility":18425,"precipitation":0,"beaufort":2,"humidity":65,"sunshine":40,"hour":18,"mintemp":16.2,"maxtemp":19.4,"windspeed":8,"sunshinepower":151,"sunpower":151},"night":{"datetime":"2020-07-15T00:00:00","datetimeutc":"2020-07-14T22:00:00","timetype":"Night","precipitationmm":0.0,"mintemperature":12.4,"maxtemperature":14.0,"cloudcover":54,"iconcode":"n","iconid":19,"sources":1,"winddirection":"NW","winddirectiondegrees":318,"windspeedms":1.8,"visibility":2594,"precipitation":0,"beaufort":1,"humidity":88,"sunshine":2,"hour":0,"mintemp":12.4,"maxtemp":14.0,"windspeed":6,"sunshinepower":2,"sunpower":2},"hours":[{"datetime":"2020-07-15T00:00:00","datetimeutc":"2020-07-14T22:00:00","timetype":"Hour","precipitationmm":0.0,"temperature":14.0,"feeltemperature":14.0,"cloudcover":72,"iconcode":"rr","iconid":19,"sources":2,"winddirection":"NW","winddirectiondegrees":332,"windspeedms":2.2,"visibility":8860,"precipitation":0,"beaufort":2,"humidity":84,"sunshine":0,"hour":0,"pollenindex":3,"windspeed":8,"sunshinepower":0,"sunpower":0},{"datetime":"2020-07-15T01:00:00","datetimeutc":"2020-07-14T23:00:00","timetype":"Hour","precipitationmm":0.0,"temperature":13.5,"feeltemperature":13.5,"cloudcover":70,"iconcode":"rr","iconid":16,"sources":2,"winddirection":"NW","winddirectiondegrees":333,"windspeedms":2.1,"visibility":8260,"precipitation":0,"beaufort":2,"humidity":86,"sunshine":0,"hour":1,"pollenindex":3,"windspeed":8,"sunshinepower":0,"sunpower":0},{"datetime":"2020-07-15T02:00:00","datetimeutc":"2020-07-15T00:00:00","timetype":"Hour","precipitationmm":0.0,"temperature":13.1,"feeltemperature":13.1,"cloudcover":62,"iconcode":"nn","iconid":16,"sources":2,"winddirection":"NW","winddirectiondegrees":323,"windspeedms":1.7,"visibility":260,"precipitation":0,"beaufort":1,"humidity":88,"sunshine":0,"hour":2,"pollenindex":3,"windspeed":6,"sunshinepower":0,"sunpower":0},{"datetime":"2020-07-15T03:00:00","datetimeutc":"2020-07-15T01:00:00","timetype":"Hour","precipitationmm":0.0,"temperature":12.8,"feeltemperature":12.8,"cloudcover":45,"iconcode":"nn","iconid":16,"sources":2,"winddirection":"NW","winddirectiondegrees":309,"windspeedms":1.7,"visibility":260,"precipitation":0,"beaufort":1,"humidity":89,"sunshine":0,"hour":3,"pollenindex":3,"windspeed":6,"sunshinepower":0,"sunpower":0},{"datetime":"2020-07-15T04:00:00","datetimeutc":"2020-07-15T02:00:00","timetype":"Hour","precipitationmm":0.0,"temperature":12.4,"feeltemperature":12.4,"cloudcover":48,"iconcode":"nn","iconid":16,"sources":2,"winddirection":"NW","winddirectiondegrees":305,"windspeedms":1.7,"visibility":60,"precipitation":0,"beaufort":1,"humidity":91,"sunshine":0,"hour":4,"pollenindex":3,"windspeed":6,"sunshinepower":0,"sunpower":0},{"datetime":"2020-07-15T05:00:00","datetimeutc":"2020-07-15T03:00:00","timetype":"Hour","precipitationmm":0.0,"temperature":12.4,"feeltemperature":12.4,"cloudcover":47,"iconcode":"nn","iconid":16,"sources":2,"winddirection":"NW","winddirectiondegrees":311,"windspeedms":1.8,"visibility":240,"precipitation":0,"beaufort":1,"humidity":92,"sunshine":0,"hour":5,"pollenindex":3,"windspeed":6,"sunshinepower":0,"sunpower":0},{"datetime":"2020-07-15T06:00:00","datetimeutc":"2020-07-15T04:00:00","timetype":"Hour","precipitationmm":0.0,"temperature":12.8,"feeltemperature":12.8,"cloudcover":35,"iconcode":"n","iconid":16,"sources":2,"winddirection":"NW","winddirectiondegrees":315,"windspeedms":1.7,"visibility":220,"precipitation":0,"beaufort":1,"humidity":89,"sunshine":20,"hour":6,"pollenindex":3,"windspeed":6,"sunshinepower":15,"sunpower":15},{"datetime":"2020-07-15T07:00:00","datetimeutc":"2020-07-15T05:00:00","timetype":"Hour","precipitationmm":0.0,"temperature":13.8,"feeltemperature":13.8,"cloudcover":18,"iconcode":"n","iconid":16,"sources":2,"winddirection":"NW","winddirectiondegrees":320,"windspeedms":1.7,"visibility":20,"precipitation":0,"beaufort":1,"humidity":84,"sunshine":63,"hour":7,"pollenindex":3,"windspeed":6,"sunshinepower":91,"sunpower":91},{"datetime":"2020-07-15T08:00:00","datetimeutc":"2020-07-15T06:00:00","timetype":"Hour","precipitationmm":0.0,"temperature":14.9,"feeltemperature":14.9,"cloudcover":10,"iconcode":"n","iconid":16,"sources":2,"winddirection":"NW","winddirectiondegrees":327,"windspeedms":1.6,"visibility":10,"precipitation":0,"beaufort":1,"humidity":78,"sunshine":81,"hour":8,"pollenindex":4,"windspeed":6,"sunshinepower":212,"sunpower":212},{"datetime":"2020-07-15T09:00:00","datetimeutc":"2020-07-15T07:00:00","timetype":"Hour","precipitationmm":0.0,"temperature":15.8,"feeltemperature":15.8,"cloudcover":22,"iconcode":"n","iconid":16,"sources":2,"winddirection":"NW","winddirectiondegrees":319,"windspeedms":1.4,"visibility":410,"precipitation":0,"beaufort":1,"humidity":74,"sunshine":88,"hour":9,"pollenindex":4,"windspeed":5,"sunshinepower":341,"sunpower":341},{"datetime":"2020-07-15T10:00:00","datetimeutc":"2020-07-15T08:00:00","timetype":"Hour","precipitationmm":0.0,"temperature":16.6,"feeltemperature":16.6,"cloudcover":42,"iconcode":"j","iconid":7,"sources":2,"winddirection":"NW","winddirectiondegrees":301,"windspeedms":1.5,"visibility":9810,"precipitation":0,"beaufort":1,"humidity":69,"sunshine":76,"hour":10,"pollenindex":4,"windspeed":5,"sunshinepower":481,"sunpower":481},{"datetime":"2020-07-15T11:00:00","datetimeutc":"2020-07-15T09:00:00","timetype":"Hour","precipitationmm":0.0,"temperature":17.5,"feeltemperature":17.5,"cloudcover":57,"iconcode":"b","iconid":7,"sources":2,"winddirection":"NW","winddirectiondegrees":297,"windspeedms":1.8,"visibility":14810,"precipitation":0,"beaufort":1,"humidity":64,"sunshine":55,"hour":11,"pollenindex":4,"windspeed":6,"sunshinepower":596,"sunpower":596},{"datetime":"2020-07-15T12:00:00","datetimeutc":"2020-07-15T10:00:00","timetype":"Hour","precipitationmm":0.0,"temperature":18.5,"feeltemperature":18.5,"cloudcover":57,"iconcode":"b","iconid":7,"sources":2,"winddirection":"W","winddirectiondegrees":286,"windspeedms":2.4,"visibility":18220,"precipitation":0,"beaufort":2,"humidity":60,"sunshine":40,"hour":12,"pollenindex":5,"windspeed":9,"sunshinepower":661,"sunpower":661},{"datetime":"2020-07-15T13:00:00","datetimeutc":"2020-07-15T11:00:00","timetype":"Hour","precipitationmm":0.0,"temperature":19.3,"feeltemperature":19.3,"cloudcover":51,"iconcode":"b","iconid":7,"sources":2,"winddirection":"NW","winddirectiondegrees":300,"windspeedms":2.8,"visibility":20220,"precipitation":0,"beaufort":2,"humidity":56,"sunshine":40,"hour":13,"pollenindex":5,"windspeed":10,"sunshinepower":676,"sunpower":676},{"datetime":"2020-07-15T14:00:00","datetimeutc":"2020-07-15T12:00:00","timetype":"Hour","precipitationmm":0.0,"temperature":19.8,"feeltemperature":19.8,"cloudcover":48,"iconcode":"j","iconid":7,"sources":2,"winddirection":"NW","winddirectiondegrees":297,"windspeedms":3.4,"visibility":21810,"precipitation":0,"beaufort":2,"humidity":54,"sunshine":45,"hour":14,"pollenindex":5,"windspeed":12,"sunshinepower":655,"sunpower":655},{"datetime":"2020-07-15T15:00:00","datetimeutc":"2020-07-15T13:00:00","timetype":"Hour","precipitationmm":0.0,"temperature":20.1,"feeltemperature":20.1,"cloudcover":51,"iconcode":"b","iconid":8,"sources":2,"winddirection":"NW","winddirectiondegrees":298,"windspeedms":3.8,"visibility":22210,"precipitation":0,"beaufort":2,"humidity":54,"sunshine":50,"hour":15,"pollenindex":5,"windspeed":14,"sunshinepower":624,"sunpower":624},{"datetime":"2020-07-15T16:00:00","datetimeutc":"2020-07-15T14:00:00","timetype":"Hour","precipitationmm":0.0,"temperature":20.0,"feeltemperature":20.0,"cloudcover":76,"iconcode":"r","iconid":22,"sources":2,"winddirection":"NW","winddirectiondegrees":301,"windspeedms":4.0,"visibility":21010,"precipitation":0,"beaufort":3,"humidity":54,"sunshine":45,"hour":16,"pollenindex":5,"windspeed":14,"sunshinepower":575,"sunpower":575},{"datetime":"2020-07-15T17:00:00","datetimeutc":"2020-07-15T15:00:00","timetype":"Hour","precipitationmm":0.0,"temperature":19.8,"feeltemperature":19.8,"cloudcover":78,"iconcode":"r","iconid":22,"sources":2,"winddirection":"NW","winddirectiondegrees":301,"windspeedms":3.8,"visibility":20010,"precipitation":0,"beaufort":2,"humidity":56,"sunshine":18,"hour":17,"pollenindex":5,"windspeed":14,"sunshinepower":501,"sunpower":501},{"datetime":"2020-07-15T18:00:00","datetimeutc":"2020-07-15T16:00:00","timetype":"Hour","precipitationmm":0.0,"temperature":19.4,"feeltemperature":19.4,"cloudcover":51,"iconcode":"b","iconid":21,"sources":2,"winddirection":"NW","winddirectiondegrees":302,"windspeedms":3.4,"visibility":19620,"precipitation":0,"beaufort":2,"humidity":58,"sunshine":16,"hour":18,"pollenindex":5,"windspeed":12,"sunshinepower":400,"sunpower":400},{"datetime":"2020-07-15T19:00:00","datetimeutc":"2020-07-15T17:00:00","timetype":"Hour","precipitationmm":0.0,"temperature":18.8,"feeltemperature":18.8,"cloudcover":40,"iconcode":"j","iconid":21,"sources":2,"winddirection":"NW","winddirectiondegrees":296,"windspeedms":2.9,"visibility":19420,"precipitation":0,"beaufort":2,"humidity":61,"sunshine":45,"hour":19,"pollenindex":5,"windspeed":10,"sunshinepower":284,"sunpower":284},{"datetime":"2020-07-15T20:00:00","datetimeutc":"2020-07-15T18:00:00","timetype":"Hour","precipitationmm":0.0,"temperature":18.2,"feeltemperature":18.2,"cloudcover":33,"iconcode":"j","iconid":21,"sources":2,"winddirection":"W","winddirectiondegrees":286,"windspeedms":2.5,"visibility":19410,"precipitation":0,"beaufort":2,"humidity":64,"sunshine":56,"hour":20,"pollenindex":4,"windspeed":9,"sunshinepower":167,"sunpower":167},{"datetime":"2020-07-15T21:00:00","datetimeutc":"2020-07-15T19:00:00","timetype":"Hour","precipitationmm":0.0,"temperature":17.4,"feeltemperature":17.4,"cloudcover":35,"iconcode":"j","iconid":21,"sources":2,"winddirection":"W","winddirectiondegrees":277,"windspeedms":2.1,"visibility":18610,"precipitation":0,"beaufort":2,"humidity":67,"sunshine":65,"hour":21,"pollenindex":4,"windspeed":8,"sunshinepower":59,"sunpower":59},{"datetime":"2020-07-15T22:00:00","datetimeutc":"2020-07-15T20:00:00","timetype":"Hour","precipitationmm":0.0,"temperature":16.6,"feeltemperature":16.6,"cloudcover":100,"iconcode":"cc","iconid":19,"sources":2,"winddirection":"W","winddirectiondegrees":278,"windspeedms":1.6,"visibility":17430,"precipitation":0,"beaufort":1,"humidity":71,"sunshine":60,"hour":22,"pollenindex":4,"windspeed":6,"sunshinepower":0,"sunpower":0},{"datetime":"2020-07-15T23:00:00","datetimeutc":"2020-07-15T21:00:00","timetype":"Hour","precipitationmm":0.0,"temperature":16.2,"feeltemperature":16.2,"cloudcover":100,"iconcode":"cc","iconid":22,"sources":2,"winddirection":"W","winddirectiondegrees":278,"windspeedms":1.4,"visibility":16060,"precipitation":0,"beaufort":1,"humidity":74,"sunshine":0,"hour":23,"pollenindex":4,"windspeed":5,"sunshinepower":0,"sunpower":0}],"datetime":"2020-07-15T00:00:00","datetimeutc":"2020-07-14T22:00:00","timetype":"Day","precipitationmm":0.0,"mintemperature":12.4,"maxtemperature":20.1,"cloudcover":52,"iconcode":"b","iconid":2,"sources":2,"winddirection":"NW","winddirectiondegrees":315,"windspeedms":2.3,"visibility":11552,"precipitation":0,"beaufort":2,"humidity":71,"sunshine":35,"uvindex":5,"bbqindex":9,"mosquitoindex":8,"pollenindex":5,"icescrapeindex":1,"mintemp":12.4,"maxtemp":20.1,"windspeed":2,"sunshinepower":264,"sunpower":264},{"date":"2020-07-16T00:00:00","sunrise":"2020-07-16T05:38:28","sunset":"2020-07-16T21:53:58","morning":{"datetime":"2020-07-16T08:00:00","datetimeutc":"2020-07-16T06:00:00","timetype":"Morning","precipitationmm":0.7,"mintemperature":15.7,"maxtemperature":16.1,"cloudcover":100,"iconcode":"m","iconid":22,"sources":1,"winddirection":"W","winddirectiondegrees":284,"windspeedms":3.4,"visibility":9650,"precipitation":43,"beaufort":2,"humidity":90,"sunshine":0,"hour":8,"mintemp":15.7,"maxtemp":16.1,"windspeed":12,"sunshinepower":58,"sunpower":58},"afternoon":{"datetime":"2020-07-16T12:00:00","datetimeutc":"2020-07-16T10:00:00","timetype":"Afternoon","precipitationmm":0.0,"mintemperature":16.6,"maxtemperature":18.0,"cloudcover":100,"iconcode":"c","iconid":22,"sources":1,"winddirection":"NW","winddirectiondegrees":308,"windspeedms":4.8,"visibility":10876,"precipitation":1,"beaufort":3,"humidity":81,"sunshine":0,"hour":12,"mintemp":16.6,"maxtemp":18.0,"windspeed":17,"sunshinepower":197,"sunpower":197},"evening":{"datetime":"2020-07-16T18:00:00","datetimeutc":"2020-07-16T16:00:00","timetype":"Evening","precipitationmm":0.0,"mintemperature":15.9,"maxtemperature":17.8,"cloudcover":100,"iconcode":"c","iconid":22,"sources":1,"winddirection":"NW","winddirectiondegrees":320,"windspeedms":3.8,"visibility":11185,"precipitation":0,"beaufort":2,"humidity":81,"sunshine":0,"hour":18,"mintemp":15.9,"maxtemp":17.8,"windspeed":14,"sunshinepower":80,"sunpower":80},"night":{"datetime":"2020-07-16T00:00:00","datetimeutc":"2020-07-15T22:00:00","timetype":"Night","precipitationmm":1.4,"mintemperature":14.6,"maxtemperature":15.9,"cloudcover":100,"iconcode":"m","iconid":22,"sources":1,"winddirection":"ZW","winddirectiondegrees":221,"windspeedms":2.0,"visibility":10050,"precipitation":27,"beaufort":2,"humidity":85,"sunshine":0,"hour":0,"mintemp":14.6,"maxtemp":15.9,"windspeed":7,"sunshinepower":0,"sunpower":0},"hours":[{"datetime":"2020-07-16T00:00:00","datetimeutc":"2020-07-15T22:00:00","timetype":"Hour","precipitationmm":0.0,"temperature":15.9,"feeltemperature":15.9,"cloudcover":100,"iconcode":"cc","iconid":22,"sources":2,"winddirection":"W","winddirectiondegrees":266,"windspeedms":1.5,"visibility":14070,"precipitation":0,"beaufort":1,"humidity":76,"sunshine":0,"hour":0,"pollenindex":4,"windspeed":5,"sunshinepower":0,"sunpower":0},{"datetime":"2020-07-16T01:00:00","datetimeutc":"2020-07-15T23:00:00","timetype":"Hour","precipitationmm":0.0,"temperature":15.5,"feeltemperature":15.5,"cloudcover":100,"iconcode":"cc","iconid":22,"sources":2,"winddirection":"W","winddirectiondegrees":249,"windspeedms":1.5,"visibility":12060,"precipitation":0,"beaufort":1,"humidity":79,"sunshine":0,"hour":1,"pollenindex":3,"windspeed":5,"sunshinepower":0,"sunpower":0},{"datetime":"2020-07-16T02:00:00","datetimeutc":"2020-07-16T00:00:00","timetype":"Hour","precipitationmm":0.0,"temperature":15.1,"feeltemperature":15.1,"cloudcover":100,"iconcode":"cc","iconid":22,"sources":2,"winddirection":"ZW","winddirectiondegrees":222,"windspeedms":1.7,"visibility":10660,"precipitation":0,"beaufort":1,"humidity":83,"sunshine":0,"hour":2,"pollenindex":3,"windspeed":6,"sunshinepower":0,"sunpower":0},{"datetime":"2020-07-16T03:00:00","datetimeutc":"2020-07-16T01:00:00","timetype":"Hour","precipitationmm":0.0,"temperature":14.8,"feeltemperature":14.8,"cloudcover":100,"iconcode":"cc","iconid":22,"sources":2,"winddirection":"Z","winddirectiondegrees":199,"windspeedms":1.9,"visibility":10850,"precipitation":1,"beaufort":1,"humidity":87,"sunshine":0,"hour":3,"pollenindex":3,"windspeed":7,"sunshinepower":0,"sunpower":0},{"datetime":"2020-07-16T04:00:00","datetimeutc":"2020-07-16T02:00:00","timetype":"Hour","precipitationmm":0.0,"temperature":14.6,"feeltemperature":14.6,"cloudcover":100,"iconcode":"cc","iconid":22,"sources":2,"winddirection":"Z","winddirectiondegrees":193,"windspeedms":2.4,"visibility":11050,"precipitation":1,"beaufort":2,"humidity":90,"sunshine":0,"hour":4,"pollenindex":3,"windspeed":9,"sunshinepower":0,"sunpower":0},{"datetime":"2020-07-16T05:00:00","datetimeutc":"2020-07-16T03:00:00","timetype":"Hour","precipitationmm":0.7,"temperature":14.6,"feeltemperature":14.6,"cloudcover":100,"iconcode":"mm","iconid":22,"sources":2,"winddirection":"Z","winddirectiondegrees":194,"windspeedms":2.6,"visibility":11050,"precipitation":81,"beaufort":2,"humidity":92,"sunshine":0,"hour":5,"pollenindex":3,"windspeed":9,"sunshinepower":0,"sunpower":0},{"datetime":"2020-07-16T06:00:00","datetimeutc":"2020-07-16T04:00:00","timetype":"Hour","precipitationmm":0.7,"temperature":15.1,"feeltemperature":15.1,"cloudcover":100,"iconcode":"m","iconid":20,"sources":2,"winddirection":"ZW","winddirectiondegrees":231,"windspeedms":2.7,"visibility":610,"precipitation":79,"beaufort":2,"humidity":92,"sunshine":0,"hour":6,"pollenindex":3,"windspeed":10,"sunshinepower":3,"sunpower":3},{"datetime":"2020-07-16T07:00:00","datetimeutc":"2020-07-16T05:00:00","timetype":"Hour","precipitationmm":0.7,"temperature":15.7,"feeltemperature":15.7,"cloudcover":100,"iconcode":"m","iconid":33,"sources":2,"winddirection":"W","winddirectiondegrees":267,"windspeedms":2.9,"visibility":8610,"precipitation":82,"beaufort":2,"humidity":90,"sunshine":0,"hour":7,"pollenindex":3,"windspeed":10,"sunshinepower":16,"sunpower":16},{"datetime":"2020-07-16T08:00:00","datetimeutc":"2020-07-16T06:00:00","timetype":"Hour","precipitationmm":0.0,"temperature":16.0,"feeltemperature":16.0,"cloudcover":100,"iconcode":"c","iconid":22,"sources":1,"winddirection":"W","winddirectiondegrees":274,"windspeedms":3.11,"visibility":8610,"precipitation":2,"beaufort":2,"humidity":90,"sunshine":0,"hour":8,"pollenindex":3,"windspeed":11,"sunshinepower":38,"sunpower":38},{"datetime":"2020-07-16T09:00:00","datetimeutc":"2020-07-16T07:00:00","timetype":"Hour","precipitationmm":0.0,"temperature":16.0,"feeltemperature":16.0,"cloudcover":100,"iconcode":"c","iconid":22,"sources":1,"winddirection":"NW","winddirectiondegrees":294,"windspeedms":3.31,"visibility":9810,"precipitation":2,"beaufort":2,"humidity":90,"sunshine":0,"hour":9,"pollenindex":3,"windspeed":12,"sunshinepower":62,"sunpower":62},{"datetime":"2020-07-16T10:00:00","datetimeutc":"2020-07-16T08:00:00","timetype":"Hour","precipitationmm":0.0,"temperature":16.0,"feeltemperature":16.0,"cloudcover":100,"iconcode":"c","iconid":22,"sources":1,"winddirection":"NW","winddirectiondegrees":293,"windspeedms":3.6,"visibility":10410,"precipitation":2,"beaufort":2,"humidity":91,"sunshine":0,"hour":10,"pollenindex":3,"windspeed":13,"sunshinepower":77,"sunpower":77},{"datetime":"2020-07-16T11:00:00","datetimeutc":"2020-07-16T09:00:00","timetype":"Hour","precipitationmm":0.0,"temperature":16.1,"feeltemperature":16.1,"cloudcover":100,"iconcode":"c","iconid":22,"sources":1,"winddirection":"NW","winddirectiondegrees":294,"windspeedms":3.96,"visibility":10810,"precipitation":1,"beaufort":2,"humidity":90,"sunshine":0,"hour":11,"pollenindex":3,"windspeed":14,"sunshinepower":100,"sunpower":100},{"datetime":"2020-07-16T12:00:00","datetimeutc":"2020-07-16T10:00:00","timetype":"Hour","precipitationmm":0.0,"temperature":16.6,"feeltemperature":16.6,"cloudcover":100,"iconcode":"c","iconid":22,"sources":1,"winddirection":"NW","winddirectiondegrees":297,"windspeedms":4.36,"visibility":10210,"precipitation":2,"beaufort":3,"humidity":87,"sunshine":0,"hour":12,"pollenindex":3,"windspeed":16,"sunshinepower":134,"sunpower":134},{"datetime":"2020-07-16T13:00:00","datetimeutc":"2020-07-16T11:00:00","timetype":"Hour","precipitationmm":0.0,"temperature":17.1,"feeltemperature":17.1,"cloudcover":100,"iconcode":"c","iconid":22,"sources":1,"winddirection":"NW","winddirectiondegrees":299,"windspeedms":4.56,"visibility":10610,"precipitation":1,"beaufort":3,"humidity":84,"sunshine":0,"hour":13,"pollenindex":3,"windspeed":16,"sunshinepower":161,"sunpower":161},{"datetime":"2020-07-16T14:00:00","datetimeutc":"2020-07-16T12:00:00","timetype":"Hour","precipitationmm":0.0,"temperature":17.6,"feeltemperature":17.6,"cloudcover":100,"iconcode":"c","iconid":22,"sources":1,"winddirection":"NW","winddirectiondegrees":304,"windspeedms":4.68,"visibility":9810,"precipitation":2,"beaufort":3,"humidity":81,"sunshine":0,"hour":14,"pollenindex":3,"windspeed":17,"sunshinepower":188,"sunpower":188},{"datetime":"2020-07-16T15:00:00","datetimeutc":"2020-07-16T13:00:00","timetype":"Hour","precipitationmm":0.0,"temperature":17.8,"feeltemperature":17.8,"cloudcover":100,"iconcode":"c","iconid":22,"sources":1,"winddirection":"NW","winddirectiondegrees":315,"windspeedms":4.92,"visibility":11410,"precipitation":1,"beaufort":3,"humidity":79,"sunshine":0,"hour":15,"pollenindex":3,"windspeed":18,"sunshinepower":222,"sunpower":222},{"datetime":"2020-07-16T16:00:00","datetimeutc":"2020-07-16T14:00:00","timetype":"Hour","precipitationmm":0.0,"temperature":18.0,"feeltemperature":18.0,"cloudcover":100,"iconcode":"c","iconid":22,"sources":1,"winddirection":"NW","winddirectiondegrees":314,"windspeedms":5.28,"visibility":11810,"precipitation":1,"beaufort":3,"humidity":78,"sunshine":0,"hour":16,"pollenindex":3,"windspeed":19,"sunshinepower":244,"sunpower":244},{"datetime":"2020-07-16T17:00:00","datetimeutc":"2020-07-16T15:00:00","timetype":"Hour","precipitationmm":0.0,"temperature":17.9,"feeltemperature":17.9,"cloudcover":100,"iconcode":"c","iconid":22,"sources":1,"winddirection":"NW","winddirectiondegrees":324,"windspeedms":5.22,"visibility":11410,"precipitation":1,"beaufort":3,"humidity":78,"sunshine":0,"hour":17,"pollenindex":3,"windspeed":19,"sunshinepower":236,"sunpower":236},{"datetime":"2020-07-16T18:00:00","datetimeutc":"2020-07-16T16:00:00","timetype":"Hour","precipitationmm":0.0,"temperature":17.8,"feeltemperature":17.8,"cloudcover":100,"iconcode":"c","iconid":22,"sources":1,"winddirection":"NW","winddirectiondegrees":322,"windspeedms":4.94,"visibility":11410,"precipitation":1,"beaufort":3,"humidity":78,"sunshine":0,"hour":18,"pollenindex":3,"windspeed":18,"sunshinepower":200,"sunpower":200},{"datetime":"2020-07-16T19:00:00","datetimeutc":"2020-07-16T17:00:00","timetype":"Hour","precipitationmm":0.0,"temperature":17.4,"feeltemperature":17.4,"cloudcover":100,"iconcode":"c","iconid":19,"sources":1,"winddirection":"NW","winddirectiondegrees":317,"windspeedms":4.55,"visibility":12810,"precipitation":0,"beaufort":3,"humidity":79,"sunshine":0,"hour":19,"pollenindex":3,"windspeed":16,"sunshinepower":152,"sunpower":152},{"datetime":"2020-07-16T20:00:00","datetimeutc":"2020-07-16T18:00:00","timetype":"Hour","precipitationmm":0.0,"temperature":17.1,"feeltemperature":17.1,"cloudcover":100,"iconcode":"c","iconid":19,"sources":1,"winddirection":"NW","winddirectiondegrees":317,"windspeedms":4.05,"visibility":11610,"precipitation":0,"beaufort":3,"humidity":80,"sunshine":0,"hour":20,"pollenindex":3,"windspeed":15,"sunshinepower":95,"sunpower":95},{"datetime":"2020-07-16T21:00:00","datetimeutc":"2020-07-16T19:00:00","timetype":"Hour","precipitationmm":0.0,"temperature":16.6,"feeltemperature":16.6,"cloudcover":100,"iconcode":"c","iconid":19,"sources":1,"winddirection":"NW","winddirectiondegrees":322,"windspeedms":3.55,"visibility":11810,"precipitation":0,"beaufort":2,"humidity":82,"sunshine":0,"hour":21,"pollenindex":3,"windspeed":13,"sunshinepower":36,"sunpower":36},{"datetime":"2020-07-16T22:00:00","datetimeutc":"2020-07-16T20:00:00","timetype":"Hour","precipitationmm":0.0,"temperature":16.2,"feeltemperature":16.2,"cloudcover":100,"iconcode":"cc","iconid":19,"sources":1,"winddirection":"NW","winddirectiondegrees":320,"windspeedms":2.86,"visibility":10830,"precipitation":0,"beaufort":2,"humidity":83,"sunshine":0,"hour":22,"pollenindex":3,"windspeed":10,"sunshinepower":0,"sunpower":0},{"datetime":"2020-07-16T23:00:00","datetimeutc":"2020-07-16T21:00:00","timetype":"Hour","precipitationmm":0.0,"temperature":15.9,"feeltemperature":15.9,"cloudcover":100,"iconcode":"cc","iconid":19,"sources":1,"winddirection":"NW","winddirectiondegrees":325,"windspeedms":2.77,"visibility":8640,"precipitation":0,"beaufort":2,"humidity":85,"sunshine":0,"hour":23,"pollenindex":3,"windspeed":10,"sunshinepower":0,"sunpower":0}],"datetime":"2020-07-16T00:00:00","datetimeutc":"2020-07-15T22:00:00","timetype":"Day","precipitationmm":1.2,"mintemperature":14.6,"maxtemperature":18.0,"cloudcover":100,"iconcode":"m","iconid":12,"sources":2,"winddirection":"NW","winddirectiondegrees":315,"windspeedms":3.5,"visibility":10457,"precipitation":24,"beaufort":2,"humidity":84,"sunshine":0,"uvindex":2,"bbqindex":7,"mosquitoindex":8,"pollenindex":5,"icescrapeindex":1,"mintemp":14.6,"maxtemp":18.0,"windspeed":4,"sunshinepower":81,"sunpower":81},{"date":"2020-07-17T00:00:00","sunrise":"2020-07-17T05:39:45","sunset":"2020-07-17T21:52:49","hours":[{"datetime":"2020-07-17T00:00:00","datetimeutc":"2020-07-16T22:00:00","timetype":"Hour","precipitationmm":0.0,"temperature":15.7,"feeltemperature":15.7,"cloudcover":100,"iconcode":"dd","iconid":16,"sources":1,"winddirection":"NW","winddirectiondegrees":324,"windspeedms":2.49,"visibility":240,"precipitation":0,"beaufort":2,"humidity":86,"sunshine":0,"hour":0,"pollenindex":3,"windspeed":9,"sunshinepower":0,"sunpower":0},{"datetime":"2020-07-17T01:00:00","datetimeutc":"2020-07-16T23:00:00","timetype":"Hour","precipitationmm":0.0,"temperature":15.5,"feeltemperature":15.5,"cloudcover":100,"iconcode":"dd","iconid":16,"sources":1,"winddirection":"NW","winddirectiondegrees":319,"windspeedms":2.23,"visibility":250,"precipitation":0,"beaufort":2,"humidity":87,"sunshine":0,"hour":1,"pollenindex":3,"windspeed":8,"sunshinepower":0,"sunpower":0},{"datetime":"2020-07-17T02:00:00","datetimeutc":"2020-07-17T00:00:00","timetype":"Hour","precipitationmm":0.0,"temperature":15.4,"feeltemperature":15.4,"cloudcover":100,"iconcode":"dd","iconid":16,"sources":1,"winddirection":"NW","winddirectiondegrees":315,"windspeedms":1.98,"visibility":250,"precipitation":0,"beaufort":1,"humidity":88,"sunshine":0,"hour":2,"pollenindex":3,"windspeed":7,"sunshinepower":0,"sunpower":0},{"datetime":"2020-07-17T03:00:00","datetimeutc":"2020-07-17T01:00:00","timetype":"Hour","precipitationmm":0.0,"temperature":15.4,"feeltemperature":15.4,"cloudcover":100,"iconcode":"dd","iconid":16,"sources":1,"winddirection":"NW","winddirectiondegrees":315,"windspeedms":2.12,"visibility":420,"precipitation":0,"beaufort":2,"humidity":88,"sunshine":0,"hour":3,"pollenindex":3,"windspeed":8,"sunshinepower":0,"sunpower":0},{"datetime":"2020-07-17T04:00:00","datetimeutc":"2020-07-17T02:00:00","timetype":"Hour","precipitationmm":0.0,"temperature":15.2,"feeltemperature":15.2,"cloudcover":100,"iconcode":"dd","iconid":16,"sources":1,"winddirection":"NW","winddirectiondegrees":317,"windspeedms":1.97,"visibility":210,"precipitation":0,"beaufort":1,"humidity":90,"sunshine":0,"hour":4,"pollenindex":3,"windspeed":7,"sunshinepower":0,"sunpower":0},{"datetime":"2020-07-17T05:00:00","datetimeutc":"2020-07-17T03:00:00","timetype":"Hour","precipitationmm":0.0,"temperature":15.2,"feeltemperature":15.2,"cloudcover":99,"iconcode":"dd","iconid":16,"sources":1,"winddirection":"NW","winddirectiondegrees":321,"windspeedms":1.72,"visibility":200,"precipitation":0,"beaufort":1,"humidity":91,"sunshine":0,"hour":5,"pollenindex":3,"windspeed":6,"sunshinepower":0,"sunpower":0},{"datetime":"2020-07-17T06:00:00","datetimeutc":"2020-07-17T04:00:00","timetype":"Hour","precipitationmm":0.0,"temperature":15.5,"feeltemperature":15.5,"cloudcover":99,"iconcode":"d","iconid":16,"sources":1,"winddirection":"NW","winddirectiondegrees":324,"windspeedms":1.43,"visibility":200,"precipitation":0,"beaufort":1,"humidity":90,"sunshine":0,"hour":6,"pollenindex":3,"windspeed":5,"sunshinepower":10,"sunpower":10},{"datetime":"2020-07-17T07:00:00","datetimeutc":"2020-07-17T05:00:00","timetype":"Hour","precipitationmm":0.0,"temperature":16.0,"feeltemperature":16.0,"cloudcover":98,"iconcode":"d","iconid":16,"sources":1,"winddirection":"NW","winddirectiondegrees":326,"windspeedms":1.3,"visibility":0,"precipitation":0,"beaufort":1,"humidity":88,"sunshine":0,"hour":7,"pollenindex":3,"windspeed":5,"sunshinepower":64,"sunpower":64},{"datetime":"2020-07-17T08:00:00","datetimeutc":"2020-07-17T06:00:00","timetype":"Hour","precipitationmm":0.0,"temperature":16.6,"feeltemperature":16.6,"cloudcover":99,"iconcode":"d","iconid":16,"sources":1,"winddirection":"NW","winddirectiondegrees":318,"windspeedms":1.21,"visibility":200,"precipitation":0,"beaufort":1,"humidity":85,"sunshine":0,"hour":8,"pollenindex":3,"windspeed":4,"sunshinepower":145,"sunpower":145},{"datetime":"2020-07-17T09:00:00","datetimeutc":"2020-07-17T07:00:00","timetype":"Hour","precipitationmm":0.0,"temperature":17.0,"feeltemperature":17.0,"cloudcover":100,"iconcode":"c","iconid":22,"sources":1,"winddirection":"NW","winddirectiondegrees":304,"windspeedms":1.06,"visibility":8600,"precipitation":0,"beaufort":1,"humidity":83,"sunshine":0,"hour":9,"pollenindex":3,"windspeed":4,"sunshinepower":220,"sunpower":220},{"datetime":"2020-07-17T10:00:00","datetimeutc":"2020-07-17T08:00:00","timetype":"Hour","precipitationmm":0.0,"temperature":17.4,"feeltemperature":17.4,"cloudcover":100,"iconcode":"c","iconid":22,"sources":1,"winddirection":"W","winddirectiondegrees":259,"windspeedms":0.91,"visibility":9600,"precipitation":0,"beaufort":0,"humidity":81,"sunshine":0,"hour":10,"pollenindex":3,"windspeed":3,"sunshinepower":291,"sunpower":291},{"datetime":"2020-07-17T11:00:00","datetimeutc":"2020-07-17T09:00:00","timetype":"Hour","precipitationmm":0.0,"temperature":18.0,"feeltemperature":18.0,"cloudcover":100,"iconcode":"c","iconid":22,"sources":1,"winddirection":"W","winddirectiondegrees":263,"windspeedms":1.09,"visibility":13000,"precipitation":0,"beaufort":1,"humidity":79,"sunshine":0,"hour":11,"pollenindex":3,"windspeed":4,"sunshinepower":358,"sunpower":358},{"datetime":"2020-07-17T12:00:00","datetimeutc":"2020-07-17T10:00:00","timetype":"Hour","precipitationmm":0.0,"temperature":18.7,"feeltemperature":18.7,"cloudcover":100,"iconcode":"c","iconid":22,"sources":1,"winddirection":"W","winddirectiondegrees":274,"windspeedms":1.55,"visibility":14000,"precipitation":0,"beaufort":1,"humidity":76,"sunshine":0,"hour":12,"pollenindex":4,"windspeed":6,"sunshinepower":402,"sunpower":402},{"datetime":"2020-07-17T13:00:00","datetimeutc":"2020-07-17T11:00:00","timetype":"Hour","precipitationmm":0.0,"temperature":19.3,"feeltemperature":19.3,"cloudcover":100,"iconcode":"c","iconid":22,"sources":1,"winddirection":"W","winddirectiondegrees":278,"windspeedms":1.89,"visibility":13400,"precipitation":0,"beaufort":1,"humidity":74,"sunshine":0,"hour":13,"pollenindex":4,"windspeed":7,"sunshinepower":423,"sunpower":423},{"datetime":"2020-07-17T14:00:00","datetimeutc":"2020-07-17T12:00:00","timetype":"Hour","precipitationmm":0.0,"temperature":19.9,"feeltemperature":19.9,"cloudcover":100,"iconcode":"c","iconid":22,"sources":1,"winddirection":"W","winddirectiondegrees":279,"windspeedms":2.13,"visibility":12400,"precipitation":0,"beaufort":2,"humidity":72,"sunshine":0,"hour":14,"pollenindex":4,"windspeed":8,"sunshinepower":444,"sunpower":444},{"datetime":"2020-07-17T15:00:00","datetimeutc":"2020-07-17T13:00:00","timetype":"Hour","precipitationmm":0.0,"temperature":20.3,"feeltemperature":20.3,"cloudcover":100,"iconcode":"c","iconid":22,"sources":1,"winddirection":"W","winddirectiondegrees":270,"windspeedms":2.34,"visibility":12200,"precipitation":0,"beaufort":2,"humidity":71,"sunshine":0,"hour":15,"pollenindex":4,"windspeed":8,"sunshinepower":465,"sunpower":465},{"datetime":"2020-07-17T16:00:00","datetimeutc":"2020-07-17T14:00:00","timetype":"Hour","precipitationmm":0.0,"temperature":20.8,"feeltemperature":20.8,"cloudcover":100,"iconcode":"c","iconid":19,"sources":1,"winddirection":"W","winddirectiondegrees":270,"windspeedms":2.63,"visibility":13200,"precipitation":0,"beaufort":2,"humidity":70,"sunshine":0,"hour":16,"pollenindex":4,"windspeed":9,"sunshinepower":464,"sunpower":464},{"datetime":"2020-07-17T17:00:00","datetimeutc":"2020-07-17T15:00:00","timetype":"Hour","precipitationmm":0.0,"temperature":21.0,"feeltemperature":21.0,"cloudcover":95,"iconcode":"c","iconid":20,"sources":1,"winddirection":"W","winddirectiondegrees":283,"windspeedms":2.67,"visibility":14200,"precipitation":0,"beaufort":2,"humidity":70,"sunshine":0,"hour":17,"pollenindex":4,"windspeed":10,"sunshinepower":433,"sunpower":433},{"datetime":"2020-07-17T18:00:00","datetimeutc":"2020-07-17T16:00:00","timetype":"Hour","precipitationmm":0.0,"temperature":21.0,"feeltemperature":21.0,"cloudcover":81,"iconcode":"r","iconid":20,"sources":1,"winddirection":"NW","winddirectiondegrees":299,"windspeedms":2.27,"visibility":15200,"precipitation":0,"beaufort":2,"humidity":70,"sunshine":0,"hour":18,"pollenindex":4,"windspeed":8,"sunshinepower":370,"sunpower":370},{"datetime":"2020-07-17T19:00:00","datetimeutc":"2020-07-17T17:00:00","timetype":"Hour","precipitationmm":0.0,"temperature":20.8,"feeltemperature":20.8,"cloudcover":54,"iconcode":"b","iconid":8,"sources":1,"winddirection":"NW","winddirectiondegrees":297,"windspeedms":1.68,"visibility":15800,"precipitation":0,"beaufort":1,"humidity":71,"sunshine":13,"hour":19,"pollenindex":4,"windspeed":6,"sunshinepower":280,"sunpower":280},{"datetime":"2020-07-17T20:00:00","datetimeutc":"2020-07-17T18:00:00","timetype":"Hour","precipitationmm":0.0,"temperature":20.4,"feeltemperature":20.4,"cloudcover":43,"iconcode":"j","iconid":8,"sources":1,"winddirection":"W","winddirectiondegrees":286,"windspeedms":1.12,"visibility":16000,"precipitation":0,"beaufort":1,"humidity":73,"sunshine":43,"hour":20,"pollenindex":4,"windspeed":4,"sunshinepower":171,"sunpower":171},{"datetime":"2020-07-17T21:00:00","datetimeutc":"2020-07-17T19:00:00","timetype":"Hour","precipitationmm":0.0,"temperature":19.7,"feeltemperature":19.7,"cloudcover":41,"iconcode":"j","iconid":8,"sources":1,"winddirection":"Z","winddirectiondegrees":180,"windspeedms":0.78,"visibility":15600,"precipitation":0,"beaufort":0,"humidity":76,"sunshine":53,"hour":21,"pollenindex":4,"windspeed":3,"sunshinepower":61,"sunpower":61},{"datetime":"2020-07-17T22:00:00","datetimeutc":"2020-07-17T20:00:00","timetype":"Hour","precipitationmm":0.0,"temperature":18.9,"feeltemperature":18.9,"cloudcover":30,"iconcode":"jj","iconid":20,"sources":1,"winddirection":"ZO","winddirectiondegrees":146,"windspeedms":0.98,"visibility":14810,"precipitation":0,"beaufort":0,"humidity":80,"sunshine":51,"hour":22,"pollenindex":3,"windspeed":4,"sunshinepower":0,"sunpower":0},{"datetime":"2020-07-17T23:00:00","datetimeutc":"2020-07-17T21:00:00","timetype":"Hour","precipitationmm":0.0,"temperature":18.2,"feeltemperature":18.2,"cloudcover":30,"iconcode":"jj","iconid":19,"sources":1,"winddirection":"ZO","winddirectiondegrees":156,"windspeedms":1.39,"visibility":13010,"precipitation":0,"beaufort":1,"humidity":83,"sunshine":0,"hour":23,"pollenindex":3,"windspeed":5,"sunshinepower":0,"sunpower":0}],"datetime":"2020-07-17T00:00:00","datetimeutc":"2020-07-16T22:00:00","timetype":"Day","precipitationmm":0.0,"mintemperature":15.2,"maxtemperature":21.0,"cloudcover":75,"iconcode":"r","iconid":3,"sources":1,"winddirection":"NW","winddirectiondegrees":315,"windspeedms":1.71,"precipitation":0,"beaufort":1,"uvindex":5,"bbqindex":8,"mosquitoindex":8,"pollenindex":5,"icescrapeindex":1,"mintemp":15.2,"maxtemp":21.0,"windspeed":2},{"date":"2020-07-18T00:00:00","sunrise":"2020-07-18T05:41:04","sunset":"2020-07-18T21:51:38","hours":[{"datetime":"2020-07-18T00:00:00","datetimeutc":"2020-07-17T22:00:00","timetype":"Hour","precipitationmm":0.0,"temperature":17.8,"feeltemperature":17.8,"cloudcover":30,"iconcode":"jj","iconid":19,"sources":1,"winddirection":"Z","winddirectiondegrees":163,"windspeedms":1.65,"visibility":12010,"precipitation":0,"beaufort":1,"humidity":85,"sunshine":0,"hour":0,"pollenindex":3,"windspeed":6,"sunshinepower":0,"sunpower":0},{"datetime":"2020-07-18T01:00:00","datetimeutc":"2020-07-17T23:00:00","timetype":"Hour","precipitationmm":0.0,"temperature":17.2,"feeltemperature":17.2,"cloudcover":31,"iconcode":"jj","iconid":19,"sources":1,"winddirection":"Z","winddirectiondegrees":169,"windspeedms":1.96,"visibility":10820,"precipitation":0,"beaufort":1,"humidity":88,"sunshine":0,"hour":1,"pollenindex":3,"windspeed":7,"sunshinepower":0,"sunpower":0},{"datetime":"2020-07-18T02:00:00","datetimeutc":"2020-07-18T00:00:00","timetype":"Hour","precipitationmm":0.0,"temperature":16.7,"feeltemperature":16.7,"cloudcover":45,"iconcode":"jj","iconid":19,"sources":1,"winddirection":"Z","winddirectiondegrees":171,"windspeedms":2.07,"visibility":9820,"precipitation":0,"beaufort":2,"humidity":91,"sunshine":0,"hour":2,"pollenindex":3,"windspeed":7,"sunshinepower":0,"sunpower":0},{"datetime":"2020-07-18T03:00:00","datetimeutc":"2020-07-18T01:00:00","timetype":"Hour","precipitationmm":0.0,"temperature":16.1,"feeltemperature":16.1,"cloudcover":58,"iconcode":"bb","iconid":19,"sources":1,"winddirection":"Z","winddirectiondegrees":171,"windspeedms":2.2,"visibility":9410,"precipitation":0,"beaufort":2,"humidity":94,"sunshine":0,"hour":3,"pollenindex":2,"windspeed":8,"sunshinepower":0,"sunpower":0},{"datetime":"2020-07-18T04:00:00","datetimeutc":"2020-07-18T02:00:00","timetype":"Hour","precipitationmm":0.0,"temperature":15.6,"feeltemperature":15.6,"cloudcover":72,"iconcode":"rr","iconid":19,"sources":1,"winddirection":"Z","winddirectiondegrees":171,"windspeedms":2.32,"visibility":9410,"precipitation":0,"beaufort":2,"humidity":97,"sunshine":0,"hour":4,"pollenindex":2,"windspeed":8,"sunshinepower":0,"sunpower":0},{"datetime":"2020-07-18T05:00:00","datetimeutc":"2020-07-18T03:00:00","timetype":"Hour","precipitationmm":0.0,"temperature":15.3,"feeltemperature":15.3,"cloudcover":80,"iconcode":"rr","iconid":19,"sources":1,"winddirection":"Z","winddirectiondegrees":170,"windspeedms":2.51,"visibility":9600,"precipitation":0,"beaufort":2,"humidity":98,"sunshine":0,"hour":5,"pollenindex":2,"windspeed":9,"sunshinepower":0,"sunpower":0},{"datetime":"2020-07-18T06:00:00","datetimeutc":"2020-07-18T04:00:00","timetype":"Hour","precipitationmm":0.0,"temperature":15.6,"feeltemperature":15.6,"cloudcover":79,"iconcode":"r","iconid":19,"sources":1,"winddirection":"Z","winddirectiondegrees":167,"windspeedms":2.64,"visibility":9600,"precipitation":0,"beaufort":2,"humidity":96,"sunshine":5,"hour":6,"pollenindex":2,"windspeed":10,"sunshinepower":15,"sunpower":15},{"datetime":"2020-07-18T07:00:00","datetimeutc":"2020-07-18T05:00:00","timetype":"Hour","precipitationmm":0.0,"temperature":16.6,"feeltemperature":16.6,"cloudcover":73,"iconcode":"r","iconid":19,"sources":1,"winddirection":"Z","winddirectiondegrees":170,"windspeedms":2.85,"visibility":10000,"precipitation":0,"beaufort":2,"humidity":92,"sunshine":15,"hour":7,"pollenindex":3,"windspeed":10,"sunshinepower":93,"sunpower":93},{"datetime":"2020-07-18T08:00:00","datetimeutc":"2020-07-18T06:00:00","timetype":"Hour","precipitationmm":0.0,"temperature":18.0,"feeltemperature":18.0,"cloudcover":67,"iconcode":"b","iconid":19,"sources":1,"winddirection":"Z","winddirectiondegrees":173,"windspeedms":3.18,"visibility":11800,"precipitation":0,"beaufort":2,"humidity":85,"sunshine":21,"hour":8,"pollenindex":3,"windspeed":11,"sunshinepower":215,"sunpower":215},{"datetime":"2020-07-18T09:00:00","datetimeutc":"2020-07-18T07:00:00","timetype":"Hour","precipitationmm":0.0,"temperature":19.3,"feeltemperature":19.3,"cloudcover":61,"iconcode":"b","iconid":19,"sources":1,"winddirection":"Z","winddirectiondegrees":174,"windspeedms":3.7,"visibility":14400,"precipitation":0,"beaufort":2,"humidity":80,"sunshine":28,"hour":9,"pollenindex":3,"windspeed":13,"sunshinepower":343,"sunpower":343},{"datetime":"2020-07-18T10:00:00","datetimeutc":"2020-07-18T08:00:00","timetype":"Hour","precipitationmm":0.0,"temperature":20.6,"feeltemperature":20.6,"cloudcover":56,"iconcode":"b","iconid":19,"sources":1,"winddirection":"Z","winddirectiondegrees":180,"windspeedms":4.12,"visibility":16000,"precipitation":0,"beaufort":3,"humidity":75,"sunshine":35,"hour":10,"pollenindex":4,"windspeed":15,"sunshinepower":466,"sunpower":466},{"datetime":"2020-07-18T11:00:00","datetimeutc":"2020-07-18T09:00:00","timetype":"Hour","precipitationmm":0.0,"temperature":21.7,"feeltemperature":21.7,"cloudcover":52,"iconcode":"b","iconid":19,"sources":1,"winddirection":"Z","winddirectiondegrees":196,"windspeedms":4.31,"visibility":16000,"precipitation":0,"beaufort":3,"humidity":70,"sunshine":40,"hour":11,"pollenindex":4,"windspeed":16,"sunshinepower":562,"sunpower":562},{"datetime":"2020-07-18T12:00:00","datetimeutc":"2020-07-18T10:00:00","timetype":"Hour","precipitationmm":0.0,"temperature":22.8,"feeltemperature":24.6,"cloudcover":100,"iconcode":"c","iconid":20,"sources":1,"winddirection":"ZW","winddirectiondegrees":227,"windspeedms":4.4,"visibility":15600,"precipitation":0,"beaufort":3,"humidity":66,"sunshine":45,"hour":12,"pollenindex":4,"windspeed":16,"sunshinepower":627,"sunpower":627},{"datetime":"2020-07-18T13:00:00","datetimeutc":"2020-07-18T11:00:00","timetype":"Hour","precipitationmm":0.0,"temperature":23.5,"feeltemperature":25.1,"cloudcover":56,"iconcode":"b","iconid":20,"sources":1,"winddirection":"W","winddirectiondegrees":254,"windspeedms":4.62,"visibility":15000,"precipitation":0,"beaufort":3,"humidity":63,"sunshine":0,"hour":13,"pollenindex":4,"windspeed":17,"sunshinepower":656,"sunpower":656},{"datetime":"2020-07-18T14:00:00","datetimeutc":"2020-07-18T12:00:00","timetype":"Hour","precipitationmm":0.0,"temperature":23.8,"feeltemperature":25.4,"cloudcover":55,"iconcode":"b","iconid":20,"sources":1,"winddirection":"W","winddirectiondegrees":266,"windspeedms":4.77,"visibility":15400,"precipitation":0,"beaufort":3,"humidity":61,"sunshine":40,"hour":14,"pollenindex":4,"windspeed":17,"sunshinepower":674,"sunpower":674},{"datetime":"2020-07-18T15:00:00","datetimeutc":"2020-07-18T13:00:00","timetype":"Hour","precipitationmm":0.0,"temperature":23.7,"feeltemperature":25.4,"cloudcover":88,"iconcode":"r","iconid":19,"sources":1,"winddirection":"W","winddirectiondegrees":266,"windspeedms":4.91,"visibility":17200,"precipitation":0,"beaufort":3,"humidity":61,"sunshine":41,"hour":15,"pollenindex":4,"windspeed":18,"sunshinepower":684,"sunpower":684},{"datetime":"2020-07-18T16:00:00","datetimeutc":"2020-07-18T14:00:00","timetype":"Hour","precipitationmm":0.0,"temperature":23.4,"feeltemperature":25.2,"cloudcover":90,"iconcode":"c","iconid":19,"sources":1,"winddirection":"W","winddirectiondegrees":271,"windspeedms":4.97,"visibility":16800,"precipitation":0,"beaufort":3,"humidity":61,"sunshine":6,"hour":16,"pollenindex":4,"windspeed":18,"sunshinepower":656,"sunpower":656},{"datetime":"2020-07-18T17:00:00","datetimeutc":"2020-07-18T15:00:00","timetype":"Hour","precipitationmm":0.0,"temperature":23.0,"feeltemperature":24.9,"cloudcover":30,"iconcode":"j","iconid":19,"sources":1,"winddirection":"W","winddirectiondegrees":278,"windspeedms":4.76,"visibility":15800,"precipitation":0,"beaufort":3,"humidity":62,"sunshine":3,"hour":17,"pollenindex":4,"windspeed":17,"sunshinepower":576,"sunpower":576},{"datetime":"2020-07-18T18:00:00","datetimeutc":"2020-07-18T16:00:00","timetype":"Hour","precipitationmm":0.0,"temperature":22.5,"feeltemperature":24.7,"cloudcover":30,"iconcode":"j","iconid":7,"sources":1,"winddirection":"W","winddirectiondegrees":284,"windspeedms":4.31,"visibility":15600,"precipitation":0,"beaufort":3,"humidity":63,"sunshine":68,"hour":18,"pollenindex":4,"windspeed":16,"sunshinepower":457,"sunpower":457},{"datetime":"2020-07-18T19:00:00","datetimeutc":"2020-07-18T17:00:00","timetype":"Hour","precipitationmm":0.0,"temperature":21.8,"feeltemperature":21.8,"cloudcover":20,"iconcode":"j","iconid":5,"sources":1,"winddirection":"W","winddirectiondegrees":285,"windspeedms":3.77,"visibility":15200,"precipitation":0,"beaufort":2,"humidity":64,"sunshine":68,"hour":19,"pollenindex":4,"windspeed":14,"sunshinepower":324,"sunpower":324},{"datetime":"2020-07-18T20:00:00","datetimeutc":"2020-07-18T18:00:00","timetype":"Hour","precipitationmm":0.0,"temperature":20.9,"feeltemperature":20.9,"cloudcover":6,"iconcode":"a","iconid":1,"sources":1,"winddirection":"W","winddirectiondegrees":289,"windspeedms":3.24,"visibility":13600,"precipitation":0,"beaufort":2,"humidity":67,"sunshine":78,"hour":20,"pollenindex":4,"windspeed":12,"sunshinepower":186,"sunpower":186},{"datetime":"2020-07-18T21:00:00","datetimeutc":"2020-07-18T19:00:00","timetype":"Hour","precipitationmm":0.0,"temperature":19.5,"feeltemperature":19.5,"cloudcover":30,"iconcode":"j","iconid":5,"sources":1,"winddirection":"NW","winddirectiondegrees":297,"windspeedms":2.46,"visibility":10800,"precipitation":0,"beaufort":2,"humidity":72,"sunshine":93,"hour":21,"pollenindex":4,"windspeed":9,"sunshinepower":64,"sunpower":64},{"datetime":"2020-07-18T22:00:00","datetimeutc":"2020-07-18T20:00:00","timetype":"Hour","precipitationmm":0.0,"temperature":18.1,"feeltemperature":18.1,"cloudcover":30,"iconcode":"jj","iconid":9,"sources":1,"winddirection":"NW","winddirectiondegrees":306,"windspeedms":1.96,"visibility":9010,"precipitation":0,"beaufort":1,"humidity":77,"sunshine":61,"hour":22,"pollenindex":4,"windspeed":7,"sunshinepower":0,"sunpower":0},{"datetime":"2020-07-18T23:00:00","datetimeutc":"2020-07-18T21:00:00","timetype":"Hour","precipitationmm":0.0,"temperature":17.0,"feeltemperature":17.0,"cloudcover":100,"iconcode":"cc","iconid":21,"sources":1,"winddirection":"NW","winddirectiondegrees":313,"windspeedms":1.52,"visibility":8210,"precipitation":0,"beaufort":1,"humidity":82,"sunshine":0,"hour":23,"pollenindex":3,"windspeed":5,"sunshinepower":0,"sunpower":0}],"datetime":"2020-07-18T00:00:00","datetimeutc":"2020-07-17T22:00:00","timetype":"Day","precipitationmm":0.0,"mintemperature":15.3,"maxtemperature":23.8,"cloudcover":75,"iconcode":"r","iconid":3,"sources":1,"winddirection":"Z","winddirectiondegrees":180,"windspeedms":3.3,"precipitation":0,"beaufort":2,"uvindex":6,"bbqindex":8,"mosquitoindex":7,"pollenindex":5,"icescrapeindex":1,"mintemp":15.3,"maxtemp":23.8,"windspeed":3},{"date":"2020-07-19T00:00:00","sunrise":"2020-07-19T05:42:25","sunset":"2020-07-19T21:50:24","hours":[{"datetime":"2020-07-19T00:00:00","datetimeutc":"2020-07-18T22:00:00","timetype":"Hour","precipitationmm":0.0,"temperature":16.3,"feeltemperature":16.3,"cloudcover":99,"iconcode":"dd","iconid":20,"sources":1,"winddirection":"NW","winddirectiondegrees":317,"windspeedms":1.32,"visibility":610,"precipitation":0,"beaufort":1,"humidity":85,"sunshine":0,"hour":0,"pollenindex":3,"windspeed":5,"sunshinepower":0,"sunpower":0},{"datetime":"2020-07-19T01:00:00","datetimeutc":"2020-07-18T23:00:00","timetype":"Hour","precipitationmm":0.0,"temperature":15.8,"feeltemperature":15.8,"cloudcover":86,"iconcode":"dd","iconid":20,"sources":1,"winddirection":"NW","winddirectiondegrees":321,"windspeedms":1.06,"visibility":210,"precipitation":0,"beaufort":1,"humidity":88,"sunshine":0,"hour":1,"pollenindex":3,"windspeed":4,"sunshinepower":0,"sunpower":0},{"datetime":"2020-07-19T02:00:00","datetimeutc":"2020-07-19T00:00:00","timetype":"Hour","precipitationmm":0.0,"temperature":15.3,"feeltemperature":15.3,"cloudcover":74,"iconcode":"nn","iconid":20,"sources":1,"winddirection":"NW","winddirectiondegrees":328,"windspeedms":0.84,"visibility":10,"precipitation":0,"beaufort":0,"humidity":91,"sunshine":0,"hour":2,"pollenindex":3,"windspeed":3,"sunshinepower":0,"sunpower":0},{"datetime":"2020-07-19T03:00:00","datetimeutc":"2020-07-19T01:00:00","timetype":"Hour","precipitationmm":0.0,"temperature":14.9,"feeltemperature":14.9,"cloudcover":78,"iconcode":"nn","iconid":22,"sources":1,"winddirection":"NW","winddirectiondegrees":323,"windspeedms":0.65,"visibility":210,"precipitation":0,"beaufort":0,"humidity":93,"sunshine":0,"hour":3,"pollenindex":3,"windspeed":2,"sunshinepower":0,"sunpower":0},{"datetime":"2020-07-19T04:00:00","datetimeutc":"2020-07-19T02:00:00","timetype":"Hour","precipitationmm":0.0,"temperature":14.6,"feeltemperature":14.6,"cloudcover":88,"iconcode":"dd","iconid":22,"sources":1,"winddirection":"W","winddirectiondegrees":270,"windspeedms":0.6,"visibility":210,"precipitation":0,"beaufort":0,"humidity":95,"sunshine":0,"hour":4,"pollenindex":2,"windspeed":2,"sunshinepower":0,"sunpower":0},{"datetime":"2020-07-19T05:00:00","datetimeutc":"2020-07-19T03:00:00","timetype":"Hour","precipitationmm":0.0,"temperature":14.7,"feeltemperature":14.7,"cloudcover":97,"iconcode":"dd","iconid":18,"sources":1,"winddirection":"Z","winddirectiondegrees":198,"windspeedms":0.95,"visibility":210,"precipitation":0,"beaufort":0,"humidity":95,"sunshine":0,"hour":5,"pollenindex":2,"windspeed":3,"sunshinepower":0,"sunpower":0},{"datetime":"2020-07-19T06:00:00","datetimeutc":"2020-07-19T04:00:00","timetype":"Hour","precipitationmm":0.0,"temperature":15.0,"feeltemperature":15.0,"cloudcover":100,"iconcode":"d","iconid":17,"sources":1,"winddirection":"Z","winddirectiondegrees":180,"windspeedms":0.93,"visibility":0,"precipitation":0,"beaufort":0,"humidity":94,"sunshine":0,"hour":6,"pollenindex":2,"windspeed":3,"sunshinepower":9,"sunpower":9},{"datetime":"2020-07-19T07:00:00","datetimeutc":"2020-07-19T05:00:00","timetype":"Hour","precipitationmm":0.0,"temperature":15.7,"feeltemperature":15.7,"cloudcover":100,"iconcode":"d","iconid":16,"sources":1,"winddirection":"Z","winddirectiondegrees":180,"windspeedms":1.06,"visibility":0,"precipitation":0,"beaufort":1,"humidity":91,"sunshine":0,"hour":7,"pollenindex":3,"windspeed":4,"sunshinepower":63,"sunpower":63},{"datetime":"2020-07-19T08:00:00","datetimeutc":"2020-07-19T06:00:00","timetype":"Hour","precipitationmm":0.0,"temperature":16.7,"feeltemperature":16.7,"cloudcover":100,"iconcode":"d","iconid":22,"sources":1,"winddirection":"Z","winddirectiondegrees":201,"windspeedms":1.06,"visibility":200,"precipitation":0,"beaufort":1,"humidity":87,"sunshine":0,"hour":8,"pollenindex":3,"windspeed":4,"sunshinepower":147,"sunpower":147},{"datetime":"2020-07-19T09:00:00","datetimeutc":"2020-07-19T07:00:00","timetype":"Hour","precipitationmm":0.0,"temperature":17.8,"feeltemperature":17.8,"cloudcover":100,"iconcode":"c","iconid":19,"sources":1,"winddirection":"Z","winddirectiondegrees":194,"windspeedms":1.2,"visibility":9400,"precipitation":0,"beaufort":1,"humidity":82,"sunshine":0,"hour":9,"pollenindex":3,"windspeed":4,"sunshinepower":218,"sunpower":218},{"datetime":"2020-07-19T10:00:00","datetimeutc":"2020-07-19T08:00:00","timetype":"Hour","precipitationmm":0.0,"temperature":19.0,"feeltemperature":19.0,"cloudcover":100,"iconcode":"c","iconid":22,"sources":1,"winddirection":"Z","winddirectiondegrees":162,"windspeedms":1.25,"visibility":12400,"precipitation":0,"beaufort":1,"humidity":76,"sunshine":0,"hour":10,"pollenindex":4,"windspeed":4,"sunshinepower":255,"sunpower":255},{"datetime":"2020-07-19T11:00:00","datetimeutc":"2020-07-19T09:00:00","timetype":"Hour","precipitationmm":0.0,"temperature":20.2,"feeltemperature":20.2,"cloudcover":100,"iconcode":"c","iconid":20,"sources":1,"winddirection":"ZW","winddirectiondegrees":225,"windspeedms":1.29,"visibility":15400,"precipitation":0,"beaufort":1,"humidity":71,"sunshine":0,"hour":11,"pollenindex":4,"windspeed":5,"sunshinepower":289,"sunpower":289},{"datetime":"2020-07-19T12:00:00","datetimeutc":"2020-07-19T10:00:00","timetype":"Hour","precipitationmm":0.0,"temperature":21.1,"feeltemperature":21.1,"cloudcover":100,"iconcode":"c","iconid":20,"sources":1,"winddirection":"NW","winddirectiondegrees":297,"windspeedms":1.55,"visibility":17800,"precipitation":1,"beaufort":1,"humidity":67,"sunshine":0,"hour":12,"pollenindex":4,"windspeed":6,"sunshinepower":334,"sunpower":334},{"datetime":"2020-07-19T13:00:00","datetimeutc":"2020-07-19T11:00:00","timetype":"Hour","precipitationmm":0.0,"temperature":21.7,"feeltemperature":21.7,"cloudcover":100,"iconcode":"c","iconid":22,"sources":1,"winddirection":"NW","winddirectiondegrees":302,"windspeedms":2.0,"visibility":19400,"precipitation":1,"beaufort":2,"humidity":65,"sunshine":0,"hour":13,"pollenindex":4,"windspeed":7,"sunshinepower":354,"sunpower":354},{"datetime":"2020-07-19T14:00:00","datetimeutc":"2020-07-19T12:00:00","timetype":"Hour","precipitationmm":0.0,"temperature":21.9,"feeltemperature":21.9,"cloudcover":100,"iconcode":"c","iconid":22,"sources":1,"winddirection":"NW","winddirectiondegrees":328,"windspeedms":2.19,"visibility":20400,"precipitation":1,"beaufort":2,"humidity":65,"sunshine":0,"hour":14,"pollenindex":4,"windspeed":8,"sunshinepower":345,"sunpower":345},{"datetime":"2020-07-19T15:00:00","datetimeutc":"2020-07-19T13:00:00","timetype":"Hour","precipitationmm":0.0,"temperature":21.8,"feeltemperature":21.8,"cloudcover":100,"iconcode":"c","iconid":22,"sources":1,"winddirection":"NW","winddirectiondegrees":329,"windspeedms":2.54,"visibility":19600,"precipitation":1,"beaufort":2,"humidity":65,"sunshine":0,"hour":15,"pollenindex":4,"windspeed":9,"sunshinepower":323,"sunpower":323},{"datetime":"2020-07-19T16:00:00","datetimeutc":"2020-07-19T14:00:00","timetype":"Hour","precipitationmm":0.0,"temperature":21.5,"feeltemperature":21.5,"cloudcover":100,"iconcode":"c","iconid":19,"sources":1,"winddirection":"N","winddirectiondegrees":342,"windspeedms":3.12,"visibility":18200,"precipitation":1,"beaufort":2,"humidity":67,"sunshine":0,"hour":16,"pollenindex":4,"windspeed":11,"sunshinepower":283,"sunpower":283},{"datetime":"2020-07-19T17:00:00","datetimeutc":"2020-07-19T15:00:00","timetype":"Hour","precipitationmm":0.0,"temperature":21.1,"feeltemperature":21.1,"cloudcover":99,"iconcode":"c","iconid":19,"sources":1,"winddirection":"N","winddirectiondegrees":2,"windspeedms":3.5,"visibility":17200,"precipitation":0,"beaufort":2,"humidity":69,"sunshine":0,"hour":17,"pollenindex":4,"windspeed":13,"sunshinepower":235,"sunpower":235},{"datetime":"2020-07-19T18:00:00","datetimeutc":"2020-07-19T16:00:00","timetype":"Hour","precipitationmm":0.0,"temperature":20.6,"feeltemperature":20.6,"cloudcover":99,"iconcode":"c","iconid":22,"sources":1,"winddirection":"N","winddirectiondegrees":21,"windspeedms":4.14,"visibility":15600,"precipitation":1,"beaufort":3,"humidity":71,"sunshine":0,"hour":18,"pollenindex":4,"windspeed":15,"sunshinepower":185,"sunpower":185},{"datetime":"2020-07-19T19:00:00","datetimeutc":"2020-07-19T17:00:00","timetype":"Hour","precipitationmm":0.0,"temperature":19.9,"feeltemperature":19.9,"cloudcover":100,"iconcode":"c","iconid":22,"sources":1,"winddirection":"N","winddirectiondegrees":13,"windspeedms":4.58,"visibility":13000,"precipitation":1,"beaufort":3,"humidity":74,"sunshine":0,"hour":19,"pollenindex":4,"windspeed":16,"sunshinepower":128,"sunpower":128},{"datetime":"2020-07-19T20:00:00","datetimeutc":"2020-07-19T18:00:00","timetype":"Hour","precipitationmm":0.0,"temperature":19.0,"feeltemperature":19.0,"cloudcover":100,"iconcode":"c","iconid":22,"sources":1,"winddirection":"N","winddirectiondegrees":10,"windspeedms":5.03,"visibility":12000,"precipitation":1,"beaufort":3,"humidity":77,"sunshine":0,"hour":20,"pollenindex":4,"windspeed":18,"sunshinepower":75,"sunpower":75},{"datetime":"2020-07-19T21:00:00","datetimeutc":"2020-07-19T19:00:00","timetype":"Hour","precipitationmm":0.0,"temperature":18.0,"feeltemperature":18.0,"cloudcover":99,"iconcode":"c","iconid":22,"sources":1,"winddirection":"N","winddirectiondegrees":9,"windspeedms":5.06,"visibility":12000,"precipitation":0,"beaufort":3,"humidity":81,"sunshine":0,"hour":21,"pollenindex":3,"windspeed":18,"sunshinepower":27,"sunpower":27},{"datetime":"2020-07-19T22:00:00","datetimeutc":"2020-07-19T20:00:00","timetype":"Hour","precipitationmm":0.0,"temperature":17.2,"feeltemperature":17.2,"cloudcover":99,"iconcode":"cc","iconid":19,"sources":1,"winddirection":"N","winddirectiondegrees":10,"windspeedms":4.77,"visibility":11610,"precipitation":0,"beaufort":3,"humidity":84,"sunshine":0,"hour":22,"pollenindex":3,"windspeed":17,"sunshinepower":0,"sunpower":0},{"datetime":"2020-07-19T23:00:00","datetimeutc":"2020-07-19T21:00:00","timetype":"Hour","precipitationmm":0.0,"temperature":16.6,"feeltemperature":16.6,"cloudcover":100,"iconcode":"cc","iconid":22,"sources":1,"winddirection":"N","winddirectiondegrees":9,"windspeedms":4.64,"visibility":11810,"precipitation":0,"beaufort":3,"humidity":85,"sunshine":0,"hour":23,"pollenindex":3,"windspeed":17,"sunshinepower":0,"sunpower":0}],"datetime":"2020-07-19T00:00:00","datetimeutc":"2020-07-18T22:00:00","timetype":"Day","precipitationmm":0.0,"mintemperature":14.6,"maxtemperature":21.9,"cloudcover":90,"iconcode":"c","iconid":4,"sources":1,"winddirection":"NW","winddirectiondegrees":315,"windspeedms":2.31,"precipitation":1,"beaufort":2,"uvindex":7,"bbqindex":7,"mosquitoindex":8,"pollenindex":5,"icescrapeindex":1,"mintemp":14.6,"maxtemp":21.9,"windspeed":2},{"date":"2020-07-20T00:00:00","sunrise":"2020-07-20T05:43:46","sunset":"2020-07-20T21:49:07","hours":[{"datetime":"2020-07-20T00:00:00","datetimeutc":"2020-07-19T22:00:00","timetype":"Hour","precipitationmm":0.0,"temperature":16.3,"feeltemperature":16.3,"cloudcover":100,"iconcode":"cc","iconid":22,"sources":1,"winddirection":"N","winddirectiondegrees":9,"windspeedms":4.36,"visibility":12010,"precipitation":0,"beaufort":3,"humidity":85,"sunshine":0,"hour":0,"pollenindex":3,"windspeed":16,"sunshinepower":0,"sunpower":0},{"datetime":"2020-07-20T01:00:00","datetimeutc":"2020-07-19T23:00:00","timetype":"Hour","precipitationmm":0.0,"temperature":16.0,"feeltemperature":16.0,"cloudcover":99,"iconcode":"cc","iconid":22,"sources":1,"winddirection":"N","winddirectiondegrees":11,"windspeedms":4.16,"visibility":10820,"precipitation":0,"beaufort":3,"humidity":86,"sunshine":0,"hour":1,"pollenindex":3,"windspeed":15,"sunshinepower":0,"sunpower":0},{"datetime":"2020-07-20T02:00:00","datetimeutc":"2020-07-20T00:00:00","timetype":"Hour","precipitationmm":0.0,"temperature":15.6,"feeltemperature":15.6,"cloudcover":95,"iconcode":"cc","iconid":22,"sources":1,"winddirection":"N","winddirectiondegrees":13,"windspeedms":3.99,"visibility":10420,"precipitation":0,"beaufort":2,"humidity":87,"sunshine":0,"hour":2,"pollenindex":3,"windspeed":14,"sunshinepower":0,"sunpower":0},{"datetime":"2020-07-20T03:00:00","datetimeutc":"2020-07-20T01:00:00","timetype":"Hour","precipitationmm":0.0,"temperature":15.3,"feeltemperature":15.3,"cloudcover":88,"iconcode":"rr","iconid":19,"sources":1,"winddirection":"N","winddirectiondegrees":13,"windspeedms":3.96,"visibility":10020,"precipitation":0,"beaufort":2,"humidity":87,"sunshine":0,"hour":3,"pollenindex":3,"windspeed":14,"sunshinepower":0,"sunpower":0},{"datetime":"2020-07-20T04:00:00","datetimeutc":"2020-07-20T02:00:00","timetype":"Hour","precipitationmm":0.0,"temperature":14.9,"feeltemperature":14.0,"cloudcover":79,"iconcode":"rr","iconid":19,"sources":1,"winddirection":"N","winddirectiondegrees":13,"windspeedms":4.05,"visibility":9210,"precipitation":0,"beaufort":3,"humidity":88,"sunshine":0,"hour":4,"pollenindex":3,"windspeed":15,"sunshinepower":0,"sunpower":0},{"datetime":"2020-07-20T05:00:00","datetimeutc":"2020-07-20T03:00:00","timetype":"Hour","precipitationmm":0.0,"temperature":14.6,"feeltemperature":13.6,"cloudcover":73,"iconcode":"rr","iconid":7,"sources":1,"winddirection":"N","winddirectiondegrees":12,"windspeedms":4.0,"visibility":10010,"precipitation":0,"beaufort":3,"humidity":89,"sunshine":0,"hour":5,"pollenindex":3,"windspeed":14,"sunshinepower":0,"sunpower":0},{"datetime":"2020-07-20T06:00:00","datetimeutc":"2020-07-20T04:00:00","timetype":"Hour","precipitationmm":0.0,"temperature":14.5,"feeltemperature":13.5,"cloudcover":72,"iconcode":"r","iconid":7,"sources":1,"winddirection":"N","winddirectiondegrees":10,"windspeedms":3.88,"visibility":8800,"precipitation":0,"beaufort":2,"humidity":89,"sunshine":6,"hour":6,"pollenindex":3,"windspeed":14,"sunshinepower":10,"sunpower":10},{"datetime":"2020-07-20T07:00:00","datetimeutc":"2020-07-20T05:00:00","timetype":"Hour","precipitationmm":0.0,"temperature":14.7,"feeltemperature":13.7,"cloudcover":73,"iconcode":"r","iconid":7,"sources":1,"winddirection":"N","winddirectiondegrees":9,"windspeedms":4.09,"visibility":9410,"precipitation":0,"beaufort":3,"humidity":86,"sunshine":23,"hour":7,"pollenindex":3,"windspeed":15,"sunshinepower":85,"sunpower":85},{"datetime":"2020-07-20T08:00:00","datetimeutc":"2020-07-20T06:00:00","timetype":"Hour","precipitationmm":0.0,"temperature":15.2,"feeltemperature":15.2,"cloudcover":73,"iconcode":"r","iconid":7,"sources":1,"winddirection":"N","winddirectiondegrees":9,"windspeedms":4.45,"visibility":11200,"precipitation":0,"beaufort":3,"humidity":81,"sunshine":21,"hour":8,"pollenindex":3,"windspeed":16,"sunshinepower":213,"sunpower":213},{"datetime":"2020-07-20T09:00:00","datetimeutc":"2020-07-20T07:00:00","timetype":"Hour","precipitationmm":0.0,"temperature":15.8,"feeltemperature":15.8,"cloudcover":69,"iconcode":"b","iconid":7,"sources":1,"winddirection":"N","winddirectiondegrees":8,"windspeedms":4.57,"visibility":13600,"precipitation":0,"beaufort":3,"humidity":76,"sunshine":23,"hour":9,"pollenindex":4,"windspeed":16,"sunshinepower":350,"sunpower":350},{"datetime":"2020-07-20T10:00:00","datetimeutc":"2020-07-20T08:00:00","timetype":"Hour","precipitationmm":0.0,"temperature":16.6,"feeltemperature":16.6,"cloudcover":64,"iconcode":"b","iconid":7,"sources":1,"winddirection":"N","winddirectiondegrees":9,"windspeedms":4.43,"visibility":16000,"precipitation":0,"beaufort":3,"humidity":70,"sunshine":26,"hour":10,"pollenindex":4,"windspeed":16,"sunshinepower":480,"sunpower":480},{"datetime":"2020-07-20T11:00:00","datetimeutc":"2020-07-20T09:00:00","timetype":"Hour","precipitationmm":0.0,"temperature":17.3,"feeltemperature":17.3,"cloudcover":58,"iconcode":"b","iconid":7,"sources":1,"winddirection":"N","winddirectiondegrees":11,"windspeedms":4.43,"visibility":18400,"precipitation":0,"beaufort":3,"humidity":65,"sunshine":31,"hour":11,"pollenindex":4,"windspeed":16,"sunshinepower":594,"sunpower":594},{"datetime":"2020-07-20T12:00:00","datetimeutc":"2020-07-20T10:00:00","timetype":"Hour","precipitationmm":0.0,"temperature":18.1,"feeltemperature":18.1,"cloudcover":51,"iconcode":"b","iconid":7,"sources":1,"winddirection":"N","winddirectiondegrees":6,"windspeedms":4.48,"visibility":20200,"precipitation":0,"beaufort":3,"humidity":60,"sunshine":38,"hour":12,"pollenindex":5,"windspeed":16,"sunshinepower":669,"sunpower":669},{"datetime":"2020-07-20T13:00:00","datetimeutc":"2020-07-20T11:00:00","timetype":"Hour","precipitationmm":0.0,"temperature":18.7,"feeltemperature":18.7,"cloudcover":43,"iconcode":"j","iconid":7,"sources":1,"winddirection":"N","winddirectiondegrees":359,"windspeedms":4.67,"visibility":21800,"precipitation":0,"beaufort":3,"humidity":57,"sunshine":46,"hour":13,"pollenindex":5,"windspeed":17,"sunshinepower":712,"sunpower":712},{"datetime":"2020-07-20T14:00:00","datetimeutc":"2020-07-20T12:00:00","timetype":"Hour","precipitationmm":0.0,"temperature":19.0,"feeltemperature":19.0,"cloudcover":39,"iconcode":"j","iconid":7,"sources":1,"winddirection":"N","winddirectiondegrees":355,"windspeedms":4.99,"visibility":22200,"precipitation":0,"beaufort":3,"humidity":55,"sunshine":55,"hour":14,"pollenindex":5,"windspeed":18,"sunshinepower":731,"sunpower":731},{"datetime":"2020-07-20T15:00:00","datetimeutc":"2020-07-20T13:00:00","timetype":"Hour","precipitationmm":0.0,"temperature":19.0,"feeltemperature":19.0,"cloudcover":42,"iconcode":"j","iconid":19,"sources":1,"winddirection":"N","winddirectiondegrees":353,"windspeedms":5.23,"visibility":22000,"precipitation":0,"beaufort":3,"humidity":55,"sunshine":58,"hour":15,"pollenindex":5,"windspeed":19,"sunshinepower":706,"sunpower":706},{"datetime":"2020-07-20T16:00:00","datetimeutc":"2020-07-20T14:00:00","timetype":"Hour","precipitationmm":0.0,"temperature":18.9,"feeltemperature":18.9,"cloudcover":50,"iconcode":"b","iconid":19,"sources":1,"winddirection":"N","winddirectiondegrees":353,"windspeedms":5.43,"visibility":21800,"precipitation":0,"beaufort":3,"humidity":56,"sunshine":55,"hour":16,"pollenindex":5,"windspeed":20,"sunshinepower":636,"sunpower":636},{"datetime":"2020-07-20T17:00:00","datetimeutc":"2020-07-20T15:00:00","timetype":"Hour","precipitationmm":0.0,"temperature":18.6,"feeltemperature":18.6,"cloudcover":51,"iconcode":"b","iconid":19,"sources":1,"winddirection":"N","winddirectiondegrees":354,"windspeedms":5.63,"visibility":20600,"precipitation":1,"beaufort":3,"humidity":57,"sunshine":46,"hour":17,"pollenindex":5,"windspeed":20,"sunshinepower":530,"sunpower":530},{"datetime":"2020-07-20T18:00:00","datetimeutc":"2020-07-20T16:00:00","timetype":"Hour","precipitationmm":0.0,"temperature":18.1,"feeltemperature":18.1,"cloudcover":41,"iconcode":"j","iconid":22,"sources":1,"winddirection":"N","winddirectiondegrees":356,"windspeedms":5.62,"visibility":18600,"precipitation":0,"beaufort":3,"humidity":58,"sunshine":45,"hour":18,"pollenindex":5,"windspeed":20,"sunshinepower":414,"sunpower":414},{"datetime":"2020-07-20T19:00:00","datetimeutc":"2020-07-20T17:00:00","timetype":"Hour","precipitationmm":0.0,"temperature":17.5,"feeltemperature":17.5,"cloudcover":25,"iconcode":"j","iconid":22,"sources":1,"winddirection":"N","winddirectiondegrees":358,"windspeedms":5.48,"visibility":17200,"precipitation":0,"beaufort":3,"humidity":60,"sunshine":56,"hour":19,"pollenindex":5,"windspeed":20,"sunshinepower":292,"sunpower":292},{"datetime":"2020-07-20T20:00:00","datetimeutc":"2020-07-20T18:00:00","timetype":"Hour","precipitationmm":0.0,"temperature":16.7,"feeltemperature":16.7,"cloudcover":12,"iconcode":"a","iconid":19,"sources":1,"winddirection":"N","winddirectiondegrees":356,"windspeedms":5.11,"visibility":16600,"precipitation":0,"beaufort":3,"humidity":63,"sunshine":73,"hour":20,"pollenindex":5,"windspeed":18,"sunshinepower":166,"sunpower":166},{"datetime":"2020-07-20T21:00:00","datetimeutc":"2020-07-20T19:00:00","timetype":"Hour","precipitationmm":0.0,"temperature":15.7,"feeltemperature":15.7,"cloudcover":7,"iconcode":"a","iconid":7,"sources":1,"winddirection":"N","winddirectiondegrees":354,"windspeedms":4.54,"visibility":16200,"precipitation":0,"beaufort":3,"humidity":67,"sunshine":86,"hour":21,"pollenindex":4,"windspeed":16,"sunshinepower":55,"sunpower":55},{"datetime":"2020-07-20T22:00:00","datetimeutc":"2020-07-20T20:00:00","timetype":"Hour","precipitationmm":0.0,"temperature":14.6,"feeltemperature":13.8,"cloudcover":37,"iconcode":"jj","iconid":13,"sources":1,"winddirection":"N","winddirectiondegrees":354,"windspeedms":3.6,"visibility":15610,"precipitation":0,"beaufort":2,"humidity":72,"sunshine":80,"hour":22,"pollenindex":4,"windspeed":13,"sunshinepower":0,"sunpower":0},{"datetime":"2020-07-20T23:00:00","datetimeutc":"2020-07-20T21:00:00","timetype":"Hour","precipitationmm":0.0,"temperature":13.8,"feeltemperature":13.8,"cloudcover":37,"iconcode":"jj","iconid":13,"sources":1,"winddirection":"N","winddirectiondegrees":351,"windspeedms":2.91,"visibility":13810,"precipitation":0,"beaufort":2,"humidity":77,"sunshine":0,"hour":23,"pollenindex":4,"windspeed":10,"sunshinepower":0,"sunpower":0}],"datetime":"2020-07-20T00:00:00","datetimeutc":"2020-07-19T22:00:00","timetype":"Day","precipitationmm":0.0,"mintemperature":13.8,"maxtemperature":19.0,"cloudcover":25,"iconcode":"j","iconid":2,"sources":1,"winddirection":"N","winddirectiondegrees":0,"windspeedms":4.5,"precipitation":1,"beaufort":3,"uvindex":6,"bbqindex":6,"mosquitoindex":6,"pollenindex":5,"icescrapeindex":1,"mintemp":13.8,"maxtemp":19.0,"windspeed":4},{"date":"2020-07-21T00:00:00","sunrise":"2020-07-21T05:45:10","sunset":"2020-07-21T21:47:49","hours":[{"datetime":"2020-07-21T00:00:00","datetimeutc":"2020-07-20T22:00:00","timetype":"Hour","precipitationmm":0.0,"temperature":13.2,"feeltemperature":13.2,"cloudcover":1,"iconcode":"aa","iconid":13,"sources":1,"winddirection":"N","winddirectiondegrees":343,"windspeedms":2.76,"visibility":11620,"precipitation":0,"beaufort":2,"humidity":81,"sunshine":0,"hour":0,"pollenindex":3,"windspeed":10,"sunshinepower":0,"sunpower":0},{"datetime":"2020-07-21T01:00:00","datetimeutc":"2020-07-20T23:00:00","timetype":"Hour","precipitationmm":0.0,"temperature":12.8,"feeltemperature":12.8,"cloudcover":0,"iconcode":"aa","iconid":13,"sources":1,"winddirection":"NW","winddirectiondegrees":337,"windspeedms":2.53,"visibility":10620,"precipitation":0,"beaufort":2,"humidity":83,"sunshine":0,"hour":1,"pollenindex":3,"windspeed":9,"sunshinepower":0,"sunpower":0},{"datetime":"2020-07-21T02:00:00","datetimeutc":"2020-07-21T00:00:00","timetype":"Hour","precipitationmm":0.0,"temperature":12.2,"feeltemperature":12.2,"cloudcover":0,"iconcode":"aa","iconid":13,"sources":1,"winddirection":"N","winddirectiondegrees":338,"windspeedms":2.38,"visibility":10020,"precipitation":0,"beaufort":2,"humidity":86,"sunshine":0,"hour":2,"pollenindex":3,"windspeed":9,"sunshinepower":0,"sunpower":0},{"datetime":"2020-07-21T03:00:00","datetimeutc":"2020-07-21T01:00:00","timetype":"Hour","precipitationmm":0.0,"temperature":11.8,"feeltemperature":11.8,"cloudcover":0,"iconcode":"aa","iconid":13,"sources":1,"winddirection":"N","winddirectiondegrees":345,"windspeedms":2.43,"visibility":9610,"precipitation":0,"beaufort":2,"humidity":89,"sunshine":0,"hour":3,"pollenindex":3,"windspeed":9,"sunshinepower":0,"sunpower":0},{"datetime":"2020-07-21T04:00:00","datetimeutc":"2020-07-21T02:00:00","timetype":"Hour","precipitationmm":0.0,"temperature":11.4,"feeltemperature":11.4,"cloudcover":0,"iconcode":"aa","iconid":13,"sources":1,"winddirection":"N","winddirectiondegrees":357,"windspeedms":2.52,"visibility":9610,"precipitation":0,"beaufort":2,"humidity":91,"sunshine":0,"hour":4,"pollenindex":3,"windspeed":9,"sunshinepower":0,"sunpower":0},{"datetime":"2020-07-21T05:00:00","datetimeutc":"2020-07-21T03:00:00","timetype":"Hour","precipitationmm":0.0,"temperature":11.4,"feeltemperature":11.4,"cloudcover":0,"iconcode":"aa","iconid":13,"sources":1,"winddirection":"N","winddirectiondegrees":5,"windspeedms":2.66,"visibility":10000,"precipitation":0,"beaufort":2,"humidity":91,"sunshine":0,"hour":5,"pollenindex":3,"windspeed":10,"sunshinepower":0,"sunpower":0},{"datetime":"2020-07-21T06:00:00","datetimeutc":"2020-07-21T04:00:00","timetype":"Hour","precipitationmm":0.0,"temperature":11.7,"feeltemperature":11.7,"cloudcover":37,"iconcode":"j","iconid":7,"sources":1,"winddirection":"N","winddirectiondegrees":12,"windspeedms":2.73,"visibility":11800,"precipitation":0,"beaufort":2,"humidity":89,"sunshine":28,"hour":6,"pollenindex":3,"windspeed":10,"sunshinepower":10,"sunpower":10},{"datetime":"2020-07-21T07:00:00","datetimeutc":"2020-07-21T05:00:00","timetype":"Hour","precipitationmm":0.0,"temperature":12.4,"feeltemperature":12.4,"cloudcover":39,"iconcode":"j","iconid":5,"sources":1,"winddirection":"N","winddirectiondegrees":9,"windspeedms":2.9,"visibility":12400,"precipitation":0,"beaufort":2,"humidity":85,"sunshine":60,"hour":7,"pollenindex":3,"windspeed":10,"sunshinepower":82,"sunpower":82},{"datetime":"2020-07-21T08:00:00","datetimeutc":"2020-07-21T06:00:00","timetype":"Hour","precipitationmm":0.0,"temperature":13.3,"feeltemperature":13.3,"cloudcover":41,"iconcode":"j","iconid":5,"sources":1,"winddirection":"N","winddirectiondegrees":5,"windspeedms":3.3,"visibility":13800,"precipitation":0,"beaufort":2,"humidity":81,"sunshine":58,"hour":8,"pollenindex":3,"windspeed":12,"sunshinepower":202,"sunpower":202},{"datetime":"2020-07-21T09:00:00","datetimeutc":"2020-07-21T07:00:00","timetype":"Hour","precipitationmm":0.0,"temperature":14.1,"feeltemperature":14.1,"cloudcover":22,"iconcode":"j","iconid":22,"sources":1,"winddirection":"N","winddirectiondegrees":5,"windspeedms":3.34,"visibility":14000,"precipitation":0,"beaufort":2,"humidity":76,"sunshine":56,"hour":9,"pollenindex":4,"windspeed":12,"sunshinepower":327,"sunpower":327},{"datetime":"2020-07-21T10:00:00","datetimeutc":"2020-07-21T08:00:00","timetype":"Hour","precipitationmm":0.0,"temperature":15.0,"feeltemperature":14.3,"cloudcover":27,"iconcode":"j","iconid":22,"sources":1,"winddirection":"N","winddirectiondegrees":4,"windspeedms":3.4,"visibility":14600,"precipitation":0,"beaufort":2,"humidity":71,"sunshine":76,"hour":10,"pollenindex":4,"windspeed":12,"sunshinepower":453,"sunpower":453},{"datetime":"2020-07-21T11:00:00","datetimeutc":"2020-07-21T09:00:00","timetype":"Hour","precipitationmm":0.0,"temperature":15.8,"feeltemperature":15.8,"cloudcover":28,"iconcode":"j","iconid":22,"sources":1,"winddirection":"N","winddirectiondegrees":1,"windspeedms":3.45,"visibility":14200,"precipitation":1,"beaufort":2,"humidity":67,"sunshine":71,"hour":11,"pollenindex":4,"windspeed":12,"sunshinepower":568,"sunpower":568},{"datetime":"2020-07-21T12:00:00","datetimeutc":"2020-07-21T10:00:00","timetype":"Hour","precipitationmm":0.0,"temperature":16.6,"feeltemperature":16.6,"cloudcover":37,"iconcode":"j","iconid":22,"sources":1,"winddirection":"N","winddirectiondegrees":359,"windspeedms":3.65,"visibility":15600,"precipitation":0,"beaufort":2,"humidity":63,"sunshine":70,"hour":12,"pollenindex":5,"windspeed":13,"sunshinepower":690,"sunpower":690},{"datetime":"2020-07-21T13:00:00","datetimeutc":"2020-07-21T11:00:00","timetype":"Hour","precipitationmm":0.0,"temperature":17.4,"feeltemperature":17.4,"cloudcover":75,"iconcode":"r","iconid":19,"sources":1,"winddirection":"N","winddirectiondegrees":355,"windspeedms":3.94,"visibility":16400,"precipitation":0,"beaufort":2,"humidity":59,"sunshine":61,"hour":13,"pollenindex":5,"windspeed":14,"sunshinepower":489,"sunpower":489},{"datetime":"2020-07-21T14:00:00","datetimeutc":"2020-07-21T12:00:00","timetype":"Hour","precipitationmm":0.0,"temperature":18.1,"feeltemperature":18.1,"cloudcover":98,"iconcode":"c","iconid":19,"sources":1,"winddirection":"N","winddirectiondegrees":355,"windspeedms":4.02,"visibility":17800,"precipitation":1,"beaufort":3,"humidity":55,"sunshine":20,"hour":14,"pollenindex":5,"windspeed":14,"sunshinepower":0,"sunpower":0}],"datetime":"2020-07-21T00:00:00","datetimeutc":"2020-07-20T22:00:00","timetype":"Day","precipitationmm":0.0,"mintemperature":11.4,"maxtemperature":18.6,"cloudcover":25,"iconcode":"j","iconid":2,"sources":1,"winddirection":"N","winddirectiondegrees":0,"windspeedms":3.79,"precipitation":1,"beaufort":2,"mosquitoindex":6,"pollenindex":5,"icescrapeindex":1,"mintemp":11.4,"maxtemp":18.6,"windspeed":4},{"date":"2020-07-22T00:00:00","sunrise":"2020-07-22T05:46:34","sunset":"2020-07-22T21:46:27","datetime":"2020-07-22T00:00:00","datetimeutc":"2020-07-21T22:00:00","timetype":"Day","precipitationmm":0.0,"mintemperature":13.4,"maxtemperature":18.0,"cloudcover":25,"iconcode":"j","iconid":2,"sources":1,"winddirection":"N","winddirectiondegrees":0,"windspeedms":3.92,"precipitation":1,"beaufort":2,"pollenindex":5,"mintemp":13.4,"maxtemp":18.0,"windspeed":4},{"date":"2020-07-23T00:00:00","sunrise":"2020-07-23T05:48:00","sunset":"2020-07-23T21:45:04","datetime":"2020-07-23T00:00:00","datetimeutc":"2020-07-22T22:00:00","timetype":"Day","precipitationmm":0.0,"mintemperature":13.5,"maxtemperature":18.4,"cloudcover":75,"iconcode":"r","iconid":3,"sources":1,"winddirection":"N","winddirectiondegrees":0,"windspeedms":2.93,"precipitation":1,"beaufort":2,"pollenindex":5,"mintemp":13.5,"maxtemp":18.4,"windspeed":3},{"date":"2020-07-24T00:00:00","sunrise":"2020-07-24T05:49:27","sunset":"2020-07-24T21:43:38","datetime":"2020-07-24T00:00:00","datetimeutc":"2020-07-23T22:00:00","timetype":"Day","precipitationmm":0.0,"mintemperature":13.8,"maxtemperature":19.0,"cloudcover":25,"iconcode":"j","iconid":2,"sources":1,"winddirection":"N","winddirectiondegrees":0,"windspeedms":2.61,"precipitation":1,"beaufort":2,"pollenindex":5,"mintemp":13.8,"maxtemp":19.0,"windspeed":3},{"date":"2020-07-25T00:00:00","sunrise":"2020-07-25T05:50:55","sunset":"2020-07-25T21:42:10","datetime":"2020-07-25T00:00:00","datetimeutc":"2020-07-24T22:00:00","timetype":"Day","precipitationmm":0.0,"mintemperature":15.0,"maxtemperature":20.6,"cloudcover":25,"iconcode":"j","iconid":2,"sources":1,"winddirection":"N","winddirectiondegrees":0,"windspeedms":1.81,"precipitation":1,"beaufort":1,"pollenindex":5,"mintemp":15.0,"maxtemp":20.6,"windspeed":2},{"date":"2020-07-26T00:00:00","sunrise":"2020-07-26T05:52:24","sunset":"2020-07-26T21:40:39","datetime":"2020-07-26T00:00:00","datetimeutc":"2020-07-25T22:00:00","timetype":"Day","precipitationmm":0.0,"mintemperature":15.7,"maxtemperature":20.6,"cloudcover":75,"iconcode":"r","iconid":3,"sources":1,"winddirection":"NW","winddirectiondegrees":315,"windspeedms":1.59,"precipitation":2,"beaufort":1,"pollenindex":5,"mintemp":15.7,"maxtemp":20.6,"windspeed":2},{"date":"2020-07-27T00:00:00","sunrise":"2020-07-27T05:53:54","sunset":"2020-07-27T21:39:07","datetime":"2020-07-27T00:00:00","datetimeutc":"2020-07-26T22:00:00","timetype":"Day","precipitationmm":0.0,"mintemperature":15.9,"maxtemperature":21.0,"cloudcover":25,"iconcode":"j","iconid":2,"sources":1,"winddirection":"N","winddirectiondegrees":0,"windspeedms":1.9,"precipitation":2,"beaufort":1,"pollenindex":5,"mintemp":15.9,"maxtemp":21.0,"windspeed":2},{"date":"2020-07-28T00:00:00","sunrise":"2020-07-28T05:55:25","sunset":"2020-07-28T21:37:32","datetime":"2020-07-28T00:00:00","datetimeutc":"2020-07-27T22:00:00","timetype":"Day","precipitationmm":0.0,"mintemperature":15.9,"maxtemperature":21.5,"cloudcover":75,"iconcode":"r","iconid":3,"sources":1,"winddirection":"N","winddirectiondegrees":0,"windspeedms":1.61,"precipitation":1,"beaufort":1,"pollenindex":5,"mintemp":15.9,"maxtemp":21.5,"windspeed":2}]}