{"location":{"lat":52.37,"lon":4.89},"timeOffset":2.0,"timestamp":"2020-07-06T03:42:17","altitude":0,"elevation":0,"machinename":"None","elapsedms":0,"pollenindexNowDay":4,"pollenindexNowHour":4,"nowrelevant":{"values":[{"type":"maxtemperature","value":15.8},{"type":"beaufort","value":4}]},"days":[{"date":"2020-07-06T00:00:00","sunrise":"2020-07-06T05:27:15","sunset":"2020-07-06T22:02:52","morning":{"datetime":"2020-07-06T07:00:00","datetimeutc":"2020-07-06T05:00:00","timetype":"Morning","precipitationmm":0.8,"mintemperature":14.7,"maxtemperature":15.0,"cloudcover":67,"iconcode":"b","iconid":7,"sources":1,"winddirection":"W","winddirectiondegrees":280,"windspeedms":8.4,"visibility":13612,"precipitation":64,"beaufort":4,"humidity":70,"sunshine":29,"hour":7,"mintemp":14.7,"maxtemp":15.0,"windspeed":30,"sunshinepower":276,"sunpower":276},"afternoon":{"datetime":"2020-07-06T12:00:00","datetimeutc":"2020-07-06T10:00:00","timetype":"Afternoon","precipitationmm":0.5,"mintemperature":15.3,"maxtemperature":15.6,"cloudcover":85,"iconcode":"m","iconid":33,"sources":1,"winddirection":"W","winddirectiondegrees":288,"windspeedms":7.8,"visibility":13980,"precipitation":76,"beaufort":4,"humidity":70,"sunshine":10,"hour":12,"mintemp":15.3,"maxtemp":15.6,"windspeed":28,"sunshinepower":511,"sunpower":511},"evening":{"datetime":"2020-07-06T18:00:00","datetimeutc":"2020-07-06T16:00:00","timetype":"Evening","precipitationmm":0.0,"mintemperature":13.3,"maxtemperature":15.8,"cloudcover":57,"iconcode":"b","iconid":19,"sources":1,"winddirection":"NW","winddirectiondegrees":307,"windspeedms":5.4,"visibility":13986,"precipitation":1,"beaufort":3,"humidity":73,"sunshine":32,"hour":18,"mintemp":13.3,"maxtemp":15.8,"windspeed":19,"sunshinepower":150,"sunpower":150},"night":{"datetime":"2020-07-06T06:00:00","datetimeutc":"2020-07-06T04:00:00","timetype":"Night","precipitationmm":0.0,"mintemperature":14.7,"maxtemperature":14.7,"cloudcover":63,"iconcode":"b","iconid":7,"sources":1,"winddirection":"W","winddirectiondegrees":275,"windspeedms":8.3,"visibility":14620,"precipitation":0,"beaufort":4,"humidity":70,"sunshine":30,"hour":6,"mintemp":14.7,"maxtemp":14.7,"windspeed":30,"sunshinepower":23,"sunpower":23},"hours":[{"datetime":"2020-07-06T06:00:00","datetimeutc":"2020-07-06T04:00:00","timetype":"Hour","precipitationmm":0.0,"temperature":14.7,"feeltemperature":12.7,"cloudcover":63,"iconcode":"b","iconid":7,"sources":3,"winddirection":"W","winddirectiondegrees":276,"windspeedms":8.3,"visibility":14620,"precipitation":0,"beaufort":4,"humidity":70,"sunshine":30,"hour":6,"pollenindex":5,"windspeed":30,"sunshinepower":23,"sunpower":23},{"datetime":"2020-07-06T07:00:00","datetimeutc":"2020-07-06T05:00:00","timetype":"Hour","precipitationmm":0.0,"temperature":14.7,"feeltemperature":12.7,"cloudcover":64,"iconcode":"b","iconid":7,"sources":3,"winddirection":"W","winddirectiondegrees":277,"windspeedms":8.5,"visibility":14210,"precipitation":0,"beaufort":4,"humidity":70,"sunshine":33,"hour":7,"pollenindex":5,"windspeed":31,"sunshinepower":103,"sunpower":103},{"datetime":"2020-07-06T08:00:00","datetimeutc":"2020-07-06T06:00:00","timetype":"Hour","precipitationmm":0.1,"temperature":14.8,"feeltemperature":12.8,"cloudcover":64,"iconcode":"f","iconid":7,"sources":2,"winddirection":"W","winddirectiondegrees":279,"windspeedms":8.5,"visibility":14210,"precipitation":75,"beaufort":4,"humidity":70,"sunshine":31,"hour":8,"pollenindex":5,"windspeed":31,"sunshinepower":205,"sunpower":205},{"datetime":"2020-07-06T09:00:00","datetimeutc":"2020-07-06T07:00:00","timetype":"Hour","precipitationmm":0.1,"temperature":14.8,"feeltemperature":12.8,"cloudcover":67,"iconcode":"m","iconid":22,"sources":2,"winddirection":"W","winddirectiondegrees":281,"windspeedms":8.4,"visibility":13610,"precipitation":85,"beaufort":4,"humidity":71,"sunshine":31,"hour":9,"pollenindex":5,"windspeed":30,"sunshinepower":293,"sunpower":293},{"datetime":"2020-07-06T10:00:00","datetimeutc":"2020-07-06T08:00:00","timetype":"Hour","precipitationmm":0.5,"temperature":14.9,"feeltemperature":13.0,"cloudcover":70,"iconcode":"m","iconid":22,"sources":2,"winddirection":"W","winddirectiondegrees":283,"windspeedms":8.2,"visibility":13010,"precipitation":81,"beaufort":4,"humidity":71,"sunshine":28,"hour":10,"pollenindex":6,"windspeed":30,"sunshinepower":356,"sunpower":356},{"datetime":"2020-07-06T11:00:00","datetimeutc":"2020-07-06T09:00:00","timetype":"Hour","precipitationmm":0.1,"temperature":15.0,"feeltemperature":13.1,"cloudcover":72,"iconcode":"m","iconid":22,"sources":2,"winddirection":"W","winddirectiondegrees":284,"windspeedms":8.2,"visibility":13020,"precipitation":75,"beaufort":4,"humidity":70,"sunshine":25,"hour":11,"pollenindex":6,"windspeed":30,"sunshinepower":426,"sunpower":426},{"datetime":"2020-07-06T12:00:00","datetimeutc":"2020-07-06T10:00:00","timetype":"Hour","precipitationmm":0.1,"temperature":15.3,"feeltemperature":13.5,"cloudcover":76,"iconcode":"m","iconid":33,"sources":2,"winddirection":"W","winddirectiondegrees":285,"windspeedms":8.2,"visibility":13410,"precipitation":78,"beaufort":4,"humidity":70,"sunshine":23,"hour":12,"pollenindex":6,"windspeed":30,"sunshinepower":499,"sunpower":499},{"datetime":"2020-07-06T13:00:00","datetimeutc":"2020-07-06T11:00:00","timetype":"Hour","precipitationmm":0.1,"temperature":15.4,"feeltemperature":13.7,"cloudcover":96,"iconcode":"m","iconid":33,"sources":2,"winddirection":"W","winddirectiondegrees":285,"windspeedms":8.0,"visibility":13620,"precipitation":78,"beaufort":4,"humidity":70,"sunshine":20,"hour":13,"pollenindex":6,"windspeed":29,"sunshinepower":549,"sunpower":549},{"datetime":"2020-07-06T14:00:00","datetimeutc":"2020-07-06T12:00:00","timetype":"Hour","precipitationmm":0.0,"temperature":15.4,"feeltemperature":13.7,"cloudcover":99,"iconcode":"c","iconid":33,"sources":2,"winddirection":"W","winddirectiondegrees":287,"windspeedms":8.0,"visibility":14410,"precipitation":4,"beaufort":4,"humidity":70,"sunshine":0,"hour":14,"pollenindex":6,"windspeed":29,"sunshinepower":563,"sunpower":563},{"datetime":"2020-07-06T15:00:00","datetimeutc":"2020-07-06T13:00:00","timetype":"Hour","precipitationmm":0.1,"temperature":15.4,"feeltemperature":15.4,"cloudcover":95,"iconcode":"m","iconid":33,"sources":2,"winddirection":"W","winddirectiondegrees":286,"windspeedms":7.9,"visibility":14620,"precipitation":78,"beaufort":4,"humidity":70,"sunshine":0,"hour":15,"pollenindex":6,"windspeed":28,"sunshinepower":538,"sunpower":538},{"datetime":"2020-07-06T16:00:00","datetimeutc":"2020-07-06T14:00:00","timetype":"Hour","precipitationmm":0.1,"temperature":15.5,"feeltemperature":15.5,"cloudcover":77,"iconcode":"m","iconid":22,"sources":2,"winddirection":"W","winddirectiondegrees":292,"windspeedms":7.4,"visibility":13810,"precipitation":75,"beaufort":4,"humidity":70,"sunshine":0,"hour":16,"pollenindex":6,"windspeed":27,"sunshinepower":490,"sunpower":490},{"datetime":"2020-07-06T17:00:00","datetimeutc":"2020-07-06T15:00:00","timetype":"Hour","precipitationmm":0.1,"temperature":15.6,"feeltemperature":15.6,"cloudcover":71,"iconcode":"m","iconid":19,"sources":2,"winddirection":"NW","winddirectiondegrees":294,"windspeedms":7.2,"visibility":14010,"precipitation":75,"beaufort":4,"humidity":70,"sunshine":18,"hour":17,"pollenindex":6,"windspeed":26,"sunshinepower":431,"sunpower":431},{"datetime":"2020-07-06T18:00:00","datetimeutc":"2020-07-06T16:00:00","timetype":"Hour","precipitationmm":0.0,"temperature":15.8,"feeltemperature":15.8,"cloudcover":64,"iconcode":"b","iconid":19,"sources":2,"winddirection":"NW","winddirectiondegrees":296,"windspeedms":6.9,"visibility":14010,"precipitation":2,"beaufort":4,"humidity":69,"sunshine":25,"hour":18,"pollenindex":6,"windspeed":25,"sunshinepower":363,"sunpower":363},{"datetime":"2020-07-06T19:00:00","datetimeutc":"2020-07-06T17:00:00","timetype":"Hour","precipitationmm":0.0,"temperature":15.6,"feeltemperature":15.6,"cloudcover":54,"iconcode":"b","iconid":7,"sources":2,"winddirection":"NW","winddirectiondegrees":301,"windspeedms":6.6,"visibility":15010,"precipitation":0,"beaufort":4,"humidity":69,"sunshine":31,"hour":19,"pollenindex":5,"windspeed":24,"sunshinepower":282,"sunpower":282},{"datetime":"2020-07-06T20:00:00","datetimeutc":"2020-07-06T18:00:00","timetype":"Hour","precipitationmm":0.0,"temperature":15.2,"feeltemperature":15.2,"cloudcover":49,"iconcode":"j","iconid":7,"sources":2,"winddirection":"NW","winddirectiondegrees":305,"windspeedms":6.1,"visibility":15010,"precipitation":0,"beaufort":4,"humidity":71,"sunshine":43,"hour":20,"pollenindex":5,"windspeed":22,"sunshinepower":183,"sunpower":183},{"datetime":"2020-07-06T21:00:00","datetimeutc":"2020-07-06T19:00:00","timetype":"Hour","precipitationmm":0.0,"temperature":14.5,"feeltemperature":13.1,"cloudcover":52,"iconcode":"b","iconid":7,"sources":2,"winddirection":"NW","winddirectiondegrees":308,"windspeedms":5.3,"visibility":14810,"precipitation":0,"beaufort":3,"humidity":74,"sunshine":48,"hour":21,"pollenindex":5,"windspeed":19,"sunshinepower":73,"sunpower":73},{"datetime":"2020-07-06T22:00:00","datetimeutc":"2020-07-06T20:00:00","timetype":"Hour","precipitationmm":0.0,"temperature":13.8,"feeltemperature":12.5,"cloudcover":61,"iconcode":"b","iconid":7,"sources":2,"winddirection":"NW","winddirectiondegrees":318,"windspeedms":4.4,"visibility":12830,"precipitation":0,"beaufort":3,"humidity":77,"sunshine":45,"hour":22,"pollenindex":5,"windspeed":16,"sunshinepower":0,"sunpower":0},{"datetime":"2020-07-06T23:00:00","datetimeutc":"2020-07-06T21:00:00","timetype":"Hour","precipitationmm":0.0,"temperature":13.3,"feeltemperature":13.3,"cloudcover":65,"iconcode":"bb","iconid":7,"sources":2,"winddirection":"NW","winddirectiondegrees":319,"windspeedms":3.0,"visibility":12250,"precipitation":0,"beaufort":2,"humidity":79,"sunshine":3,"hour":23,"pollenindex":5,"windspeed":11,"sunshinepower":0,"sunpower":0}],"datetime":"2020-07-06T00:00:00","datetimeutc":"2020-07-05T22:00:00","timetype":"Day","precipitationmm":3.4,"mintemperature":13.3,"maxtemperature":15.8,"cloudcover":69,"iconcode":"m","iconid":16,"sources":2,"winddirection":"W","winddirectiondegrees":270,"windspeedms":7.2,"visibility":13915,"precipitation":47,"beaufort":4,"humidity":71,"sunshine":24,"uvindex":4,"bbqindex":3,"mosquitoindex":7,"pollenindex":4,"icescrapeindex":1,"mintemp":13.3,"maxtemp":15.8,"windspeed":7,"sunshinepower":298,"sunpower":298},{"date":"2020-07-07T00:00:00","sunrise":"2020-07-07T05:28:13","sunset":"2020-07-07T22:02:12","morning":{"datetime":"2020-07-07T07:00:00","datetimeutc":"2020-07-07T05:00:00","timetype":"Morning","precipitationmm":0.4,"mintemperature":12.0,"maxtemperature":16.9,"cloudcover":36,"iconcode":"j","iconid":20,"sources":1,"winddirection":"ZW","winddirectiondegrees":236,"windspeedms":3.5,"visibility":16370,"precipitation":35,"beaufort":2,"humidity":73,"sunshine":66,"hour":7,"mintemp":12.0,"maxtemp":16.9,"windspeed":13,"sunshinepower":319,"sunpower":319},"afternoon":{"datetime":"2020-07-07T12:00:00","datetimeutc":"2020-07-07T10:00:00","timetype":"Afternoon","precipitationmm":0.0,"mintemperature":17.4,"maxtemperature":18.2,"cloudcover":50,"iconcode":"b","iconid":22,"sources":1,"winddirection":"W","winddirectiondegrees":259,"windspeedms":6.2,"visibility":22013,"precipitation":1,"beaufort":4,"humidity":58,"sunshine":42,"hour":12,"mintemp":17.4,"maxtemp":18.2,"windspeed":22,"sunshinepower":501,"sunpower":501},"evening":{"datetime":"2020-07-07T18:00:00","datetimeutc":"2020-07-07T16:00:00","timetype":"Evening","precipitationmm":1.9,"mintemperature":14.2,"maxtemperature":17.0,"cloudcover":92,"iconcode":"m","iconid":22,"sources":1,"winddirection":"ZW","winddirectiondegrees":221,"windspeedms":4.0,"visibility":16155,"precipitation":51,"beaufort":3,"humidity":71,"sunshine":16,"hour":18,"mintemp":14.2,"maxtemp":17.0,"windspeed":14,"sunshinepower":93,"sunpower":93},"night":{"datetime":"2020-07-07T00:00:00","datetimeutc":"2020-07-06T22:00:00","timetype":"Night","precipitationmm":0.0,"mintemperature":10.5,"maxtemperature":12.6,"cloudcover":45,"iconcode":"j","iconid":7,"sources":1,"winddirection":"W","winddirectiondegrees":289,"windspeedms":1.9,"visibility":11752,"precipitation":0,"beaufort":1,"humidity":87,"sunshine":5,"hour":0,"mintemp":10.5,"maxtemp":12.6,"windspeed":7,"sunshinepower":3,"sunpower":3},"hours":[{"datetime":"2020-07-07T00:00:00","datetimeutc":"2020-07-06T22:00:00","timetype":"Hour","precipitationmm":0.0,"temperature":12.6,"feeltemperature":12.6,"cloudcover":65,"iconcode":"bb","iconid":7,"sources":2,"winddirection":"NW","winddirectiondegrees":308,"windspeedms":2.5,"visibility":12650,"precipitation":0,"beaufort":2,"humidity":82,"sunshine":0,"hour":0,"pollenindex":4,"windspeed":9,"sunshinepower":0,"sunpower":0},{"datetime":"2020-07-07T01:00:00","datetimeutc":"2020-07-06T23:00:00","timetype":"Hour","precipitationmm":0.0,"temperature":12.0,"feeltemperature":12.0,"cloudcover":61,"iconcode":"bb","iconid":7,"sources":2,"winddirection":"NW","winddirectiondegrees":306,"windspeedms":2.2,"visibility":12450,"precipitation":0,"beaufort":2,"humidity":84,"sunshine":0,"hour":1,"pollenindex":4,"windspeed":8,"sunshinepower":0,"sunpower":0},{"datetime":"2020-07-07T02:00:00","datetimeutc":"2020-07-07T00:00:00","timetype":"Hour","precipitationmm":0.0,"temperature":11.4,"feeltemperature":11.4,"cloudcover":53,"iconcode":"bb","iconid":7,"sources":2,"winddirection":"NW","winddirectiondegrees":315,"windspeedms":2.0,"visibility":12040,"precipitation":0,"beaufort":2,"humidity":86,"sunshine":0,"hour":2,"pollenindex":4,"windspeed":7,"sunshinepower":0,"sunpower":0},{"datetime":"2020-07-07T03:00:00","datetimeutc":"2020-07-07T01:00:00","timetype":"Hour","precipitationmm":0.0,"temperature":11.0,"feeltemperature":11.0,"cloudcover":36,"iconcode":"jj","iconid":8,"sources":2,"winddirection":"NW","winddirectiondegrees":321,"windspeedms":1.8,"visibility":12240,"precipitation":0,"beaufort":1,"humidity":88,"sunshine":0,"hour":3,"pollenindex":4,"windspeed":6,"sunshinepower":0,"sunpower":0},{"datetime":"2020-07-07T04:00:00","datetimeutc":"2020-07-07T02:00:00","timetype":"Hour","precipitationmm":0.0,"temperature":10.6,"feeltemperature":10.6,"cloudcover":39,"iconcode":"jj","iconid":5,"sources":2,"winddirection":"NW","winddirectiondegrees":295,"windspeedms":1.4,"visibility":12040,"precipitation":0,"beaufort":1,"humidity":90,"sunshine":0,"hour":4,"pollenindex":4,"windspeed":5,"sunshinepower":0,"sunpower":0},{"datetime":"2020-07-07T05:00:00","datetimeutc":"2020-07-07T03:00:00","timetype":"Hour","precipitationmm":0.0,"temperature":10.5,"feeltemperature":10.5,"cloudcover":35,"iconcode":"jj","iconid":8,"sources":2,"winddirection":"ZW","winddirectiondegrees":238,"windspeedms":1.6,"visibility":11040,"precipitation":0,"beaufort":1,"humidity":91,"sunshine":0,"hour":5,"pollenindex":4,"windspeed":6,"sunshinepower":0,"sunpower":0},{"datetime":"2020-07-07T06:00:00","datetimeutc":"2020-07-07T04:00:00","timetype":"Hour","precipitationmm":0.0,"temperature":10.9,"feeltemperature":10.9,"cloudcover":30,"iconcode":"j","iconid":8,"sources":2,"winddirection":"ZW","winddirectiondegrees":225,"windspeedms":1.7,"visibility":9810,"precipitation":0,"beaufort":1,"humidity":90,"sunshine":35,"hour":6,"pollenindex":4,"windspeed":6,"sunshinepower":24,"sunpower":24},{"datetime":"2020-07-07T07:00:00","datetimeutc":"2020-07-07T05:00:00","timetype":"Hour","precipitationmm":0.0,"temperature":12.0,"feeltemperature":12.0,"cloudcover":30,"iconcode":"j","iconid":20,"sources":2,"winddirection":"ZW","winddirectiondegrees":225,"windspeedms":2.0,"visibility":10010,"precipitation":0,"beaufort":2,"humidity":85,"sunshine":68,"hour":7,"pollenindex":4,"windspeed":7,"sunshinepower":116,"sunpower":116},{"datetime":"2020-07-07T08:00:00","datetimeutc":"2020-07-07T06:00:00","timetype":"Hour","precipitationmm":0.0,"temperature":13.4,"feeltemperature":13.4,"cloudcover":30,"iconcode":"j","iconid":19,"sources":2,"winddirection":"ZW","winddirectiondegrees":234,"windspeedms":2.6,"visibility":12410,"precipitation":0,"beaufort":2,"humidity":78,"sunshine":68,"hour":8,"pollenindex":5,"windspeed":9,"sunshinepower":244,"sunpower":244},{"datetime":"2020-07-07T09:00:00","datetimeutc":"2020-07-07T07:00:00","timetype":"Hour","precipitationmm":0.1,"temperature":14.8,"feeltemperature":14.0,"cloudcover":30,"iconcode":"f","iconid":19,"sources":2,"winddirection":"ZW","winddirectiondegrees":242,"windspeedms":3.7,"visibility":16810,"precipitation":85,"beaufort":2,"humidity":73,"sunshine":68,"hour":9,"pollenindex":5,"windspeed":13,"sunshinepower":355,"sunpower":355},{"datetime":"2020-07-07T10:00:00","datetimeutc":"2020-07-07T08:00:00","timetype":"Hour","precipitationmm":0.3,"temperature":16.0,"feeltemperature":16.0,"cloudcover":39,"iconcode":"f","iconid":19,"sources":2,"winddirection":"ZW","winddirectiondegrees":242,"windspeedms":4.4,"visibility":20610,"precipitation":86,"beaufort":3,"humidity":68,"sunshine":68,"hour":10,"pollenindex":6,"windspeed":16,"sunshinepower":416,"sunpower":416},{"datetime":"2020-07-07T11:00:00","datetimeutc":"2020-07-07T09:00:00","timetype":"Hour","precipitationmm":0.0,"temperature":16.9,"feeltemperature":16.9,"cloudcover":54,"iconcode":"b","iconid":19,"sources":2,"winddirection":"ZW","winddirectiondegrees":241,"windspeedms":5.0,"visibility":22010,"precipitation":0,"beaufort":3,"humidity":64,"sunshine":58,"hour":11,"pollenindex":6,"windspeed":18,"sunshinepower":467,"sunpower":467},{"datetime":"2020-07-07T12:00:00","datetimeutc":"2020-07-07T10:00:00","timetype":"Hour","precipitationmm":0.0,"temperature":17.5,"feeltemperature":17.5,"cloudcover":92,"iconcode":"c","iconid":22,"sources":2,"winddirection":"ZW","winddirectiondegrees":245,"windspeedms":5.7,"visibility":21610,"precipitation":1,"beaufort":3,"humidity":61,"sunshine":43,"hour":12,"pollenindex":7,"windspeed":21,"sunshinepower":509,"sunpower":509},{"datetime":"2020-07-07T13:00:00","datetimeutc":"2020-07-07T11:00:00","timetype":"Hour","precipitationmm":0.0,"temperature":17.9,"feeltemperature":17.9,"cloudcover":65,"iconcode":"b","iconid":22,"sources":2,"winddirection":"ZW","winddirectiondegrees":243,"windspeedms":6.2,"visibility":21210,"precipitation":1,"beaufort":4,"humidity":59,"sunshine":1,"hour":13,"pollenindex":7,"windspeed":22,"sunshinepower":494,"sunpower":494},{"datetime":"2020-07-07T14:00:00","datetimeutc":"2020-07-07T12:00:00","timetype":"Hour","precipitationmm":0.0,"temperature":18.1,"feeltemperature":18.1,"cloudcover":44,"iconcode":"j","iconid":22,"sources":2,"winddirection":"ZW","winddirectiondegrees":247,"windspeedms":6.6,"visibility":20410,"precipitation":1,"beaufort":4,"humidity":58,"sunshine":31,"hour":14,"pollenindex":7,"windspeed":24,"sunshinepower":493,"sunpower":493},{"datetime":"2020-07-07T15:00:00","datetimeutc":"2020-07-07T13:00:00","timetype":"Hour","precipitationmm":0.0,"temperature":18.2,"feeltemperature":18.2,"cloudcover":41,"iconcode":"j","iconid":22,"sources":2,"winddirection":"W","winddirectiondegrees":263,"windspeedms":6.8,"visibility":20220,"precipitation":1,"beaufort":4,"humidity":56,"sunshine":53,"hour":15,"pollenindex":7,"windspeed":24,"sunshinepower":529,"sunpower":529},{"datetime":"2020-07-07T16:00:00","datetimeutc":"2020-07-07T14:00:00","timetype":"Hour","precipitationmm":0.0,"temperature":17.9,"feeltemperature":17.9,"cloudcover":29,"iconcode":"j","iconid":22,"sources":2,"winddirection":"W","winddirectiondegrees":279,"windspeedms":6.3,"visibility":23620,"precipitation":1,"beaufort":4,"humidity":57,"sunshine":56,"hour":16,"pollenindex":7,"windspeed":23,"sunshinepower":539,"sunpower":539},{"datetime":"2020-07-07T17:00:00","datetimeutc":"2020-07-07T15:00:00","timetype":"Hour","precipitationmm":0.0,"temperature":17.4,"feeltemperature":17.4,"cloudcover":34,"iconcode":"j","iconid":22,"sources":2,"winddirection":"W","winddirectiondegrees":283,"windspeedms":5.5,"visibility":25010,"precipitation":1,"beaufort":3,"humidity":58,"sunshine":68,"hour":17,"pollenindex":7,"windspeed":20,"sunshinepower":445,"sunpower":445},{"datetime":"2020-07-07T18:00:00","datetimeutc":"2020-07-07T16:00:00","timetype":"Hour","precipitationmm":0.0,"temperature":17.0,"feeltemperature":17.0,"cloudcover":58,"iconcode":"b","iconid":22,"sources":2,"winddirection":"W","winddirectiondegrees":265,"windspeedms":4.7,"visibility":22410,"precipitation":1,"beaufort":3,"humidity":60,"sunshine":63,"hour":18,"pollenindex":7,"windspeed":17,"sunshinepower":287,"sunpower":287},{"datetime":"2020-07-07T19:00:00","datetimeutc":"2020-07-07T17:00:00","timetype":"Hour","precipitationmm":0.0,"temperature":16.4,"feeltemperature":16.4,"cloudcover":94,"iconcode":"c","iconid":22,"sources":2,"winddirection":"ZW","winddirectiondegrees":244,"windspeedms":3.5,"visibility":20610,"precipitation":1,"beaufort":2,"humidity":63,"sunshine":38,"hour":19,"pollenindex":5,"windspeed":13,"sunshinepower":169,"sunpower":169},{"datetime":"2020-07-07T20:00:00","datetimeutc":"2020-07-07T18:00:00","timetype":"Hour","precipitationmm":0.0,"temperature":15.7,"feeltemperature":15.7,"cloudcover":100,"iconcode":"c","iconid":19,"sources":2,"winddirection":"ZW","winddirectiondegrees":204,"windspeedms":3.1,"visibility":15210,"precipitation":2,"beaufort":2,"humidity":68,"sunshine":0,"hour":20,"pollenindex":5,"windspeed":11,"sunshinepower":81,"sunpower":81},{"datetime":"2020-07-07T21:00:00","datetimeutc":"2020-07-07T19:00:00","timetype":"Hour","precipitationmm":0.7,"temperature":15.0,"feeltemperature":15.0,"cloudcover":100,"iconcode":"m","iconid":20,"sources":2,"winddirection":"Z","winddirectiondegrees":195,"windspeedms":3.6,"visibility":13620,"precipitation":85,"beaufort":2,"humidity":73,"sunshine":0,"hour":21,"pollenindex":5,"windspeed":13,"sunshinepower":24,"sunpower":24},{"datetime":"2020-07-07T22:00:00","datetimeutc":"2020-07-07T20:00:00","timetype":"Hour","precipitationmm":0.5,"temperature":14.5,"feeltemperature":13.4,"cloudcover":100,"iconcode":"m","iconid":20,"sources":2,"winddirection":"ZW","winddirectiondegrees":210,"windspeedms":4.3,"visibility":13030,"precipitation":76,"beaufort":3,"humidity":79,"sunshine":0,"hour":22,"pollenindex":4,"windspeed":15,"sunshinepower":0,"sunpower":0},{"datetime":"2020-07-07T23:00:00","datetimeutc":"2020-07-07T21:00:00","timetype":"Hour","precipitationmm":0.7,"temperature":14.2,"feeltemperature":12.9,"cloudcover":100,"iconcode":"mm","iconid":33,"sources":2,"winddirection":"ZW","winddirectiondegrees":215,"windspeedms":4.7,"visibility":12050,"precipitation":75,"beaufort":3,"humidity":83,"sunshine":0,"hour":23,"pollenindex":4,"windspeed":17,"sunshinepower":0,"sunpower":0}],"datetime":"2020-07-07T00:00:00","datetimeutc":"2020-07-06T22:00:00","timetype":"Day","precipitationmm":1.5,"mintemperature":10.5,"maxtemperature":18.2,"cloudcover":56,"iconcode":"f","iconid":16,"sources":2,"winddirection":"ZW","winddirectiondegrees":225,"windspeedms":3.8,"visibility":16380,"precipitation":24,"beaufort":2,"humidity":73,"sunshine":29,"uvindex":6,"bbqindex":3,"mosquitoindex":7,"pollenindex":5,"icescrapeindex":1,"mintemp":10.5,"maxtemp":18.2,"windspeed":4,"sunshinepower":216,"sunpower":216},{"date":"2020-07-08T00:00:00","sunrise":"2020-07-08T05:29:13","sunset":"2020-07-08T22:01:29","morning":{"datetime":"2020-07-08T07:00:00","datetimeutc":"2020-07-08T05:00:00","timetype":"Morning","precipitationmm":0.0,"mintemperature":13.9,"maxtemperature":15.2,"cloudcover":100,"iconcode":"d","iconid":17,"sources":1,"winddirection":"N","winddirectiondegrees":15,"windspeedms":2.8,"visibility":8132,"precipitation":2,"beaufort":2,"humidity":90,"sunshine":0,"hour":7,"mintemp":13.9,"maxtemp":15.2,"windspeed":10,"sunshinepower":116,"sunpower":116},"afternoon":{"datetime":"2020-07-08T12:00:00","datetimeutc":"2020-07-08T10:00:00","timetype":"Afternoon","precipitationmm":4.6,"mintemperature":15.7,"maxtemperature":17.1,"cloudcover":100,"iconcode":"m","iconid":22,"sources":1,"winddirection":"N","winddirectiondegrees":9,"windspeedms":3.6,"visibility":15208,"precipitation":57,"beaufort":2,"humidity":78,"sunshine":0,"hour":12,"mintemp":15.7,"maxtemp":17.1,"windspeed":13,"sunshinepower":391,"sunpower":391},"evening":{"datetime":"2020-07-08T18:00:00","datetimeutc":"2020-07-08T16:00:00","timetype":"Evening","precipitationmm":0.0,"mintemperature":15.0,"maxtemperature":17.0,"cloudcover":100,"iconcode":"c","iconid":20,"sources":1,"winddirection":"N","winddirectiondegrees":6,"windspeedms":3.3,"visibility":16405,"precipitation":1,"beaufort":2,"humidity":79,"sunshine":0,"hour":18,"mintemp":15.0,"maxtemp":17.0,"windspeed":12,"sunshinepower":135,"sunpower":135},"night":{"datetime":"2020-07-08T02:00:00","datetimeutc":"2020-07-08T00:00:00","timetype":"Night","precipitationmm":5.6,"mintemperature":13.6,"maxtemperature":14.0,"cloudcover":100,"iconcode":"m","iconid":33,"sources":1,"winddirection":"W","winddirectiondegrees":270,"windspeedms":3.8,"visibility":4471,"precipitation":77,"beaufort":2,"humidity":92,"sunshine":0,"hour":2,"mintemp":13.6,"maxtemp":14.0,"windspeed":14,"sunshinepower":0,"sunpower":0},"hours":[{"datetime":"2020-07-08T00:00:00","datetimeutc":"2020-07-07T22:00:00","timetype":"Hour","precipitationmm":1.0,"temperature":14.0,"feeltemperature":12.6,"cloudcover":100,"iconcode":"mm","iconid":22,"sources":2,"winddirection":"ZW","winddirectiondegrees":232,"windspeedms":4.9,"visibility":10250,"precipitation":85,"beaufort":3,"humidity":86,"sunshine":0,"hour":0,"pollenindex":4,"windspeed":18,"sunshinepower":0,"sunpower":0},{"datetime":"2020-07-08T01:00:00","datetimeutc":"2020-07-07T23:00:00","timetype":"Hour","precipitationmm":0.5,"temperature":14.0,"feeltemperature":12.8,"cloudcover":100,"iconcode":"mm","iconid":33,"sources":2,"winddirection":"ZW","winddirectiondegrees":243,"windspeedms":4.4,"visibility":1050,"precipitation":78,"beaufort":3,"humidity":89,"sunshine":0,"hour":1,"pollenindex":4,"windspeed":16,"sunshinepower":0,"sunpower":0},{"datetime":"2020-07-08T02:00:00","datetimeutc":"2020-07-08T00:00:00","timetype":"Hour","precipitationmm":1.6,"temperature":13.9,"feeltemperature":12.9,"cloudcover":100,"iconcode":"mm","iconid":33,"sources":1,"winddirection":"W","winddirectiondegrees":255,"windspeedms":3.64,"visibility":650,"precipitation":82,"beaufort":2,"humidity":91,"sunshine":0,"hour":2,"pollenindex":4,"windspeed":13,"sunshinepower":0,"sunpower":0},{"datetime":"2020-07-08T03:00:00","datetimeutc":"2020-07-08T01:00:00","timetype":"Hour","precipitationmm":1.2,"temperature":13.8,"feeltemperature":12.6,"cloudcover":100,"iconcode":"mm","iconid":33,"sources":1,"winddirection":"W","winddirectiondegrees":270,"windspeedms":4.02,"visibility":9250,"precipitation":87,"beaufort":3,"humidity":93,"sunshine":0,"hour":3,"pollenindex":3,"windspeed":14,"sunshinepower":0,"sunpower":0},{"datetime":"2020-07-08T04:00:00","datetimeutc":"2020-07-08T02:00:00","timetype":"Hour","precipitationmm":0.7,"temperature":13.6,"feeltemperature":12.5,"cloudcover":100,"iconcode":"mm","iconid":33,"sources":1,"winddirection":"W","winddirectiondegrees":278,"windspeedms":3.77,"visibility":9050,"precipitation":81,"beaufort":2,"humidity":95,"sunshine":0,"hour":4,"pollenindex":3,"windspeed":14,"sunshinepower":0,"sunpower":0},{"datetime":"2020-07-08T05:00:00","datetimeutc":"2020-07-08T03:00:00","timetype":"Hour","precipitationmm":0.6,"temperature":13.6,"feeltemperature":13.6,"cloudcover":100,"iconcode":"mm","iconid":33,"sources":1,"winddirection":"NW","winddirectiondegrees":296,"windspeedms":3.08,"visibility":640,"precipitation":74,"beaufort":2,"humidity":95,"sunshine":0,"hour":5,"pollenindex":3,"windspeed":11,"sunshinepower":0,"sunpower":0},{"datetime":"2020-07-08T06:00:00","datetimeutc":"2020-07-08T04:00:00","timetype":"Hour","precipitationmm":0.0,"temperature":13.7,"feeltemperature":13.7,"cloudcover":100,"iconcode":"d","iconid":20,"sources":1,"winddirection":"NW","winddirectiondegrees":324,"windspeedms":2.72,"visibility":410,"precipitation":3,"beaufort":2,"humidity":95,"sunshine":0,"hour":6,"pollenindex":3,"windspeed":10,"sunshinepower":5,"sunpower":5},{"datetime":"2020-07-08T07:00:00","datetimeutc":"2020-07-08T05:00:00","timetype":"Hour","precipitationmm":0.0,"temperature":13.9,"feeltemperature":13.9,"cloudcover":100,"iconcode":"d","iconid":17,"sources":1,"winddirection":"NO","winddirectiondegrees":25,"windspeedms":2.9,"visibility":410,"precipitation":2,"beaufort":2,"humidity":94,"sunshine":0,"hour":7,"pollenindex":3,"windspeed":10,"sunshinepower":27,"sunpower":27},{"datetime":"2020-07-08T08:00:00","datetimeutc":"2020-07-08T06:00:00","timetype":"Hour","precipitationmm":0.0,"temperature":14.1,"feeltemperature":14.1,"cloudcover":100,"iconcode":"c","iconid":22,"sources":1,"winddirection":"NO","winddirectiondegrees":24,"windspeedms":2.81,"visibility":8810,"precipitation":2,"beaufort":2,"humidity":93,"sunshine":0,"hour":8,"pollenindex":4,"windspeed":10,"sunshinepower":63,"sunpower":63},{"datetime":"2020-07-08T09:00:00","datetimeutc":"2020-07-08T07:00:00","timetype":"Hour","precipitationmm":0.0,"temperature":14.3,"feeltemperature":14.3,"cloudcover":100,"iconcode":"c","iconid":20,"sources":1,"winddirection":"N","winddirectiondegrees":15,"windspeedms":2.78,"visibility":9410,"precipitation":3,"beaufort":2,"humidity":91,"sunshine":0,"hour":9,"pollenindex":4,"windspeed":10,"sunshinepower":109,"sunpower":109},{"datetime":"2020-07-08T10:00:00","datetimeutc":"2020-07-08T08:00:00","timetype":"Hour","precipitationmm":0.0,"temperature":14.7,"feeltemperature":14.7,"cloudcover":100,"iconcode":"c","iconid":22,"sources":1,"winddirection":"N","winddirectiondegrees":8,"windspeedms":2.8,"visibility":10810,"precipitation":3,"beaufort":2,"humidity":88,"sunshine":0,"hour":10,"pollenindex":5,"windspeed":10,"sunshinepower":161,"sunpower":161},{"datetime":"2020-07-08T11:00:00","datetimeutc":"2020-07-08T09:00:00","timetype":"Hour","precipitationmm":0.0,"temperature":15.2,"feeltemperature":15.2,"cloudcover":100,"iconcode":"c","iconid":22,"sources":1,"winddirection":"N","winddirectiondegrees":6,"windspeedms":2.88,"visibility":11220,"precipitation":3,"beaufort":2,"humidity":86,"sunshine":0,"hour":11,"pollenindex":5,"windspeed":10,"sunshinepower":223,"sunpower":223},{"datetime":"2020-07-08T12:00:00","datetimeutc":"2020-07-08T10:00:00","timetype":"Hour","precipitationmm":0.0,"temperature":15.7,"feeltemperature":15.7,"cloudcover":100,"iconcode":"c","iconid":22,"sources":1,"winddirection":"N","winddirectiondegrees":7,"windspeedms":2.96,"visibility":11620,"precipitation":3,"beaufort":2,"humidity":83,"sunshine":0,"hour":12,"pollenindex":5,"windspeed":11,"sunshinepower":292,"sunpower":292},{"datetime":"2020-07-08T13:00:00","datetimeutc":"2020-07-08T11:00:00","timetype":"Hour","precipitationmm":0.0,"temperature":16.1,"feeltemperature":16.1,"cloudcover":100,"iconcode":"c","iconid":22,"sources":1,"winddirection":"N","winddirectiondegrees":15,"windspeedms":3.14,"visibility":13020,"precipitation":3,"beaufort":2,"humidity":80,"sunshine":0,"hour":13,"pollenindex":5,"windspeed":11,"sunshinepower":361,"sunpower":361},{"datetime":"2020-07-08T14:00:00","datetimeutc":"2020-07-08T12:00:00","timetype":"Hour","precipitationmm":0.4,"temperature":16.5,"feeltemperature":16.5,"cloudcover":100,"iconcode":"m","iconid":33,"sources":1,"winddirection":"N","winddirectiondegrees":22,"windspeedms":3.19,"visibility":15610,"precipitation":60,"beaufort":2,"humidity":78,"sunshine":0,"hour":14,"pollenindex":6,"windspeed":11,"sunshinepower":424,"sunpower":424},{"datetime":"2020-07-08T15:00:00","datetimeutc":"2020-07-08T13:00:00","timetype":"Hour","precipitationmm":1.6,"temperature":16.7,"feeltemperature":16.7,"cloudcover":100,"iconcode":"m","iconid":33,"sources":1,"winddirection":"N","winddirectiondegrees":7,"windspeedms":4.03,"visibility":15800,"precipitation":68,"beaufort":3,"humidity":77,"sunshine":0,"hour":15,"pollenindex":6,"windspeed":15,"sunshinepower":449,"sunpower":449},{"datetime":"2020-07-08T16:00:00","datetimeutc":"2020-07-08T14:00:00","timetype":"Hour","precipitationmm":1.4,"temperature":17.0,"feeltemperature":17.0,"cloudcover":100,"iconcode":"m","iconid":33,"sources":1,"winddirection":"N","winddirectiondegrees":3,"windspeedms":4.29,"visibility":17200,"precipitation":58,"beaufort":3,"humidity":75,"sunshine":0,"hour":16,"pollenindex":6,"windspeed":15,"sunshinepower":432,"sunpower":432},{"datetime":"2020-07-08T17:00:00","datetimeutc":"2020-07-08T15:00:00","timetype":"Hour","precipitationmm":1.2,"temperature":17.1,"feeltemperature":17.1,"cloudcover":100,"iconcode":"m","iconid":33,"sources":1,"winddirection":"N","winddirectiondegrees":4,"windspeedms":4.22,"visibility":18000,"precipitation":54,"beaufort":3,"humidity":75,"sunshine":0,"hour":17,"pollenindex":6,"windspeed":15,"sunshinepower":393,"sunpower":393},{"datetime":"2020-07-08T18:00:00","datetimeutc":"2020-07-08T16:00:00","timetype":"Hour","precipitationmm":0.0,"temperature":17.0,"feeltemperature":17.0,"cloudcover":100,"iconcode":"c","iconid":20,"sources":1,"winddirection":"N","winddirectiondegrees":7,"windspeedms":4.0,"visibility":18000,"precipitation":2,"beaufort":3,"humidity":75,"sunshine":0,"hour":18,"pollenindex":6,"windspeed":14,"sunshinepower":336,"sunpower":336},{"datetime":"2020-07-08T19:00:00","datetimeutc":"2020-07-08T17:00:00","timetype":"Hour","precipitationmm":0.0,"temperature":16.7,"feeltemperature":16.7,"cloudcover":100,"iconcode":"c","iconid":20,"sources":1,"winddirection":"N","winddirectiondegrees":6,"windspeedms":3.81,"visibility":18200,"precipitation":1,"beaufort":2,"humidity":76,"sunshine":0,"hour":19,"pollenindex":5,"windspeed":14,"sunshinepower":256,"sunpower":256},{"datetime":"2020-07-08T20:00:00","datetimeutc":"2020-07-08T18:00:00","timetype":"Hour","precipitationmm":0.0,"temperature":16.3,"feeltemperature":16.3,"cloudcover":100,"iconcode":"c","iconid":19,"sources":1,"winddirection":"N","winddirectiondegrees":5,"windspeedms":3.63,"visibility":18200,"precipitation":1,"beaufort":2,"humidity":78,"sunshine":0,"hour":20,"pollenindex":5,"windspeed":13,"sunshinepower":157,"sunpower":157},{"datetime":"2020-07-08T21:00:00","datetimeutc":"2020-07-08T19:00:00","timetype":"Hour","precipitationmm":0.0,"temperature":15.7,"feeltemperature":15.7,"cloudcover":100,"iconcode":"c","iconid":20,"sources":1,"winddirection":"N","winddirectiondegrees":5,"windspeedms":3.2,"visibility":17010,"precipitation":1,"beaufort":2,"humidity":81,"sunshine":0,"hour":21,"pollenindex":4,"windspeed":12,"sunshinepower":62,"sunpower":62},{"datetime":"2020-07-08T22:00:00","datetimeutc":"2020-07-08T20:00:00","timetype":"Hour","precipitationmm":0.0,"temperature":15.2,"feeltemperature":15.2,"cloudcover":100,"iconcode":"c","iconid":20,"sources":1,"winddirection":"N","winddirectiondegrees":8,"windspeedms":2.7,"visibility":14210,"precipitation":1,"beaufort":2,"humidity":83,"sunshine":0,"hour":22,"pollenindex":4,"windspeed":10,"sunshinepower":0,"sunpower":0},{"datetime":"2020-07-08T23:00:00","datetimeutc":"2020-07-08T21:00:00","timetype":"Hour","precipitationmm":0.0,"temperature":15.0,"feeltemperature":15.0,"cloudcover":100,"iconcode":"cc","iconid":20,"sources":1,"winddirection":"N","winddirectiondegrees":11,"windspeedms":2.37,"visibility":12810,"precipitation":1,"beaufort":2,"humidity":85,"sunshine":0,"hour":23,"pollenindex":4,"windspeed":9,"sunshinepower":0,"sunpower":0}],"datetime":"2020-07-08T00:00:00","datetimeutc":"2020-07-07T22:00:00","timetype":"Day","precipitationmm":9.9,"mintemperature":13.6,"maxtemperature":17.1,"cloudcover":100,"iconcode":"q","iconid":12,"sources":2,"winddirection":"N","winddirectiondegrees":0,"windspeedms":3.4,"visibility":10901,"precipitation":54,"beaufort":2,"humidity":85,"sunshine":0,"uvindex":2,"bbqindex":3,"mosquitoindex":7,"pollenindex":5,"icescrapeindex":1,"mintemp":13.6,"maxtemp":17.1,"windspeed":3,"sunshinepower":156,"sunpower":156},{"date":"2020-07-09T00:00:00","sunrise":"2020-07-09T05:30:15","sunset":"2020-07-09T22:00:42","hours":[{"datetime":"2020-07-09T00:00:00","datetimeutc":"2020-07-08T22:00:00","timetype":"Hour","precipitationmm":0.0,"temperature":14.8,"feeltemperature":14.8,"cloudcover":100,"iconcode":"cc","iconid":21,"sources":1,"winddirection":"N","winddirectiondegrees":16,"windspeedms":2.19,"visibility":12220,"precipitation":1,"beaufort":2,"humidity":86,"sunshine":0,"hour":0,"pollenindex":4,"windspeed":8,"sunshinepower":0,"sunpower":0},{"datetime":"2020-07-09T01:00:00","datetimeutc":"2020-07-08T23:00:00","timetype":"Hour","precipitationmm":0.0,"temperature":14.8,"feeltemperature":14.8,"cloudcover":100,"iconcode":"cc","iconid":21,"sources":1,"winddirection":"N","winddirectiondegrees":18,"windspeedms":2.12,"visibility":11220,"precipitation":1,"beaufort":2,"humidity":87,"sunshine":0,"hour":1,"pollenindex":4,"windspeed":8,"sunshinepower":0,"sunpower":0},{"datetime":"2020-07-09T02:00:00","datetimeutc":"2020-07-09T00:00:00","timetype":"Hour","precipitationmm":0.0,"temperature":14.8,"feeltemperature":14.8,"cloudcover":100,"iconcode":"cc","iconid":21,"sources":1,"winddirection":"NO","winddirectiondegrees":35,"windspeedms":1.92,"visibility":10410,"precipitation":1,"beaufort":1,"humidity":88,"sunshine":0,"hour":2,"pollenindex":4,"windspeed":7,"sunshinepower":0,"sunpower":0},{"datetime":"2020-07-09T03:00:00","datetimeutc":"2020-07-09T01:00:00","timetype":"Hour","precipitationmm":0.0,"temperature":14.7,"feeltemperature":14.7,"cloudcover":100,"iconcode":"cc","iconid":21,"sources":1,"winddirection":"O","winddirectiondegrees":79,"windspeedms":1.67,"visibility":9810,"precipitation":1,"beaufort":1,"humidity":89,"sunshine":0,"hour":3,"pollenindex":4,"windspeed":6,"sunshinepower":0,"sunpower":0},{"datetime":"2020-07-09T04:00:00","datetimeutc":"2020-07-09T02:00:00","timetype":"Hour","precipitationmm":0.0,"temperature":14.4,"feeltemperature":14.4,"cloudcover":98,"iconcode":"cc","iconid":20,"sources":1,"winddirection":"ZO","winddirectiondegrees":149,"windspeedms":1.63,"visibility":9410,"precipitation":1,"beaufort":1,"humidity":91,"sunshine":0,"hour":4,"pollenindex":4,"windspeed":6,"sunshinepower":0,"sunpower":0},{"datetime":"2020-07-09T05:00:00","datetimeutc":"2020-07-09T03:00:00","timetype":"Hour","precipitationmm":0.0,"temperature":14.3,"feeltemperature":14.3,"cloudcover":95,"iconcode":"cc","iconid":20,"sources":1,"winddirection":"Z","winddirectiondegrees":168,"windspeedms":1.99,"visibility":8800,"precipitation":1,"beaufort":1,"humidity":92,"sunshine":0,"hour":5,"pollenindex":4,"windspeed":7,"sunshinepower":0,"sunpower":0},{"datetime":"2020-07-09T06:00:00","datetimeutc":"2020-07-09T04:00:00","timetype":"Hour","precipitationmm":0.0,"temperature":14.3,"feeltemperature":14.3,"cloudcover":97,"iconcode":"c","iconid":20,"sources":1,"winddirection":"Z","winddirectiondegrees":169,"windspeedms":2.34,"visibility":8200,"precipitation":1,"beaufort":2,"humidity":92,"sunshine":0,"hour":6,"pollenindex":4,"windspeed":8,"sunshinepower":21,"sunpower":21},{"datetime":"2020-07-09T07:00:00","datetimeutc":"2020-07-09T05:00:00","timetype":"Hour","precipitationmm":0.0,"temperature":14.6,"feeltemperature":14.6,"cloudcover":100,"iconcode":"c","iconid":21,"sources":1,"winddirection":"Z","winddirectiondegrees":167,"windspeedms":2.69,"visibility":8800,"precipitation":1,"beaufort":2,"humidity":90,"sunshine":0,"hour":7,"pollenindex":4,"windspeed":10,"sunshinepower":95,"sunpower":95},{"datetime":"2020-07-09T08:00:00","datetimeutc":"2020-07-09T06:00:00","timetype":"Hour","precipitationmm":2.1,"temperature":15.2,"feeltemperature":15.2,"cloudcover":100,"iconcode":"m","iconid":33,"sources":1,"winddirection":"Z","winddirectiondegrees":162,"windspeedms":3.47,"visibility":11400,"precipitation":41,"beaufort":2,"humidity":87,"sunshine":0,"hour":8,"pollenindex":4,"windspeed":12,"sunshinepower":196,"sunpower":196},{"datetime":"2020-07-09T09:00:00","datetimeutc":"2020-07-09T07:00:00","timetype":"Hour","precipitationmm":1.8,"temperature":15.9,"feeltemperature":15.9,"cloudcover":100,"iconcode":"m","iconid":33,"sources":1,"winddirection":"Z","winddirectiondegrees":176,"windspeedms":3.68,"visibility":15200,"precipitation":42,"beaufort":2,"humidity":83,"sunshine":0,"hour":9,"pollenindex":4,"windspeed":13,"sunshinepower":294,"sunpower":294},{"datetime":"2020-07-09T10:00:00","datetimeutc":"2020-07-09T08:00:00","timetype":"Hour","precipitationmm":1.7,"temperature":16.7,"feeltemperature":16.7,"cloudcover":100,"iconcode":"m","iconid":33,"sources":1,"winddirection":"Z","winddirectiondegrees":187,"windspeedms":3.71,"visibility":18000,"precipitation":44,"beaufort":2,"humidity":79,"sunshine":0,"hour":10,"pollenindex":5,"windspeed":13,"sunshinepower":377,"sunpower":377},{"datetime":"2020-07-09T11:00:00","datetimeutc":"2020-07-09T09:00:00","timetype":"Hour","precipitationmm":0.0,"temperature":17.5,"feeltemperature":17.5,"cloudcover":100,"iconcode":"c","iconid":20,"sources":1,"winddirection":"Z","winddirectiondegrees":193,"windspeedms":3.91,"visibility":19400,"precipitation":2,"beaufort":2,"humidity":76,"sunshine":0,"hour":11,"pollenindex":6,"windspeed":14,"sunshinepower":444,"sunpower":444},{"datetime":"2020-07-09T12:00:00","datetimeutc":"2020-07-09T10:00:00","timetype":"Hour","precipitationmm":0.0,"temperature":18.3,"feeltemperature":18.3,"cloudcover":100,"iconcode":"c","iconid":20,"sources":1,"winddirection":"Z","winddirectiondegrees":195,"windspeedms":4.29,"visibility":19600,"precipitation":2,"beaufort":3,"humidity":72,"sunshine":0,"hour":12,"pollenindex":6,"windspeed":15,"sunshinepower":490,"sunpower":490},{"datetime":"2020-07-09T13:00:00","datetimeutc":"2020-07-09T11:00:00","timetype":"Hour","precipitationmm":0.0,"temperature":19.1,"feeltemperature":19.1,"cloudcover":100,"iconcode":"c","iconid":22,"sources":1,"winddirection":"Z","winddirectiondegrees":197,"windspeedms":4.73,"visibility":22400,"precipitation":2,"beaufort":3,"humidity":69,"sunshine":0,"hour":13,"pollenindex":6,"windspeed":17,"sunshinepower":511,"sunpower":511},{"datetime":"2020-07-09T14:00:00","datetimeutc":"2020-07-09T12:00:00","timetype":"Hour","precipitationmm":0.0,"temperature":19.6,"feeltemperature":19.6,"cloudcover":100,"iconcode":"c","iconid":22,"sources":1,"winddirection":"Z","winddirectiondegrees":197,"windspeedms":5.09,"visibility":22000,"precipitation":1,"beaufort":3,"humidity":67,"sunshine":0,"hour":14,"pollenindex":6,"windspeed":18,"sunshinepower":518,"sunpower":518},{"datetime":"2020-07-09T15:00:00","datetimeutc":"2020-07-09T13:00:00","timetype":"Hour","precipitationmm":0.0,"temperature":20.1,"feeltemperature":20.1,"cloudcover":100,"iconcode":"c","iconid":22,"sources":1,"winddirection":"Z","winddirectiondegrees":196,"windspeedms":5.48,"visibility":21800,"precipitation":2,"beaufort":3,"humidity":66,"sunshine":0,"hour":15,"pollenindex":6,"windspeed":20,"sunshinepower":507,"sunpower":507},{"datetime":"2020-07-09T16:00:00","datetimeutc":"2020-07-09T14:00:00","timetype":"Hour","precipitationmm":0.0,"temperature":20.5,"feeltemperature":20.5,"cloudcover":100,"iconcode":"c","iconid":22,"sources":1,"winddirection":"Z","winddirectiondegrees":200,"windspeedms":5.7,"visibility":22400,"precipitation":2,"beaufort":3,"humidity":65,"sunshine":0,"hour":16,"pollenindex":6,"windspeed":21,"sunshinepower":467,"sunpower":467},{"datetime":"2020-07-09T17:00:00","datetimeutc":"2020-07-09T15:00:00","timetype":"Hour","precipitationmm":0.0,"temperature":20.6,"feeltemperature":20.6,"cloudcover":100,"iconcode":"c","iconid":22,"sources":1,"winddirection":"ZW","winddirectiondegrees":204,"windspeedms":5.7,"visibility":23800,"precipitation":1,"beaufort":3,"humidity":65,"sunshine":0,"hour":17,"pollenindex":6,"windspeed":21,"sunshinepower":396,"sunpower":396},{"datetime":"2020-07-09T18:00:00","datetimeutc":"2020-07-09T16:00:00","timetype":"Hour","precipitationmm":0.0,"temperature":20.6,"feeltemperature":20.6,"cloudcover":100,"iconcode":"c","iconid":22,"sources":1,"winddirection":"ZW","winddirectiondegrees":206,"windspeedms":5.53,"visibility":25200,"precipitation":1,"beaufort":3,"humidity":66,"sunshine":0,"hour":18,"pollenindex":6,"windspeed":20,"sunshinepower":305,"sunpower":305},{"datetime":"2020-07-09T19:00:00","datetimeutc":"2020-07-09T17:00:00","timetype":"Hour","precipitationmm":0.0,"temperature":20.2,"feeltemperature":20.2,"cloudcover":100,"iconcode":"c","iconid":22,"sources":1,"winddirection":"ZW","winddirectiondegrees":207,"windspeedms":5.13,"visibility":26010,"precipitation":2,"beaufort":3,"humidity":68,"sunshine":0,"hour":19,"pollenindex":5,"windspeed":18,"sunshinepower":213,"sunpower":213},{"datetime":"2020-07-09T20:00:00","datetimeutc":"2020-07-09T18:00:00","timetype":"Hour","precipitationmm":0.0,"temperature":19.6,"feeltemperature":19.6,"cloudcover":100,"iconcode":"c","iconid":22,"sources":1,"winddirection":"ZW","winddirectiondegrees":210,"windspeedms":4.56,"visibility":24810,"precipitation":2,"beaufort":3,"humidity":71,"sunshine":0,"hour":20,"pollenindex":5,"windspeed":16,"sunshinepower":125,"sunpower":125},{"datetime":"2020-07-09T21:00:00","datetimeutc":"2020-07-09T19:00:00","timetype":"Hour","precipitationmm":0.0,"temperature":18.9,"feeltemperature":18.9,"cloudcover":100,"iconcode":"c","iconid":22,"sources":1,"winddirection":"ZW","winddirectiondegrees":212,"windspeedms":3.87,"visibility":21600,"precipitation":2,"beaufort":2,"humidity":75,"sunshine":0,"hour":21,"pollenindex":5,"windspeed":14,"sunshinepower":47,"sunpower":47},{"datetime":"2020-07-09T22:00:00","datetimeutc":"2020-07-09T20:00:00","timetype":"Hour","precipitationmm":0.0,"temperature":18.3,"feeltemperature":18.3,"cloudcover":100,"iconcode":"c","iconid":22,"sources":1,"winddirection":"ZW","winddirectiondegrees":228,"windspeedms":3.78,"visibility":18410,"precipitation":2,"beaufort":2,"humidity":79,"sunshine":0,"hour":22,"pollenindex":4,"windspeed":14,"sunshinepower":0,"sunpower":0},{"datetime":"2020-07-09T23:00:00","datetimeutc":"2020-07-09T21:00:00","timetype":"Hour","precipitationmm":0.0,"temperature":17.8,"feeltemperature":17.8,"cloudcover":100,"iconcode":"cc","iconid":22,"sources":1,"winddirection":"ZW","winddirectiondegrees":234,"windspeedms":4.2,"visibility":17010,"precipitation":2,"beaufort":3,"humidity":82,"sunshine":0,"hour":23,"pollenindex":4,"windspeed":15,"sunshinepower":0,"sunpower":0}],"datetime":"2020-07-09T00:00:00","datetimeutc":"2020-07-08T22:00:00","timetype":"Day","precipitationmm":5.5,"mintemperature":14.3,"maxtemperature":20.6,"cloudcover":90,"iconcode":"q","iconid":12,"sources":1,"winddirection":"Z","winddirectiondegrees":180,"windspeedms":3.72,"precipitation":48,"beaufort":2,"uvindex":5,"bbqindex":7,"mosquitoindex":7,"pollenindex":5,"icescrapeindex":1,"mintemp":14.3,"maxtemp":20.6,"windspeed":4},{"date":"2020-07-10T00:00:00","sunrise":"2020-07-10T05:31:20","sunset":"2020-07-10T21:59:53","hours":[{"datetime":"2020-07-10T00:00:00","datetimeutc":"2020-07-09T22:00:00","timetype":"Hour","precipitationmm":1.7,"temperature":17.4,"feeltemperature":17.4,"cloudcover":100,"iconcode":"mm","iconid":33,"sources":1,"winddirection":"ZW","winddirectiondegrees":239,"windspeedms":4.9,"visibility":14610,"precipitation":42,"beaufort":3,"humidity":83,"sunshine":0,"hour":0,"pollenindex":4,"windspeed":18,"sunshinepower":0,"sunpower":0},{"datetime":"2020-07-10T01:00:00","datetimeutc":"2020-07-09T23:00:00","timetype":"Hour","precipitationmm":1.8,"temperature":17.1,"feeltemperature":17.1,"cloudcover":100,"iconcode":"mm","iconid":33,"sources":1,"winddirection":"W","winddirectiondegrees":253,"windspeedms":5.33,"visibility":12210,"precipitation":40,"beaufort":3,"humidity":85,"sunshine":0,"hour":1,"pollenindex":4,"windspeed":19,"sunshinepower":0,"sunpower":0},{"datetime":"2020-07-10T02:00:00","datetimeutc":"2020-07-10T00:00:00","timetype":"Hour","precipitationmm":1.5,"temperature":16.7,"feeltemperature":16.7,"cloudcover":99,"iconcode":"mm","iconid":33,"sources":1,"winddirection":"W","winddirectiondegrees":266,"windspeedms":5.14,"visibility":9210,"precipitation":46,"beaufort":3,"humidity":86,"sunshine":0,"hour":2,"pollenindex":4,"windspeed":19,"sunshinepower":0,"sunpower":0},{"datetime":"2020-07-10T03:00:00","datetimeutc":"2020-07-10T01:00:00","timetype":"Hour","precipitationmm":0.0,"temperature":16.3,"feeltemperature":16.3,"cloudcover":100,"iconcode":"cc","iconid":22,"sources":1,"winddirection":"W","winddirectiondegrees":279,"windspeedms":5.16,"visibility":8810,"precipitation":2,"beaufort":3,"humidity":87,"sunshine":0,"hour":3,"pollenindex":4,"windspeed":19,"sunshinepower":0,"sunpower":0},{"datetime":"2020-07-10T04:00:00","datetimeutc":"2020-07-10T02:00:00","timetype":"Hour","precipitationmm":0.0,"temperature":15.8,"feeltemperature":15.8,"cloudcover":100,"iconcode":"cc","iconid":22,"sources":1,"winddirection":"W","winddirectiondegrees":289,"windspeedms":5.17,"visibility":10400,"precipitation":1,"beaufort":3,"humidity":87,"sunshine":0,"hour":4,"pollenindex":4,"windspeed":19,"sunshinepower":0,"sunpower":0},{"datetime":"2020-07-10T05:00:00","datetimeutc":"2020-07-10T03:00:00","timetype":"Hour","precipitationmm":0.0,"temperature":15.4,"feeltemperature":15.4,"cloudcover":100,"iconcode":"cc","iconid":22,"sources":1,"winddirection":"W","winddirectiondegrees":288,"windspeedms":5.41,"visibility":12200,"precipitation":1,"beaufort":3,"humidity":86,"sunshine":0,"hour":5,"pollenindex":4,"windspeed":19,"sunshinepower":0,"sunpower":0},{"datetime":"2020-07-10T06:00:00","datetimeutc":"2020-07-10T04:00:00","timetype":"Hour","precipitationmm":0.0,"temperature":15.1,"feeltemperature":15.1,"cloudcover":100,"iconcode":"c","iconid":19,"sources":1,"winddirection":"W","winddirectiondegrees":289,"windspeedms":5.31,"visibility":14000,"precipitation":1,"beaufort":3,"humidity":85,"sunshine":0,"hour":6,"pollenindex":4,"windspeed":19,"sunshinepower":14,"sunpower":14},{"datetime":"2020-07-10T07:00:00","datetimeutc":"2020-07-10T05:00:00","timetype":"Hour","precipitationmm":0.0,"temperature":15.0,"feeltemperature":13.8,"cloudcover":97,"iconcode":"c","iconid":19,"sources":1,"winddirection":"W","winddirectiondegrees":285,"windspeedms":5.18,"visibility":13600,"precipitation":2,"beaufort":3,"humidity":83,"sunshine":0,"hour":7,"pollenindex":4,"windspeed":19,"sunshinepower":77,"sunpower":77},{"datetime":"2020-07-10T08:00:00","datetimeutc":"2020-07-10T06:00:00","timetype":"Hour","precipitationmm":0.0,"temperature":15.2,"feeltemperature":15.2,"cloudcover":87,"iconcode":"r","iconid":19,"sources":1,"winddirection":"W","winddirectiondegrees":284,"windspeedms":5.52,"visibility":13000,"precipitation":1,"beaufort":3,"humidity":79,"sunshine":0,"hour":8,"pollenindex":4,"windspeed":20,"sunshinepower":175,"sunpower":175},{"datetime":"2020-07-10T09:00:00","datetimeutc":"2020-07-10T07:00:00","timetype":"Hour","precipitationmm":0.0,"temperature":15.5,"feeltemperature":15.5,"cloudcover":78,"iconcode":"r","iconid":19,"sources":1,"winddirection":"W","winddirectiondegrees":285,"windspeedms":5.95,"visibility":13600,"precipitation":1,"beaufort":3,"humidity":75,"sunshine":8,"hour":9,"pollenindex":5,"windspeed":21,"sunshinepower":286,"sunpower":286},{"datetime":"2020-07-10T10:00:00","datetimeutc":"2020-07-10T08:00:00","timetype":"Hour","precipitationmm":0.0,"temperature":16.0,"feeltemperature":16.0,"cloudcover":69,"iconcode":"b","iconid":7,"sources":1,"winddirection":"W","winddirectiondegrees":282,"windspeedms":6.14,"visibility":13600,"precipitation":1,"beaufort":4,"humidity":70,"sunshine":16,"hour":10,"pollenindex":6,"windspeed":22,"sunshinepower":405,"sunpower":405},{"datetime":"2020-07-10T11:00:00","datetimeutc":"2020-07-10T09:00:00","timetype":"Hour","precipitationmm":0.0,"temperature":16.4,"feeltemperature":16.4,"cloudcover":63,"iconcode":"b","iconid":19,"sources":1,"winddirection":"W","winddirectiondegrees":283,"windspeedms":6.5,"visibility":14200,"precipitation":1,"beaufort":4,"humidity":66,"sunshine":26,"hour":11,"pollenindex":6,"windspeed":23,"sunshinepower":512,"sunpower":512},{"datetime":"2020-07-10T12:00:00","datetimeutc":"2020-07-10T10:00:00","timetype":"Hour","precipitationmm":0.0,"temperature":16.9,"feeltemperature":16.9,"cloudcover":58,"iconcode":"b","iconid":7,"sources":1,"winddirection":"W","winddirectiondegrees":282,"windspeedms":6.63,"visibility":14200,"precipitation":1,"beaufort":4,"humidity":63,"sunshine":33,"hour":12,"pollenindex":6,"windspeed":24,"sunshinepower":598,"sunpower":598},{"datetime":"2020-07-10T13:00:00","datetimeutc":"2020-07-10T11:00:00","timetype":"Hour","precipitationmm":0.0,"temperature":17.6,"feeltemperature":17.6,"cloudcover":55,"iconcode":"b","iconid":7,"sources":1,"winddirection":"W","winddirectiondegrees":284,"windspeedms":6.79,"visibility":14000,"precipitation":1,"beaufort":4,"humidity":60,"sunshine":38,"hour":13,"pollenindex":7,"windspeed":24,"sunshinepower":674,"sunpower":674},{"datetime":"2020-07-10T14:00:00","datetimeutc":"2020-07-10T12:00:00","timetype":"Hour","precipitationmm":0.0,"temperature":18.0,"feeltemperature":18.0,"cloudcover":54,"iconcode":"b","iconid":7,"sources":1,"winddirection":"W","winddirectiondegrees":286,"windspeedms":6.81,"visibility":14200,"precipitation":1,"beaufort":4,"humidity":57,"sunshine":41,"hour":14,"pollenindex":7,"windspeed":25,"sunshinepower":721,"sunpower":721},{"datetime":"2020-07-10T15:00:00","datetimeutc":"2020-07-10T13:00:00","timetype":"Hour","precipitationmm":0.0,"temperature":18.2,"feeltemperature":18.2,"cloudcover":56,"iconcode":"b","iconid":7,"sources":1,"winddirection":"W","winddirectiondegrees":291,"windspeedms":7.22,"visibility":16000,"precipitation":1,"beaufort":4,"humidity":56,"sunshine":43,"hour":15,"pollenindex":7,"windspeed":26,"sunshinepower":717,"sunpower":717},{"datetime":"2020-07-10T16:00:00","datetimeutc":"2020-07-10T14:00:00","timetype":"Hour","precipitationmm":0.0,"temperature":17.8,"feeltemperature":17.8,"cloudcover":61,"iconcode":"b","iconid":7,"sources":1,"winddirection":"NW","winddirectiondegrees":299,"windspeedms":7.2,"visibility":16600,"precipitation":1,"beaufort":4,"humidity":58,"sunshine":40,"hour":16,"pollenindex":7,"windspeed":26,"sunshinepower":653,"sunpower":653},{"datetime":"2020-07-10T17:00:00","datetimeutc":"2020-07-10T15:00:00","timetype":"Hour","precipitationmm":0.0,"temperature":17.5,"feeltemperature":17.5,"cloudcover":63,"iconcode":"b","iconid":7,"sources":1,"winddirection":"NW","winddirectiondegrees":300,"windspeedms":7.02,"visibility":15400,"precipitation":1,"beaufort":4,"humidity":59,"sunshine":35,"hour":17,"pollenindex":7,"windspeed":25,"sunshinepower":555,"sunpower":555},{"datetime":"2020-07-10T18:00:00","datetimeutc":"2020-07-10T16:00:00","timetype":"Hour","precipitationmm":0.0,"temperature":17.1,"feeltemperature":17.1,"cloudcover":58,"iconcode":"b","iconid":19,"sources":1,"winddirection":"NW","winddirectiondegrees":302,"windspeedms":6.71,"visibility":15800,"precipitation":1,"beaufort":4,"humidity":61,"sunshine":33,"hour":18,"pollenindex":7,"windspeed":24,"sunshinepower":438,"sunpower":438},{"datetime":"2020-07-10T19:00:00","datetimeutc":"2020-07-10T17:00:00","timetype":"Hour","precipitationmm":0.0,"temperature":16.6,"feeltemperature":16.6,"cloudcover":51,"iconcode":"b","iconid":22,"sources":1,"winddirection":"NW","winddirectiondegrees":306,"windspeedms":6.7,"visibility":15800,"precipitation":1,"beaufort":4,"humidity":63,"sunshine":38,"hour":19,"pollenindex":5,"windspeed":24,"sunshinepower":310,"sunpower":310},{"datetime":"2020-07-10T20:00:00","datetimeutc":"2020-07-10T18:00:00","timetype":"Hour","precipitationmm":0.0,"temperature":15.9,"feeltemperature":15.9,"cloudcover":41,"iconcode":"j","iconid":22,"sources":1,"winddirection":"NW","winddirectiondegrees":307,"windspeedms":6.44,"visibility":15400,"precipitation":1,"beaufort":4,"humidity":66,"sunshine":46,"hour":20,"pollenindex":5,"windspeed":23,"sunshinepower":181,"sunpower":181},{"datetime":"2020-07-10T21:00:00","datetimeutc":"2020-07-10T19:00:00","timetype":"Hour","precipitationmm":0.0,"temperature":15.4,"feeltemperature":15.4,"cloudcover":37,"iconcode":"j","iconid":22,"sources":1,"winddirection":"NW","winddirectiondegrees":308,"windspeedms":5.92,"visibility":15600,"precipitation":1,"beaufort":3,"humidity":69,"sunshine":56,"hour":21,"pollenindex":5,"windspeed":21,"sunshinepower":67,"sunpower":67},{"datetime":"2020-07-10T22:00:00","datetimeutc":"2020-07-10T20:00:00","timetype":"Hour","precipitationmm":0.0,"temperature":15.0,"feeltemperature":13.7,"cloudcover":37,"iconcode":"jj","iconid":19,"sources":1,"winddirection":"NW","winddirectiondegrees":306,"windspeedms":5.32,"visibility":15010,"precipitation":1,"beaufort":3,"humidity":71,"sunshine":61,"hour":22,"pollenindex":5,"windspeed":19,"sunshinepower":0,"sunpower":0},{"datetime":"2020-07-10T23:00:00","datetimeutc":"2020-07-10T21:00:00","timetype":"Hour","precipitationmm":0.0,"temperature":14.7,"feeltemperature":13.4,"cloudcover":37,"iconcode":"jj","iconid":13,"sources":1,"winddirection":"NW","winddirectiondegrees":303,"windspeedms":5.04,"visibility":14010,"precipitation":1,"beaufort":3,"humidity":73,"sunshine":1,"hour":23,"pollenindex":5,"windspeed":18,"sunshinepower":0,"sunpower":0}],"datetime":"2020-07-10T00:00:00","datetimeutc":"2020-07-09T22:00:00","timetype":"Day","precipitationmm":5.0,"mintemperature":14.7,"maxtemperature":18.2,"cloudcover":25,"iconcode":"f","iconid":16,"sources":1,"winddirection":"W","winddirectiondegrees":270,"windspeedms":5.98,"precipitation":46,"beaufort":3,"uvindex":5,"bbqindex":6,"mosquitoindex":7,"pollenindex":4,"icescrapeindex":1,"mintemp":14.7,"maxtemp":18.2,"windspeed":6},{"date":"2020-07-11T00:00:00","sunrise":"2020-07-11T05:32:26","sunset":"2020-07-11T21:59:01","hours":[{"datetime":"2020-07-11T00:00:00","datetimeutc":"2020-07-10T22:00:00","timetype":"Hour","precipitationmm":0.0,"temperature":14.4,"feeltemperature":13.1,"cloudcover":1,"iconcode":"aa","iconid":13,"sources":1,"winddirection":"NW","winddirectiondegrees":304,"windspeedms":5.01,"visibility":13010,"precipitation":1,"beaufort":3,"humidity":75,"sunshine":0,"hour":0,"pollenindex":5,"windspeed":18,"sunshinepower":0,"sunpower":0},{"datetime":"2020-07-11T01:00:00","datetimeutc":"2020-07-10T23:00:00","timetype":"Hour","precipitationmm":0.0,"temperature":14.2,"feeltemperature":12.8,"cloudcover":6,"iconcode":"aa","iconid":22,"sources":1,"winddirection":"NW","winddirectiondegrees":309,"windspeedms":4.94,"visibility":12610,"precipitation":1,"beaufort":3,"humidity":77,"sunshine":0,"hour":1,"pollenindex":5,"windspeed":18,"sunshinepower":0,"sunpower":0},{"datetime":"2020-07-11T02:00:00","datetimeutc":"2020-07-11T00:00:00","timetype":"Hour","precipitationmm":0.0,"temperature":13.8,"feeltemperature":12.5,"cloudcover":41,"iconcode":"jj","iconid":22,"sources":1,"winddirection":"NW","winddirectiondegrees":313,"windspeedms":4.61,"visibility":12210,"precipitation":1,"beaufort":3,"humidity":79,"sunshine":0,"hour":2,"pollenindex":5,"windspeed":17,"sunshinepower":0,"sunpower":0},{"datetime":"2020-07-11T03:00:00","datetimeutc":"2020-07-11T01:00:00","timetype":"Hour","precipitationmm":0.0,"temperature":13.5,"feeltemperature":12.2,"cloudcover":39,"iconcode":"jj","iconid":19,"sources":1,"winddirection":"NW","winddirectiondegrees":314,"windspeedms":4.49,"visibility":13010,"precipitation":1,"beaufort":3,"humidity":81,"sunshine":0,"hour":3,"pollenindex":4,"windspeed":16,"sunshinepower":0,"sunpower":0},{"datetime":"2020-07-11T04:00:00","datetimeutc":"2020-07-11T02:00:00","timetype":"Hour","precipitationmm":0.0,"temperature":13.3,"feeltemperature":11.9,"cloudcover":39,"iconcode":"jj","iconid":4,"sources":1,"winddirection":"NW","winddirectiondegrees":316,"windspeedms":4.3,"visibility":13810,"precipitation":1,"beaufort":3,"humidity":82,"sunshine":0,"hour":4,"pollenindex":4,"windspeed":15,"sunshinepower":0,"sunpower":0},{"datetime":"2020-07-11T05:00:00","datetimeutc":"2020-07-11T03:00:00","timetype":"Hour","precipitationmm":0.0,"temperature":13.4,"feeltemperature":12.1,"cloudcover":39,"iconcode":"jj","iconid":19,"sources":1,"winddirection":"NW","winddirectiondegrees":319,"windspeedms":4.23,"visibility":13400,"precipitation":1,"beaufort":3,"humidity":82,"sunshine":0,"hour":5,"pollenindex":4,"windspeed":15,"sunshinepower":0,"sunpower":0},{"datetime":"2020-07-11T06:00:00","datetimeutc":"2020-07-11T04:00:00","timetype":"Hour","precipitationmm":0.0,"temperature":13.8,"feeltemperature":12.5,"cloudcover":39,"iconcode":"j","iconid":7,"sources":1,"winddirection":"NW","winddirectiondegrees":322,"windspeedms":4.46,"visibility":13400,"precipitation":1,"beaufort":3,"humidity":80,"sunshine":28,"hour":6,"pollenindex":4,"windspeed":16,"sunshinepower":17,"sunpower":17},{"datetime":"2020-07-11T07:00:00","datetimeutc":"2020-07-11T05:00:00","timetype":"Hour","precipitationmm":0.0,"temperature":14.3,"feeltemperature":13.2,"cloudcover":39,"iconcode":"j","iconid":19,"sources":1,"winddirection":"NW","winddirectiondegrees":325,"windspeedms":4.36,"visibility":13600,"precipitation":1,"beaufort":3,"humidity":78,"sunshine":58,"hour":7,"pollenindex":5,"windspeed":16,"sunshinepower":96,"sunpower":96},{"datetime":"2020-07-11T08:00:00","datetimeutc":"2020-07-11T06:00:00","timetype":"Hour","precipitationmm":0.0,"temperature":14.8,"feeltemperature":13.6,"cloudcover":39,"iconcode":"j","iconid":22,"sources":1,"winddirection":"NW","winddirectiondegrees":325,"windspeedms":4.66,"visibility":14800,"precipitation":1,"beaufort":3,"humidity":76,"sunshine":58,"hour":8,"pollenindex":5,"windspeed":17,"sunshinepower":213,"sunpower":213},{"datetime":"2020-07-11T09:00:00","datetimeutc":"2020-07-11T07:00:00","timetype":"Hour","precipitationmm":0.0,"temperature":15.3,"feeltemperature":15.3,"cloudcover":37,"iconcode":"j","iconid":22,"sources":1,"winddirection":"NW","winddirectiondegrees":326,"windspeedms":4.92,"visibility":17000,"precipitation":1,"beaufort":3,"humidity":73,"sunshine":58,"hour":9,"pollenindex":5,"windspeed":18,"sunshinepower":346,"sunpower":346},{"datetime":"2020-07-11T10:00:00","datetimeutc":"2020-07-11T08:00:00","timetype":"Hour","precipitationmm":0.0,"temperature":15.9,"feeltemperature":15.9,"cloudcover":49,"iconcode":"j","iconid":22,"sources":1,"winddirection":"NW","winddirectiondegrees":325,"windspeedms":5.15,"visibility":17000,"precipitation":1,"beaufort":3,"humidity":69,"sunshine":60,"hour":10,"pollenindex":6,"windspeed":19,"sunshinepower":479,"sunpower":479},{"datetime":"2020-07-11T11:00:00","datetimeutc":"2020-07-11T09:00:00","timetype":"Hour","precipitationmm":0.0,"temperature":16.5,"feeltemperature":16.5,"cloudcover":60,"iconcode":"b","iconid":22,"sources":1,"winddirection":"NW","winddirectiondegrees":319,"windspeedms":5.19,"visibility":16800,"precipitation":2,"beaufort":3,"humidity":66,"sunshine":48,"hour":11,"pollenindex":6,"windspeed":19,"sunshinepower":578,"sunpower":578},{"datetime":"2020-07-11T12:00:00","datetimeutc":"2020-07-11T10:00:00","timetype":"Hour","precipitationmm":0.0,"temperature":17.0,"feeltemperature":17.0,"cloudcover":62,"iconcode":"b","iconid":22,"sources":1,"winddirection":"NW","winddirectiondegrees":312,"windspeedms":5.4,"visibility":16600,"precipitation":2,"beaufort":3,"humidity":63,"sunshine":36,"hour":12,"pollenindex":7,"windspeed":19,"sunshinepower":637,"sunpower":637},{"datetime":"2020-07-11T13:00:00","datetimeutc":"2020-07-11T11:00:00","timetype":"Hour","precipitationmm":0.0,"temperature":17.4,"feeltemperature":17.4,"cloudcover":60,"iconcode":"b","iconid":22,"sources":1,"winddirection":"NW","winddirectiondegrees":306,"windspeedms":5.63,"visibility":16800,"precipitation":2,"beaufort":3,"humidity":61,"sunshine":33,"hour":13,"pollenindex":7,"windspeed":20,"sunshinepower":669,"sunpower":669},{"datetime":"2020-07-11T14:00:00","datetimeutc":"2020-07-11T12:00:00","timetype":"Hour","precipitationmm":0.0,"temperature":17.6,"feeltemperature":17.6,"cloudcover":57,"iconcode":"b","iconid":19,"sources":1,"winddirection":"NW","winddirectiondegrees":305,"windspeedms":5.71,"visibility":16400,"precipitation":2,"beaufort":3,"humidity":60,"sunshine":35,"hour":14,"pollenindex":7,"windspeed":21,"sunshinepower":689,"sunpower":689},{"datetime":"2020-07-11T15:00:00","datetimeutc":"2020-07-11T13:00:00","timetype":"Hour","precipitationmm":0.0,"temperature":17.7,"feeltemperature":17.7,"cloudcover":53,"iconcode":"b","iconid":7,"sources":1,"winddirection":"NW","winddirectiondegrees":304,"windspeedms":5.84,"visibility":16400,"precipitation":2,"beaufort":3,"humidity":59,"sunshine":38,"hour":15,"pollenindex":7,"windspeed":21,"sunshinepower":683,"sunpower":683},{"datetime":"2020-07-11T16:00:00","datetimeutc":"2020-07-11T14:00:00","timetype":"Hour","precipitationmm":0.0,"temperature":17.8,"feeltemperature":17.8,"cloudcover":48,"iconcode":"j","iconid":7,"sources":1,"winddirection":"NW","winddirectiondegrees":306,"windspeedms":5.86,"visibility":15400,"precipitation":2,"beaufort":3,"humidity":59,"sunshine":43,"hour":16,"pollenindex":7,"windspeed":21,"sunshinepower":639,"sunpower":639},{"datetime":"2020-07-11T17:00:00","datetimeutc":"2020-07-11T15:00:00","timetype":"Hour","precipitationmm":0.0,"temperature":17.8,"feeltemperature":17.8,"cloudcover":44,"iconcode":"j","iconid":7,"sources":1,"winddirection":"NW","winddirectiondegrees":310,"windspeedms":5.7,"visibility":14800,"precipitation":2,"beaufort":3,"humidity":59,"sunshine":48,"hour":17,"pollenindex":7,"windspeed":21,"sunshinepower":566,"sunpower":566},{"datetime":"2020-07-11T18:00:00","datetimeutc":"2020-07-11T16:00:00","timetype":"Hour","precipitationmm":0.0,"temperature":17.7,"feeltemperature":17.7,"cloudcover":43,"iconcode":"j","iconid":7,"sources":1,"winddirection":"NW","winddirectiondegrees":319,"windspeedms":5.26,"visibility":14400,"precipitation":1,"beaufort":3,"humidity":59,"sunshine":53,"hour":18,"pollenindex":7,"windspeed":19,"sunshinepower":465,"sunpower":465},{"datetime":"2020-07-11T19:00:00","datetimeutc":"2020-07-11T17:00:00","timetype":"Hour","precipitationmm":0.0,"temperature":17.2,"feeltemperature":17.2,"cloudcover":42,"iconcode":"j","iconid":7,"sources":1,"winddirection":"NW","winddirectiondegrees":328,"windspeedms":4.82,"visibility":14800,"precipitation":1,"beaufort":3,"humidity":62,"sunshine":55,"hour":19,"pollenindex":6,"windspeed":17,"sunshinepower":343,"sunpower":343},{"datetime":"2020-07-11T20:00:00","datetimeutc":"2020-07-11T18:00:00","timetype":"Hour","precipitationmm":0.0,"temperature":16.3,"feeltemperature":16.3,"cloudcover":41,"iconcode":"j","iconid":7,"sources":1,"winddirection":"NW","winddirectiondegrees":336,"windspeedms":4.43,"visibility":15200,"precipitation":1,"beaufort":3,"humidity":65,"sunshine":55,"hour":20,"pollenindex":5,"windspeed":16,"sunshinepower":203,"sunpower":203},{"datetime":"2020-07-11T21:00:00","datetimeutc":"2020-07-11T19:00:00","timetype":"Hour","precipitationmm":0.0,"temperature":15.1,"feeltemperature":15.1,"cloudcover":39,"iconcode":"j","iconid":4,"sources":1,"winddirection":"N","winddirectiondegrees":339,"windspeedms":3.94,"visibility":14600,"precipitation":0,"beaufort":2,"humidity":71,"sunshine":56,"hour":21,"pollenindex":5,"windspeed":14,"sunshinepower":74,"sunpower":74},{"datetime":"2020-07-11T22:00:00","datetimeutc":"2020-07-11T20:00:00","timetype":"Hour","precipitationmm":0.0,"temperature":14.1,"feeltemperature":14.1,"cloudcover":36,"iconcode":"jj","iconid":4,"sources":1,"winddirection":"N","winddirectiondegrees":338,"windspeedms":2.96,"visibility":12610,"precipitation":0,"beaufort":2,"humidity":76,"sunshine":58,"hour":22,"pollenindex":5,"windspeed":11,"sunshinepower":0,"sunpower":0},{"datetime":"2020-07-11T23:00:00","datetimeutc":"2020-07-11T21:00:00","timetype":"Hour","precipitationmm":0.0,"temperature":13.3,"feeltemperature":13.3,"cloudcover":31,"iconcode":"jj","iconid":4,"sources":1,"winddirection":"N","winddirectiondegrees":344,"windspeedms":2.81,"visibility":11010,"precipitation":0,"beaufort":2,"humidity":80,"sunshine":1,"hour":23,"pollenindex":5,"windspeed":10,"sunshinepower":0,"sunpower":0}],"datetime":"2020-07-11T00:00:00","datetimeutc":"2020-07-10T22:00:00","timetype":"Day","precipitationmm":0.0,"mintemperature":13.3,"maxtemperature":17.8,"cloudcover":25,"iconcode":"j","iconid":2,"sources":1,"winddirection":"NW","winddirectiondegrees":315,"windspeedms":4.78,"precipitation":2,"beaufort":3,"uvindex":6,"bbqindex":6,"mosquitoindex":7,"pollenindex":5,"icescrapeindex":1,"mintemp":13.3,"maxtemp":17.8,"windspeed":5},{"date":"2020-07-12T00:00:00","sunrise":"2020-07-12T05:33:35","sunset":"2020-07-12T21:58:06","hours":[{"datetime":"2020-07-12T00:00:00","datetimeutc":"2020-07-11T22:00:00","timetype":"Hour","precipitationmm":0.0,"temperature":12.8,"feeltemperature":12.8,"cloudcover":20,"iconcode":"jj","iconid":4,"sources":1,"winddirection":"N","winddirectiondegrees":346,"windspeedms":2.64,"visibility":10410,"precipitation":0,"beaufort":2,"humidity":83,"sunshine":0,"hour":0,"pollenindex":4,"windspeed":10,"sunshinepower":0,"sunpower":0},{"datetime":"2020-07-12T01:00:00","datetimeutc":"2020-07-11T23:00:00","timetype":"Hour","precipitationmm":0.0,"temperature":12.2,"feeltemperature":12.2,"cloudcover":8,"iconcode":"aa","iconid":4,"sources":1,"winddirection":"N","winddirectiondegrees":342,"windspeedms":2.51,"visibility":10020,"precipitation":0,"beaufort":2,"humidity":86,"sunshine":0,"hour":1,"pollenindex":4,"windspeed":9,"sunshinepower":0,"sunpower":0},{"datetime":"2020-07-12T02:00:00","datetimeutc":"2020-07-12T00:00:00","timetype":"Hour","precipitationmm":0.0,"temperature":11.7,"feeltemperature":11.7,"cloudcover":1,"iconcode":"aa","iconid":13,"sources":1,"winddirection":"NW","winddirectiondegrees":335,"windspeedms":2.32,"visibility":9610,"precipitation":0,"beaufort":2,"humidity":89,"sunshine":0,"hour":2,"pollenindex":4,"windspeed":8,"sunshinepower":0,"sunpower":0},{"datetime":"2020-07-12T03:00:00","datetimeutc":"2020-07-12T01:00:00","timetype":"Hour","precipitationmm":0.0,"temperature":11.6,"feeltemperature":11.6,"cloudcover":7,"iconcode":"aa","iconid":7,"sources":1,"winddirection":"NW","winddirectiondegrees":328,"windspeedms":2.4,"visibility":9010,"precipitation":0,"beaufort":2,"humidity":89,"sunshine":0,"hour":3,"pollenindex":4,"windspeed":9,"sunshinepower":0,"sunpower":0},{"datetime":"2020-07-12T04:00:00","datetimeutc":"2020-07-12T02:00:00","timetype":"Hour","precipitationmm":0.0,"temperature":11.7,"feeltemperature":11.7,"cloudcover":35,"iconcode":"jj","iconid":19,"sources":1,"winddirection":"NW","winddirectiondegrees":323,"windspeedms":2.36,"visibility":8610,"precipitation":0,"beaufort":2,"humidity":90,"sunshine":0,"hour":4,"pollenindex":4,"windspeed":8,"sunshinepower":0,"sunpower":0},{"datetime":"2020-07-12T05:00:00","datetimeutc":"2020-07-12T03:00:00","timetype":"Hour","precipitationmm":0.0,"temperature":12.0,"feeltemperature":12.0,"cloudcover":35,"iconcode":"jj","iconid":16,"sources":1,"winddirection":"NW","winddirectiondegrees":322,"windspeedms":2.32,"visibility":8400,"precipitation":0,"beaufort":2,"humidity":88,"sunshine":0,"hour":5,"pollenindex":4,"windspeed":8,"sunshinepower":0,"sunpower":0},{"datetime":"2020-07-12T06:00:00","datetimeutc":"2020-07-12T04:00:00","timetype":"Hour","precipitationmm":0.0,"temperature":12.3,"feeltemperature":12.3,"cloudcover":39,"iconcode":"n","iconid":16,"sources":1,"winddirection":"NW","winddirectiondegrees":325,"windspeedms":2.44,"visibility":600,"precipitation":0,"beaufort":2,"humidity":87,"sunshine":30,"hour":6,"pollenindex":4,"windspeed":9,"sunshinepower":16,"sunpower":16},{"datetime":"2020-07-12T07:00:00","datetimeutc":"2020-07-12T05:00:00","timetype":"Hour","precipitationmm":0.0,"temperature":12.9,"feeltemperature":12.9,"cloudcover":43,"iconcode":"n","iconid":16,"sources":1,"winddirection":"NW","winddirectiondegrees":334,"windspeedms":2.71,"visibility":1000,"precipitation":0,"beaufort":2,"humidity":84,"sunshine":58,"hour":7,"pollenindex":4,"windspeed":10,"sunshinepower":89,"sunpower":89},{"datetime":"2020-07-12T08:00:00","datetimeutc":"2020-07-12T06:00:00","timetype":"Hour","precipitationmm":0.0,"temperature":13.5,"feeltemperature":13.5,"cloudcover":39,"iconcode":"j","iconid":16,"sources":1,"winddirection":"N","winddirectiondegrees":342,"windspeedms":2.97,"visibility":8600,"precipitation":0,"beaufort":2,"humidity":80,"sunshine":55,"hour":8,"pollenindex":5,"windspeed":11,"sunshinepower":198,"sunpower":198},{"datetime":"2020-07-12T09:00:00","datetimeutc":"2020-07-12T07:00:00","timetype":"Hour","precipitationmm":0.0,"temperature":14.3,"feeltemperature":14.3,"cloudcover":39,"iconcode":"j","iconid":22,"sources":1,"winddirection":"N","winddirectiondegrees":346,"windspeedms":3.05,"visibility":9600,"precipitation":0,"beaufort":2,"humidity":75,"sunshine":58,"hour":9,"pollenindex":5,"windspeed":11,"sunshinepower":311,"sunpower":311},{"datetime":"2020-07-12T10:00:00","datetimeutc":"2020-07-12T08:00:00","timetype":"Hour","precipitationmm":0.0,"temperature":15.0,"feeltemperature":15.0,"cloudcover":39,"iconcode":"j","iconid":22,"sources":1,"winddirection":"N","winddirectiondegrees":346,"windspeedms":3.21,"visibility":11000,"precipitation":0,"beaufort":2,"humidity":71,"sunshine":58,"hour":10,"pollenindex":6,"windspeed":12,"sunshinepower":416,"sunpower":416},{"datetime":"2020-07-12T11:00:00","datetimeutc":"2020-07-12T09:00:00","timetype":"Hour","precipitationmm":0.0,"temperature":15.8,"feeltemperature":15.8,"cloudcover":37,"iconcode":"j","iconid":22,"sources":1,"winddirection":"N","winddirectiondegrees":347,"windspeedms":3.39,"visibility":11400,"precipitation":0,"beaufort":2,"humidity":66,"sunshine":58,"hour":11,"pollenindex":6,"windspeed":12,"sunshinepower":506,"sunpower":506},{"datetime":"2020-07-12T12:00:00","datetimeutc":"2020-07-12T10:00:00","timetype":"Hour","precipitationmm":0.0,"temperature":16.3,"feeltemperature":16.3,"cloudcover":37,"iconcode":"j","iconid":22,"sources":1,"winddirection":"N","winddirectiondegrees":349,"windspeedms":3.64,"visibility":12200,"precipitation":0,"beaufort":2,"humidity":63,"sunshine":60,"hour":12,"pollenindex":7,"windspeed":13,"sunshinepower":577,"sunpower":577},{"datetime":"2020-07-12T13:00:00","datetimeutc":"2020-07-12T11:00:00","timetype":"Hour","precipitationmm":0.0,"temperature":16.6,"feeltemperature":16.6,"cloudcover":35,"iconcode":"j","iconid":22,"sources":1,"winddirection":"N","winddirectiondegrees":353,"windspeedms":3.89,"visibility":12800,"precipitation":1,"beaufort":2,"humidity":62,"sunshine":60,"hour":13,"pollenindex":7,"windspeed":14,"sunshinepower":620,"sunpower":620},{"datetime":"2020-07-12T14:00:00","datetimeutc":"2020-07-12T12:00:00","timetype":"Hour","precipitationmm":0.0,"temperature":16.7,"feeltemperature":16.7,"cloudcover":35,"iconcode":"j","iconid":22,"sources":1,"winddirection":"N","winddirectiondegrees":359,"windspeedms":4.05,"visibility":13200,"precipitation":1,"beaufort":3,"humidity":61,"sunshine":63,"hour":14,"pollenindex":7,"windspeed":15,"sunshinepower":647,"sunpower":647},{"datetime":"2020-07-12T15:00:00","datetimeutc":"2020-07-12T13:00:00","timetype":"Hour","precipitationmm":0.0,"temperature":16.8,"feeltemperature":16.8,"cloudcover":35,"iconcode":"j","iconid":19,"sources":1,"winddirection":"N","winddirectiondegrees":1,"windspeedms":4.16,"visibility":13600,"precipitation":1,"beaufort":3,"humidity":61,"sunshine":63,"hour":15,"pollenindex":7,"windspeed":15,"sunshinepower":664,"sunpower":664},{"datetime":"2020-07-12T16:00:00","datetimeutc":"2020-07-12T14:00:00","timetype":"Hour","precipitationmm":0.0,"temperature":16.9,"feeltemperature":16.9,"cloudcover":35,"iconcode":"j","iconid":4,"sources":1,"winddirection":"N","winddirectiondegrees":5,"windspeedms":4.32,"visibility":14800,"precipitation":1,"beaufort":3,"humidity":61,"sunshine":63,"hour":16,"pollenindex":7,"windspeed":16,"sunshinepower":651,"sunpower":651},{"datetime":"2020-07-12T17:00:00","datetimeutc":"2020-07-12T15:00:00","timetype":"Hour","precipitationmm":0.0,"temperature":17.0,"feeltemperature":17.0,"cloudcover":33,"iconcode":"j","iconid":4,"sources":1,"winddirection":"N","winddirectiondegrees":11,"windspeedms":4.54,"visibility":15600,"precipitation":0,"beaufort":3,"humidity":60,"sunshine":63,"hour":17,"pollenindex":7,"windspeed":16,"sunshinepower":598,"sunpower":598},{"datetime":"2020-07-12T18:00:00","datetimeutc":"2020-07-12T16:00:00","timetype":"Hour","precipitationmm":0.0,"temperature":17.0,"feeltemperature":17.0,"cloudcover":33,"iconcode":"j","iconid":4,"sources":1,"winddirection":"N","winddirectiondegrees":18,"windspeedms":4.84,"visibility":17000,"precipitation":0,"beaufort":3,"humidity":60,"sunshine":65,"hour":18,"pollenindex":7,"windspeed":17,"sunshinepower":499,"sunpower":499},{"datetime":"2020-07-12T19:00:00","datetimeutc":"2020-07-12T17:00:00","timetype":"Hour","precipitationmm":0.0,"temperature":16.6,"feeltemperature":16.6,"cloudcover":31,"iconcode":"j","iconid":4,"sources":1,"winddirection":"NO","winddirectiondegrees":26,"windspeedms":4.68,"visibility":17200,"precipitation":0,"beaufort":3,"humidity":62,"sunshine":65,"hour":19,"pollenindex":6,"windspeed":17,"sunshinepower":363,"sunpower":363},{"datetime":"2020-07-12T20:00:00","datetimeutc":"2020-07-12T18:00:00","timetype":"Hour","precipitationmm":0.0,"temperature":15.8,"feeltemperature":15.8,"cloudcover":31,"iconcode":"j","iconid":13,"sources":1,"winddirection":"NO","winddirectiondegrees":29,"windspeedms":4.51,"visibility":16600,"precipitation":0,"beaufort":3,"humidity":66,"sunshine":68,"hour":20,"pollenindex":6,"windspeed":16,"sunshinepower":213,"sunpower":213},{"datetime":"2020-07-12T21:00:00","datetimeutc":"2020-07-12T19:00:00","timetype":"Hour","precipitationmm":0.0,"temperature":14.8,"feeltemperature":13.9,"cloudcover":3,"iconcode":"a","iconid":1,"sources":1,"winddirection":"NO","winddirectiondegrees":29,"windspeedms":3.92,"visibility":15210,"precipitation":0,"beaufort":2,"humidity":70,"sunshine":68,"hour":21,"pollenindex":5,"windspeed":14,"sunshinepower":77,"sunpower":77},{"datetime":"2020-07-12T22:00:00","datetimeutc":"2020-07-12T20:00:00","timetype":"Hour","precipitationmm":0.0,"temperature":13.9,"feeltemperature":13.9,"cloudcover":5,"iconcode":"aa","iconid":1,"sources":1,"winddirection":"NO","winddirectiondegrees":28,"windspeedms":3.21,"visibility":12610,"precipitation":0,"beaufort":2,"humidity":75,"sunshine":96,"hour":22,"pollenindex":5,"windspeed":12,"sunshinepower":0,"sunpower":0},{"datetime":"2020-07-12T23:00:00","datetimeutc":"2020-07-12T21:00:00","timetype":"Hour","precipitationmm":0.0,"temperature":13.2,"feeltemperature":13.2,"cloudcover":6,"iconcode":"aa","iconid":1,"sources":1,"winddirection":"NO","winddirectiondegrees":29,"windspeedms":2.79,"visibility":11210,"precipitation":0,"beaufort":2,"humidity":79,"sunshine":1,"hour":23,"pollenindex":5,"windspeed":10,"sunshinepower":0,"sunpower":0}],"datetime":"2020-07-12T00:00:00","datetimeutc":"2020-07-11T22:00:00","timetype":"Day","precipitationmm":0.0,"mintemperature":11.6,"maxtemperature":17.0,"cloudcover":25,"iconcode":"j","iconid":2,"sources":1,"winddirection":"N","winddirectiondegrees":0,"windspeedms":3.37,"precipitation":1,"beaufort":2,"uvindex":5,"bbqindex":6,"mosquitoindex":7,"pollenindex":5,"icescrapeindex":1,"mintemp":11.6,"maxtemp":17.0,"windspeed":3},{"date":"2020-07-13T00:00:00","sunrise":"2020-07-13T05:34:45","sunset":"2020-07-13T21:57:08","hours":[{"datetime":"2020-07-13T00:00:00","datetimeutc":"2020-07-12T22:00:00","timetype":"Hour","precipitationmm":0.0,"temperature":12.9,"feeltemperature":12.9,"cloudcover":11,"iconcode":"aa","iconid":13,"sources":1,"winddirection":"NO","winddirectiondegrees":30,"windspeedms":2.7,"visibility":10410,"precipitation":0,"beaufort":2,"humidity":81,"sunshine":0,"hour":0,"pollenindex":4,"windspeed":10,"sunshinepower":0,"sunpower":0},{"datetime":"2020-07-13T01:00:00","datetimeutc":"2020-07-12T23:00:00","timetype":"Hour","precipitationmm":0.0,"temperature":12.7,"feeltemperature":12.7,"cloudcover":32,"iconcode":"jj","iconid":4,"sources":1,"winddirection":"NO","winddirectiondegrees":31,"windspeedms":2.4,"visibility":10020,"precipitation":0,"beaufort":2,"humidity":83,"sunshine":0,"hour":1,"pollenindex":4,"windspeed":9,"sunshinepower":0,"sunpower":0},{"datetime":"2020-07-13T02:00:00","datetimeutc":"2020-07-13T00:00:00","timetype":"Hour","precipitationmm":0.0,"temperature":12.7,"feeltemperature":12.7,"cloudcover":37,"iconcode":"jj","iconid":4,"sources":1,"winddirection":"NO","winddirectiondegrees":31,"windspeedms":2.37,"visibility":9810,"precipitation":0,"beaufort":2,"humidity":84,"sunshine":0,"hour":2,"pollenindex":4,"windspeed":9,"sunshinepower":0,"sunpower":0}],"datetime":"2020-07-13T00:00:00","datetimeutc":"2020-07-12T22:00:00","timetype":"Day","precipitationmm":0.0,"mintemperature":12.6,"maxtemperature":18.0,"cloudcover":75,"iconcode":"r","iconid":3,"sources":1,"winddirection":"NO","winddirectiondegrees":45,"windspeedms":3.76,"precipitation":1,"beaufort":2,"pollenindex":5,"icescrapeindex":1,"mintemp":12.6,"maxtemp":18.0,"windspeed":4},{"date":"2020-07-14T00:00:00","sunrise":"2020-07-14T05:35:58","sunset":"2020-07-14T21:56:08","datetime":"2020-07-14T00:00:00","datetimeutc":"2020-07-13T22:00:00","timetype":"Day","precipitationmm":0.0,"mintemperature":13.9,"maxtemperature":18.3,"cloudcover":25,"iconcode":"j","iconid":2,"sources":1,"winddirection":"NO","winddirectiondegrees":45,"windspeedms":4.03,"precipitation":0,"beaufort":3,"pollenindex":5,"mintemp":13.9,"maxtemp":18.3,"windspeed":4},{"date":"2020-07-15T00:00:00","sunrise":"2020-07-15T05:37:12","sunset":"2020-07-15T21:55:04","datetime":"2020-07-15T00:00:00","datetimeutc":"2020-07-14T22:00:00","timetype":"Day","precipitationmm":0.0,"mintemperature":14.5,"maxtemperature":19.9,"cloudcover":25,"iconcode":"j","iconid":2,"sources":1,"winddirection":"NO","winddirectiondegrees":45,"windspeedms":3.57,"precipitation":0,"beaufort":2,"pollenindex":5,"mintemp":14.5,"maxtemp":19.9,"windspeed":4},{"date":"2020-07-16T00:00:00","sunrise":"2020-07-16T05:38:28","sunset":"2020-07-16T21:53:58","datetime":"2020-07-16T00:00:00","datetimeutc":"2020-07-15T22:00:00","timetype":"Day","precipitationmm":0.0,"mintemperature":15.6,"maxtemperature":20.7,"cloudcover":0,"iconcode":"a","iconid":1,"sources":1,"winddirection":"NO","winddirectiondegrees":45,"windspeedms":3.22,"precipitation":1,"beaufort":2,"pollenindex":5,"mintemp":15.6,"maxtemp":20.7,"windspeed":3},{"date":"2020-07-17T00:00:00","sunrise":"2020-07-17T05:39:45","sunset":"2020-07-17T21:52:49","datetime":"2020-07-17T00:00:00","datetimeutc":"2020-07-16T22:00:00","timetype":"Day","precipitationmm":0.0,"mintemperature":16.0,"maxtemperature":20.6,"cloudcover":25,"iconcode":"j","iconid":2,"sources":1,"winddirection":"NO","winddirectiondegrees":45,"windspeedms":2.39,"precipitation":2,"beaufort":2,"pollenindex":5,"mintemp":16.0,"maxtemp":20.6,"windspeed":2},{"date":"2020-07-18T00:00:00","sunrise":"2020-07-18T05:41:04","sunset":"2020-07-18T21:51:38","datetime":"2020-07-18T00:00:00","datetimeutc":"2020-07-17T22:00:00","timetype":"Day","precipitationmm":0.0,"mintemperature":15.8,"maxtemperature":20.6,"cloudcover":25,"iconcode":"j","iconid":2,"sources":1,"winddirection":"O","winddirectiondegrees":90,"windspeedms":1.36,"precipitation":2,"beaufort":1,"pollenindex":5,"mintemp":15.8,"maxtemp":20.6,"windspeed":1},{"date":"2020-07-19T00:00:00","sunrise":"2020-07-19T05:42:25","sunset":"2020-07-19T21:50:24","datetime":"2020-07-19T00:00:00","datetimeutc":"2020-07-18T22:00:00","timetype":"Day","precipitationmm":6.6,"mintemperature":16.1,"maxtemperature":20.0,"cloudcover":90,"iconcode":"q","iconid":14,"sources":1,"winddirection":"W","winddirectiondegrees":270,"windspeedms":1.35,"precipitation":71,"beaufort":1,"pollenindex":5,"mintemp":16.1,"maxtemp":20.0,"windspeed":1},{"date":"2020-07-20T00:00:00","sunrise":"2020-07-20T05:43:46","sunset":"2020-07-20T21:49:07","datetime":"2020-07-20T00:00:00","datetimeutc":"2020-07-19T22:00:00","timetype":"Day","precipitationmm":3.2,"mintemperature":15.7,"maxtemperature":19.5,"cloudcover":25,"iconcode":"f","iconid":16,"sources":1,"winddirection":"ZW","winddirectiondegrees":225,"windspeedms":1.33,"precipitation":68,"beaufort":1,"pollenindex":5,"mintemp":15.7,"maxtemp":19.5,"windspeed":1}]}