{"location":{"lat":52.37,"lon":4.89},"timeOffset":2.0,"timestamp":"2020-07-24T01:18:37","altitude":0,"elevation":0,"machinename":"None","elapsedms":0,"pollenindexNowDay":5,"pollenindexNowHour":4,"nowrelevant":{"values":[{"type":"pollenindex","value":5},{"type":"uvindex","value":5}]},"days":[{"date":"2020-07-24T00:00:00","sunrise":"2020-07-24T05:49:27","sunset":"2020-07-24T21:43:38","morning":{"datetime":"2020-07-24T07:00:00","datetimeutc":"2020-07-24T05:00:00","timetype":"Morning","precipitationmm":2.1,"mintemperature":17.9,"maxtemperature":19.2,"cloudcover":99,"iconcode":"m","iconid":22,"sources":1,"winddirection":"W","winddirectiondegrees":274,"windspeedms":3.3,"visibility":10020,"precipitation":35,"beaufort":2,"humidity":80,"sunshine":0,"hour":7,"mintemp":17.9,"maxtemp":19.2,"windspeed":12,"sunshinepower":165,"sunpower":165},"afternoon":{"datetime":"2020-07-24T12:00:00","datetimeutc":"2020-07-24T10:00:00","timetype":"Afternoon","precipitationmm":0.0,"mintemperature":19.4,"maxtemperature":20.2,"cloudcover":82,"iconcode":"r","iconid":22,"sources":1,"winddirection":"W","winddirectiondegrees":278,"windspeedms":5.1,"visibility":11815,"precipitation":0,"beaufort":3,"humidity":73,"sunshine":7,"hour":12,"mintemp":19.4,"maxtemp":20.2,"windspeed":18,"sunshinepower":483,"sunpower":483},"evening":{"datetime":"2020-07-24T18:00:00","datetimeutc":"2020-07-24T16:00:00","timetype":"Evening","precipitationmm":0.0,"mintemperature":16.8,"maxtemperature":20.0,"cloudcover":63,"iconcode":"b","iconid":5,"sources":1,"winddirection":"W","winddirectiondegrees":268,"windspeedms":3.1,"visibility":12295,"precipitation":0,"beaufort":2,"humidity":75,"sunshine":40,"hour":18,"mintemp":16.8,"maxtemp":20.0,"windspeed":11,"sunshinepower":166,"sunpower":166},"night":{"datetime":"2020-07-24T04:00:00","datetimeutc":"2020-07-24T02:00:00","timetype":"Night","precipitationmm":0.0,"mintemperature":16.6,"maxtemperature":17.2,"cloudcover":100,"iconcode":"c","iconid":19,"sources":1,"winddirection":"W","winddirectiondegrees":253,"windspeedms":3.1,"visibility":9900,"precipitation":0,"beaufort":2,"humidity":81,"sunshine":0,"hour":4,"mintemp":16.6,"maxtemp":17.2,"windspeed":11,"sunshinepower":2,"sunpower":2},"hours":[{"datetime":"2020-07-24T04:00:00","datetimeutc":"2020-07-24T02:00:00","timetype":"Hour","precipitationmm":0.0,"temperature":16.6,"feeltemperature":16.6,"cloudcover":100,"iconcode":"cc","iconid":19,"sources":3,"winddirection":"ZW","winddirectiondegrees":240,"windspeedms":3.5,"visibility":10250,"precipitation":0,"beaufort":2,"humidity":78,"sunshine":0,"hour":4,"pollenindex":4,"windspeed":13,"sunshinepower":0,"sunpower":0},{"datetime":"2020-07-24T05:00:00","datetimeutc":"2020-07-24T03:00:00","timetype":"Hour","precipitationmm":0.0,"temperature":16.6,"feeltemperature":16.6,"cloudcover":100,"iconcode":"cc","iconid":22,"sources":3,"winddirection":"W","winddirectiondegrees":252,"windspeedms":3.2,"visibility":9830,"precipitation":0,"beaufort":2,"humidity":82,"sunshine":0,"hour":5,"pollenindex":4,"windspeed":12,"sunshinepower":0,"sunpower":0},{"datetime":"2020-07-24T06:00:00","datetimeutc":"2020-07-24T04:00:00","timetype":"Hour","precipitationmm":0.0,"temperature":17.2,"feeltemperature":17.2,"cloudcover":100,"iconcode":"c","iconid":19,"sources":2,"winddirection":"W","winddirectiondegrees":268,"windspeedms":2.7,"visibility":9620,"precipitation":0,"beaufort":2,"humidity":83,"sunshine":0,"hour":6,"pollenindex":4,"windspeed":10,"sunshinepower":7,"sunpower":7},{"datetime":"2020-07-24T07:00:00","datetimeutc":"2020-07-24T05:00:00","timetype":"Hour","precipitationmm":0.0,"temperature":17.9,"feeltemperature":17.9,"cloudcover":100,"iconcode":"c","iconid":22,"sources":2,"winddirection":"W","winddirectiondegrees":279,"windspeedms":2.5,"visibility":9820,"precipitation":0,"beaufort":2,"humidity":83,"sunshine":0,"hour":7,"pollenindex":4,"windspeed":9,"sunshinepower":51,"sunpower":51},{"datetime":"2020-07-24T08:00:00","datetimeutc":"2020-07-24T06:00:00","timetype":"Hour","precipitationmm":0.0,"temperature":18.6,"feeltemperature":18.6,"cloudcover":100,"iconcode":"c","iconid":22,"sources":2,"winddirection":"W","winddirectiondegrees":280,"windspeedms":2.9,"visibility":10420,"precipitation":0,"beaufort":2,"humidity":80,"sunshine":0,"hour":8,"pollenindex":4,"windspeed":10,"sunshinepower":116,"sunpower":116},{"datetime":"2020-07-24T09:00:00","datetimeutc":"2020-07-24T07:00:00","timetype":"Hour","precipitationmm":2.0,"temperature":18.9,"feeltemperature":18.9,"cloudcover":100,"iconcode":"m","iconid":22,"sources":2,"winddirection":"W","winddirectiondegrees":277,"windspeedms":3.4,"visibility":10820,"precipitation":77,"beaufort":2,"humidity":80,"sunshine":0,"hour":9,"pollenindex":4,"windspeed":12,"sunshinepower":171,"sunpower":171},{"datetime":"2020-07-24T10:00:00","datetimeutc":"2020-07-24T08:00:00","timetype":"Hour","precipitationmm":0.1,"temperature":19.0,"feeltemperature":19.0,"cloudcover":99,"iconcode":"m","iconid":22,"sources":2,"winddirection":"W","winddirectiondegrees":270,"windspeedms":3.7,"visibility":9620,"precipitation":79,"beaufort":2,"humidity":80,"sunshine":0,"hour":10,"pollenindex":4,"windspeed":13,"sunshinepower":213,"sunpower":213},{"datetime":"2020-07-24T11:00:00","datetimeutc":"2020-07-24T09:00:00","timetype":"Hour","precipitationmm":0.0,"temperature":19.2,"feeltemperature":19.2,"cloudcover":100,"iconcode":"c","iconid":22,"sources":2,"winddirection":"W","winddirectiondegrees":267,"windspeedms":3.9,"visibility":9420,"precipitation":1,"beaufort":2,"humidity":79,"sunshine":0,"hour":11,"pollenindex":4,"windspeed":14,"sunshinepower":274,"sunpower":274},{"datetime":"2020-07-24T12:00:00","datetimeutc":"2020-07-24T10:00:00","timetype":"Hour","precipitationmm":0.0,"temperature":19.4,"feeltemperature":19.4,"cloudcover":100,"iconcode":"c","iconid":22,"sources":2,"winddirection":"W","winddirectiondegrees":260,"windspeedms":4.2,"visibility":9820,"precipitation":1,"beaufort":3,"humidity":77,"sunshine":0,"hour":12,"pollenindex":4,"windspeed":15,"sunshinepower":354,"sunpower":354},{"datetime":"2020-07-24T13:00:00","datetimeutc":"2020-07-24T11:00:00","timetype":"Hour","precipitationmm":0.0,"temperature":19.7,"feeltemperature":19.7,"cloudcover":100,"iconcode":"c","iconid":22,"sources":2,"winddirection":"W","winddirectiondegrees":267,"windspeedms":4.5,"visibility":10010,"precipitation":1,"beaufort":3,"humidity":75,"sunshine":0,"hour":13,"pollenindex":4,"windspeed":16,"sunshinepower":428,"sunpower":428},{"datetime":"2020-07-24T14:00:00","datetimeutc":"2020-07-24T12:00:00","timetype":"Hour","precipitationmm":0.0,"temperature":19.9,"feeltemperature":19.9,"cloudcover":100,"iconcode":"c","iconid":19,"sources":2,"winddirection":"W","winddirectiondegrees":279,"windspeedms":5.2,"visibility":12210,"precipitation":1,"beaufort":3,"humidity":73,"sunshine":0,"hour":14,"pollenindex":4,"windspeed":19,"sunshinepower":489,"sunpower":489},{"datetime":"2020-07-24T15:00:00","datetimeutc":"2020-07-24T13:00:00","timetype":"Hour","precipitationmm":0.0,"temperature":20.0,"feeltemperature":20.0,"cloudcover":84,"iconcode":"r","iconid":19,"sources":2,"winddirection":"W","winddirectiondegrees":283,"windspeedms":5.9,"visibility":12420,"precipitation":0,"beaufort":3,"humidity":73,"sunshine":0,"hour":15,"pollenindex":4,"windspeed":21,"sunshinepower":540,"sunpower":540},{"datetime":"2020-07-24T16:00:00","datetimeutc":"2020-07-24T14:00:00","timetype":"Hour","precipitationmm":0.0,"temperature":20.2,"feeltemperature":20.2,"cloudcover":63,"iconcode":"b","iconid":7,"sources":2,"winddirection":"W","winddirectiondegrees":290,"windspeedms":5.6,"visibility":12010,"precipitation":0,"beaufort":3,"humidity":72,"sunshine":10,"hour":16,"pollenindex":4,"windspeed":20,"sunshinepower":563,"sunpower":563},{"datetime":"2020-07-24T17:00:00","datetimeutc":"2020-07-24T15:00:00","timetype":"Hour","precipitationmm":0.0,"temperature":20.2,"feeltemperature":20.2,"cloudcover":47,"iconcode":"j","iconid":7,"sources":2,"winddirection":"W","winddirectiondegrees":291,"windspeedms":5.4,"visibility":14420,"precipitation":0,"beaufort":3,"humidity":69,"sunshine":33,"hour":17,"pollenindex":4,"windspeed":19,"sunshinepower":529,"sunpower":529},{"datetime":"2020-07-24T18:00:00","datetimeutc":"2020-07-24T16:00:00","timetype":"Hour","precipitationmm":0.0,"temperature":20.0,"feeltemperature":20.0,"cloudcover":39,"iconcode":"j","iconid":5,"sources":2,"winddirection":"W","winddirectiondegrees":289,"windspeedms":5.0,"visibility":14220,"precipitation":0,"beaufort":3,"humidity":68,"sunshine":50,"hour":18,"pollenindex":4,"windspeed":18,"sunshinepower":443,"sunpower":443},{"datetime":"2020-07-24T19:00:00","datetimeutc":"2020-07-24T17:00:00","timetype":"Hour","precipitationmm":0.0,"temperature":19.5,"feeltemperature":19.5,"cloudcover":37,"iconcode":"j","iconid":5,"sources":2,"winddirection":"W","winddirectiondegrees":288,"windspeedms":4.4,"visibility":12620,"precipitation":0,"beaufort":3,"humidity":70,"sunshine":58,"hour":19,"pollenindex":4,"windspeed":16,"sunshinepower":321,"sunpower":321},{"datetime":"2020-07-24T20:00:00","datetimeutc":"2020-07-24T18:00:00","timetype":"Hour","precipitationmm":0.0,"temperature":18.7,"feeltemperature":18.7,"cloudcover":43,"iconcode":"j","iconid":8,"sources":2,"winddirection":"W","winddirectiondegrees":287,"windspeedms":3.5,"visibility":12020,"precipitation":0,"beaufort":2,"humidity":73,"sunshine":61,"hour":20,"pollenindex":4,"windspeed":13,"sunshinepower":180,"sunpower":180},{"datetime":"2020-07-24T21:00:00","datetimeutc":"2020-07-24T19:00:00","timetype":"Hour","precipitationmm":0.0,"temperature":17.9,"feeltemperature":17.9,"cloudcover":66,"iconcode":"b","iconid":8,"sources":2,"winddirection":"W","winddirectiondegrees":278,"windspeedms":2.4,"visibility":12420,"precipitation":0,"beaufort":2,"humidity":77,"sunshine":53,"hour":21,"pollenindex":4,"windspeed":9,"sunshinepower":55,"sunpower":55},{"datetime":"2020-07-24T22:00:00","datetimeutc":"2020-07-24T20:00:00","timetype":"Hour","precipitationmm":0.0,"temperature":17.3,"feeltemperature":17.3,"cloudcover":96,"iconcode":"cc","iconid":20,"sources":2,"winddirection":"W","winddirectiondegrees":253,"windspeedms":1.6,"visibility":11640,"precipitation":0,"beaufort":1,"humidity":80,"sunshine":23,"hour":22,"pollenindex":4,"windspeed":6,"sunshinepower":0,"sunpower":0},{"datetime":"2020-07-24T23:00:00","datetimeutc":"2020-07-24T21:00:00","timetype":"Hour","precipitationmm":0.0,"temperature":16.8,"feeltemperature":16.8,"cloudcover":100,"iconcode":"cc","iconid":19,"sources":2,"winddirection":"Z","winddirectiondegrees":201,"windspeedms":1.7,"visibility":10850,"precipitation":0,"beaufort":1,"humidity":83,"sunshine":0,"hour":23,"pollenindex":4,"windspeed":6,"sunshinepower":0,"sunpower":0}],"datetime":"2020-07-24T00:00:00","datetimeutc":"2020-07-23T22:00:00","timetype":"Day","precipitationmm":0.0,"mintemperature":16.6,"maxtemperature":20.2,"cloudcover":83,"iconcode":"r","iconid":3,"sources":2,"winddirection":"W","winddirectiondegrees":270,"windspeedms":3.8,"visibility":11223,"precipitation":1,"beaufort":2,"humidity":76,"sunshine":14,"uvindex":5,"bbqindex":8,"mosquitoindex":6,"pollenindex":5,"icescrapeindex":1,"mintemp":16.6,"maxtemp":20.2,"windspeed":4,"sunshinepower":236,"sunpower":236},{"date":"2020-07-25T00:00:00","sunrise":"2020-07-25T05:50:55","sunset":"2020-07-25T21:42:10","morning":{"datetime":"2020-07-25T07:00:00","datetimeutc":"2020-07-25T05:00:00","timetype":"Morning","precipitationmm":0.0,"mintemperature":17.2,"maxtemperature":19.7,"cloudcover":94,"iconcode":"d","iconid":17,"sources":1,"winddirection":"ZW","winddirectiondegrees":226,"windspeedms":5.0,"visibility":3580,"precipitation":0,"beaufort":3,"humidity":81,"sunshine":2,"hour":7,"mintemp":17.2,"maxtemp":19.7,"windspeed":18,"sunshinepower":209,"sunpower":209},"afternoon":{"datetime":"2020-07-25T12:00:00","datetimeutc":"2020-07-25T10:00:00","timetype":"Afternoon","precipitationmm":0.2,"mintemperature":20.2,"maxtemperature":21.6,"cloudcover":100,"iconcode":"c","iconid":22,"sources":1,"winddirection":"ZW","winddirectiondegrees":239,"windspeedms":6.3,"visibility":12251,"precipitation":49,"beaufort":4,"humidity":73,"sunshine":0,"hour":12,"mintemp":20.2,"maxtemp":21.6,"windspeed":23,"sunshinepower":271,"sunpower":271},"evening":{"datetime":"2020-07-25T20:00:00","datetimeutc":"2020-07-25T18:00:00","timetype":"Evening","precipitationmm":0.0,"mintemperature":19.0,"maxtemperature":21.7,"cloudcover":100,"iconcode":"c","iconid":21,"sources":1,"winddirection":"ZW","winddirectiondegrees":219,"windspeedms":4.7,"visibility":8461,"precipitation":2,"beaufort":3,"humidity":76,"sunshine":0,"hour":20,"mintemp":19.0,"maxtemp":21.7,"windspeed":17,"sunshinepower":53,"sunpower":53},"night":{"datetime":"2020-07-25T00:00:00","datetimeutc":"2020-07-24T22:00:00","timetype":"Night","precipitationmm":0.0,"mintemperature":15.8,"maxtemperature":16.6,"cloudcover":99,"iconcode":"c","iconid":19,"sources":1,"winddirection":"Z","winddirectiondegrees":199,"windspeedms":3.1,"visibility":9080,"precipitation":0,"beaufort":2,"humidity":87,"sunshine":0,"hour":0,"mintemp":15.8,"maxtemp":16.6,"windspeed":11,"sunshinepower":1,"sunpower":1},"hours":[{"datetime":"2020-07-25T00:00:00","datetimeutc":"2020-07-24T22:00:00","timetype":"Hour","precipitationmm":0.0,"temperature":16.6,"feeltemperature":16.6,"cloudcover":100,"iconcode":"cc","iconid":19,"sources":2,"winddirection":"Z","winddirectiondegrees":193,"windspeedms":2.0,"visibility":10060,"precipitation":0,"beaufort":2,"humidity":85,"sunshine":0,"hour":0,"pollenindex":4,"windspeed":7,"sunshinepower":0,"sunpower":0},{"datetime":"2020-07-25T01:00:00","datetimeutc":"2020-07-24T23:00:00","timetype":"Hour","precipitationmm":0.0,"temperature":16.3,"feeltemperature":16.3,"cloudcover":100,"iconcode":"cc","iconid":20,"sources":2,"winddirection":"Z","winddirectiondegrees":191,"windspeedms":2.6,"visibility":10260,"precipitation":0,"beaufort":2,"humidity":86,"sunshine":0,"hour":1,"pollenindex":3,"windspeed":9,"sunshinepower":0,"sunpower":0},{"datetime":"2020-07-25T02:00:00","datetimeutc":"2020-07-25T00:00:00","timetype":"Hour","precipitationmm":0.0,"temperature":16.1,"feeltemperature":16.1,"cloudcover":99,"iconcode":"cc","iconid":20,"sources":2,"winddirection":"Z","winddirectiondegrees":194,"windspeedms":2.9,"visibility":10060,"precipitation":0,"beaufort":2,"humidity":87,"sunshine":0,"hour":2,"pollenindex":3,"windspeed":10,"sunshinepower":0,"sunpower":0},{"datetime":"2020-07-25T03:00:00","datetimeutc":"2020-07-25T01:00:00","timetype":"Hour","precipitationmm":0.0,"temperature":15.9,"feeltemperature":15.9,"cloudcover":99,"iconcode":"cc","iconid":20,"sources":2,"winddirection":"Z","winddirectiondegrees":200,"windspeedms":3.2,"visibility":10060,"precipitation":0,"beaufort":2,"humidity":89,"sunshine":0,"hour":3,"pollenindex":3,"windspeed":12,"sunshinepower":0,"sunpower":0},{"datetime":"2020-07-25T04:00:00","datetimeutc":"2020-07-25T02:00:00","timetype":"Hour","precipitationmm":0.0,"temperature":15.8,"feeltemperature":15.8,"cloudcover":100,"iconcode":"cc","iconid":21,"sources":2,"winddirection":"Z","winddirectiondegrees":202,"windspeedms":3.5,"visibility":10060,"precipitation":0,"beaufort":2,"humidity":90,"sunshine":0,"hour":4,"pollenindex":3,"windspeed":13,"sunshinepower":0,"sunpower":0},{"datetime":"2020-07-25T05:00:00","datetimeutc":"2020-07-25T03:00:00","timetype":"Hour","precipitationmm":0.0,"temperature":15.9,"feeltemperature":15.9,"cloudcover":100,"iconcode":"cc","iconid":22,"sources":2,"winddirection":"ZW","winddirectiondegrees":207,"windspeedms":3.7,"visibility":10040,"precipitation":0,"beaufort":2,"humidity":90,"sunshine":0,"hour":5,"pollenindex":3,"windspeed":13,"sunshinepower":0,"sunpower":0},{"datetime":"2020-07-25T06:00:00","datetimeutc":"2020-07-25T04:00:00","timetype":"Hour","precipitationmm":0.0,"temperature":16.5,"feeltemperature":16.5,"cloudcover":99,"iconcode":"c","iconid":21,"sources":2,"winddirection":"ZW","winddirectiondegrees":212,"windspeedms":3.8,"visibility":3020,"precipitation":0,"beaufort":2,"humidity":87,"sunshine":0,"hour":6,"pollenindex":3,"windspeed":14,"sunshinepower":7,"sunpower":7},{"datetime":"2020-07-25T07:00:00","datetimeutc":"2020-07-25T05:00:00","timetype":"Hour","precipitationmm":0.0,"temperature":17.2,"feeltemperature":17.2,"cloudcover":91,"iconcode":"d","iconid":17,"sources":2,"winddirection":"ZW","winddirectiondegrees":219,"windspeedms":4.2,"visibility":20,"precipitation":0,"beaufort":3,"humidity":86,"sunshine":0,"hour":7,"pollenindex":3,"windspeed":15,"sunshinepower":68,"sunpower":68},{"datetime":"2020-07-25T08:00:00","datetimeutc":"2020-07-25T06:00:00","timetype":"Hour","precipitationmm":0.0,"temperature":17.9,"feeltemperature":17.9,"cloudcover":90,"iconcode":"d","iconid":18,"sources":2,"winddirection":"ZW","winddirectiondegrees":222,"windspeedms":4.7,"visibility":20,"precipitation":0,"beaufort":3,"humidity":83,"sunshine":3,"hour":8,"pollenindex":4,"windspeed":17,"sunshinepower":163,"sunpower":163},{"datetime":"2020-07-25T09:00:00","datetimeutc":"2020-07-25T07:00:00","timetype":"Hour","precipitationmm":0.0,"temperature":18.5,"feeltemperature":18.5,"cloudcover":90,"iconcode":"d","iconid":22,"sources":2,"winddirection":"ZW","winddirectiondegrees":224,"windspeedms":5.1,"visibility":220,"precipitation":0,"beaufort":3,"humidity":81,"sunshine":3,"hour":9,"pollenindex":4,"windspeed":18,"sunshinepower":243,"sunpower":243},{"datetime":"2020-07-25T10:00:00","datetimeutc":"2020-07-25T08:00:00","timetype":"Hour","precipitationmm":0.0,"temperature":19.1,"feeltemperature":19.1,"cloudcover":100,"iconcode":"c","iconid":22,"sources":2,"winddirection":"ZW","winddirectiondegrees":231,"windspeedms":5.5,"visibility":8620,"precipitation":0,"beaufort":3,"humidity":79,"sunshine":5,"hour":10,"pollenindex":4,"windspeed":20,"sunshinepower":284,"sunpower":284},{"datetime":"2020-07-25T11:00:00","datetimeutc":"2020-07-25T09:00:00","timetype":"Hour","precipitationmm":0.0,"temperature":19.7,"feeltemperature":19.7,"cloudcover":100,"iconcode":"c","iconid":22,"sources":2,"winddirection":"ZW","winddirectiondegrees":236,"windspeedms":5.7,"visibility":9020,"precipitation":1,"beaufort":3,"humidity":76,"sunshine":0,"hour":11,"pollenindex":4,"windspeed":21,"sunshinepower":291,"sunpower":291},{"datetime":"2020-07-25T12:00:00","datetimeutc":"2020-07-25T10:00:00","timetype":"Hour","precipitationmm":0.0,"temperature":20.2,"feeltemperature":20.2,"cloudcover":100,"iconcode":"c","iconid":22,"sources":2,"winddirection":"ZW","winddirectiondegrees":239,"windspeedms":5.9,"visibility":9820,"precipitation":1,"beaufort":3,"humidity":74,"sunshine":0,"hour":12,"pollenindex":4,"windspeed":21,"sunshinepower":288,"sunpower":288},{"datetime":"2020-07-25T13:00:00","datetimeutc":"2020-07-25T11:00:00","timetype":"Hour","precipitationmm":0.0,"temperature":20.5,"feeltemperature":20.5,"cloudcover":100,"iconcode":"c","iconid":33,"sources":2,"winddirection":"ZW","winddirectiondegrees":238,"windspeedms":6.2,"visibility":11020,"precipitation":2,"beaufort":4,"humidity":73,"sunshine":0,"hour":13,"pollenindex":4,"windspeed":22,"sunshinepower":281,"sunpower":281},{"datetime":"2020-07-25T14:00:00","datetimeutc":"2020-07-25T12:00:00","timetype":"Hour","precipitationmm":0.1,"temperature":20.7,"feeltemperature":20.7,"cloudcover":100,"iconcode":"m","iconid":22,"sources":2,"winddirection":"ZW","winddirectiondegrees":238,"windspeedms":6.5,"visibility":13020,"precipitation":84,"beaufort":4,"humidity":74,"sunshine":0,"hour":14,"pollenindex":4,"windspeed":23,"sunshinepower":285,"sunpower":285},{"datetime":"2020-07-25T15:00:00","datetimeutc":"2020-07-25T13:00:00","timetype":"Hour","precipitationmm":0.1,"temperature":20.9,"feeltemperature":20.9,"cloudcover":100,"iconcode":"m","iconid":22,"sources":2,"winddirection":"ZW","winddirectiondegrees":239,"windspeedms":6.4,"visibility":12420,"precipitation":78,"beaufort":4,"humidity":75,"sunshine":0,"hour":15,"pollenindex":4,"windspeed":23,"sunshinepower":291,"sunpower":291},{"datetime":"2020-07-25T16:00:00","datetimeutc":"2020-07-25T14:00:00","timetype":"Hour","precipitationmm":0.0,"temperature":21.2,"feeltemperature":21.2,"cloudcover":100,"iconcode":"c","iconid":22,"sources":2,"winddirection":"ZW","winddirectiondegrees":242,"windspeedms":6.4,"visibility":13820,"precipitation":2,"beaufort":4,"humidity":75,"sunshine":0,"hour":16,"pollenindex":4,"windspeed":23,"sunshinepower":267,"sunpower":267},{"datetime":"2020-07-25T17:00:00","datetimeutc":"2020-07-25T15:00:00","timetype":"Hour","precipitationmm":0.0,"temperature":21.6,"feeltemperature":21.6,"cloudcover":100,"iconcode":"c","iconid":22,"sources":2,"winddirection":"ZW","winddirectiondegrees":243,"windspeedms":6.2,"visibility":13410,"precipitation":2,"beaufort":4,"humidity":72,"sunshine":0,"hour":17,"pollenindex":4,"windspeed":22,"sunshinepower":215,"sunpower":215},{"datetime":"2020-07-25T18:00:00","datetimeutc":"2020-07-25T16:00:00","timetype":"Hour","precipitationmm":0.0,"temperature":21.7,"feeltemperature":21.7,"cloudcover":100,"iconcode":"c","iconid":21,"sources":2,"winddirection":"W","winddirectiondegrees":250,"windspeedms":5.6,"visibility":10410,"precipitation":2,"beaufort":3,"humidity":71,"sunshine":0,"hour":18,"pollenindex":4,"windspeed":20,"sunshinepower":156,"sunpower":156},{"datetime":"2020-07-25T19:00:00","datetimeutc":"2020-07-25T17:00:00","timetype":"Hour","precipitationmm":0.0,"temperature":21.4,"feeltemperature":21.4,"cloudcover":100,"iconcode":"c","iconid":21,"sources":2,"winddirection":"ZW","winddirectiondegrees":233,"windspeedms":5.7,"visibility":3410,"precipitation":1,"beaufort":3,"humidity":71,"sunshine":0,"hour":19,"pollenindex":4,"windspeed":21,"sunshinepower":98,"sunpower":98},{"datetime":"2020-07-25T20:00:00","datetimeutc":"2020-07-25T18:00:00","timetype":"Hour","precipitationmm":0.0,"temperature":20.7,"feeltemperature":20.7,"cloudcover":100,"iconcode":"c","iconid":21,"sources":1,"winddirection":"ZW","winddirectiondegrees":236,"windspeedms":4.41,"visibility":8020,"precipitation":2,"beaufort":3,"humidity":74,"sunshine":0,"hour":20,"pollenindex":4,"windspeed":16,"sunshinepower":50,"sunpower":50},{"datetime":"2020-07-25T21:00:00","datetimeutc":"2020-07-25T19:00:00","timetype":"Hour","precipitationmm":0.0,"temperature":19.9,"feeltemperature":19.9,"cloudcover":100,"iconcode":"c","iconid":21,"sources":1,"winddirection":"ZW","winddirectiondegrees":209,"windspeedms":4.14,"visibility":9020,"precipitation":1,"beaufort":3,"humidity":78,"sunshine":0,"hour":21,"pollenindex":4,"windspeed":15,"sunshinepower":15,"sunpower":15},{"datetime":"2020-07-25T22:00:00","datetimeutc":"2020-07-25T20:00:00","timetype":"Hour","precipitationmm":0.0,"temperature":19.3,"feeltemperature":19.3,"cloudcover":100,"iconcode":"cc","iconid":20,"sources":1,"winddirection":"ZW","winddirectiondegrees":205,"windspeedms":4.13,"visibility":9850,"precipitation":2,"beaufort":3,"humidity":80,"sunshine":0,"hour":22,"pollenindex":4,"windspeed":15,"sunshinepower":0,"sunpower":0},{"datetime":"2020-07-25T23:00:00","datetimeutc":"2020-07-25T21:00:00","timetype":"Hour","precipitationmm":0.0,"temperature":19.0,"feeltemperature":19.0,"cloudcover":100,"iconcode":"cc","iconid":22,"sources":1,"winddirection":"Z","winddirectiondegrees":186,"windspeedms":4.39,"visibility":10060,"precipitation":1,"beaufort":3,"humidity":83,"sunshine":0,"hour":23,"pollenindex":4,"windspeed":16,"sunshinepower":0,"sunpower":0}],"datetime":"2020-07-25T00:00:00","datetimeutc":"2020-07-24T22:00:00","timetype":"Day","precipitationmm":0.2,"mintemperature":15.8,"maxtemperature":21.7,"cloudcover":98,"iconcode":"m","iconid":12,"sources":2,"winddirection":"ZW","winddirectiondegrees":225,"windspeedms":4.7,"visibility":8572,"precipitation":20,"beaufort":3,"humidity":79,"sunshine":0,"uvindex":3,"bbqindex":6,"mosquitoindex":7,"pollenindex":5,"icescrapeindex":1,"mintemp":15.8,"maxtemp":21.7,"windspeed":5,"sunshinepower":125,"sunpower":125},{"date":"2020-07-26T00:00:00","sunrise":"2020-07-26T05:52:24","sunset":"2020-07-26T21:40:39","hours":[{"datetime":"2020-07-26T00:00:00","datetimeutc":"2020-07-25T22:00:00","timetype":"Hour","precipitationmm":1.6,"temperature":18.6,"feeltemperature":18.6,"cloudcover":98,"iconcode":"mm","iconid":33,"sources":1,"winddirection":"Z","winddirectiondegrees":188,"windspeedms":4.33,"visibility":10060,"precipitation":39,"beaufort":3,"humidity":86,"sunshine":0,"hour":0,"pollenindex":3,"windspeed":16,"sunshinepower":0,"sunpower":0},{"datetime":"2020-07-26T01:00:00","datetimeutc":"2020-07-25T23:00:00","timetype":"Hour","precipitationmm":1.6,"temperature":18.3,"feeltemperature":18.3,"cloudcover":100,"iconcode":"mm","iconid":33,"sources":1,"winddirection":"Z","winddirectiondegrees":185,"windspeedms":4.49,"visibility":10060,"precipitation":43,"beaufort":3,"humidity":89,"sunshine":0,"hour":1,"pollenindex":3,"windspeed":16,"sunshinepower":0,"sunpower":0},{"datetime":"2020-07-26T02:00:00","datetimeutc":"2020-07-26T00:00:00","timetype":"Hour","precipitationmm":0.0,"temperature":18.0,"feeltemperature":18.0,"cloudcover":100,"iconcode":"cc","iconid":18,"sources":1,"winddirection":"ZW","winddirectiondegrees":203,"windspeedms":4.57,"visibility":10060,"precipitation":2,"beaufort":3,"humidity":91,"sunshine":0,"hour":2,"pollenindex":3,"windspeed":16,"sunshinepower":0,"sunpower":0},{"datetime":"2020-07-26T03:00:00","datetimeutc":"2020-07-26T01:00:00","timetype":"Hour","precipitationmm":1.6,"temperature":17.8,"feeltemperature":17.8,"cloudcover":86,"iconcode":"mm","iconid":33,"sources":1,"winddirection":"ZW","winddirectiondegrees":230,"windspeedms":4.53,"visibility":1060,"precipitation":88,"beaufort":3,"humidity":93,"sunshine":0,"hour":3,"pollenindex":3,"windspeed":16,"sunshinepower":0,"sunpower":0},{"datetime":"2020-07-26T04:00:00","datetimeutc":"2020-07-26T02:00:00","timetype":"Hour","precipitationmm":1.3,"temperature":17.5,"feeltemperature":17.5,"cloudcover":89,"iconcode":"mm","iconid":33,"sources":1,"winddirection":"ZW","winddirectiondegrees":211,"windspeedms":4.26,"visibility":8660,"precipitation":96,"beaufort":3,"humidity":94,"sunshine":0,"hour":4,"pollenindex":3,"windspeed":15,"sunshinepower":0,"sunpower":0},{"datetime":"2020-07-26T05:00:00","datetimeutc":"2020-07-26T03:00:00","timetype":"Hour","precipitationmm":1.4,"temperature":17.4,"feeltemperature":17.4,"cloudcover":90,"iconcode":"mm","iconid":33,"sources":1,"winddirection":"Z","winddirectiondegrees":201,"windspeedms":4.99,"visibility":630,"precipitation":92,"beaufort":3,"humidity":94,"sunshine":0,"hour":5,"pollenindex":3,"windspeed":18,"sunshinepower":0,"sunpower":0},{"datetime":"2020-07-26T06:00:00","datetimeutc":"2020-07-26T04:00:00","timetype":"Hour","precipitationmm":1.4,"temperature":17.8,"feeltemperature":17.8,"cloudcover":87,"iconcode":"m","iconid":33,"sources":1,"winddirection":"ZW","winddirectiondegrees":222,"windspeedms":5.53,"visibility":610,"precipitation":79,"beaufort":3,"humidity":92,"sunshine":0,"hour":6,"pollenindex":3,"windspeed":20,"sunshinepower":2,"sunpower":2},{"datetime":"2020-07-26T07:00:00","datetimeutc":"2020-07-26T05:00:00","timetype":"Hour","precipitationmm":0.0,"temperature":18.3,"feeltemperature":18.3,"cloudcover":85,"iconcode":"r","iconid":19,"sources":1,"winddirection":"ZW","winddirectiondegrees":230,"windspeedms":4.94,"visibility":4410,"precipitation":3,"beaufort":3,"humidity":90,"sunshine":8,"hour":7,"pollenindex":3,"windspeed":18,"sunshinepower":59,"sunpower":59},{"datetime":"2020-07-26T08:00:00","datetimeutc":"2020-07-26T06:00:00","timetype":"Hour","precipitationmm":0.0,"temperature":18.7,"feeltemperature":18.7,"cloudcover":81,"iconcode":"r","iconid":19,"sources":1,"winddirection":"ZW","winddirectiondegrees":241,"windspeedms":5.73,"visibility":9620,"precipitation":2,"beaufort":3,"humidity":86,"sunshine":10,"hour":8,"pollenindex":3,"windspeed":21,"sunshinepower":170,"sunpower":170},{"datetime":"2020-07-26T09:00:00","datetimeutc":"2020-07-26T07:00:00","timetype":"Hour","precipitationmm":0.0,"temperature":18.8,"feeltemperature":18.8,"cloudcover":80,"iconcode":"r","iconid":22,"sources":1,"winddirection":"ZW","winddirectiondegrees":245,"windspeedms":5.83,"visibility":9420,"precipitation":3,"beaufort":3,"humidity":83,"sunshine":13,"hour":9,"pollenindex":4,"windspeed":21,"sunshinepower":299,"sunpower":299},{"datetime":"2020-07-26T10:00:00","datetimeutc":"2020-07-26T08:00:00","timetype":"Hour","precipitationmm":0.0,"temperature":19.0,"feeltemperature":19.0,"cloudcover":80,"iconcode":"r","iconid":10,"sources":1,"winddirection":"W","winddirectiondegrees":254,"windspeedms":6.15,"visibility":10420,"precipitation":2,"beaufort":4,"humidity":79,"sunshine":15,"hour":10,"pollenindex":4,"windspeed":22,"sunshinepower":440,"sunpower":440},{"datetime":"2020-07-26T11:00:00","datetimeutc":"2020-07-26T09:00:00","timetype":"Hour","precipitationmm":0.0,"temperature":19.4,"feeltemperature":19.4,"cloudcover":79,"iconcode":"r","iconid":7,"sources":1,"winddirection":"W","winddirectiondegrees":267,"windspeedms":6.87,"visibility":14020,"precipitation":2,"beaufort":4,"humidity":75,"sunshine":15,"hour":11,"pollenindex":4,"windspeed":25,"sunshinepower":579,"sunpower":579},{"datetime":"2020-07-26T12:00:00","datetimeutc":"2020-07-26T10:00:00","timetype":"Hour","precipitationmm":0.0,"temperature":19.6,"feeltemperature":19.6,"cloudcover":76,"iconcode":"r","iconid":7,"sources":1,"winddirection":"W","winddirectiondegrees":269,"windspeedms":7.11,"visibility":15020,"precipitation":2,"beaufort":4,"humidity":72,"sunshine":16,"hour":12,"pollenindex":4,"windspeed":26,"sunshinepower":688,"sunpower":688},{"datetime":"2020-07-26T13:00:00","datetimeutc":"2020-07-26T11:00:00","timetype":"Hour","precipitationmm":0.0,"temperature":19.8,"feeltemperature":19.8,"cloudcover":72,"iconcode":"r","iconid":7,"sources":1,"winddirection":"W","winddirectiondegrees":267,"windspeedms":7.11,"visibility":14220,"precipitation":1,"beaufort":4,"humidity":70,"sunshine":18,"hour":13,"pollenindex":4,"windspeed":26,"sunshinepower":724,"sunpower":724},{"datetime":"2020-07-26T14:00:00","datetimeutc":"2020-07-26T12:00:00","timetype":"Hour","precipitationmm":0.0,"temperature":19.8,"feeltemperature":19.8,"cloudcover":63,"iconcode":"b","iconid":7,"sources":1,"winddirection":"W","winddirectiondegrees":267,"windspeedms":6.84,"visibility":13010,"precipitation":1,"beaufort":4,"humidity":71,"sunshine":23,"hour":14,"pollenindex":4,"windspeed":25,"sunshinepower":720,"sunpower":720},{"datetime":"2020-07-26T15:00:00","datetimeutc":"2020-07-26T13:00:00","timetype":"Hour","precipitationmm":0.0,"temperature":19.8,"feeltemperature":19.8,"cloudcover":47,"iconcode":"j","iconid":7,"sources":1,"winddirection":"W","winddirectiondegrees":269,"windspeedms":7.24,"visibility":14600,"precipitation":1,"beaufort":4,"humidity":72,"sunshine":33,"hour":15,"pollenindex":4,"windspeed":26,"sunshinepower":697,"sunpower":697},{"datetime":"2020-07-26T16:00:00","datetimeutc":"2020-07-26T14:00:00","timetype":"Hour","precipitationmm":0.0,"temperature":19.6,"feeltemperature":19.6,"cloudcover":41,"iconcode":"j","iconid":4,"sources":1,"winddirection":"W","winddirectiondegrees":268,"windspeedms":6.87,"visibility":13600,"precipitation":2,"beaufort":4,"humidity":74,"sunshine":50,"hour":16,"pollenindex":4,"windspeed":25,"sunshinepower":623,"sunpower":623},{"datetime":"2020-07-26T17:00:00","datetimeutc":"2020-07-26T15:00:00","timetype":"Hour","precipitationmm":0.0,"temperature":19.5,"feeltemperature":19.5,"cloudcover":43,"iconcode":"j","iconid":4,"sources":1,"winddirection":"W","winddirectiondegrees":265,"windspeedms":6.36,"visibility":12400,"precipitation":1,"beaufort":4,"humidity":72,"sunshine":56,"hour":17,"pollenindex":4,"windspeed":23,"sunshinepower":523,"sunpower":523},{"datetime":"2020-07-26T18:00:00","datetimeutc":"2020-07-26T16:00:00","timetype":"Hour","precipitationmm":0.0,"temperature":19.2,"feeltemperature":19.2,"cloudcover":48,"iconcode":"j","iconid":4,"sources":1,"winddirection":"W","winddirectiondegrees":265,"windspeedms":5.77,"visibility":12600,"precipitation":1,"beaufort":3,"humidity":72,"sunshine":55,"hour":18,"pollenindex":4,"windspeed":21,"sunshinepower":409,"sunpower":409},{"datetime":"2020-07-26T19:00:00","datetimeutc":"2020-07-26T17:00:00","timetype":"Hour","precipitationmm":0.0,"temperature":18.9,"feeltemperature":18.9,"cloudcover":48,"iconcode":"j","iconid":8,"sources":1,"winddirection":"W","winddirectiondegrees":264,"windspeedms":5.38,"visibility":12600,"precipitation":0,"beaufort":3,"humidity":71,"sunshine":50,"hour":19,"pollenindex":4,"windspeed":19,"sunshinepower":291,"sunpower":291},{"datetime":"2020-07-26T20:00:00","datetimeutc":"2020-07-26T18:00:00","timetype":"Hour","precipitationmm":0.0,"temperature":18.4,"feeltemperature":18.4,"cloudcover":48,"iconcode":"j","iconid":20,"sources":1,"winddirection":"W","winddirectiondegrees":263,"windspeedms":4.92,"visibility":12600,"precipitation":0,"beaufort":3,"humidity":73,"sunshine":50,"hour":20,"pollenindex":4,"windspeed":18,"sunshinepower":166,"sunpower":166},{"datetime":"2020-07-26T21:00:00","datetimeutc":"2020-07-26T19:00:00","timetype":"Hour","precipitationmm":0.0,"temperature":17.8,"feeltemperature":17.8,"cloudcover":43,"iconcode":"j","iconid":20,"sources":1,"winddirection":"W","winddirectiondegrees":256,"windspeedms":4.13,"visibility":12200,"precipitation":0,"beaufort":3,"humidity":76,"sunshine":50,"hour":21,"pollenindex":4,"windspeed":15,"sunshinepower":49,"sunpower":49},{"datetime":"2020-07-26T22:00:00","datetimeutc":"2020-07-26T20:00:00","timetype":"Hour","precipitationmm":0.0,"temperature":17.2,"feeltemperature":17.2,"cloudcover":30,"iconcode":"jj","iconid":19,"sources":1,"winddirection":"ZW","winddirectiondegrees":240,"windspeedms":3.55,"visibility":10810,"precipitation":0,"beaufort":2,"humidity":78,"sunshine":40,"hour":22,"pollenindex":4,"windspeed":13,"sunshinepower":0,"sunpower":0},{"datetime":"2020-07-26T23:00:00","datetimeutc":"2020-07-26T21:00:00","timetype":"Hour","precipitationmm":0.0,"temperature":16.6,"feeltemperature":16.6,"cloudcover":30,"iconcode":"jj","iconid":19,"sources":1,"winddirection":"ZW","winddirectiondegrees":219,"windspeedms":3.32,"visibility":9820,"precipitation":0,"beaufort":2,"humidity":81,"sunshine":0,"hour":23,"pollenindex":4,"windspeed":12,"sunshinepower":0,"sunpower":0}],"datetime":"2020-07-26T00:00:00","datetimeutc":"2020-07-25T22:00:00","timetype":"Day","precipitationmm":8.9,"mintemperature":16.6,"maxtemperature":19.8,"cloudcover":90,"iconcode":"q","iconid":14,"sources":1,"winddirection":"W","winddirectiondegrees":270,"windspeedms":5.45,"precipitation":96,"beaufort":3,"uvindex":5,"bbqindex":8,"mosquitoindex":7,"pollenindex":5,"icescrapeindex":1,"mintemp":16.6,"maxtemp":19.8,"windspeed":5},{"date":"2020-07-27T00:00:00","sunrise":"2020-07-27T05:53:54","sunset":"2020-07-27T21:39:07","hours":[{"datetime":"2020-07-27T00:00:00","datetimeutc":"2020-07-26T22:00:00","timetype":"Hour","precipitationmm":0.0,"temperature":16.3,"feeltemperature":16.3,"cloudcover":30,"iconcode":"jj","iconid":19,"sources":1,"winddirection":"ZW","winddirectiondegrees":208,"windspeedms":3.45,"visibility":9810,"precipitation":0,"beaufort":2,"humidity":84,"sunshine":0,"hour":0,"pollenindex":4,"windspeed":12,"sunshinepower":0,"sunpower":0},{"datetime":"2020-07-27T01:00:00","datetimeutc":"2020-07-26T23:00:00","timetype":"Hour","precipitationmm":0.0,"temperature":15.9,"feeltemperature":15.9,"cloudcover":53,"iconcode":"bb","iconid":19,"sources":1,"winddirection":"ZW","winddirectiondegrees":213,"windspeedms":3.6,"visibility":10030,"precipitation":0,"beaufort":2,"humidity":84,"sunshine":0,"hour":1,"pollenindex":4,"windspeed":13,"sunshinepower":0,"sunpower":0},{"datetime":"2020-07-27T02:00:00","datetimeutc":"2020-07-27T00:00:00","timetype":"Hour","precipitationmm":0.0,"temperature":15.6,"feeltemperature":15.6,"cloudcover":95,"iconcode":"cc","iconid":19,"sources":1,"winddirection":"ZW","winddirectiondegrees":218,"windspeedms":3.76,"visibility":2420,"precipitation":0,"beaufort":2,"humidity":85,"sunshine":0,"hour":2,"pollenindex":4,"windspeed":14,"sunshinepower":0,"sunpower":0},{"datetime":"2020-07-27T03:00:00","datetimeutc":"2020-07-27T01:00:00","timetype":"Hour","precipitationmm":0.0,"temperature":15.3,"feeltemperature":15.3,"cloudcover":30,"iconcode":"nn","iconid":19,"sources":1,"winddirection":"ZW","winddirectiondegrees":224,"windspeedms":3.9,"visibility":210,"precipitation":0,"beaufort":2,"humidity":88,"sunshine":0,"hour":3,"pollenindex":3,"windspeed":14,"sunshinepower":0,"sunpower":0},{"datetime":"2020-07-27T04:00:00","datetimeutc":"2020-07-27T02:00:00","timetype":"Hour","precipitationmm":0.0,"temperature":15.0,"feeltemperature":14.1,"cloudcover":36,"iconcode":"nn","iconid":19,"sources":1,"winddirection":"ZW","winddirectiondegrees":225,"windspeedms":3.94,"visibility":210,"precipitation":0,"beaufort":2,"humidity":90,"sunshine":0,"hour":4,"pollenindex":3,"windspeed":14,"sunshinepower":0,"sunpower":0},{"datetime":"2020-07-27T05:00:00","datetimeutc":"2020-07-27T03:00:00","timetype":"Hour","precipitationmm":0.0,"temperature":14.9,"feeltemperature":14.0,"cloudcover":97,"iconcode":"dd","iconid":19,"sources":1,"winddirection":"ZW","winddirectiondegrees":224,"windspeedms":4.0,"visibility":210,"precipitation":0,"beaufort":3,"humidity":90,"sunshine":0,"hour":5,"pollenindex":3,"windspeed":14,"sunshinepower":0,"sunpower":0},{"datetime":"2020-07-27T06:00:00","datetimeutc":"2020-07-27T04:00:00","timetype":"Hour","precipitationmm":0.0,"temperature":15.4,"feeltemperature":15.4,"cloudcover":99,"iconcode":"d","iconid":19,"sources":1,"winddirection":"ZW","winddirectiondegrees":224,"windspeedms":4.0,"visibility":200,"precipitation":1,"beaufort":3,"humidity":89,"sunshine":0,"hour":6,"pollenindex":3,"windspeed":14,"sunshinepower":0,"sunpower":0},{"datetime":"2020-07-27T07:00:00","datetimeutc":"2020-07-27T05:00:00","timetype":"Hour","precipitationmm":0.0,"temperature":16.4,"feeltemperature":16.4,"cloudcover":100,"iconcode":"c","iconid":19,"sources":1,"winddirection":"ZW","winddirectiondegrees":225,"windspeedms":4.15,"visibility":9400,"precipitation":1,"beaufort":3,"humidity":87,"sunshine":0,"hour":7,"pollenindex":3,"windspeed":15,"sunshinepower":70,"sunpower":70},{"datetime":"2020-07-27T08:00:00","datetimeutc":"2020-07-27T06:00:00","timetype":"Hour","precipitationmm":0.0,"temperature":17.4,"feeltemperature":17.4,"cloudcover":100,"iconcode":"c","iconid":20,"sources":1,"winddirection":"ZW","winddirectiondegrees":233,"windspeedms":4.49,"visibility":9410,"precipitation":1,"beaufort":3,"humidity":84,"sunshine":0,"hour":8,"pollenindex":4,"windspeed":16,"sunshinepower":192,"sunpower":192},{"datetime":"2020-07-27T09:00:00","datetimeutc":"2020-07-27T07:00:00","timetype":"Hour","precipitationmm":0.2,"temperature":18.1,"feeltemperature":18.1,"cloudcover":97,"iconcode":"m","iconid":33,"sources":1,"winddirection":"ZW","winddirectiondegrees":246,"windspeedms":4.9,"visibility":12410,"precipitation":36,"beaufort":3,"humidity":80,"sunshine":0,"hour":9,"pollenindex":4,"windspeed":18,"sunshinepower":296,"sunpower":296},{"datetime":"2020-07-27T10:00:00","datetimeutc":"2020-07-27T08:00:00","timetype":"Hour","precipitationmm":0.0,"temperature":18.7,"feeltemperature":18.7,"cloudcover":78,"iconcode":"r","iconid":7,"sources":1,"winddirection":"ZW","winddirectiondegrees":247,"windspeedms":5.36,"visibility":11810,"precipitation":1,"beaufort":3,"humidity":77,"sunshine":0,"hour":10,"pollenindex":4,"windspeed":19,"sunshinepower":382,"sunpower":382},{"datetime":"2020-07-27T11:00:00","datetimeutc":"2020-07-27T09:00:00","timetype":"Hour","precipitationmm":0.0,"temperature":19.3,"feeltemperature":19.3,"cloudcover":86,"iconcode":"r","iconid":19,"sources":1,"winddirection":"ZW","winddirectiondegrees":243,"windspeedms":5.79,"visibility":11010,"precipitation":2,"beaufort":3,"humidity":74,"sunshine":16,"hour":11,"pollenindex":4,"windspeed":21,"sunshinepower":476,"sunpower":476},{"datetime":"2020-07-27T12:00:00","datetimeutc":"2020-07-27T10:00:00","timetype":"Hour","precipitationmm":0.0,"temperature":19.9,"feeltemperature":19.9,"cloudcover":86,"iconcode":"r","iconid":19,"sources":1,"winddirection":"ZW","winddirectiondegrees":242,"windspeedms":6.18,"visibility":11200,"precipitation":1,"beaufort":4,"humidity":69,"sunshine":8,"hour":12,"pollenindex":4,"windspeed":22,"sunshinepower":560,"sunpower":560},{"datetime":"2020-07-27T13:00:00","datetimeutc":"2020-07-27T11:00:00","timetype":"Hour","precipitationmm":0.0,"temperature":20.3,"feeltemperature":20.3,"cloudcover":82,"iconcode":"r","iconid":19,"sources":1,"winddirection":"ZW","winddirectiondegrees":244,"windspeedms":6.37,"visibility":12200,"precipitation":2,"beaufort":4,"humidity":67,"sunshine":8,"hour":13,"pollenindex":5,"windspeed":23,"sunshinepower":601,"sunpower":601},{"datetime":"2020-07-27T14:00:00","datetimeutc":"2020-07-27T12:00:00","timetype":"Hour","precipitationmm":0.0,"temperature":20.7,"feeltemperature":20.7,"cloudcover":74,"iconcode":"r","iconid":22,"sources":1,"winddirection":"W","winddirectiondegrees":248,"windspeedms":6.39,"visibility":13000,"precipitation":2,"beaufort":4,"humidity":66,"sunshine":13,"hour":14,"pollenindex":5,"windspeed":23,"sunshinepower":597,"sunpower":597},{"datetime":"2020-07-27T15:00:00","datetimeutc":"2020-07-27T13:00:00","timetype":"Hour","precipitationmm":0.0,"temperature":20.8,"feeltemperature":20.8,"cloudcover":62,"iconcode":"b","iconid":19,"sources":1,"winddirection":"ZW","winddirectiondegrees":245,"windspeedms":6.28,"visibility":13400,"precipitation":2,"beaufort":4,"humidity":67,"sunshine":21,"hour":15,"pollenindex":5,"windspeed":23,"sunshinepower":589,"sunpower":589},{"datetime":"2020-07-27T16:00:00","datetimeutc":"2020-07-27T14:00:00","timetype":"Hour","precipitationmm":0.0,"temperature":20.8,"feeltemperature":20.8,"cloudcover":47,"iconcode":"j","iconid":7,"sources":1,"winddirection":"ZW","winddirectiondegrees":247,"windspeedms":6.33,"visibility":14400,"precipitation":2,"beaufort":4,"humidity":67,"sunshine":35,"hour":16,"pollenindex":5,"windspeed":23,"sunshinepower":551,"sunpower":551},{"datetime":"2020-07-27T17:00:00","datetimeutc":"2020-07-27T15:00:00","timetype":"Hour","precipitationmm":0.0,"temperature":20.7,"feeltemperature":20.7,"cloudcover":46,"iconcode":"j","iconid":4,"sources":1,"winddirection":"W","winddirectiondegrees":250,"windspeedms":5.87,"visibility":14200,"precipitation":1,"beaufort":3,"humidity":66,"sunshine":50,"hour":17,"pollenindex":5,"windspeed":21,"sunshinepower":468,"sunpower":468},{"datetime":"2020-07-27T18:00:00","datetimeutc":"2020-07-27T16:00:00","timetype":"Hour","precipitationmm":0.0,"temperature":20.4,"feeltemperature":20.4,"cloudcover":46,"iconcode":"j","iconid":4,"sources":1,"winddirection":"W","winddirectiondegrees":249,"windspeedms":5.37,"visibility":15000,"precipitation":1,"beaufort":3,"humidity":67,"sunshine":51,"hour":18,"pollenindex":5,"windspeed":19,"sunshinepower":371,"sunpower":371},{"datetime":"2020-07-27T19:00:00","datetimeutc":"2020-07-27T17:00:00","timetype":"Hour","precipitationmm":0.0,"temperature":20.1,"feeltemperature":20.1,"cloudcover":46,"iconcode":"j","iconid":4,"sources":1,"winddirection":"ZW","winddirectiondegrees":242,"windspeedms":4.82,"visibility":16400,"precipitation":1,"beaufort":3,"humidity":68,"sunshine":51,"hour":19,"pollenindex":5,"windspeed":17,"sunshinepower":264,"sunpower":264},{"datetime":"2020-07-27T20:00:00","datetimeutc":"2020-07-27T18:00:00","timetype":"Hour","precipitationmm":0.0,"temperature":19.6,"feeltemperature":19.6,"cloudcover":18,"iconcode":"j","iconid":22,"sources":1,"winddirection":"ZW","winddirectiondegrees":236,"windspeedms":4.14,"visibility":17200,"precipitation":1,"beaufort":3,"humidity":71,"sunshine":51,"hour":20,"pollenindex":4,"windspeed":15,"sunshinepower":149,"sunpower":149},{"datetime":"2020-07-27T21:00:00","datetimeutc":"2020-07-27T19:00:00","timetype":"Hour","precipitationmm":0.0,"temperature":18.9,"feeltemperature":18.9,"cloudcover":17,"iconcode":"j","iconid":5,"sources":1,"winddirection":"ZW","winddirectiondegrees":226,"windspeedms":3.07,"visibility":16800,"precipitation":0,"beaufort":2,"humidity":74,"sunshine":81,"hour":21,"pollenindex":4,"windspeed":11,"sunshinepower":45,"sunpower":45},{"datetime":"2020-07-27T22:00:00","datetimeutc":"2020-07-27T20:00:00","timetype":"Hour","precipitationmm":0.0,"temperature":18.3,"feeltemperature":18.3,"cloudcover":21,"iconcode":"jj","iconid":5,"sources":1,"winddirection":"Z","winddirectiondegrees":201,"windspeedms":2.64,"visibility":15610,"precipitation":0,"beaufort":2,"humidity":74,"sunshine":56,"hour":22,"pollenindex":4,"windspeed":10,"sunshinepower":0,"sunpower":0},{"datetime":"2020-07-27T23:00:00","datetimeutc":"2020-07-27T21:00:00","timetype":"Hour","precipitationmm":0.0,"temperature":17.8,"feeltemperature":17.8,"cloudcover":28,"iconcode":"jj","iconid":22,"sources":1,"winddirection":"Z","winddirectiondegrees":186,"windspeedms":2.46,"visibility":15010,"precipitation":0,"beaufort":2,"humidity":76,"sunshine":0,"hour":23,"pollenindex":4,"windspeed":9,"sunshinepower":0,"sunpower":0}],"datetime":"2020-07-27T00:00:00","datetimeutc":"2020-07-26T22:00:00","timetype":"Day","precipitationmm":0.2,"mintemperature":14.9,"maxtemperature":20.8,"cloudcover":25,"iconcode":"f","iconid":16,"sources":1,"winddirection":"ZW","winddirectiondegrees":225,"windspeedms":4.64,"precipitation":40,"beaufort":3,"uvindex":3,"bbqindex":8,"mosquitoindex":7,"pollenindex":5,"icescrapeindex":1,"mintemp":14.9,"maxtemp":20.8,"windspeed":5},{"date":"2020-07-28T00:00:00","sunrise":"2020-07-28T05:55:25","sunset":"2020-07-28T21:37:32","hours":[{"datetime":"2020-07-28T00:00:00","datetimeutc":"2020-07-27T22:00:00","timetype":"Hour","precipitationmm":0.0,"temperature":17.4,"feeltemperature":17.4,"cloudcover":26,"iconcode":"jj","iconid":22,"sources":1,"winddirection":"Z","winddirectiondegrees":197,"windspeedms":2.36,"visibility":14610,"precipitation":0,"beaufort":2,"humidity":79,"sunshine":0,"hour":0,"pollenindex":4,"windspeed":8,"sunshinepower":0,"sunpower":0},{"datetime":"2020-07-28T01:00:00","datetimeutc":"2020-07-27T23:00:00","timetype":"Hour","precipitationmm":0.0,"temperature":17.2,"feeltemperature":17.2,"cloudcover":38,"iconcode":"jj","iconid":22,"sources":1,"winddirection":"Z","winddirectiondegrees":199,"windspeedms":2.25,"visibility":14420,"precipitation":0,"beaufort":2,"humidity":79,"sunshine":0,"hour":1,"pollenindex":4,"windspeed":8,"sunshinepower":0,"sunpower":0},{"datetime":"2020-07-28T02:00:00","datetimeutc":"2020-07-28T00:00:00","timetype":"Hour","precipitationmm":0.0,"temperature":17.0,"feeltemperature":17.0,"cloudcover":16,"iconcode":"jj","iconid":22,"sources":1,"winddirection":"Z","winddirectiondegrees":180,"windspeedms":2.41,"visibility":14430,"precipitation":0,"beaufort":2,"humidity":81,"sunshine":0,"hour":2,"pollenindex":4,"windspeed":9,"sunshinepower":0,"sunpower":0},{"datetime":"2020-07-28T03:00:00","datetimeutc":"2020-07-28T01:00:00","timetype":"Hour","precipitationmm":0.0,"temperature":16.8,"feeltemperature":16.8,"cloudcover":38,"iconcode":"jj","iconid":22,"sources":1,"winddirection":"Z","winddirectiondegrees":180,"windspeedms":2.7,"visibility":14410,"precipitation":0,"beaufort":2,"humidity":84,"sunshine":0,"hour":3,"pollenindex":4,"windspeed":10,"sunshinepower":0,"sunpower":0},{"datetime":"2020-07-28T04:00:00","datetimeutc":"2020-07-28T02:00:00","timetype":"Hour","precipitationmm":0.0,"temperature":16.5,"feeltemperature":16.5,"cloudcover":38,"iconcode":"jj","iconid":22,"sources":1,"winddirection":"Z","winddirectiondegrees":176,"windspeedms":2.86,"visibility":14610,"precipitation":0,"beaufort":2,"humidity":85,"sunshine":0,"hour":4,"pollenindex":4,"windspeed":10,"sunshinepower":0,"sunpower":0},{"datetime":"2020-07-28T05:00:00","datetimeutc":"2020-07-28T03:00:00","timetype":"Hour","precipitationmm":0.0,"temperature":16.2,"feeltemperature":16.2,"cloudcover":44,"iconcode":"jj","iconid":22,"sources":1,"winddirection":"Z","winddirectiondegrees":176,"windspeedms":2.9,"visibility":14410,"precipitation":0,"beaufort":2,"humidity":85,"sunshine":0,"hour":5,"pollenindex":4,"windspeed":10,"sunshinepower":0,"sunpower":0},{"datetime":"2020-07-28T06:00:00","datetimeutc":"2020-07-28T04:00:00","timetype":"Hour","precipitationmm":0.0,"temperature":16.4,"feeltemperature":16.4,"cloudcover":55,"iconcode":"b","iconid":22,"sources":1,"winddirection":"Z","winddirectiondegrees":166,"windspeedms":2.83,"visibility":13800,"precipitation":0,"beaufort":2,"humidity":84,"sunshine":5,"hour":6,"pollenindex":4,"windspeed":10,"sunshinepower":0,"sunpower":0},{"datetime":"2020-07-28T07:00:00","datetimeutc":"2020-07-28T05:00:00","timetype":"Hour","precipitationmm":0.0,"temperature":17.1,"feeltemperature":17.1,"cloudcover":92,"iconcode":"c","iconid":22,"sources":1,"winddirection":"Z","winddirectiondegrees":175,"windspeedms":2.66,"visibility":13010,"precipitation":0,"beaufort":2,"humidity":83,"sunshine":41,"hour":7,"pollenindex":4,"windspeed":10,"sunshinepower":35,"sunpower":35},{"datetime":"2020-07-28T08:00:00","datetimeutc":"2020-07-28T06:00:00","timetype":"Hour","precipitationmm":0.0,"temperature":18.0,"feeltemperature":18.0,"cloudcover":100,"iconcode":"c","iconid":22,"sources":1,"winddirection":"Z","winddirectiondegrees":171,"windspeedms":2.44,"visibility":13200,"precipitation":1,"beaufort":2,"humidity":80,"sunshine":1,"hour":8,"pollenindex":4,"windspeed":9,"sunshinepower":95,"sunpower":95},{"datetime":"2020-07-28T09:00:00","datetimeutc":"2020-07-28T07:00:00","timetype":"Hour","precipitationmm":0.0,"temperature":18.8,"feeltemperature":18.8,"cloudcover":100,"iconcode":"c","iconid":22,"sources":1,"winddirection":"ZO","winddirectiondegrees":135,"windspeedms":2.29,"visibility":12800,"precipitation":1,"beaufort":2,"humidity":78,"sunshine":0,"hour":9,"pollenindex":4,"windspeed":8,"sunshinepower":162,"sunpower":162},{"datetime":"2020-07-28T10:00:00","datetimeutc":"2020-07-28T08:00:00","timetype":"Hour","precipitationmm":0.0,"temperature":19.5,"feeltemperature":19.5,"cloudcover":100,"iconcode":"c","iconid":22,"sources":1,"winddirection":"ZO","winddirectiondegrees":157,"windspeedms":3.06,"visibility":13800,"precipitation":1,"beaufort":2,"humidity":75,"sunshine":0,"hour":10,"pollenindex":4,"windspeed":11,"sunshinepower":234,"sunpower":234},{"datetime":"2020-07-28T11:00:00","datetimeutc":"2020-07-28T09:00:00","timetype":"Hour","precipitationmm":0.0,"temperature":20.3,"feeltemperature":20.3,"cloudcover":100,"iconcode":"c","iconid":22,"sources":1,"winddirection":"Z","winddirectiondegrees":185,"windspeedms":3.53,"visibility":15200,"precipitation":1,"beaufort":2,"humidity":71,"sunshine":0,"hour":11,"pollenindex":4,"windspeed":13,"sunshinepower":300,"sunpower":300},{"datetime":"2020-07-28T12:00:00","datetimeutc":"2020-07-28T10:00:00","timetype":"Hour","precipitationmm":0.0,"temperature":21.1,"feeltemperature":21.1,"cloudcover":100,"iconcode":"c","iconid":22,"sources":1,"winddirection":"ZW","winddirectiondegrees":216,"windspeedms":3.93,"visibility":16600,"precipitation":2,"beaufort":2,"humidity":68,"sunshine":0,"hour":12,"pollenindex":5,"windspeed":14,"sunshinepower":335,"sunpower":335},{"datetime":"2020-07-28T13:00:00","datetimeutc":"2020-07-28T11:00:00","timetype":"Hour","precipitationmm":0.6,"temperature":21.6,"feeltemperature":21.6,"cloudcover":100,"iconcode":"m","iconid":33,"sources":1,"winddirection":"W","winddirectiondegrees":250,"windspeedms":4.07,"visibility":19400,"precipitation":46,"beaufort":3,"humidity":67,"sunshine":0,"hour":13,"pollenindex":5,"windspeed":15,"sunshinepower":347,"sunpower":347},{"datetime":"2020-07-28T14:00:00","datetimeutc":"2020-07-28T12:00:00","timetype":"Hour","precipitationmm":1.1,"temperature":21.9,"feeltemperature":21.9,"cloudcover":100,"iconcode":"m","iconid":33,"sources":1,"winddirection":"W","winddirectiondegrees":264,"windspeedms":3.92,"visibility":20000,"precipitation":47,"beaufort":2,"humidity":67,"sunshine":0,"hour":14,"pollenindex":5,"windspeed":14,"sunshinepower":349,"sunpower":349},{"datetime":"2020-07-28T15:00:00","datetimeutc":"2020-07-28T13:00:00","timetype":"Hour","precipitationmm":0.0,"temperature":21.9,"feeltemperature":21.9,"cloudcover":100,"iconcode":"c","iconid":22,"sources":1,"winddirection":"W","winddirectiondegrees":277,"windspeedms":4.1,"visibility":20400,"precipitation":2,"beaufort":3,"humidity":68,"sunshine":0,"hour":15,"pollenindex":4,"windspeed":15,"sunshinepower":333,"sunpower":333},{"datetime":"2020-07-28T16:00:00","datetimeutc":"2020-07-28T14:00:00","timetype":"Hour","precipitationmm":0.0,"temperature":22.0,"feeltemperature":22.0,"cloudcover":100,"iconcode":"c","iconid":22,"sources":1,"winddirection":"W","winddirectiondegrees":292,"windspeedms":4.16,"visibility":20600,"precipitation":2,"beaufort":3,"humidity":69,"sunshine":0,"hour":16,"pollenindex":4,"windspeed":15,"sunshinepower":294,"sunpower":294},{"datetime":"2020-07-28T17:00:00","datetimeutc":"2020-07-28T15:00:00","timetype":"Hour","precipitationmm":0.0,"temperature":21.5,"feeltemperature":21.5,"cloudcover":100,"iconcode":"c","iconid":22,"sources":1,"winddirection":"W","winddirectiondegrees":292,"windspeedms":4.37,"visibility":20000,"precipitation":2,"beaufort":3,"humidity":69,"sunshine":0,"hour":17,"pollenindex":4,"windspeed":16,"sunshinepower":244,"sunpower":244},{"datetime":"2020-07-28T18:00:00","datetimeutc":"2020-07-28T16:00:00","timetype":"Hour","precipitationmm":0.0,"temperature":21.0,"feeltemperature":21.0,"cloudcover":100,"iconcode":"c","iconid":22,"sources":1,"winddirection":"W","winddirectiondegrees":277,"windspeedms":4.42,"visibility":18400,"precipitation":2,"beaufort":3,"humidity":68,"sunshine":0,"hour":18,"pollenindex":4,"windspeed":16,"sunshinepower":192,"sunpower":192},{"datetime":"2020-07-28T19:00:00","datetimeutc":"2020-07-28T17:00:00","timetype":"Hour","precipitationmm":0.0,"temperature":20.2,"feeltemperature":20.2,"cloudcover":100,"iconcode":"c","iconid":22,"sources":1,"winddirection":"W","winddirectiondegrees":271,"windspeedms":4.42,"visibility":16200,"precipitation":1,"beaufort":3,"humidity":70,"sunshine":0,"hour":19,"pollenindex":4,"windspeed":16,"sunshinepower":138,"sunpower":138},{"datetime":"2020-07-28T20:00:00","datetimeutc":"2020-07-28T18:00:00","timetype":"Hour","precipitationmm":1.5,"temperature":19.4,"feeltemperature":19.4,"cloudcover":100,"iconcode":"m","iconid":33,"sources":1,"winddirection":"W","winddirectiondegrees":284,"windspeedms":4.18,"visibility":13600,"precipitation":36,"beaufort":3,"humidity":74,"sunshine":0,"hour":20,"pollenindex":4,"windspeed":15,"sunshinepower":80,"sunpower":80},{"datetime":"2020-07-28T21:00:00","datetimeutc":"2020-07-28T19:00:00","timetype":"Hour","precipitationmm":0.0,"temperature":18.6,"feeltemperature":18.6,"cloudcover":100,"iconcode":"c","iconid":22,"sources":1,"winddirection":"NW","winddirectiondegrees":297,"windspeedms":3.71,"visibility":11000,"precipitation":1,"beaufort":2,"humidity":78,"sunshine":0,"hour":21,"pollenindex":4,"windspeed":13,"sunshinepower":25,"sunpower":25},{"datetime":"2020-07-28T22:00:00","datetimeutc":"2020-07-28T20:00:00","timetype":"Hour","precipitationmm":0.0,"temperature":17.9,"feeltemperature":17.9,"cloudcover":100,"iconcode":"cc","iconid":21,"sources":1,"winddirection":"NW","winddirectiondegrees":307,"windspeedms":2.94,"visibility":9810,"precipitation":2,"beaufort":2,"humidity":80,"sunshine":0,"hour":22,"pollenindex":4,"windspeed":11,"sunshinepower":0,"sunpower":0},{"datetime":"2020-07-28T23:00:00","datetimeutc":"2020-07-28T21:00:00","timetype":"Hour","precipitationmm":0.0,"temperature":17.1,"feeltemperature":17.1,"cloudcover":100,"iconcode":"cc","iconid":21,"sources":1,"winddirection":"NW","winddirectiondegrees":318,"windspeedms":2.7,"visibility":8810,"precipitation":1,"beaufort":2,"humidity":83,"sunshine":0,"hour":23,"pollenindex":4,"windspeed":10,"sunshinepower":0,"sunpower":0}],"datetime":"2020-07-28T00:00:00","datetimeutc":"2020-07-27T22:00:00","timetype":"Day","precipitationmm":3.1,"mintemperature":16.2,"maxtemperature":22.0,"cloudcover":90,"iconcode":"m","iconid":12,"sources":1,"winddirection":"Z","winddirectiondegrees":180,"windspeedms":3.3,"precipitation":47,"beaufort":2,"uvindex":4,"bbqindex":4,"mosquitoindex":6,"pollenindex":5,"icescrapeindex":1,"mintemp":16.2,"maxtemp":22.0,"windspeed":3},{"date":"2020-07-29T00:00:00","sunrise":"2020-07-29T05:56:57","sunset":"2020-07-29T21:35:56","hours":[{"datetime":"2020-07-29T00:00:00","datetimeutc":"2020-07-28T22:00:00","timetype":"Hour","precipitationmm":0.0,"temperature":16.2,"feeltemperature":16.2,"cloudcover":100,"iconcode":"cc","iconid":20,"sources":1,"winddirection":"NW","winddirectiondegrees":325,"windspeedms":2.67,"visibility":8610,"precipitation":1,"beaufort":2,"humidity":86,"sunshine":0,"hour":0,"pollenindex":3,"windspeed":10,"sunshinepower":0,"sunpower":0},{"datetime":"2020-07-29T01:00:00","datetimeutc":"2020-07-28T23:00:00","timetype":"Hour","precipitationmm":0.0,"temperature":15.5,"feeltemperature":15.5,"cloudcover":98,"iconcode":"cc","iconid":20,"sources":1,"winddirection":"NW","winddirectiondegrees":330,"windspeedms":2.61,"visibility":8620,"precipitation":1,"beaufort":2,"humidity":87,"sunshine":0,"hour":1,"pollenindex":3,"windspeed":9,"sunshinepower":0,"sunpower":0},{"datetime":"2020-07-29T02:00:00","datetimeutc":"2020-07-29T00:00:00","timetype":"Hour","precipitationmm":0.0,"temperature":15.0,"feeltemperature":15.0,"cloudcover":100,"iconcode":"cc","iconid":19,"sources":1,"winddirection":"NW","winddirectiondegrees":331,"windspeedms":2.49,"visibility":8820,"precipitation":1,"beaufort":2,"humidity":89,"sunshine":0,"hour":2,"pollenindex":3,"windspeed":9,"sunshinepower":0,"sunpower":0},{"datetime":"2020-07-29T03:00:00","datetimeutc":"2020-07-29T01:00:00","timetype":"Hour","precipitationmm":0.0,"temperature":14.7,"feeltemperature":14.7,"cloudcover":100,"iconcode":"cc","iconid":19,"sources":1,"winddirection":"NW","winddirectiondegrees":333,"windspeedms":2.43,"visibility":8610,"precipitation":1,"beaufort":2,"humidity":93,"sunshine":0,"hour":3,"pollenindex":3,"windspeed":9,"sunshinepower":0,"sunpower":0},{"datetime":"2020-07-29T04:00:00","datetimeutc":"2020-07-29T02:00:00","timetype":"Hour","precipitationmm":0.0,"temperature":14.6,"feeltemperature":14.6,"cloudcover":100,"iconcode":"cc","iconid":19,"sources":1,"winddirection":"NW","winddirectiondegrees":326,"windspeedms":2.28,"visibility":8610,"precipitation":1,"beaufort":2,"humidity":94,"sunshine":0,"hour":4,"pollenindex":3,"windspeed":8,"sunshinepower":0,"sunpower":0},{"datetime":"2020-07-29T05:00:00","datetimeutc":"2020-07-29T03:00:00","timetype":"Hour","precipitationmm":0.0,"temperature":14.7,"feeltemperature":14.7,"cloudcover":100,"iconcode":"cc","iconid":20,"sources":1,"winddirection":"NW","winddirectiondegrees":299,"windspeedms":2.04,"visibility":8600,"precipitation":1,"beaufort":2,"humidity":93,"sunshine":0,"hour":5,"pollenindex":3,"windspeed":7,"sunshinepower":0,"sunpower":0},{"datetime":"2020-07-29T06:00:00","datetimeutc":"2020-07-29T04:00:00","timetype":"Hour","precipitationmm":0.0,"temperature":15.2,"feeltemperature":15.2,"cloudcover":99,"iconcode":"c","iconid":20,"sources":1,"winddirection":"W","winddirectiondegrees":257,"windspeedms":2.38,"visibility":8200,"precipitation":0,"beaufort":2,"humidity":91,"sunshine":0,"hour":6,"pollenindex":3,"windspeed":9,"sunshinepower":0,"sunpower":0},{"datetime":"2020-07-29T07:00:00","datetimeutc":"2020-07-29T05:00:00","timetype":"Hour","precipitationmm":0.0,"temperature":16.0,"feeltemperature":16.0,"cloudcover":91,"iconcode":"c","iconid":20,"sources":1,"winddirection":"ZW","winddirectiondegrees":243,"windspeedms":2.86,"visibility":5200,"precipitation":0,"beaufort":2,"humidity":88,"sunshine":0,"hour":7,"pollenindex":3,"windspeed":10,"sunshinepower":62,"sunpower":62},{"datetime":"2020-07-29T08:00:00","datetimeutc":"2020-07-29T06:00:00","timetype":"Hour","precipitationmm":0.0,"temperature":16.9,"feeltemperature":16.9,"cloudcover":56,"iconcode":"b","iconid":9,"sources":1,"winddirection":"ZW","winddirectiondegrees":244,"windspeedms":3.19,"visibility":10400,"precipitation":0,"beaufort":2,"humidity":82,"sunshine":3,"hour":8,"pollenindex":4,"windspeed":11,"sunshinepower":176,"sunpower":176},{"datetime":"2020-07-29T09:00:00","datetimeutc":"2020-07-29T07:00:00","timetype":"Hour","precipitationmm":0.0,"temperature":17.6,"feeltemperature":17.6,"cloudcover":54,"iconcode":"b","iconid":9,"sources":1,"winddirection":"W","winddirectiondegrees":270,"windspeedms":4.17,"visibility":16000,"precipitation":0,"beaufort":3,"humidity":77,"sunshine":40,"hour":9,"pollenindex":4,"windspeed":15,"sunshinepower":314,"sunpower":314},{"datetime":"2020-07-29T10:00:00","datetimeutc":"2020-07-29T08:00:00","timetype":"Hour","precipitationmm":0.0,"temperature":18.2,"feeltemperature":18.2,"cloudcover":57,"iconcode":"b","iconid":9,"sources":1,"winddirection":"W","winddirectiondegrees":274,"windspeedms":4.76,"visibility":16800,"precipitation":0,"beaufort":3,"humidity":73,"sunshine":43,"hour":10,"pollenindex":4,"windspeed":17,"sunshinepower":467,"sunpower":467},{"datetime":"2020-07-29T11:00:00","datetimeutc":"2020-07-29T09:00:00","timetype":"Hour","precipitationmm":0.0,"temperature":18.5,"feeltemperature":18.5,"cloudcover":60,"iconcode":"b","iconid":8,"sources":1,"winddirection":"W","winddirectiondegrees":277,"windspeedms":5.25,"visibility":17600,"precipitation":0,"beaufort":3,"humidity":71,"sunshine":40,"hour":11,"pollenindex":4,"windspeed":19,"sunshinepower":590,"sunpower":590},{"datetime":"2020-07-29T12:00:00","datetimeutc":"2020-07-29T10:00:00","timetype":"Hour","precipitationmm":0.0,"temperature":18.6,"feeltemperature":18.6,"cloudcover":61,"iconcode":"b","iconid":8,"sources":1,"winddirection":"W","winddirectiondegrees":280,"windspeedms":5.66,"visibility":18600,"precipitation":1,"beaufort":3,"humidity":68,"sunshine":36,"hour":12,"pollenindex":5,"windspeed":20,"sunshinepower":674,"sunpower":674},{"datetime":"2020-07-29T13:00:00","datetimeutc":"2020-07-29T11:00:00","timetype":"Hour","precipitationmm":0.0,"temperature":18.8,"feeltemperature":18.8,"cloudcover":61,"iconcode":"b","iconid":8,"sources":1,"winddirection":"W","winddirectiondegrees":284,"windspeedms":6.09,"visibility":19000,"precipitation":1,"beaufort":4,"humidity":66,"sunshine":35,"hour":13,"pollenindex":5,"windspeed":22,"sunshinepower":731,"sunpower":731},{"datetime":"2020-07-29T14:00:00","datetimeutc":"2020-07-29T12:00:00","timetype":"Hour","precipitationmm":0.0,"temperature":18.8,"feeltemperature":18.8,"cloudcover":59,"iconcode":"b","iconid":8,"sources":1,"winddirection":"W","winddirectiondegrees":287,"windspeedms":6.22,"visibility":18600,"precipitation":1,"beaufort":4,"humidity":65,"sunshine":35,"hour":14,"pollenindex":5,"windspeed":22,"sunshinepower":746,"sunpower":746},{"datetime":"2020-07-29T15:00:00","datetimeutc":"2020-07-29T13:00:00","timetype":"Hour","precipitationmm":0.0,"temperature":18.9,"feeltemperature":18.9,"cloudcover":51,"iconcode":"b","iconid":8,"sources":1,"winddirection":"W","winddirectiondegrees":289,"windspeedms":6.34,"visibility":18200,"precipitation":1,"beaufort":4,"humidity":65,"sunshine":36,"hour":15,"pollenindex":5,"windspeed":23,"sunshinepower":727,"sunpower":727},{"datetime":"2020-07-29T16:00:00","datetimeutc":"2020-07-29T14:00:00","timetype":"Hour","precipitationmm":0.0,"temperature":18.6,"feeltemperature":18.6,"cloudcover":41,"iconcode":"j","iconid":9,"sources":1,"winddirection":"NW","winddirectiondegrees":294,"windspeedms":6.24,"visibility":17800,"precipitation":1,"beaufort":4,"humidity":68,"sunshine":45,"hour":16,"pollenindex":5,"windspeed":22,"sunshinepower":669,"sunpower":669},{"datetime":"2020-07-29T17:00:00","datetimeutc":"2020-07-29T15:00:00","timetype":"Hour","precipitationmm":0.0,"temperature":18.3,"feeltemperature":18.3,"cloudcover":39,"iconcode":"j","iconid":6,"sources":1,"winddirection":"NW","winddirectiondegrees":300,"windspeedms":6.0,"visibility":16600,"precipitation":1,"beaufort":4,"humidity":67,"sunshine":56,"hour":17,"pollenindex":5,"windspeed":22,"sunshinepower":566,"sunpower":566},{"datetime":"2020-07-29T18:00:00","datetimeutc":"2020-07-29T16:00:00","timetype":"Hour","precipitationmm":0.0,"temperature":17.7,"feeltemperature":17.7,"cloudcover":41,"iconcode":"j","iconid":6,"sources":1,"winddirection":"NW","winddirectiondegrees":306,"windspeedms":5.56,"visibility":16000,"precipitation":1,"beaufort":3,"humidity":68,"sunshine":58,"hour":18,"pollenindex":5,"windspeed":20,"sunshinepower":436,"sunpower":436},{"datetime":"2020-07-29T19:00:00","datetimeutc":"2020-07-29T17:00:00","timetype":"Hour","precipitationmm":0.0,"temperature":17.1,"feeltemperature":17.1,"cloudcover":41,"iconcode":"j","iconid":6,"sources":1,"winddirection":"NW","winddirectiondegrees":309,"windspeedms":5.0,"visibility":15400,"precipitation":0,"beaufort":3,"humidity":69,"sunshine":56,"hour":19,"pollenindex":5,"windspeed":18,"sunshinepower":295,"sunpower":295},{"datetime":"2020-07-29T20:00:00","datetimeutc":"2020-07-29T18:00:00","timetype":"Hour","precipitationmm":0.0,"temperature":16.3,"feeltemperature":16.3,"cloudcover":43,"iconcode":"j","iconid":6,"sources":1,"winddirection":"NW","winddirectiondegrees":311,"windspeedms":4.44,"visibility":13800,"precipitation":0,"beaufort":3,"humidity":72,"sunshine":56,"hour":20,"pollenindex":4,"windspeed":16,"sunshinepower":154,"sunpower":154},{"datetime":"2020-07-29T21:00:00","datetimeutc":"2020-07-29T19:00:00","timetype":"Hour","precipitationmm":0.0,"temperature":15.2,"feeltemperature":15.2,"cloudcover":43,"iconcode":"j","iconid":5,"sources":1,"winddirection":"NW","winddirectiondegrees":313,"windspeedms":3.67,"visibility":12810,"precipitation":0,"beaufort":2,"humidity":76,"sunshine":55,"hour":21,"pollenindex":4,"windspeed":13,"sunshinepower":42,"sunpower":42},{"datetime":"2020-07-29T22:00:00","datetimeutc":"2020-07-29T20:00:00","timetype":"Hour","precipitationmm":0.0,"temperature":14.3,"feeltemperature":14.3,"cloudcover":9,"iconcode":"aa","iconid":13,"sources":1,"winddirection":"NW","winddirectiondegrees":313,"windspeedms":2.77,"visibility":11210,"precipitation":0,"beaufort":2,"humidity":78,"sunshine":35,"hour":22,"pollenindex":4,"windspeed":10,"sunshinepower":0,"sunpower":0},{"datetime":"2020-07-29T23:00:00","datetimeutc":"2020-07-29T21:00:00","timetype":"Hour","precipitationmm":0.0,"temperature":13.5,"feeltemperature":13.5,"cloudcover":2,"iconcode":"aa","iconid":13,"sources":1,"winddirection":"NW","winddirectiondegrees":312,"windspeedms":2.5,"visibility":10210,"precipitation":0,"beaufort":2,"humidity":82,"sunshine":0,"hour":23,"pollenindex":4,"windspeed":9,"sunshinepower":0,"sunpower":0}],"datetime":"2020-07-29T00:00:00","datetimeutc":"2020-07-28T22:00:00","timetype":"Day","precipitationmm":0.0,"mintemperature":13.5,"maxtemperature":18.9,"cloudcover":25,"iconcode":"j","iconid":2,"sources":1,"winddirection":"NW","winddirectiondegrees":315,"windspeedms":4.07,"precipitation":1,"beaufort":3,"uvindex":6,"bbqindex":6,"mosquitoindex":7,"pollenindex":5,"icescrapeindex":1,"mintemp":13.5,"maxtemp":18.9,"windspeed":4},{"date":"2020-07-30T00:00:00","sunrise":"2020-07-30T05:58:29","sunset":"2020-07-30T21:34:17","hours":[{"datetime":"2020-07-30T00:00:00","datetimeutc":"2020-07-29T22:00:00","timetype":"Hour","precipitationmm":0.0,"temperature":12.9,"feeltemperature":12.9,"cloudcover":1,"iconcode":"aa","iconid":4,"sources":1,"winddirection":"NW","winddirectiondegrees":308,"windspeedms":2.47,"visibility":9810,"precipitation":0,"beaufort":2,"humidity":83,"sunshine":0,"hour":0,"pollenindex":4,"windspeed":9,"sunshinepower":0,"sunpower":0},{"datetime":"2020-07-30T01:00:00","datetimeutc":"2020-07-29T23:00:00","timetype":"Hour","precipitationmm":0.0,"temperature":12.3,"feeltemperature":12.3,"cloudcover":0,"iconcode":"aa","iconid":13,"sources":1,"winddirection":"NW","winddirectiondegrees":308,"windspeedms":2.48,"visibility":9620,"precipitation":0,"beaufort":2,"humidity":85,"sunshine":0,"hour":1,"pollenindex":4,"windspeed":9,"sunshinepower":0,"sunpower":0},{"datetime":"2020-07-30T02:00:00","datetimeutc":"2020-07-30T00:00:00","timetype":"Hour","precipitationmm":0.0,"temperature":11.8,"feeltemperature":11.8,"cloudcover":0,"iconcode":"aa","iconid":1,"sources":1,"winddirection":"NW","winddirectiondegrees":309,"windspeedms":2.41,"visibility":9420,"precipitation":0,"beaufort":2,"humidity":86,"sunshine":0,"hour":2,"pollenindex":4,"windspeed":9,"sunshinepower":0,"sunpower":0},{"datetime":"2020-07-30T03:00:00","datetimeutc":"2020-07-30T01:00:00","timetype":"Hour","precipitationmm":0.0,"temperature":11.6,"feeltemperature":11.6,"cloudcover":1,"iconcode":"aa","iconid":1,"sources":1,"winddirection":"NW","winddirectiondegrees":308,"windspeedms":2.42,"visibility":9420,"precipitation":0,"beaufort":2,"humidity":89,"sunshine":0,"hour":3,"pollenindex":3,"windspeed":9,"sunshinepower":0,"sunpower":0},{"datetime":"2020-07-30T04:00:00","datetimeutc":"2020-07-30T02:00:00","timetype":"Hour","precipitationmm":0.0,"temperature":11.5,"feeltemperature":11.5,"cloudcover":3,"iconcode":"aa","iconid":1,"sources":1,"winddirection":"NW","winddirectiondegrees":306,"windspeedms":2.35,"visibility":9410,"precipitation":0,"beaufort":2,"humidity":90,"sunshine":0,"hour":4,"pollenindex":3,"windspeed":8,"sunshinepower":0,"sunpower":0},{"datetime":"2020-07-30T05:00:00","datetimeutc":"2020-07-30T03:00:00","timetype":"Hour","precipitationmm":0.0,"temperature":11.7,"feeltemperature":11.7,"cloudcover":4,"iconcode":"aa","iconid":1,"sources":1,"winddirection":"NW","winddirectiondegrees":297,"windspeedms":2.36,"visibility":9600,"precipitation":0,"beaufort":2,"humidity":89,"sunshine":0,"hour":5,"pollenindex":3,"windspeed":8,"sunshinepower":0,"sunpower":0},{"datetime":"2020-07-30T06:00:00","datetimeutc":"2020-07-30T04:00:00","timetype":"Hour","precipitationmm":0.0,"temperature":12.4,"feeltemperature":12.4,"cloudcover":3,"iconcode":"a","iconid":1,"sources":1,"winddirection":"NW","winddirectiondegrees":293,"windspeedms":2.33,"visibility":9600,"precipitation":0,"beaufort":2,"humidity":87,"sunshine":5,"hour":6,"pollenindex":3,"windspeed":8,"sunshinepower":0,"sunpower":0},{"datetime":"2020-07-30T07:00:00","datetimeutc":"2020-07-30T05:00:00","timetype":"Hour","precipitationmm":0.0,"temperature":13.4,"feeltemperature":13.4,"cloudcover":2,"iconcode":"a","iconid":13,"sources":1,"winddirection":"W","winddirectiondegrees":288,"windspeedms":2.27,"visibility":9800,"precipitation":0,"beaufort":2,"humidity":85,"sunshine":96,"hour":7,"pollenindex":4,"windspeed":8,"sunshinepower":68,"sunpower":68},{"datetime":"2020-07-30T08:00:00","datetimeutc":"2020-07-30T06:00:00","timetype":"Hour","precipitationmm":0.0,"temperature":14.6,"feeltemperature":14.6,"cloudcover":37,"iconcode":"j","iconid":13,"sources":1,"winddirection":"W","winddirectiondegrees":292,"windspeedms":2.35,"visibility":11000,"precipitation":0,"beaufort":2,"humidity":83,"sunshine":98,"hour":8,"pollenindex":4,"windspeed":8,"sunshinepower":187,"sunpower":187},{"datetime":"2020-07-30T09:00:00","datetimeutc":"2020-07-30T07:00:00","timetype":"Hour","precipitationmm":0.0,"temperature":15.5,"feeltemperature":15.5,"cloudcover":43,"iconcode":"j","iconid":4,"sources":1,"winddirection":"NW","winddirectiondegrees":311,"windspeedms":3.28,"visibility":14200,"precipitation":0,"beaufort":2,"humidity":76,"sunshine":61,"hour":9,"pollenindex":4,"windspeed":12,"sunshinepower":317,"sunpower":317},{"datetime":"2020-07-30T10:00:00","datetimeutc":"2020-07-30T08:00:00","timetype":"Hour","precipitationmm":0.0,"temperature":16.2,"feeltemperature":16.2,"cloudcover":46,"iconcode":"j","iconid":19,"sources":1,"winddirection":"NW","winddirectiondegrees":310,"windspeedms":3.57,"visibility":15000,"precipitation":0,"beaufort":2,"humidity":72,"sunshine":53,"hour":10,"pollenindex":4,"windspeed":13,"sunshinepower":438,"sunpower":438},{"datetime":"2020-07-30T11:00:00","datetimeutc":"2020-07-30T09:00:00","timetype":"Hour","precipitationmm":0.0,"temperature":16.7,"feeltemperature":16.7,"cloudcover":46,"iconcode":"j","iconid":19,"sources":1,"winddirection":"NW","winddirectiondegrees":307,"windspeedms":3.73,"visibility":15400,"precipitation":1,"beaufort":2,"humidity":68,"sunshine":51,"hour":11,"pollenindex":5,"windspeed":13,"sunshinepower":530,"sunpower":530},{"datetime":"2020-07-30T12:00:00","datetimeutc":"2020-07-30T10:00:00","timetype":"Hour","precipitationmm":0.0,"temperature":17.3,"feeltemperature":17.3,"cloudcover":46,"iconcode":"j","iconid":19,"sources":1,"winddirection":"NW","winddirectiondegrees":307,"windspeedms":4.01,"visibility":16000,"precipitation":0,"beaufort":3,"humidity":63,"sunshine":51,"hour":12,"pollenindex":5,"windspeed":14,"sunshinepower":602,"sunpower":602},{"datetime":"2020-07-30T13:00:00","datetimeutc":"2020-07-30T11:00:00","timetype":"Hour","precipitationmm":0.0,"temperature":17.8,"feeltemperature":17.8,"cloudcover":44,"iconcode":"j","iconid":4,"sources":1,"winddirection":"NW","winddirectiondegrees":311,"windspeedms":4.27,"visibility":17000,"precipitation":1,"beaufort":3,"humidity":61,"sunshine":51,"hour":13,"pollenindex":5,"windspeed":15,"sunshinepower":659,"sunpower":659},{"datetime":"2020-07-30T14:00:00","datetimeutc":"2020-07-30T12:00:00","timetype":"Hour","precipitationmm":0.0,"temperature":18.4,"feeltemperature":18.4,"cloudcover":44,"iconcode":"j","iconid":4,"sources":1,"winddirection":"NW","winddirectiondegrees":316,"windspeedms":4.28,"visibility":18000,"precipitation":1,"beaufort":3,"humidity":58,"sunshine":53,"hour":14,"pollenindex":5,"windspeed":15,"sunshinepower":694,"sunpower":694},{"datetime":"2020-07-30T15:00:00","datetimeutc":"2020-07-30T13:00:00","timetype":"Hour","precipitationmm":0.0,"temperature":18.6,"feeltemperature":18.6,"cloudcover":44,"iconcode":"j","iconid":4,"sources":1,"winddirection":"NW","winddirectiondegrees":320,"windspeedms":4.19,"visibility":18600,"precipitation":1,"beaufort":3,"humidity":61,"sunshine":53,"hour":15,"pollenindex":5,"windspeed":15,"sunshinepower":700,"sunpower":700},{"datetime":"2020-07-30T16:00:00","datetimeutc":"2020-07-30T14:00:00","timetype":"Hour","precipitationmm":0.0,"temperature":18.6,"feeltemperature":18.6,"cloudcover":44,"iconcode":"j","iconid":4,"sources":1,"winddirection":"NW","winddirectiondegrees":324,"windspeedms":4.24,"visibility":19000,"precipitation":0,"beaufort":3,"humidity":61,"sunshine":53,"hour":16,"pollenindex":5,"windspeed":15,"sunshinepower":658,"sunpower":658},{"datetime":"2020-07-30T17:00:00","datetimeutc":"2020-07-30T15:00:00","timetype":"Hour","precipitationmm":0.0,"temperature":18.3,"feeltemperature":18.3,"cloudcover":36,"iconcode":"j","iconid":4,"sources":1,"winddirection":"NW","winddirectiondegrees":330,"windspeedms":4.22,"visibility":19400,"precipitation":0,"beaufort":3,"humidity":61,"sunshine":53,"hour":17,"pollenindex":5,"windspeed":15,"sunshinepower":570,"sunpower":570},{"datetime":"2020-07-30T18:00:00","datetimeutc":"2020-07-30T16:00:00","timetype":"Hour","precipitationmm":0.0,"temperature":18.0,"feeltemperature":18.0,"cloudcover":36,"iconcode":"j","iconid":5,"sources":1,"winddirection":"N","winddirectiondegrees":342,"windspeedms":3.94,"visibility":19200,"precipitation":0,"beaufort":2,"humidity":60,"sunshine":61,"hour":18,"pollenindex":5,"windspeed":14,"sunshinepower":451,"sunpower":451},{"datetime":"2020-07-30T19:00:00","datetimeutc":"2020-07-30T17:00:00","timetype":"Hour","precipitationmm":0.0,"temperature":17.6,"feeltemperature":17.6,"cloudcover":36,"iconcode":"j","iconid":5,"sources":1,"winddirection":"N","winddirectiondegrees":354,"windspeedms":3.54,"visibility":19200,"precipitation":0,"beaufort":2,"humidity":62,"sunshine":61,"hour":19,"pollenindex":5,"windspeed":13,"sunshinepower":312,"sunpower":312},{"datetime":"2020-07-30T20:00:00","datetimeutc":"2020-07-30T18:00:00","timetype":"Hour","precipitationmm":0.0,"temperature":16.8,"feeltemperature":16.8,"cloudcover":39,"iconcode":"j","iconid":5,"sources":1,"winddirection":"N","winddirectiondegrees":2,"windspeedms":3.16,"visibility":18800,"precipitation":0,"beaufort":2,"humidity":64,"sunshine":61,"hour":20,"pollenindex":5,"windspeed":11,"sunshinepower":165,"sunpower":165},{"datetime":"2020-07-30T21:00:00","datetimeutc":"2020-07-30T19:00:00","timetype":"Hour","precipitationmm":0.0,"temperature":15.8,"feeltemperature":15.8,"cloudcover":39,"iconcode":"j","iconid":5,"sources":1,"winddirection":"N","winddirectiondegrees":8,"windspeedms":2.49,"visibility":17810,"precipitation":0,"beaufort":2,"humidity":68,"sunshine":58,"hour":21,"pollenindex":5,"windspeed":9,"sunshinepower":44,"sunpower":44},{"datetime":"2020-07-30T22:00:00","datetimeutc":"2020-07-30T20:00:00","timetype":"Hour","precipitationmm":0.0,"temperature":14.9,"feeltemperature":14.9,"cloudcover":6,"iconcode":"aa","iconid":1,"sources":1,"winddirection":"N","winddirectiondegrees":22,"windspeedms":2.23,"visibility":15810,"precipitation":0,"beaufort":2,"humidity":71,"sunshine":36,"hour":22,"pollenindex":5,"windspeed":8,"sunshinepower":0,"sunpower":0},{"datetime":"2020-07-30T23:00:00","datetimeutc":"2020-07-30T21:00:00","timetype":"Hour","precipitationmm":0.0,"temperature":14.3,"feeltemperature":14.3,"cloudcover":0,"iconcode":"aa","iconid":1,"sources":1,"winddirection":"NO","winddirectiondegrees":43,"windspeedms":1.9,"visibility":14210,"precipitation":0,"beaufort":1,"humidity":75,"sunshine":0,"hour":23,"pollenindex":4,"windspeed":7,"sunshinepower":0,"sunpower":0}],"datetime":"2020-07-30T00:00:00","datetimeutc":"2020-07-29T22:00:00","timetype":"Day","precipitationmm":0.0,"mintemperature":11.5,"maxtemperature":18.6,"cloudcover":25,"iconcode":"j","iconid":2,"sources":1,"winddirection":"NW","winddirectiondegrees":315,"windspeedms":3.1,"precipitation":1,"beaufort":2,"uvindex":6,"bbqindex":6,"mosquitoindex":6,"pollenindex":5,"icescrapeindex":1,"mintemp":11.5,"maxtemp":18.6,"windspeed":3},{"date":"2020-07-31T00:00:00","sunrise":"2020-07-31T06:00:02","sunset":"2020-07-31T21:32:37","hours":[{"datetime":"2020-07-31T00:00:00","datetimeutc":"2020-07-30T22:00:00","timetype":"Hour","precipitationmm":0.0,"temperature":13.9,"feeltemperature":13.9,"cloudcover":27,"iconcode":"jj","iconid":4,"sources":1,"winddirection":"NO","winddirectiondegrees":57,"windspeedms":1.81,"visibility":13020,"precipitation":0,"beaufort":1,"humidity":77,"sunshine":0,"hour":0,"pollenindex":4,"windspeed":7,"sunshinepower":0,"sunpower":0},{"datetime":"2020-07-31T01:00:00","datetimeutc":"2020-07-30T23:00:00","timetype":"Hour","precipitationmm":0.0,"temperature":13.6,"feeltemperature":13.6,"cloudcover":30,"iconcode":"jj","iconid":7,"sources":1,"winddirection":"O","winddirectiondegrees":69,"windspeedms":1.77,"visibility":12020,"precipitation":0,"beaufort":1,"humidity":80,"sunshine":0,"hour":1,"pollenindex":4,"windspeed":6,"sunshinepower":0,"sunpower":0},{"datetime":"2020-07-31T02:00:00","datetimeutc":"2020-07-31T00:00:00","timetype":"Hour","precipitationmm":0.0,"temperature":13.3,"feeltemperature":13.3,"cloudcover":30,"iconcode":"jj","iconid":19,"sources":1,"winddirection":"O","winddirectiondegrees":82,"windspeedms":1.81,"visibility":11020,"precipitation":0,"beaufort":1,"humidity":82,"sunshine":0,"hour":2,"pollenindex":4,"windspeed":7,"sunshinepower":0,"sunpower":0}],"datetime":"2020-07-31T00:00:00","datetimeutc":"2020-07-30T22:00:00","timetype":"Day","precipitationmm":0.0,"mintemperature":13.3,"maxtemperature":19.9,"cloudcover":75,"iconcode":"r","iconid":3,"sources":1,"winddirection":"N","winddirectiondegrees":0,"windspeedms":2.76,"precipitation":1,"beaufort":2,"pollenindex":5,"icescrapeindex":1,"mintemp":13.3,"maxtemp":19.9,"windspeed":3},{"date":"2020-08-01T00:00:00","sunrise":"2020-08-01T06:01:36","sunset":"2020-08-01T21:30:55","datetime":"2020-08-01T00:00:00","datetimeutc":"2020-07-31T22:00:00","timetype":"Day","precipitationmm":0.0,"mintemperature":14.7,"maxtemperature":21.7,"cloudcover":0,"iconcode":"a","iconid":1,"sources":1,"winddirection":"NO","winddirectiondegrees":45,"windspeedms":2.31,"precipitation":1,"beaufort":2,"pollenindex":6,"mintemp":14.7,"maxtemp":21.7,"windspeed":2},{"date":"2020-08-02T00:00:00","sunrise":"2020-08-02T06:03:11","sunset":"2020-08-02T21:29:10","datetime":"2020-08-02T00:00:00","datetimeutc":"2020-08-01T22:00:00","timetype":"Day","precipitationmm":0.0,"mintemperature":15.8,"maxtemperature":21.2,"cloudcover":75,"iconcode":"r","iconid":3,"sources":1,"winddirection":"O","winddirectiondegrees":90,"windspeedms":1.53,"precipitation":2,"beaufort":1,"pollenindex":6,"mintemp":15.8,"maxtemp":21.2,"windspeed":2},{"date":"2020-08-03T00:00:00","sunrise":"2020-08-03T06:04:46","sunset":"2020-08-03T21:27:25","datetime":"2020-08-03T00:00:00","datetimeutc":"2020-08-02T22:00:00","timetype":"Day","precipitationmm":4.0,"mintemperature":16.1,"maxtemperature":20.9,"cloudcover":25,"iconcode":"f","iconid":16,"sources":1,"winddirection":"W","winddirectiondegrees":270,"windspeedms":1.43,"precipitation":57,"beaufort":1,"pollenindex":5,"mintemp":16.1,"maxtemp":20.9,"windspeed":1},{"date":"2020-08-04T00:00:00","sunrise":"2020-08-04T06:06:21","sunset":"2020-08-04T21:25:37","datetime":"2020-08-04T00:00:00","datetimeutc":"2020-08-03T22:00:00","timetype":"Day","precipitationmm":2.4,"mintemperature":15.7,"maxtemperature":20.7,"cloudcover":25,"iconcode":"f","iconid":16,"sources":1,"winddirection":"NW","winddirectiondegrees":315,"windspeedms":1.34,"precipitation":57,"beaufort":1,"pollenindex":5,"mintemp":15.7,"maxtemp":20.7,"windspeed":1},{"date":"2020-08-05T00:00:00","sunrise":"2020-08-05T06:07:58","sunset":"2020-08-05T21:23:48","datetime":"2020-08-05T00:00:00","datetimeutc":"2020-08-04T22:00:00","timetype":"Day","precipitationmm":0.0,"mintemperature":15.8,"maxtemperature":22.0,"cloudcover":25,"iconcode":"j","iconid":2,"sources":1,"winddirection":"O","winddirectiondegrees":90,"windspeedms":1.02,"precipitation":2,"beaufort":1,"pollenindex":5,"mintemp":15.8,"maxtemp":22.0,"windspeed":1},{"date":"2020-08-06T00:00:00","sunrise":"2020-08-06T06:09:34","sunset":"2020-08-06T21:21:57","datetime":"2020-08-06T00:00:00","datetimeutc":"2020-08-05T22:00:00","timetype":"Day","precipitationmm":0.0,"mintemperature":16.5,"maxtemperature":22.9,"cloudcover":25,"iconcode":"j","iconid":2,"sources":1,"winddirection":"O","winddirectiondegrees":90,"windspeedms":1.69,"precipitation":2,"beaufort":1,"pollenindex":5,"mintemp":16.5,"maxtemp":22.9,"windspeed":2},{"date":"2020-08-07T00:00:00","sunrise":"2020-08-07T06:11:11","sunset":"2020-08-07T21:20:05","datetime":"2020-08-07T00:00:00","datetimeutc":"2020-08-06T22:00:00","timetype":"Day","precipitationmm":2.2,"mintemperature":16.9,"maxtemperature":21.7,"cloudcover":25,"iconcode":"f","iconid":16,"sources":1,"winddirection":"NW","winddirectiondegrees":315,"windspeedms":1.52,"precipitation":57,"beaufort":1,"pollenindex":5,"mintemp":16.9,"maxtemp":21.7,"windspeed":2}]}