{"location":{"lat":52.37,"lon":4.89},"timeOffset":2.0,"timestamp":"2020-07-17T17:52:59","altitude":0,"elevation":0,"machinename":"None","elapsedms":0,"pollenindexNowDay":5,"pollenindexNowHour":4,"nowrelevant":{"values":[{"type":"pollenindex","value":5},{"type":"maxtemperature","value":21.5}]},"days":[{"date":"2020-07-17T00:00:00","sunrise":"2020-07-17T05:39:45","sunset":"2020-07-17T21:52:49","evening":{"datetime":"2020-07-17T20:00:00","datetimeutc":"2020-07-17T18:00:00","timetype":"Evening","precipitationmm":0.0,"mintemperature":19.4,"maxtemperature":21.5,"cloudcover":78,"iconcode":"r","iconid":7,"sources":1,"winddirection":"NW","winddirectiondegrees":314,"windspeedms":1.5,"visibility":17275,"precipitation":0,"beaufort":1,"humidity":67,"sunshine":17,"hour":20,"mintemp":19.4,"maxtemp":21.5,"windspeed":5,"sunshinepower":62,"sunpower":62},"hours":[{"datetime":"2020-07-17T20:00:00","datetimeutc":"2020-07-17T18:00:00","timetype":"Hour","precipitationmm":0.0,"temperature":21.5,"feeltemperature":21.5,"cloudcover":70,"iconcode":"r","iconid":7,"sources":3,"winddirection":"W","winddirectiondegrees":292,"windspeedms":2.5,"visibility":18810,"precipitation":0,"beaufort":2,"humidity":62,"sunshine":28,"hour":20,"pollenindex":5,"windspeed":9,"sunshinepower":188,"sunpower":188},{"datetime":"2020-07-17T21:00:00","datetimeutc":"2020-07-17T19:00:00","timetype":"Hour","precipitationmm":0.0,"temperature":20.8,"feeltemperature":20.8,"cloudcover":76,"iconcode":"r","iconid":7,"sources":3,"winddirection":"NW","winddirectiondegrees":304,"windspeedms":1.8,"visibility":17610,"precipitation":0,"beaufort":1,"humidity":67,"sunshine":25,"hour":21,"pollenindex":5,"windspeed":6,"sunshinepower":61,"sunpower":61},{"datetime":"2020-07-17T22:00:00","datetimeutc":"2020-07-17T20:00:00","timetype":"Hour","precipitationmm":0.0,"temperature":20.1,"feeltemperature":20.1,"cloudcover":83,"iconcode":"rr","iconid":19,"sources":2,"winddirection":"NW","winddirectiondegrees":315,"windspeedms":1.1,"visibility":16430,"precipitation":0,"beaufort":1,"humidity":68,"sunshine":18,"hour":22,"pollenindex":5,"windspeed":4,"sunshinepower":0,"sunpower":0},{"datetime":"2020-07-17T23:00:00","datetimeutc":"2020-07-17T21:00:00","timetype":"Hour","precipitationmm":0.0,"temperature":19.4,"feeltemperature":19.4,"cloudcover":85,"iconcode":"rr","iconid":19,"sources":2,"winddirection":"N","winddirectiondegrees":349,"windspeedms":0.5,"visibility":16250,"precipitation":0,"beaufort":0,"humidity":74,"sunshine":0,"hour":23,"pollenindex":4,"windspeed":2,"sunshinepower":0,"sunpower":0}],"datetime":"2020-07-17T00:00:00","datetimeutc":"2020-07-16T22:00:00","timetype":"Day","precipitationmm":0.0,"mintemperature":19.4,"maxtemperature":21.5,"cloudcover":78,"iconcode":"r","iconid":3,"sources":2,"winddirection":"W","winddirectiondegrees":270,"windspeedms":1.5,"visibility":17275,"precipitation":0,"beaufort":1,"humidity":67,"sunshine":17,"uvindex":4,"bbqindex":8,"mosquitoindex":8,"pollenindex":5,"mintemp":19.4,"maxtemp":21.5,"windspeed":2,"sunshinepower":62,"sunpower":62},{"date":"2020-07-18T00:00:00","sunrise":"2020-07-18T05:41:04","sunset":"2020-07-18T21:51:38","morning":{"datetime":"2020-07-18T07:00:00","datetimeutc":"2020-07-18T05:00:00","timetype":"Morning","precipitationmm":0.0,"mintemperature":17.8,"maxtemperature":23.1,"cloudcover":96,"iconcode":"c","iconid":19,"sources":1,"winddirection":"ZW","winddirectiondegrees":205,"windspeedms":3.5,"visibility":14096,"precipitation":0,"beaufort":2,"humidity":74,"sunshine":2,"hour":7,"mintemp":17.8,"maxtemp":23.1,"windspeed":13,"sunshinepower":310,"sunpower":310},"afternoon":{"datetime":"2020-07-18T12:00:00","datetimeutc":"2020-07-18T10:00:00","timetype":"Afternoon","precipitationmm":0.0,"mintemperature":24.2,"maxtemperature":25.8,"cloudcover":54,"iconcode":"b","iconid":19,"sources":1,"winddirection":"W","winddirectiondegrees":252,"windspeedms":4.5,"visibility":21010,"precipitation":0,"beaufort":3,"humidity":55,"sunshine":33,"hour":12,"mintemp":24.2,"maxtemp":25.8,"windspeed":16,"sunshinepower":606,"sunpower":606},"evening":{"datetime":"2020-07-18T18:00:00","datetimeutc":"2020-07-18T16:00:00","timetype":"Evening","precipitationmm":0.0,"mintemperature":19.3,"maxtemperature":24.2,"cloudcover":61,"iconcode":"b","iconid":22,"sources":1,"winddirection":"W","winddirectiondegrees":271,"windspeedms":2.5,"visibility":16890,"precipitation":0,"beaufort":2,"humidity":68,"sunshine":20,"hour":18,"mintemp":19.3,"maxtemp":24.2,"windspeed":9,"sunshinepower":137,"sunpower":137},"night":{"datetime":"2020-07-18T00:00:00","datetimeutc":"2020-07-17T22:00:00","timetype":"Night","precipitationmm":0.0,"mintemperature":15.9,"maxtemperature":18.7,"cloudcover":68,"iconcode":"b","iconid":7,"sources":1,"winddirection":"Z","winddirectiondegrees":168,"windspeedms":1.7,"visibility":11814,"precipitation":0,"beaufort":1,"humidity":85,"sunshine":0,"hour":0,"mintemp":15.9,"maxtemp":18.7,"windspeed":6,"sunshinepower":1,"sunpower":1},"hours":[{"datetime":"2020-07-18T00:00:00","datetimeutc":"2020-07-17T22:00:00","timetype":"Hour","precipitationmm":0.0,"temperature":18.7,"feeltemperature":18.7,"cloudcover":76,"iconcode":"rr","iconid":7,"sources":2,"winddirection":"ZO","winddirectiondegrees":135,"windspeedms":0.8,"visibility":15850,"precipitation":0,"beaufort":0,"humidity":77,"sunshine":0,"hour":0,"pollenindex":4,"windspeed":3,"sunshinepower":0,"sunpower":0},{"datetime":"2020-07-18T01:00:00","datetimeutc":"2020-07-17T23:00:00","timetype":"Hour","precipitationmm":0.0,"temperature":17.9,"feeltemperature":17.9,"cloudcover":61,"iconcode":"bb","iconid":7,"sources":2,"winddirection":"ZO","winddirectiondegrees":152,"windspeedms":1.2,"visibility":13650,"precipitation":0,"beaufort":1,"humidity":82,"sunshine":0,"hour":1,"pollenindex":4,"windspeed":4,"sunshinepower":0,"sunpower":0},{"datetime":"2020-07-18T02:00:00","datetimeutc":"2020-07-18T00:00:00","timetype":"Hour","precipitationmm":0.0,"temperature":17.1,"feeltemperature":17.1,"cloudcover":53,"iconcode":"bb","iconid":7,"sources":2,"winddirection":"Z","winddirectiondegrees":167,"windspeedms":1.6,"visibility":11850,"precipitation":0,"beaufort":1,"humidity":84,"sunshine":0,"hour":2,"pollenindex":4,"windspeed":6,"sunshinepower":0,"sunpower":0},{"datetime":"2020-07-18T03:00:00","datetimeutc":"2020-07-18T01:00:00","timetype":"Hour","precipitationmm":0.0,"temperature":16.2,"feeltemperature":16.2,"cloudcover":57,"iconcode":"bb","iconid":7,"sources":2,"winddirection":"Z","winddirectiondegrees":180,"windspeedms":1.8,"visibility":10850,"precipitation":0,"beaufort":1,"humidity":89,"sunshine":0,"hour":3,"pollenindex":3,"windspeed":6,"sunshinepower":0,"sunpower":0},{"datetime":"2020-07-18T04:00:00","datetimeutc":"2020-07-18T02:00:00","timetype":"Hour","precipitationmm":0.0,"temperature":15.9,"feeltemperature":15.9,"cloudcover":68,"iconcode":"bb","iconid":19,"sources":2,"winddirection":"Z","winddirectiondegrees":182,"windspeedms":2.0,"visibility":10660,"precipitation":0,"beaufort":2,"humidity":91,"sunshine":0,"hour":4,"pollenindex":3,"windspeed":7,"sunshinepower":0,"sunpower":0},{"datetime":"2020-07-18T05:00:00","datetimeutc":"2020-07-18T03:00:00","timetype":"Hour","precipitationmm":0.0,"temperature":16.0,"feeltemperature":16.0,"cloudcover":77,"iconcode":"rr","iconid":19,"sources":2,"winddirection":"Z","winddirectiondegrees":182,"windspeedms":2.2,"visibility":10030,"precipitation":0,"beaufort":2,"humidity":89,"sunshine":0,"hour":5,"pollenindex":3,"windspeed":8,"sunshinepower":0,"sunpower":0},{"datetime":"2020-07-18T06:00:00","datetimeutc":"2020-07-18T04:00:00","timetype":"Hour","precipitationmm":0.0,"temperature":16.7,"feeltemperature":16.7,"cloudcover":84,"iconcode":"r","iconid":19,"sources":2,"winddirection":"Z","winddirectiondegrees":182,"windspeedms":2.5,"visibility":9810,"precipitation":0,"beaufort":2,"humidity":85,"sunshine":6,"hour":6,"pollenindex":4,"windspeed":9,"sunshinepower":13,"sunpower":13},{"datetime":"2020-07-18T07:00:00","datetimeutc":"2020-07-18T05:00:00","timetype":"Hour","precipitationmm":0.0,"temperature":17.8,"feeltemperature":17.8,"cloudcover":90,"iconcode":"c","iconid":19,"sources":2,"winddirection":"Z","winddirectiondegrees":188,"windspeedms":2.6,"visibility":10020,"precipitation":0,"beaufort":2,"humidity":82,"sunshine":11,"hour":7,"pollenindex":4,"windspeed":9,"sunshinepower":86,"sunpower":86},{"datetime":"2020-07-18T08:00:00","datetimeutc":"2020-07-18T06:00:00","timetype":"Hour","precipitationmm":0.0,"temperature":19.1,"feeltemperature":19.1,"cloudcover":95,"iconcode":"c","iconid":19,"sources":2,"winddirection":"Z","winddirectiondegrees":198,"windspeedms":3.0,"visibility":11810,"precipitation":0,"beaufort":2,"humidity":79,"sunshine":3,"hour":8,"pollenindex":4,"windspeed":11,"sunshinepower":203,"sunpower":203},{"datetime":"2020-07-18T09:00:00","datetimeutc":"2020-07-18T07:00:00","timetype":"Hour","precipitationmm":0.0,"temperature":20.5,"feeltemperature":20.5,"cloudcover":98,"iconcode":"c","iconid":19,"sources":2,"winddirection":"ZW","winddirectiondegrees":206,"windspeedms":3.5,"visibility":14010,"precipitation":0,"beaufort":2,"humidity":75,"sunshine":0,"hour":9,"pollenindex":4,"windspeed":13,"sunshinepower":323,"sunpower":323},{"datetime":"2020-07-18T10:00:00","datetimeutc":"2020-07-18T08:00:00","timetype":"Hour","precipitationmm":0.0,"temperature":21.9,"feeltemperature":21.9,"cloudcover":100,"iconcode":"c","iconid":19,"sources":2,"winddirection":"ZW","winddirectiondegrees":213,"windspeedms":4.0,"visibility":16020,"precipitation":0,"beaufort":3,"humidity":70,"sunshine":0,"hour":10,"pollenindex":4,"windspeed":14,"sunshinepower":426,"sunpower":426},{"datetime":"2020-07-18T11:00:00","datetimeutc":"2020-07-18T09:00:00","timetype":"Hour","precipitationmm":0.0,"temperature":23.1,"feeltemperature":24.8,"cloudcover":99,"iconcode":"c","iconid":19,"sources":2,"winddirection":"ZW","winddirectiondegrees":220,"windspeedms":4.5,"visibility":18620,"precipitation":0,"beaufort":3,"humidity":66,"sunshine":0,"hour":11,"pollenindex":5,"windspeed":16,"sunshinepower":515,"sunpower":515},{"datetime":"2020-07-18T12:00:00","datetimeutc":"2020-07-18T10:00:00","timetype":"Hour","precipitationmm":0.0,"temperature":24.2,"feeltemperature":25.7,"cloudcover":85,"iconcode":"r","iconid":19,"sources":2,"winddirection":"ZW","winddirectiondegrees":225,"windspeedms":4.6,"visibility":20810,"precipitation":0,"beaufort":3,"humidity":62,"sunshine":0,"hour":12,"pollenindex":5,"windspeed":17,"sunshinepower":594,"sunpower":594},{"datetime":"2020-07-18T13:00:00","datetimeutc":"2020-07-18T11:00:00","timetype":"Hour","precipitationmm":0.0,"temperature":25.0,"feeltemperature":26.2,"cloudcover":62,"iconcode":"b","iconid":19,"sources":2,"winddirection":"ZW","winddirectiondegrees":232,"windspeedms":4.6,"visibility":21810,"precipitation":0,"beaufort":3,"humidity":56,"sunshine":10,"hour":13,"pollenindex":5,"windspeed":17,"sunshinepower":648,"sunpower":648},{"datetime":"2020-07-18T14:00:00","datetimeutc":"2020-07-18T12:00:00","timetype":"Hour","precipitationmm":0.0,"temperature":25.7,"feeltemperature":26.7,"cloudcover":45,"iconcode":"j","iconid":7,"sources":2,"winddirection":"W","winddirectiondegrees":248,"windspeedms":4.4,"visibility":22410,"precipitation":0,"beaufort":3,"humidity":53,"sunshine":33,"hour":14,"pollenindex":5,"windspeed":16,"sunshinepower":665,"sunpower":665},{"datetime":"2020-07-18T15:00:00","datetimeutc":"2020-07-18T13:00:00","timetype":"Hour","precipitationmm":0.0,"temperature":25.8,"feeltemperature":26.7,"cloudcover":46,"iconcode":"j","iconid":7,"sources":2,"winddirection":"W","winddirectiondegrees":268,"windspeedms":4.7,"visibility":20010,"precipitation":0,"beaufort":3,"humidity":52,"sunshine":51,"hour":15,"pollenindex":5,"windspeed":17,"sunshinepower":645,"sunpower":645},{"datetime":"2020-07-18T16:00:00","datetimeutc":"2020-07-18T14:00:00","timetype":"Hour","precipitationmm":0.0,"temperature":25.6,"feeltemperature":26.7,"cloudcover":43,"iconcode":"j","iconid":7,"sources":2,"winddirection":"W","winddirectiondegrees":270,"windspeedms":4.7,"visibility":19610,"precipitation":0,"beaufort":3,"humidity":54,"sunshine":51,"hour":16,"pollenindex":5,"windspeed":17,"sunshinepower":591,"sunpower":591},{"datetime":"2020-07-18T17:00:00","datetimeutc":"2020-07-18T15:00:00","timetype":"Hour","precipitationmm":0.0,"temperature":25.0,"feeltemperature":26.2,"cloudcover":43,"iconcode":"j","iconid":7,"sources":2,"winddirection":"W","winddirectiondegrees":270,"windspeedms":4.2,"visibility":21410,"precipitation":0,"beaufort":3,"humidity":56,"sunshine":53,"hour":17,"pollenindex":5,"windspeed":15,"sunshinepower":496,"sunpower":496},{"datetime":"2020-07-18T18:00:00","datetimeutc":"2020-07-18T16:00:00","timetype":"Hour","precipitationmm":0.0,"temperature":24.2,"feeltemperature":25.7,"cloudcover":80,"iconcode":"r","iconid":22,"sources":2,"winddirection":"W","winddirectiondegrees":273,"windspeedms":3.8,"visibility":21210,"precipitation":0,"beaufort":2,"humidity":59,"sunshine":55,"hour":18,"pollenindex":5,"windspeed":14,"sunshinepower":375,"sunpower":375},{"datetime":"2020-07-18T19:00:00","datetimeutc":"2020-07-18T17:00:00","timetype":"Hour","precipitationmm":0.0,"temperature":23.2,"feeltemperature":25.0,"cloudcover":87,"iconcode":"r","iconid":22,"sources":2,"winddirection":"W","winddirectiondegrees":274,"windspeedms":3.2,"visibility":19220,"precipitation":0,"beaufort":2,"humidity":63,"sunshine":15,"hour":19,"pollenindex":5,"windspeed":12,"sunshinepower":256,"sunpower":256},{"datetime":"2020-07-18T20:00:00","datetimeutc":"2020-07-18T18:00:00","timetype":"Hour","precipitationmm":0.0,"temperature":22.1,"feeltemperature":24.3,"cloudcover":83,"iconcode":"r","iconid":22,"sources":2,"winddirection":"W","winddirectiondegrees":272,"windspeedms":2.7,"visibility":18220,"precipitation":0,"beaufort":2,"humidity":66,"sunshine":8,"hour":20,"pollenindex":5,"windspeed":10,"sunshinepower":145,"sunpower":145},{"datetime":"2020-07-18T21:00:00","datetimeutc":"2020-07-18T19:00:00","timetype":"Hour","precipitationmm":0.0,"temperature":21.1,"feeltemperature":21.1,"cloudcover":59,"iconcode":"b","iconid":22,"sources":2,"winddirection":"W","winddirectiondegrees":272,"windspeedms":2.2,"visibility":15610,"precipitation":0,"beaufort":2,"humidity":71,"sunshine":11,"hour":21,"pollenindex":4,"windspeed":8,"sunshinepower":49,"sunpower":49},{"datetime":"2020-07-18T22:00:00","datetimeutc":"2020-07-18T20:00:00","timetype":"Hour","precipitationmm":0.0,"temperature":20.1,"feeltemperature":20.1,"cloudcover":30,"iconcode":"jj","iconid":22,"sources":2,"winddirection":"W","winddirectiondegrees":270,"windspeedms":1.7,"visibility":13830,"precipitation":0,"beaufort":1,"humidity":74,"sunshine":33,"hour":22,"pollenindex":4,"windspeed":6,"sunshinepower":0,"sunpower":0},{"datetime":"2020-07-18T23:00:00","datetimeutc":"2020-07-18T21:00:00","timetype":"Hour","precipitationmm":0.0,"temperature":19.3,"feeltemperature":19.3,"cloudcover":29,"iconcode":"jj","iconid":13,"sources":2,"winddirection":"W","winddirectiondegrees":270,"windspeedms":1.4,"visibility":13250,"precipitation":0,"beaufort":1,"humidity":78,"sunshine":0,"hour":23,"pollenindex":4,"windspeed":5,"sunshinepower":0,"sunpower":0}],"datetime":"2020-07-18T00:00:00","datetimeutc":"2020-07-17T22:00:00","timetype":"Day","precipitationmm":0.0,"mintemperature":15.9,"maxtemperature":25.8,"cloudcover":68,"iconcode":"b","iconid":3,"sources":2,"winddirection":"W","winddirectiondegrees":270,"windspeedms":3.0,"visibility":15857,"precipitation":0,"beaufort":2,"humidity":71,"sunshine":14,"uvindex":5,"bbqindex":8,"mosquitoindex":7,"pollenindex":5,"icescrapeindex":1,"mintemp":15.9,"maxtemp":25.8,"windspeed":3,"sunshinepower":251,"sunpower":251},{"date":"2020-07-19T00:00:00","sunrise":"2020-07-19T05:42:25","sunset":"2020-07-19T21:50:24","morning":{"datetime":"2020-07-19T07:00:00","datetimeutc":"2020-07-19T05:00:00","timetype":"Morning","precipitationmm":0.0,"mintemperature":16.9,"maxtemperature":21.4,"cloudcover":55,"iconcode":"n","iconid":22,"sources":1,"winddirection":"ZW","winddirectiondegrees":239,"windspeedms":2.9,"visibility":7816,"precipitation":0,"beaufort":2,"humidity":80,"sunshine":53,"hour":7,"mintemp":16.9,"maxtemp":21.4,"windspeed":10,"sunshinepower":300,"sunpower":300},"afternoon":{"datetime":"2020-07-19T14:00:00","datetimeutc":"2020-07-19T12:00:00","timetype":"Afternoon","precipitationmm":0.0,"mintemperature":21.0,"maxtemperature":22.9,"cloudcover":90,"iconcode":"c","iconid":20,"sources":1,"winddirection":"NW","winddirectiondegrees":296,"windspeedms":4.5,"visibility":13313,"precipitation":1,"beaufort":3,"humidity":65,"sunshine":6,"hour":14,"mintemp":21.0,"maxtemp":22.9,"windspeed":16,"sunshinepower":516,"sunpower":516},"evening":{"datetime":"2020-07-19T18:00:00","datetimeutc":"2020-07-19T16:00:00","timetype":"Evening","precipitationmm":0.0,"mintemperature":17.1,"maxtemperature":20.2,"cloudcover":93,"iconcode":"c","iconid":22,"sources":1,"winddirection":"N","winddirectiondegrees":343,"windspeedms":4.4,"visibility":11621,"precipitation":1,"beaufort":3,"humidity":76,"sunshine":1,"hour":18,"mintemp":17.1,"maxtemp":20.2,"windspeed":16,"sunshinepower":99,"sunpower":99},"night":{"datetime":"2020-07-19T00:00:00","datetimeutc":"2020-07-18T22:00:00","timetype":"Night","precipitationmm":0.0,"mintemperature":15.5,"maxtemperature":18.4,"cloudcover":19,"iconcode":"j","iconid":13,"sources":1,"winddirection":"ZW","winddirectiondegrees":217,"windspeedms":1.6,"visibility":10958,"precipitation":0,"beaufort":1,"humidity":91,"sunshine":4,"hour":0,"mintemp":15.5,"maxtemp":18.4,"windspeed":6,"sunshinepower":2,"sunpower":2},"hours":[{"datetime":"2020-07-19T00:00:00","datetimeutc":"2020-07-18T22:00:00","timetype":"Hour","precipitationmm":0.0,"temperature":18.4,"feeltemperature":18.4,"cloudcover":28,"iconcode":"jj","iconid":13,"sources":2,"winddirection":"W","winddirectiondegrees":266,"windspeedms":1.2,"visibility":13250,"precipitation":0,"beaufort":1,"humidity":82,"sunshine":0,"hour":0,"pollenindex":4,"windspeed":4,"sunshinepower":0,"sunpower":0},{"datetime":"2020-07-19T01:00:00","datetimeutc":"2020-07-18T23:00:00","timetype":"Hour","precipitationmm":0.0,"temperature":17.7,"feeltemperature":17.7,"cloudcover":26,"iconcode":"jj","iconid":2,"sources":2,"winddirection":"W","winddirectiondegrees":255,"windspeedms":1.2,"visibility":12250,"precipitation":0,"beaufort":1,"humidity":86,"sunshine":0,"hour":1,"pollenindex":3,"windspeed":4,"sunshinepower":0,"sunpower":0},{"datetime":"2020-07-19T02:00:00","datetimeutc":"2020-07-19T00:00:00","timetype":"Hour","precipitationmm":0.0,"temperature":16.9,"feeltemperature":16.9,"cloudcover":23,"iconcode":"jj","iconid":5,"sources":2,"winddirection":"ZW","winddirectiondegrees":212,"windspeedms":1.3,"visibility":11250,"precipitation":0,"beaufort":1,"humidity":89,"sunshine":0,"hour":2,"pollenindex":3,"windspeed":5,"sunshinepower":0,"sunpower":0},{"datetime":"2020-07-19T03:00:00","datetimeutc":"2020-07-19T01:00:00","timetype":"Hour","precipitationmm":0.0,"temperature":16.2,"feeltemperature":16.2,"cloudcover":15,"iconcode":"jj","iconid":2,"sources":2,"winddirection":"Z","winddirectiondegrees":198,"windspeedms":1.6,"visibility":10250,"precipitation":0,"beaufort":1,"humidity":94,"sunshine":0,"hour":3,"pollenindex":3,"windspeed":6,"sunshinepower":0,"sunpower":0},{"datetime":"2020-07-19T04:00:00","datetimeutc":"2020-07-19T02:00:00","timetype":"Hour","precipitationmm":0.0,"temperature":15.6,"feeltemperature":15.6,"cloudcover":4,"iconcode":"aa","iconid":5,"sources":2,"winddirection":"Z","winddirectiondegrees":198,"windspeedms":1.8,"visibility":10050,"precipitation":0,"beaufort":1,"humidity":97,"sunshine":0,"hour":4,"pollenindex":2,"windspeed":6,"sunshinepower":0,"sunpower":0},{"datetime":"2020-07-19T05:00:00","datetimeutc":"2020-07-19T03:00:00","timetype":"Hour","precipitationmm":0.0,"temperature":15.5,"feeltemperature":15.5,"cloudcover":0,"iconcode":"aa","iconid":5,"sources":2,"winddirection":"Z","winddirectiondegrees":201,"windspeedms":2.0,"visibility":10050,"precipitation":0,"beaufort":2,"humidity":96,"sunshine":0,"hour":5,"pollenindex":2,"windspeed":7,"sunshinepower":0,"sunpower":0},{"datetime":"2020-07-19T06:00:00","datetimeutc":"2020-07-19T04:00:00","timetype":"Hour","precipitationmm":0.0,"temperature":15.9,"feeltemperature":15.9,"cloudcover":38,"iconcode":"j","iconid":22,"sources":2,"winddirection":"Z","winddirectiondegrees":202,"windspeedms":2.2,"visibility":9610,"precipitation":0,"beaufort":2,"humidity":93,"sunshine":31,"hour":6,"pollenindex":3,"windspeed":8,"sunshinepower":14,"sunpower":14},{"datetime":"2020-07-19T07:00:00","datetimeutc":"2020-07-19T05:00:00","timetype":"Hour","precipitationmm":0.0,"temperature":16.9,"feeltemperature":16.9,"cloudcover":38,"iconcode":"j","iconid":22,"sources":2,"winddirection":"ZW","winddirectiondegrees":216,"windspeedms":2.4,"visibility":10020,"precipitation":0,"beaufort":2,"humidity":90,"sunshine":60,"hour":7,"pollenindex":3,"windspeed":9,"sunshinepower":91,"sunpower":91},{"datetime":"2020-07-19T08:00:00","datetimeutc":"2020-07-19T06:00:00","timetype":"Hour","precipitationmm":0.0,"temperature":18.0,"feeltemperature":18.0,"cloudcover":31,"iconcode":"j","iconid":22,"sources":2,"winddirection":"ZW","winddirectiondegrees":239,"windspeedms":2.8,"visibility":9410,"precipitation":0,"beaufort":2,"humidity":86,"sunshine":60,"hour":8,"pollenindex":3,"windspeed":10,"sunshinepower":206,"sunpower":206},{"datetime":"2020-07-19T09:00:00","datetimeutc":"2020-07-19T07:00:00","timetype":"Hour","precipitationmm":0.0,"temperature":19.2,"feeltemperature":19.2,"cloudcover":38,"iconcode":"j","iconid":22,"sources":2,"winddirection":"W","winddirectiondegrees":248,"windspeedms":2.9,"visibility":8610,"precipitation":0,"beaufort":2,"humidity":80,"sunshine":66,"hour":9,"pollenindex":4,"windspeed":10,"sunshinepower":311,"sunpower":311},{"datetime":"2020-07-19T10:00:00","datetimeutc":"2020-07-19T08:00:00","timetype":"Hour","precipitationmm":0.0,"temperature":20.4,"feeltemperature":20.4,"cloudcover":72,"iconcode":"n","iconid":22,"sources":2,"winddirection":"ZW","winddirectiondegrees":240,"windspeedms":2.9,"visibility":820,"precipitation":0,"beaufort":2,"humidity":76,"sunshine":58,"hour":10,"pollenindex":4,"windspeed":10,"sunshinepower":401,"sunpower":401},{"datetime":"2020-07-19T11:00:00","datetimeutc":"2020-07-19T09:00:00","timetype":"Hour","precipitationmm":0.0,"temperature":21.4,"feeltemperature":21.4,"cloudcover":99,"iconcode":"c","iconid":22,"sources":2,"winddirection":"W","winddirectiondegrees":254,"windspeedms":3.3,"visibility":10220,"precipitation":1,"beaufort":2,"humidity":72,"sunshine":23,"hour":11,"pollenindex":4,"windspeed":12,"sunshinepower":491,"sunpower":491},{"datetime":"2020-07-19T12:00:00","datetimeutc":"2020-07-19T10:00:00","timetype":"Hour","precipitationmm":0.0,"temperature":22.2,"feeltemperature":24.1,"cloudcover":60,"iconcode":"b","iconid":21,"sources":2,"winddirection":"W","winddirectiondegrees":291,"windspeedms":3.8,"visibility":11820,"precipitation":0,"beaufort":2,"humidity":69,"sunshine":0,"hour":12,"pollenindex":4,"windspeed":14,"sunshinepower":565,"sunpower":565},{"datetime":"2020-07-19T13:00:00","datetimeutc":"2020-07-19T11:00:00","timetype":"Hour","precipitationmm":0.0,"temperature":22.8,"feeltemperature":24.7,"cloudcover":94,"iconcode":"c","iconid":20,"sources":2,"winddirection":"NW","winddirectiondegrees":314,"windspeedms":4.6,"visibility":12410,"precipitation":1,"beaufort":3,"humidity":64,"sunshine":36,"hour":13,"pollenindex":5,"windspeed":17,"sunshinepower":592,"sunpower":592},{"datetime":"2020-07-19T14:00:00","datetimeutc":"2020-07-19T12:00:00","timetype":"Hour","precipitationmm":0.0,"temperature":22.9,"feeltemperature":24.9,"cloudcover":89,"iconcode":"r","iconid":20,"sources":1,"winddirection":"NW","winddirectiondegrees":310,"windspeedms":4.6,"visibility":15820,"precipitation":1,"beaufort":3,"humidity":62,"sunshine":0,"hour":14,"pollenindex":5,"windspeed":17,"sunshinepower":571,"sunpower":571},{"datetime":"2020-07-19T15:00:00","datetimeutc":"2020-07-19T13:00:00","timetype":"Hour","precipitationmm":0.0,"temperature":22.6,"feeltemperature":24.7,"cloudcover":97,"iconcode":"c","iconid":19,"sources":1,"winddirection":"W","winddirectiondegrees":283,"windspeedms":4.43,"visibility":14410,"precipitation":1,"beaufort":3,"humidity":63,"sunshine":5,"hour":15,"pollenindex":5,"windspeed":16,"sunshinepower":528,"sunpower":528},{"datetime":"2020-07-19T16:00:00","datetimeutc":"2020-07-19T14:00:00","timetype":"Hour","precipitationmm":0.0,"temperature":21.9,"feeltemperature":21.9,"cloudcover":100,"iconcode":"c","iconid":19,"sources":1,"winddirection":"W","winddirectiondegrees":288,"windspeedms":4.81,"visibility":13010,"precipitation":1,"beaufort":3,"humidity":67,"sunshine":0,"hour":16,"pollenindex":5,"windspeed":17,"sunshinepower":466,"sunpower":466},{"datetime":"2020-07-19T17:00:00","datetimeutc":"2020-07-19T15:00:00","timetype":"Hour","precipitationmm":0.0,"temperature":21.0,"feeltemperature":21.0,"cloudcover":100,"iconcode":"c","iconid":20,"sources":1,"winddirection":"NW","winddirectiondegrees":296,"windspeedms":4.71,"visibility":12410,"precipitation":1,"beaufort":3,"humidity":70,"sunshine":0,"hour":17,"pollenindex":4,"windspeed":17,"sunshinepower":376,"sunpower":376},{"datetime":"2020-07-19T18:00:00","datetimeutc":"2020-07-19T16:00:00","timetype":"Hour","precipitationmm":0.0,"temperature":20.2,"feeltemperature":20.2,"cloudcover":100,"iconcode":"c","iconid":22,"sources":1,"winddirection":"NW","winddirectiondegrees":324,"windspeedms":4.53,"visibility":10410,"precipitation":1,"beaufort":3,"humidity":72,"sunshine":0,"hour":18,"pollenindex":4,"windspeed":16,"sunshinepower":276,"sunpower":276},{"datetime":"2020-07-19T19:00:00","datetimeutc":"2020-07-19T17:00:00","timetype":"Hour","precipitationmm":0.0,"temperature":19.3,"feeltemperature":19.3,"cloudcover":97,"iconcode":"c","iconid":22,"sources":1,"winddirection":"N","winddirectiondegrees":348,"windspeedms":4.95,"visibility":11610,"precipitation":1,"beaufort":3,"humidity":75,"sunshine":0,"hour":19,"pollenindex":4,"windspeed":18,"sunshinepower":184,"sunpower":184},{"datetime":"2020-07-19T20:00:00","datetimeutc":"2020-07-19T18:00:00","timetype":"Hour","precipitationmm":0.0,"temperature":18.5,"feeltemperature":18.5,"cloudcover":90,"iconcode":"c","iconid":22,"sources":1,"winddirection":"N","winddirectiondegrees":349,"windspeedms":4.74,"visibility":11610,"precipitation":1,"beaufort":3,"humidity":77,"sunshine":0,"hour":20,"pollenindex":4,"windspeed":17,"sunshinepower":103,"sunpower":103},{"datetime":"2020-07-19T21:00:00","datetimeutc":"2020-07-19T19:00:00","timetype":"Hour","precipitationmm":0.0,"temperature":17.9,"feeltemperature":17.9,"cloudcover":89,"iconcode":"r","iconid":20,"sources":1,"winddirection":"N","winddirectiondegrees":348,"windspeedms":4.42,"visibility":12210,"precipitation":1,"beaufort":3,"humidity":78,"sunshine":5,"hour":21,"pollenindex":4,"windspeed":16,"sunshinepower":35,"sunpower":35},{"datetime":"2020-07-19T22:00:00","datetimeutc":"2020-07-19T20:00:00","timetype":"Hour","precipitationmm":0.0,"temperature":17.4,"feeltemperature":17.4,"cloudcover":91,"iconcode":"cc","iconid":19,"sources":1,"winddirection":"N","winddirectiondegrees":348,"windspeedms":3.95,"visibility":12230,"precipitation":1,"beaufort":2,"humidity":78,"sunshine":5,"hour":22,"pollenindex":4,"windspeed":14,"sunshinepower":0,"sunpower":0},{"datetime":"2020-07-19T23:00:00","datetimeutc":"2020-07-19T21:00:00","timetype":"Hour","precipitationmm":0.0,"temperature":17.1,"feeltemperature":17.1,"cloudcover":95,"iconcode":"cc","iconid":19,"sources":1,"winddirection":"N","winddirectiondegrees":345,"windspeedms":3.79,"visibility":11660,"precipitation":1,"beaufort":2,"humidity":80,"sunshine":0,"hour":23,"pollenindex":4,"windspeed":14,"sunshinepower":0,"sunpower":0}],"datetime":"2020-07-19T00:00:00","datetimeutc":"2020-07-18T22:00:00","timetype":"Day","precipitationmm":0.0,"mintemperature":15.5,"maxtemperature":22.9,"cloudcover":63,"iconcode":"b","iconid":3,"sources":2,"winddirection":"W","winddirectiondegrees":270,"windspeedms":3.3,"visibility":11058,"precipitation":0,"beaufort":2,"humidity":79,"sunshine":14,"uvindex":5,"bbqindex":7,"mosquitoindex":7,"pollenindex":5,"icescrapeindex":1,"mintemp":15.5,"maxtemp":22.9,"windspeed":3,"sunshinepower":217,"sunpower":217},{"date":"2020-07-20T00:00:00","sunrise":"2020-07-20T05:43:46","sunset":"2020-07-20T21:49:07","hours":[{"datetime":"2020-07-20T00:00:00","datetimeutc":"2020-07-19T22:00:00","timetype":"Hour","precipitationmm":0.0,"temperature":16.8,"feeltemperature":16.8,"cloudcover":30,"iconcode":"jj","iconid":19,"sources":1,"winddirection":"N","winddirectiondegrees":344,"windspeedms":3.74,"visibility":10450,"precipitation":1,"beaufort":2,"humidity":81,"sunshine":0,"hour":0,"pollenindex":4,"windspeed":13,"sunshinepower":0,"sunpower":0},{"datetime":"2020-07-20T01:00:00","datetimeutc":"2020-07-19T23:00:00","timetype":"Hour","precipitationmm":0.0,"temperature":16.4,"feeltemperature":16.4,"cloudcover":100,"iconcode":"cc","iconid":33,"sources":1,"winddirection":"N","winddirectiondegrees":342,"windspeedms":3.37,"visibility":10050,"precipitation":2,"beaufort":2,"humidity":82,"sunshine":0,"hour":1,"pollenindex":4,"windspeed":12,"sunshinepower":0,"sunpower":0},{"datetime":"2020-07-20T02:00:00","datetimeutc":"2020-07-20T00:00:00","timetype":"Hour","precipitationmm":0.2,"temperature":16.1,"feeltemperature":16.1,"cloudcover":100,"iconcode":"mm","iconid":33,"sources":1,"winddirection":"N","winddirectiondegrees":339,"windspeedms":3.02,"visibility":10060,"precipitation":47,"beaufort":2,"humidity":83,"sunshine":0,"hour":2,"pollenindex":4,"windspeed":11,"sunshinepower":0,"sunpower":0},{"datetime":"2020-07-20T03:00:00","datetimeutc":"2020-07-20T01:00:00","timetype":"Hour","precipitationmm":1.0,"temperature":15.7,"feeltemperature":15.7,"cloudcover":100,"iconcode":"mm","iconid":33,"sources":1,"winddirection":"N","winddirectiondegrees":352,"windspeedms":3.06,"visibility":9430,"precipitation":43,"beaufort":2,"humidity":86,"sunshine":0,"hour":3,"pollenindex":4,"windspeed":11,"sunshinepower":0,"sunpower":0},{"datetime":"2020-07-20T04:00:00","datetimeutc":"2020-07-20T02:00:00","timetype":"Hour","precipitationmm":1.4,"temperature":15.3,"feeltemperature":15.3,"cloudcover":99,"iconcode":"mm","iconid":33,"sources":1,"winddirection":"N","winddirectiondegrees":353,"windspeedms":3.02,"visibility":9610,"precipitation":43,"beaufort":2,"humidity":88,"sunshine":0,"hour":4,"pollenindex":3,"windspeed":11,"sunshinepower":0,"sunpower":0},{"datetime":"2020-07-20T05:00:00","datetimeutc":"2020-07-20T03:00:00","timetype":"Hour","precipitationmm":0.0,"temperature":15.2,"feeltemperature":15.2,"cloudcover":97,"iconcode":"cc","iconid":19,"sources":1,"winddirection":"N","winddirectiondegrees":356,"windspeedms":3.04,"visibility":9410,"precipitation":2,"beaufort":2,"humidity":88,"sunshine":0,"hour":5,"pollenindex":3,"windspeed":11,"sunshinepower":0,"sunpower":0},{"datetime":"2020-07-20T06:00:00","datetimeutc":"2020-07-20T04:00:00","timetype":"Hour","precipitationmm":0.0,"temperature":15.2,"feeltemperature":15.2,"cloudcover":100,"iconcode":"c","iconid":19,"sources":1,"winddirection":"N","winddirectiondegrees":357,"windspeedms":3.19,"visibility":9210,"precipitation":2,"beaufort":2,"humidity":87,"sunshine":0,"hour":6,"pollenindex":3,"windspeed":11,"sunshinepower":10,"sunpower":10},{"datetime":"2020-07-20T07:00:00","datetimeutc":"2020-07-20T05:00:00","timetype":"Hour","precipitationmm":0.0,"temperature":15.3,"feeltemperature":15.3,"cloudcover":100,"iconcode":"c","iconid":19,"sources":1,"winddirection":"N","winddirectiondegrees":360,"windspeedms":3.37,"visibility":9410,"precipitation":1,"beaufort":2,"humidity":86,"sunshine":0,"hour":7,"pollenindex":4,"windspeed":12,"sunshinepower":67,"sunpower":67},{"datetime":"2020-07-20T08:00:00","datetimeutc":"2020-07-20T06:00:00","timetype":"Hour","precipitationmm":0.0,"temperature":15.6,"feeltemperature":15.6,"cloudcover":100,"iconcode":"c","iconid":19,"sources":1,"winddirection":"N","winddirectiondegrees":2,"windspeedms":3.98,"visibility":11810,"precipitation":1,"beaufort":2,"humidity":83,"sunshine":0,"hour":8,"pollenindex":4,"windspeed":14,"sunshinepower":151,"sunpower":151},{"datetime":"2020-07-20T09:00:00","datetimeutc":"2020-07-20T07:00:00","timetype":"Hour","precipitationmm":0.0,"temperature":16.1,"feeltemperature":16.1,"cloudcover":100,"iconcode":"c","iconid":19,"sources":1,"winddirection":"N","winddirectiondegrees":5,"windspeedms":4.14,"visibility":13000,"precipitation":1,"beaufort":3,"humidity":79,"sunshine":0,"hour":9,"pollenindex":4,"windspeed":15,"sunshinepower":226,"sunpower":226},{"datetime":"2020-07-20T10:00:00","datetimeutc":"2020-07-20T08:00:00","timetype":"Hour","precipitationmm":0.0,"temperature":16.6,"feeltemperature":16.6,"cloudcover":100,"iconcode":"c","iconid":22,"sources":1,"winddirection":"N","winddirectiondegrees":5,"windspeedms":4.1,"visibility":14000,"precipitation":1,"beaufort":3,"humidity":75,"sunshine":0,"hour":10,"pollenindex":4,"windspeed":15,"sunshinepower":286,"sunpower":286},{"datetime":"2020-07-20T11:00:00","datetimeutc":"2020-07-20T09:00:00","timetype":"Hour","precipitationmm":0.0,"temperature":17.1,"feeltemperature":17.1,"cloudcover":100,"iconcode":"c","iconid":22,"sources":1,"winddirection":"N","winddirectiondegrees":5,"windspeedms":4.17,"visibility":14400,"precipitation":0,"beaufort":3,"humidity":70,"sunshine":0,"hour":11,"pollenindex":5,"windspeed":15,"sunshinepower":350,"sunpower":350},{"datetime":"2020-07-20T12:00:00","datetimeutc":"2020-07-20T10:00:00","timetype":"Hour","precipitationmm":0.0,"temperature":17.8,"feeltemperature":17.8,"cloudcover":100,"iconcode":"c","iconid":22,"sources":1,"winddirection":"N","winddirectiondegrees":360,"windspeedms":4.29,"visibility":15000,"precipitation":0,"beaufort":3,"humidity":67,"sunshine":0,"hour":12,"pollenindex":5,"windspeed":15,"sunshinepower":422,"sunpower":422},{"datetime":"2020-07-20T13:00:00","datetimeutc":"2020-07-20T11:00:00","timetype":"Hour","precipitationmm":0.0,"temperature":18.4,"feeltemperature":18.4,"cloudcover":97,"iconcode":"c","iconid":22,"sources":1,"winddirection":"N","winddirectiondegrees":355,"windspeedms":4.61,"visibility":16000,"precipitation":0,"beaufort":3,"humidity":61,"sunshine":0,"hour":13,"pollenindex":5,"windspeed":17,"sunshinepower":481,"sunpower":481},{"datetime":"2020-07-20T14:00:00","datetimeutc":"2020-07-20T12:00:00","timetype":"Hour","precipitationmm":0.0,"temperature":19.0,"feeltemperature":19.0,"cloudcover":93,"iconcode":"c","iconid":22,"sources":1,"winddirection":"N","winddirectiondegrees":353,"windspeedms":4.89,"visibility":16400,"precipitation":0,"beaufort":3,"humidity":56,"sunshine":0,"hour":14,"pollenindex":5,"windspeed":18,"sunshinepower":530,"sunpower":530},{"datetime":"2020-07-20T15:00:00","datetimeutc":"2020-07-20T13:00:00","timetype":"Hour","precipitationmm":0.0,"temperature":19.3,"feeltemperature":19.3,"cloudcover":84,"iconcode":"r","iconid":19,"sources":1,"winddirection":"N","winddirectiondegrees":353,"windspeedms":5.14,"visibility":16800,"precipitation":0,"beaufort":3,"humidity":56,"sunshine":1,"hour":15,"pollenindex":5,"windspeed":19,"sunshinepower":561,"sunpower":561},{"datetime":"2020-07-20T16:00:00","datetimeutc":"2020-07-20T14:00:00","timetype":"Hour","precipitationmm":0.0,"temperature":19.2,"feeltemperature":19.2,"cloudcover":69,"iconcode":"b","iconid":19,"sources":1,"winddirection":"N","winddirectiondegrees":352,"windspeedms":5.41,"visibility":16400,"precipitation":0,"beaufort":3,"humidity":56,"sunshine":11,"hour":16,"pollenindex":5,"windspeed":19,"sunshinepower":561,"sunpower":561},{"datetime":"2020-07-20T17:00:00","datetimeutc":"2020-07-20T15:00:00","timetype":"Hour","precipitationmm":0.0,"temperature":18.9,"feeltemperature":18.9,"cloudcover":55,"iconcode":"b","iconid":19,"sources":1,"winddirection":"N","winddirectiondegrees":353,"windspeedms":5.49,"visibility":16200,"precipitation":0,"beaufort":3,"humidity":57,"sunshine":26,"hour":17,"pollenindex":5,"windspeed":20,"sunshinepower":516,"sunpower":516},{"datetime":"2020-07-20T18:00:00","datetimeutc":"2020-07-20T16:00:00","timetype":"Hour","precipitationmm":0.0,"temperature":18.3,"feeltemperature":18.3,"cloudcover":43,"iconcode":"j","iconid":22,"sources":1,"winddirection":"N","winddirectiondegrees":356,"windspeedms":5.48,"visibility":16400,"precipitation":0,"beaufort":3,"humidity":57,"sunshine":41,"hour":18,"pollenindex":5,"windspeed":20,"sunshinepower":427,"sunpower":427},{"datetime":"2020-07-20T19:00:00","datetimeutc":"2020-07-20T17:00:00","timetype":"Hour","precipitationmm":0.0,"temperature":17.5,"feeltemperature":17.5,"cloudcover":31,"iconcode":"j","iconid":22,"sources":1,"winddirection":"N","winddirectiondegrees":357,"windspeedms":5.12,"visibility":16800,"precipitation":0,"beaufort":3,"humidity":60,"sunshine":55,"hour":19,"pollenindex":5,"windspeed":18,"sunshinepower":312,"sunpower":312},{"datetime":"2020-07-20T20:00:00","datetimeutc":"2020-07-20T18:00:00","timetype":"Hour","precipitationmm":0.0,"temperature":16.7,"feeltemperature":16.7,"cloudcover":26,"iconcode":"j","iconid":22,"sources":1,"winddirection":"N","winddirectiondegrees":354,"windspeedms":4.5,"visibility":17000,"precipitation":0,"beaufort":3,"humidity":62,"sunshine":66,"hour":20,"pollenindex":5,"windspeed":16,"sunshinepower":179,"sunpower":179},{"datetime":"2020-07-20T21:00:00","datetimeutc":"2020-07-20T19:00:00","timetype":"Hour","precipitationmm":0.0,"temperature":15.8,"feeltemperature":15.8,"cloudcover":34,"iconcode":"j","iconid":22,"sources":1,"winddirection":"N","winddirectiondegrees":347,"windspeedms":3.8,"visibility":17000,"precipitation":0,"beaufort":2,"humidity":66,"sunshine":71,"hour":21,"pollenindex":5,"windspeed":14,"sunshinepower":59,"sunpower":59},{"datetime":"2020-07-20T22:00:00","datetimeutc":"2020-07-20T20:00:00","timetype":"Hour","precipitationmm":0.0,"temperature":14.9,"feeltemperature":14.9,"cloudcover":47,"iconcode":"jj","iconid":7,"sources":1,"winddirection":"N","winddirectiondegrees":340,"windspeedms":2.93,"visibility":16800,"precipitation":0,"beaufort":2,"humidity":69,"sunshine":55,"hour":22,"pollenindex":5,"windspeed":11,"sunshinepower":0,"sunpower":0},{"datetime":"2020-07-20T23:00:00","datetimeutc":"2020-07-20T21:00:00","timetype":"Hour","precipitationmm":0.0,"temperature":14.0,"feeltemperature":14.0,"cloudcover":53,"iconcode":"bb","iconid":7,"sources":1,"winddirection":"NW","winddirectiondegrees":333,"windspeedms":2.43,"visibility":16600,"precipitation":0,"beaufort":2,"humidity":74,"sunshine":0,"hour":23,"pollenindex":4,"windspeed":9,"sunshinepower":0,"sunpower":0}],"datetime":"2020-07-20T00:00:00","datetimeutc":"2020-07-19T22:00:00","timetype":"Day","precipitationmm":2.7,"mintemperature":14.0,"maxtemperature":19.3,"cloudcover":25,"iconcode":"f","iconid":16,"sources":1,"winddirection":"N","winddirectiondegrees":0,"windspeedms":4.01,"precipitation":47,"beaufort":3,"uvindex":5,"bbqindex":8,"mosquitoindex":6,"pollenindex":5,"icescrapeindex":1,"mintemp":14.0,"maxtemp":19.3,"windspeed":4},{"date":"2020-07-21T00:00:00","sunrise":"2020-07-21T05:45:10","sunset":"2020-07-21T21:47:49","hours":[{"datetime":"2020-07-21T00:00:00","datetimeutc":"2020-07-20T22:00:00","timetype":"Hour","precipitationmm":0.0,"temperature":13.2,"feeltemperature":13.2,"cloudcover":43,"iconcode":"jj","iconid":7,"sources":1,"winddirection":"NW","winddirectiondegrees":325,"windspeedms":2.37,"visibility":15410,"precipitation":0,"beaufort":2,"humidity":78,"sunshine":0,"hour":0,"pollenindex":4,"windspeed":9,"sunshinepower":0,"sunpower":0},{"datetime":"2020-07-21T01:00:00","datetimeutc":"2020-07-20T23:00:00","timetype":"Hour","precipitationmm":0.0,"temperature":12.6,"feeltemperature":12.6,"cloudcover":26,"iconcode":"jj","iconid":4,"sources":1,"winddirection":"NW","winddirectiondegrees":322,"windspeedms":2.34,"visibility":14220,"precipitation":0,"beaufort":2,"humidity":81,"sunshine":0,"hour":1,"pollenindex":4,"windspeed":8,"sunshinepower":0,"sunpower":0},{"datetime":"2020-07-21T02:00:00","datetimeutc":"2020-07-21T00:00:00","timetype":"Hour","precipitationmm":0.0,"temperature":12.2,"feeltemperature":12.2,"cloudcover":14,"iconcode":"aa","iconid":4,"sources":1,"winddirection":"NW","winddirectiondegrees":327,"windspeedms":2.21,"visibility":13030,"precipitation":0,"beaufort":2,"humidity":83,"sunshine":0,"hour":2,"pollenindex":4,"windspeed":8,"sunshinepower":0,"sunpower":0},{"datetime":"2020-07-21T03:00:00","datetimeutc":"2020-07-21T01:00:00","timetype":"Hour","precipitationmm":0.0,"temperature":11.8,"feeltemperature":11.8,"cloudcover":13,"iconcode":"aa","iconid":4,"sources":1,"winddirection":"NW","winddirectiondegrees":326,"windspeedms":2.21,"visibility":12010,"precipitation":0,"beaufort":2,"humidity":88,"sunshine":0,"hour":3,"pollenindex":3,"windspeed":8,"sunshinepower":0,"sunpower":0},{"datetime":"2020-07-21T04:00:00","datetimeutc":"2020-07-21T02:00:00","timetype":"Hour","precipitationmm":0.0,"temperature":11.7,"feeltemperature":11.7,"cloudcover":16,"iconcode":"jj","iconid":4,"sources":1,"winddirection":"NW","winddirectiondegrees":325,"windspeedms":2.26,"visibility":11400,"precipitation":0,"beaufort":2,"humidity":89,"sunshine":0,"hour":4,"pollenindex":3,"windspeed":8,"sunshinepower":0,"sunpower":0},{"datetime":"2020-07-21T05:00:00","datetimeutc":"2020-07-21T03:00:00","timetype":"Hour","precipitationmm":0.0,"temperature":11.8,"feeltemperature":11.8,"cloudcover":19,"iconcode":"jj","iconid":4,"sources":1,"winddirection":"NW","winddirectiondegrees":324,"windspeedms":2.19,"visibility":10800,"precipitation":0,"beaufort":2,"humidity":88,"sunshine":0,"hour":5,"pollenindex":3,"windspeed":8,"sunshinepower":0,"sunpower":0},{"datetime":"2020-07-21T06:00:00","datetimeutc":"2020-07-21T04:00:00","timetype":"Hour","precipitationmm":0.0,"temperature":12.3,"feeltemperature":12.3,"cloudcover":20,"iconcode":"j","iconid":4,"sources":1,"winddirection":"NW","winddirectiondegrees":326,"windspeedms":2.01,"visibility":10200,"precipitation":0,"beaufort":2,"humidity":86,"sunshine":21,"hour":6,"pollenindex":4,"windspeed":7,"sunshinepower":12,"sunpower":12},{"datetime":"2020-07-21T07:00:00","datetimeutc":"2020-07-21T05:00:00","timetype":"Hour","precipitationmm":0.0,"temperature":13.0,"feeltemperature":13.0,"cloudcover":20,"iconcode":"j","iconid":4,"sources":1,"winddirection":"NW","winddirectiondegrees":322,"windspeedms":1.77,"visibility":10400,"precipitation":0,"beaufort":1,"humidity":84,"sunshine":78,"hour":7,"pollenindex":4,"windspeed":6,"sunshinepower":92,"sunpower":92},{"datetime":"2020-07-21T08:00:00","datetimeutc":"2020-07-21T06:00:00","timetype":"Hour","precipitationmm":0.0,"temperature":13.9,"feeltemperature":13.9,"cloudcover":23,"iconcode":"j","iconid":4,"sources":1,"winddirection":"NW","winddirectiondegrees":320,"windspeedms":2.32,"visibility":12600,"precipitation":0,"beaufort":2,"humidity":81,"sunshine":78,"hour":8,"pollenindex":4,"windspeed":8,"sunshinepower":223,"sunpower":223},{"datetime":"2020-07-21T09:00:00","datetimeutc":"2020-07-21T07:00:00","timetype":"Hour","precipitationmm":0.0,"temperature":14.8,"feeltemperature":14.8,"cloudcover":48,"iconcode":"j","iconid":4,"sources":1,"winddirection":"NW","winddirectiondegrees":322,"windspeedms":3.17,"visibility":16000,"precipitation":0,"beaufort":2,"humidity":75,"sunshine":76,"hour":9,"pollenindex":4,"windspeed":11,"sunshinepower":351,"sunpower":351},{"datetime":"2020-07-21T10:00:00","datetimeutc":"2020-07-21T08:00:00","timetype":"Hour","precipitationmm":0.0,"temperature":15.7,"feeltemperature":15.7,"cloudcover":46,"iconcode":"j","iconid":7,"sources":1,"winddirection":"NW","winddirectiondegrees":318,"windspeedms":3.51,"visibility":16800,"precipitation":0,"beaufort":2,"humidity":69,"sunshine":48,"hour":10,"pollenindex":5,"windspeed":13,"sunshinepower":452,"sunpower":452},{"datetime":"2020-07-21T11:00:00","datetimeutc":"2020-07-21T09:00:00","timetype":"Hour","precipitationmm":0.0,"temperature":16.5,"feeltemperature":16.5,"cloudcover":44,"iconcode":"j","iconid":7,"sources":1,"winddirection":"NW","winddirectiondegrees":318,"windspeedms":3.91,"visibility":17200,"precipitation":0,"beaufort":2,"humidity":64,"sunshine":51,"hour":11,"pollenindex":5,"windspeed":14,"sunshinepower":535,"sunpower":535},{"datetime":"2020-07-21T12:00:00","datetimeutc":"2020-07-21T10:00:00","timetype":"Hour","precipitationmm":0.0,"temperature":17.3,"feeltemperature":17.3,"cloudcover":44,"iconcode":"j","iconid":7,"sources":1,"winddirection":"NW","winddirectiondegrees":313,"windspeedms":4.28,"visibility":17000,"precipitation":0,"beaufort":3,"humidity":61,"sunshine":53,"hour":12,"pollenindex":5,"windspeed":15,"sunshinepower":610,"sunpower":610},{"datetime":"2020-07-21T13:00:00","datetimeutc":"2020-07-21T11:00:00","timetype":"Hour","precipitationmm":0.0,"temperature":17.8,"feeltemperature":17.8,"cloudcover":49,"iconcode":"j","iconid":7,"sources":1,"winddirection":"NW","winddirectiondegrees":308,"windspeedms":4.53,"visibility":17400,"precipitation":0,"beaufort":3,"humidity":57,"sunshine":53,"hour":13,"pollenindex":5,"windspeed":16,"sunshinepower":657,"sunpower":657},{"datetime":"2020-07-21T14:00:00","datetimeutc":"2020-07-21T12:00:00","timetype":"Hour","precipitationmm":0.0,"temperature":18.3,"feeltemperature":18.3,"cloudcover":51,"iconcode":"b","iconid":7,"sources":1,"winddirection":"NW","winddirectiondegrees":304,"windspeedms":4.63,"visibility":16600,"precipitation":1,"beaufort":3,"humidity":54,"sunshine":48,"hour":14,"pollenindex":6,"windspeed":17,"sunshinepower":666,"sunpower":666},{"datetime":"2020-07-21T15:00:00","datetimeutc":"2020-07-21T13:00:00","timetype":"Hour","precipitationmm":0.0,"temperature":18.4,"feeltemperature":18.4,"cloudcover":51,"iconcode":"b","iconid":7,"sources":1,"winddirection":"NW","winddirectiondegrees":302,"windspeedms":4.75,"visibility":15000,"precipitation":1,"beaufort":3,"humidity":56,"sunshine":45,"hour":15,"pollenindex":5,"windspeed":17,"sunshinepower":652,"sunpower":652},{"datetime":"2020-07-21T16:00:00","datetimeutc":"2020-07-21T14:00:00","timetype":"Hour","precipitationmm":0.0,"temperature":18.3,"feeltemperature":18.3,"cloudcover":46,"iconcode":"j","iconid":19,"sources":1,"winddirection":"NW","winddirectiondegrees":307,"windspeedms":4.84,"visibility":15000,"precipitation":0,"beaufort":3,"humidity":57,"sunshine":45,"hour":16,"pollenindex":5,"windspeed":17,"sunshinepower":610,"sunpower":610},{"datetime":"2020-07-21T17:00:00","datetimeutc":"2020-07-21T15:00:00","timetype":"Hour","precipitationmm":0.0,"temperature":18.0,"feeltemperature":18.0,"cloudcover":47,"iconcode":"j","iconid":19,"sources":1,"winddirection":"NW","winddirectiondegrees":317,"windspeedms":4.68,"visibility":15400,"precipitation":0,"beaufort":3,"humidity":59,"sunshine":51,"hour":17,"pollenindex":5,"windspeed":17,"sunshinepower":530,"sunpower":530},{"datetime":"2020-07-21T18:00:00","datetimeutc":"2020-07-21T16:00:00","timetype":"Hour","precipitationmm":0.0,"temperature":17.6,"feeltemperature":17.6,"cloudcover":46,"iconcode":"j","iconid":19,"sources":1,"winddirection":"NW","winddirectiondegrees":333,"windspeedms":4.5,"visibility":16200,"precipitation":0,"beaufort":3,"humidity":59,"sunshine":50,"hour":18,"pollenindex":5,"windspeed":16,"sunshinepower":423,"sunpower":423},{"datetime":"2020-07-21T19:00:00","datetimeutc":"2020-07-21T17:00:00","timetype":"Hour","precipitationmm":0.0,"temperature":17.0,"feeltemperature":17.0,"cloudcover":34,"iconcode":"j","iconid":22,"sources":1,"winddirection":"N","winddirectiondegrees":345,"windspeedms":4.29,"visibility":17200,"precipitation":0,"beaufort":3,"humidity":63,"sunshine":51,"hour":19,"pollenindex":5,"windspeed":15,"sunshinepower":304,"sunpower":304},{"datetime":"2020-07-21T20:00:00","datetimeutc":"2020-07-21T18:00:00","timetype":"Hour","precipitationmm":0.0,"temperature":16.3,"feeltemperature":16.3,"cloudcover":28,"iconcode":"j","iconid":19,"sources":1,"winddirection":"N","winddirectiondegrees":351,"windspeedms":4.04,"visibility":17000,"precipitation":0,"beaufort":3,"humidity":65,"sunshine":65,"hour":20,"pollenindex":5,"windspeed":15,"sunshinepower":174,"sunpower":174},{"datetime":"2020-07-21T21:00:00","datetimeutc":"2020-07-21T19:00:00","timetype":"Hour","precipitationmm":0.0,"temperature":15.6,"feeltemperature":15.6,"cloudcover":34,"iconcode":"j","iconid":4,"sources":1,"winddirection":"N","winddirectiondegrees":357,"windspeedms":3.42,"visibility":16600,"precipitation":0,"beaufort":2,"humidity":69,"sunshine":70,"hour":21,"pollenindex":5,"windspeed":12,"sunshinepower":54,"sunpower":54},{"datetime":"2020-07-21T22:00:00","datetimeutc":"2020-07-21T20:00:00","timetype":"Hour","precipitationmm":0.0,"temperature":14.8,"feeltemperature":14.8,"cloudcover":37,"iconcode":"jj","iconid":4,"sources":1,"winddirection":"N","winddirectiondegrees":3,"windspeedms":2.65,"visibility":15400,"precipitation":0,"beaufort":2,"humidity":71,"sunshine":53,"hour":22,"pollenindex":5,"windspeed":10,"sunshinepower":0,"sunpower":0},{"datetime":"2020-07-21T23:00:00","datetimeutc":"2020-07-21T21:00:00","timetype":"Hour","precipitationmm":0.0,"temperature":14.1,"feeltemperature":14.1,"cloudcover":37,"iconcode":"jj","iconid":4,"sources":1,"winddirection":"N","winddirectiondegrees":9,"windspeedms":2.19,"visibility":14200,"precipitation":0,"beaufort":2,"humidity":75,"sunshine":0,"hour":23,"pollenindex":4,"windspeed":8,"sunshinepower":0,"sunpower":0}],"datetime":"2020-07-21T00:00:00","datetimeutc":"2020-07-20T22:00:00","timetype":"Day","precipitationmm":0.0,"mintemperature":11.7,"maxtemperature":18.4,"cloudcover":25,"iconcode":"j","iconid":2,"sources":1,"winddirection":"NW","winddirectiondegrees":315,"windspeedms":3.29,"precipitation":1,"beaufort":2,"uvindex":6,"bbqindex":6,"mosquitoindex":6,"pollenindex":5,"icescrapeindex":1,"mintemp":11.7,"maxtemp":18.4,"windspeed":3},{"date":"2020-07-22T00:00:00","sunrise":"2020-07-22T05:46:34","sunset":"2020-07-22T21:46:27","hours":[{"datetime":"2020-07-22T00:00:00","datetimeutc":"2020-07-21T22:00:00","timetype":"Hour","precipitationmm":0.0,"temperature":13.4,"feeltemperature":13.4,"cloudcover":42,"iconcode":"jj","iconid":7,"sources":1,"winddirection":"N","winddirectiondegrees":13,"windspeedms":1.96,"visibility":14010,"precipitation":0,"beaufort":1,"humidity":78,"sunshine":0,"hour":0,"pollenindex":4,"windspeed":7,"sunshinepower":0,"sunpower":0},{"datetime":"2020-07-22T01:00:00","datetimeutc":"2020-07-21T23:00:00","timetype":"Hour","precipitationmm":0.0,"temperature":12.9,"feeltemperature":12.9,"cloudcover":59,"iconcode":"bb","iconid":7,"sources":1,"winddirection":"N","winddirectiondegrees":16,"windspeedms":1.91,"visibility":13820,"precipitation":0,"beaufort":1,"humidity":81,"sunshine":0,"hour":1,"pollenindex":4,"windspeed":7,"sunshinepower":0,"sunpower":0},{"datetime":"2020-07-22T02:00:00","datetimeutc":"2020-07-22T00:00:00","timetype":"Hour","precipitationmm":0.0,"temperature":12.3,"feeltemperature":12.3,"cloudcover":69,"iconcode":"bb","iconid":7,"sources":1,"winddirection":"N","winddirectiondegrees":19,"windspeedms":1.89,"visibility":13620,"precipitation":0,"beaufort":1,"humidity":83,"sunshine":0,"hour":2,"pollenindex":4,"windspeed":7,"sunshinepower":0,"sunpower":0},{"datetime":"2020-07-22T03:00:00","datetimeutc":"2020-07-22T01:00:00","timetype":"Hour","precipitationmm":0.0,"temperature":11.8,"feeltemperature":11.8,"cloudcover":69,"iconcode":"bb","iconid":7,"sources":1,"winddirection":"NO","winddirectiondegrees":23,"windspeedms":1.79,"visibility":13410,"precipitation":0,"beaufort":1,"humidity":85,"sunshine":0,"hour":3,"pollenindex":4,"windspeed":6,"sunshinepower":0,"sunpower":0},{"datetime":"2020-07-22T04:00:00","datetimeutc":"2020-07-22T02:00:00","timetype":"Hour","precipitationmm":0.0,"temperature":11.6,"feeltemperature":11.6,"cloudcover":63,"iconcode":"bb","iconid":7,"sources":1,"winddirection":"NO","winddirectiondegrees":24,"windspeedms":1.73,"visibility":13010,"precipitation":0,"beaufort":1,"humidity":86,"sunshine":0,"hour":4,"pollenindex":4,"windspeed":6,"sunshinepower":0,"sunpower":0},{"datetime":"2020-07-22T05:00:00","datetimeutc":"2020-07-22T03:00:00","timetype":"Hour","precipitationmm":0.0,"temperature":11.7,"feeltemperature":11.7,"cloudcover":55,"iconcode":"bb","iconid":7,"sources":1,"winddirection":"NO","winddirectiondegrees":28,"windspeedms":1.57,"visibility":12600,"precipitation":0,"beaufort":1,"humidity":86,"sunshine":0,"hour":5,"pollenindex":4,"windspeed":6,"sunshinepower":0,"sunpower":0},{"datetime":"2020-07-22T06:00:00","datetimeutc":"2020-07-22T04:00:00","timetype":"Hour","precipitationmm":0.0,"temperature":12.2,"feeltemperature":12.2,"cloudcover":47,"iconcode":"j","iconid":7,"sources":1,"winddirection":"NO","winddirectiondegrees":32,"windspeedms":1.48,"visibility":12200,"precipitation":0,"beaufort":1,"humidity":84,"sunshine":10,"hour":6,"pollenindex":4,"windspeed":5,"sunshinepower":11,"sunpower":11},{"datetime":"2020-07-22T07:00:00","datetimeutc":"2020-07-22T05:00:00","timetype":"Hour","precipitationmm":0.0,"temperature":12.9,"feeltemperature":12.9,"cloudcover":41,"iconcode":"j","iconid":4,"sources":1,"winddirection":"NO","winddirectiondegrees":36,"windspeedms":1.52,"visibility":12200,"precipitation":0,"beaufort":1,"humidity":83,"sunshine":50,"hour":7,"pollenindex":4,"windspeed":5,"sunshinepower":87,"sunpower":87},{"datetime":"2020-07-22T08:00:00","datetimeutc":"2020-07-22T06:00:00","timetype":"Hour","precipitationmm":0.0,"temperature":13.7,"feeltemperature":13.7,"cloudcover":41,"iconcode":"j","iconid":4,"sources":1,"winddirection":"NO","winddirectiondegrees":41,"windspeedms":1.66,"visibility":13600,"precipitation":0,"beaufort":1,"humidity":79,"sunshine":56,"hour":8,"pollenindex":4,"windspeed":6,"sunshinepower":214,"sunpower":214},{"datetime":"2020-07-22T09:00:00","datetimeutc":"2020-07-22T07:00:00","timetype":"Hour","precipitationmm":0.0,"temperature":14.5,"feeltemperature":14.5,"cloudcover":40,"iconcode":"j","iconid":19,"sources":1,"winddirection":"NO","winddirectiondegrees":51,"windspeedms":1.91,"visibility":14000,"precipitation":0,"beaufort":1,"humidity":75,"sunshine":56,"hour":9,"pollenindex":4,"windspeed":7,"sunshinepower":347,"sunpower":347},{"datetime":"2020-07-22T10:00:00","datetimeutc":"2020-07-22T08:00:00","timetype":"Hour","precipitationmm":0.0,"temperature":15.3,"feeltemperature":15.3,"cloudcover":51,"iconcode":"b","iconid":19,"sources":1,"winddirection":"NO","winddirectiondegrees":62,"windspeedms":2.04,"visibility":14800,"precipitation":0,"beaufort":2,"humidity":70,"sunshine":56,"hour":10,"pollenindex":5,"windspeed":7,"sunshinepower":472,"sunpower":472},{"datetime":"2020-07-22T11:00:00","datetimeutc":"2020-07-22T09:00:00","timetype":"Hour","precipitationmm":0.0,"temperature":16.0,"feeltemperature":16.0,"cloudcover":55,"iconcode":"b","iconid":19,"sources":1,"winddirection":"O","winddirectiondegrees":68,"windspeedms":2.1,"visibility":15800,"precipitation":0,"beaufort":2,"humidity":65,"sunshine":45,"hour":11,"pollenindex":5,"windspeed":8,"sunshinepower":593,"sunpower":593},{"datetime":"2020-07-22T12:00:00","datetimeutc":"2020-07-22T10:00:00","timetype":"Hour","precipitationmm":0.0,"temperature":16.7,"feeltemperature":16.7,"cloudcover":42,"iconcode":"j","iconid":7,"sources":1,"winddirection":"NO","winddirectiondegrees":66,"windspeedms":2.17,"visibility":17000,"precipitation":0,"beaufort":2,"humidity":61,"sunshine":41,"hour":12,"pollenindex":5,"windspeed":8,"sunshinepower":695,"sunpower":695},{"datetime":"2020-07-22T13:00:00","datetimeutc":"2020-07-22T11:00:00","timetype":"Hour","precipitationmm":0.0,"temperature":17.4,"feeltemperature":17.4,"cloudcover":35,"iconcode":"j","iconid":7,"sources":1,"winddirection":"NO","winddirectiondegrees":60,"windspeedms":2.47,"visibility":18800,"precipitation":0,"beaufort":2,"humidity":57,"sunshine":55,"hour":13,"pollenindex":6,"windspeed":9,"sunshinepower":747,"sunpower":747},{"datetime":"2020-07-22T14:00:00","datetimeutc":"2020-07-22T12:00:00","timetype":"Hour","precipitationmm":0.0,"temperature":18.0,"feeltemperature":18.0,"cloudcover":34,"iconcode":"j","iconid":19,"sources":1,"winddirection":"NO","winddirectiondegrees":61,"windspeedms":2.79,"visibility":20800,"precipitation":0,"beaufort":2,"humidity":54,"sunshine":63,"hour":14,"pollenindex":6,"windspeed":10,"sunshinepower":745,"sunpower":745},{"datetime":"2020-07-22T15:00:00","datetimeutc":"2020-07-22T13:00:00","timetype":"Hour","precipitationmm":0.0,"temperature":18.5,"feeltemperature":18.5,"cloudcover":32,"iconcode":"j","iconid":20,"sources":1,"winddirection":"NO","winddirectiondegrees":66,"windspeedms":3.14,"visibility":21400,"precipitation":0,"beaufort":2,"humidity":54,"sunshine":63,"hour":15,"pollenindex":6,"windspeed":11,"sunshinepower":717,"sunpower":717},{"datetime":"2020-07-22T16:00:00","datetimeutc":"2020-07-22T14:00:00","timetype":"Hour","precipitationmm":0.0,"temperature":18.8,"feeltemperature":18.8,"cloudcover":32,"iconcode":"j","iconid":20,"sources":1,"winddirection":"NO","winddirectiondegrees":63,"windspeedms":3.24,"visibility":22000,"precipitation":0,"beaufort":2,"humidity":55,"sunshine":66,"hour":16,"pollenindex":6,"windspeed":12,"sunshinepower":656,"sunpower":656},{"datetime":"2020-07-22T17:00:00","datetimeutc":"2020-07-22T15:00:00","timetype":"Hour","precipitationmm":0.0,"temperature":18.9,"feeltemperature":18.9,"cloudcover":32,"iconcode":"j","iconid":20,"sources":1,"winddirection":"NO","winddirectiondegrees":59,"windspeedms":3.49,"visibility":22200,"precipitation":0,"beaufort":2,"humidity":55,"sunshine":66,"hour":17,"pollenindex":6,"windspeed":13,"sunshinepower":554,"sunpower":554},{"datetime":"2020-07-22T18:00:00","datetimeutc":"2020-07-22T16:00:00","timetype":"Hour","precipitationmm":0.0,"temperature":18.6,"feeltemperature":18.6,"cloudcover":32,"iconcode":"j","iconid":20,"sources":1,"winddirection":"NO","winddirectiondegrees":57,"windspeedms":3.62,"visibility":22200,"precipitation":0,"beaufort":2,"humidity":56,"sunshine":66,"hour":18,"pollenindex":6,"windspeed":13,"sunshinepower":434,"sunpower":434},{"datetime":"2020-07-22T19:00:00","datetimeutc":"2020-07-22T17:00:00","timetype":"Hour","precipitationmm":0.0,"temperature":18.0,"feeltemperature":18.0,"cloudcover":30,"iconcode":"j","iconid":20,"sources":1,"winddirection":"NO","winddirectiondegrees":53,"windspeedms":3.79,"visibility":21210,"precipitation":0,"beaufort":2,"humidity":60,"sunshine":66,"hour":19,"pollenindex":5,"windspeed":14,"sunshinepower":302,"sunpower":302},{"datetime":"2020-07-22T20:00:00","datetimeutc":"2020-07-22T18:00:00","timetype":"Hour","precipitationmm":0.0,"temperature":17.3,"feeltemperature":17.3,"cloudcover":30,"iconcode":"j","iconid":20,"sources":1,"winddirection":"NO","winddirectiondegrees":47,"windspeedms":3.66,"visibility":19600,"precipitation":0,"beaufort":2,"humidity":63,"sunshine":68,"hour":20,"pollenindex":5,"windspeed":13,"sunshinepower":170,"sunpower":170},{"datetime":"2020-07-22T21:00:00","datetimeutc":"2020-07-22T19:00:00","timetype":"Hour","precipitationmm":0.0,"temperature":16.4,"feeltemperature":16.4,"cloudcover":30,"iconcode":"j","iconid":20,"sources":1,"winddirection":"NO","winddirectiondegrees":39,"windspeedms":3.27,"visibility":17400,"precipitation":0,"beaufort":2,"humidity":67,"sunshine":68,"hour":21,"pollenindex":5,"windspeed":12,"sunshinepower":55,"sunpower":55},{"datetime":"2020-07-22T22:00:00","datetimeutc":"2020-07-22T20:00:00","timetype":"Hour","precipitationmm":0.0,"temperature":15.7,"feeltemperature":15.7,"cloudcover":30,"iconcode":"jj","iconid":20,"sources":1,"winddirection":"NO","winddirectiondegrees":38,"windspeedms":3.11,"visibility":14610,"precipitation":0,"beaufort":2,"humidity":69,"sunshine":55,"hour":22,"pollenindex":5,"windspeed":11,"sunshinepower":0,"sunpower":0},{"datetime":"2020-07-22T23:00:00","datetimeutc":"2020-07-22T21:00:00","timetype":"Hour","precipitationmm":0.0,"temperature":15.0,"feeltemperature":15.0,"cloudcover":30,"iconcode":"jj","iconid":20,"sources":1,"winddirection":"NO","winddirectiondegrees":45,"windspeedms":2.99,"visibility":13810,"precipitation":0,"beaufort":2,"humidity":72,"sunshine":0,"hour":23,"pollenindex":5,"windspeed":11,"sunshinepower":0,"sunpower":0}],"datetime":"2020-07-22T00:00:00","datetimeutc":"2020-07-21T22:00:00","timetype":"Day","precipitationmm":0.0,"mintemperature":11.6,"maxtemperature":18.9,"cloudcover":25,"iconcode":"j","iconid":2,"sources":1,"winddirection":"NO","winddirectiondegrees":45,"windspeedms":2.47,"precipitation":0,"beaufort":2,"uvindex":7,"bbqindex":9,"mosquitoindex":7,"pollenindex":5,"icescrapeindex":1,"mintemp":11.6,"maxtemp":18.9,"windspeed":2},{"date":"2020-07-23T00:00:00","sunrise":"2020-07-23T05:48:00","sunset":"2020-07-23T21:45:04","hours":[{"datetime":"2020-07-23T00:00:00","datetimeutc":"2020-07-22T22:00:00","timetype":"Hour","precipitationmm":0.0,"temperature":14.3,"feeltemperature":14.3,"cloudcover":30,"iconcode":"jj","iconid":20,"sources":1,"winddirection":"NO","winddirectiondegrees":63,"windspeedms":2.72,"visibility":14610,"precipitation":0,"beaufort":2,"humidity":75,"sunshine":0,"hour":0,"pollenindex":4,"windspeed":10,"sunshinepower":0,"sunpower":0},{"datetime":"2020-07-23T01:00:00","datetimeutc":"2020-07-22T23:00:00","timetype":"Hour","precipitationmm":0.0,"temperature":13.7,"feeltemperature":13.7,"cloudcover":30,"iconcode":"jj","iconid":20,"sources":1,"winddirection":"O","winddirectiondegrees":84,"windspeedms":2.76,"visibility":16020,"precipitation":0,"beaufort":2,"humidity":79,"sunshine":0,"hour":1,"pollenindex":4,"windspeed":10,"sunshinepower":0,"sunpower":0},{"datetime":"2020-07-23T02:00:00","datetimeutc":"2020-07-23T00:00:00","timetype":"Hour","precipitationmm":0.0,"temperature":13.1,"feeltemperature":13.1,"cloudcover":30,"iconcode":"jj","iconid":20,"sources":1,"winddirection":"O","winddirectiondegrees":94,"windspeedms":2.79,"visibility":15810,"precipitation":0,"beaufort":2,"humidity":82,"sunshine":0,"hour":2,"pollenindex":4,"windspeed":10,"sunshinepower":0,"sunpower":0},{"datetime":"2020-07-23T03:00:00","datetimeutc":"2020-07-23T01:00:00","timetype":"Hour","precipitationmm":0.0,"temperature":12.4,"feeltemperature":12.4,"cloudcover":30,"iconcode":"jj","iconid":20,"sources":1,"winddirection":"O","winddirectiondegrees":100,"windspeedms":2.65,"visibility":13610,"precipitation":0,"beaufort":2,"humidity":85,"sunshine":0,"hour":3,"pollenindex":4,"windspeed":10,"sunshinepower":0,"sunpower":0},{"datetime":"2020-07-23T04:00:00","datetimeutc":"2020-07-23T02:00:00","timetype":"Hour","precipitationmm":0.0,"temperature":11.8,"feeltemperature":11.8,"cloudcover":30,"iconcode":"jj","iconid":19,"sources":1,"winddirection":"O","winddirectiondegrees":107,"windspeedms":2.42,"visibility":11010,"precipitation":0,"beaufort":2,"humidity":88,"sunshine":0,"hour":4,"pollenindex":3,"windspeed":9,"sunshinepower":0,"sunpower":0},{"datetime":"2020-07-23T05:00:00","datetimeutc":"2020-07-23T03:00:00","timetype":"Hour","precipitationmm":0.0,"temperature":11.6,"feeltemperature":11.6,"cloudcover":30,"iconcode":"jj","iconid":19,"sources":1,"winddirection":"ZO","winddirectiondegrees":118,"windspeedms":2.23,"visibility":9800,"precipitation":0,"beaufort":2,"humidity":86,"sunshine":0,"hour":5,"pollenindex":4,"windspeed":8,"sunshinepower":0,"sunpower":0},{"datetime":"2020-07-23T06:00:00","datetimeutc":"2020-07-23T04:00:00","timetype":"Hour","precipitationmm":0.0,"temperature":12.0,"feeltemperature":12.0,"cloudcover":30,"iconcode":"j","iconid":19,"sources":1,"winddirection":"ZO","winddirectiondegrees":125,"windspeedms":2.12,"visibility":9600,"precipitation":0,"beaufort":2,"humidity":83,"sunshine":15,"hour":6,"pollenindex":4,"windspeed":8,"sunshinepower":12,"sunpower":12},{"datetime":"2020-07-23T07:00:00","datetimeutc":"2020-07-23T05:00:00","timetype":"Hour","precipitationmm":0.0,"temperature":13.0,"feeltemperature":13.0,"cloudcover":30,"iconcode":"j","iconid":19,"sources":1,"winddirection":"ZO","winddirectiondegrees":133,"windspeedms":1.95,"visibility":10200,"precipitation":0,"beaufort":1,"humidity":81,"sunshine":68,"hour":7,"pollenindex":4,"windspeed":7,"sunshinepower":92,"sunpower":92},{"datetime":"2020-07-23T08:00:00","datetimeutc":"2020-07-23T06:00:00","timetype":"Hour","precipitationmm":0.0,"temperature":14.4,"feeltemperature":14.4,"cloudcover":30,"iconcode":"j","iconid":19,"sources":1,"winddirection":"ZO","winddirectiondegrees":142,"windspeedms":1.64,"visibility":12600,"precipitation":0,"beaufort":1,"humidity":78,"sunshine":68,"hour":8,"pollenindex":4,"windspeed":6,"sunshinepower":221,"sunpower":221},{"datetime":"2020-07-23T09:00:00","datetimeutc":"2020-07-23T07:00:00","timetype":"Hour","precipitationmm":0.0,"temperature":16.0,"feeltemperature":16.0,"cloudcover":30,"iconcode":"j","iconid":19,"sources":1,"winddirection":"ZO","winddirectiondegrees":150,"windspeedms":2.01,"visibility":17000,"precipitation":0,"beaufort":2,"humidity":73,"sunshine":68,"hour":9,"pollenindex":4,"windspeed":7,"sunshinepower":351,"sunpower":351},{"datetime":"2020-07-23T10:00:00","datetimeutc":"2020-07-23T08:00:00","timetype":"Hour","precipitationmm":0.0,"temperature":17.5,"feeltemperature":17.5,"cloudcover":30,"iconcode":"j","iconid":19,"sources":1,"winddirection":"ZO","winddirectiondegrees":153,"windspeedms":2.21,"visibility":22400,"precipitation":0,"beaufort":2,"humidity":66,"sunshine":68,"hour":10,"pollenindex":5,"windspeed":8,"sunshinepower":459,"sunpower":459},{"datetime":"2020-07-23T11:00:00","datetimeutc":"2020-07-23T09:00:00","timetype":"Hour","precipitationmm":0.0,"temperature":18.8,"feeltemperature":18.8,"cloudcover":30,"iconcode":"j","iconid":19,"sources":1,"winddirection":"ZO","winddirectiondegrees":149,"windspeedms":2.12,"visibility":26000,"precipitation":0,"beaufort":2,"humidity":58,"sunshine":68,"hour":11,"pollenindex":5,"windspeed":8,"sunshinepower":556,"sunpower":556},{"datetime":"2020-07-23T12:00:00","datetimeutc":"2020-07-23T10:00:00","timetype":"Hour","precipitationmm":0.0,"temperature":19.9,"feeltemperature":19.9,"cloudcover":30,"iconcode":"j","iconid":19,"sources":1,"winddirection":"ZO","winddirectiondegrees":143,"windspeedms":2.2,"visibility":27400,"precipitation":0,"beaufort":2,"humidity":53,"sunshine":68,"hour":12,"pollenindex":6,"windspeed":8,"sunshinepower":641,"sunpower":641},{"datetime":"2020-07-23T13:00:00","datetimeutc":"2020-07-23T11:00:00","timetype":"Hour","precipitationmm":0.0,"temperature":20.8,"feeltemperature":20.8,"cloudcover":90,"iconcode":"c","iconid":22,"sources":1,"winddirection":"ZO","winddirectiondegrees":133,"windspeedms":2.54,"visibility":27600,"precipitation":0,"beaufort":2,"humidity":49,"sunshine":68,"hour":13,"pollenindex":6,"windspeed":9,"sunshinepower":692,"sunpower":692},{"datetime":"2020-07-23T14:00:00","datetimeutc":"2020-07-23T12:00:00","timetype":"Hour","precipitationmm":0.0,"temperature":21.4,"feeltemperature":21.4,"cloudcover":89,"iconcode":"r","iconid":22,"sources":1,"winddirection":"ZO","winddirectiondegrees":120,"windspeedms":2.62,"visibility":29600,"precipitation":0,"beaufort":2,"humidity":46,"sunshine":3,"hour":14,"pollenindex":6,"windspeed":9,"sunshinepower":699,"sunpower":699},{"datetime":"2020-07-23T15:00:00","datetimeutc":"2020-07-23T13:00:00","timetype":"Hour","precipitationmm":0.0,"temperature":21.9,"feeltemperature":21.9,"cloudcover":92,"iconcode":"c","iconid":22,"sources":1,"winddirection":"O","winddirectiondegrees":112,"windspeedms":2.69,"visibility":29600,"precipitation":0,"beaufort":2,"humidity":46,"sunshine":5,"hour":15,"pollenindex":6,"windspeed":10,"sunshinepower":665,"sunpower":665},{"datetime":"2020-07-23T16:00:00","datetimeutc":"2020-07-23T14:00:00","timetype":"Hour","precipitationmm":0.0,"temperature":22.1,"feeltemperature":25.2,"cloudcover":98,"iconcode":"c","iconid":22,"sources":1,"winddirection":"O","winddirectiondegrees":99,"windspeedms":2.64,"visibility":29400,"precipitation":0,"beaufort":2,"humidity":47,"sunshine":1,"hour":16,"pollenindex":6,"windspeed":10,"sunshinepower":602,"sunpower":602},{"datetime":"2020-07-23T17:00:00","datetimeutc":"2020-07-23T15:00:00","timetype":"Hour","precipitationmm":0.0,"temperature":22.0,"feeltemperature":22.0,"cloudcover":100,"iconcode":"c","iconid":20,"sources":1,"winddirection":"O","winddirectiondegrees":84,"windspeedms":2.51,"visibility":28800,"precipitation":0,"beaufort":2,"humidity":47,"sunshine":0,"hour":17,"pollenindex":6,"windspeed":9,"sunshinepower":509,"sunpower":509},{"datetime":"2020-07-23T18:00:00","datetimeutc":"2020-07-23T16:00:00","timetype":"Hour","precipitationmm":0.0,"temperature":21.6,"feeltemperature":21.6,"cloudcover":100,"iconcode":"c","iconid":21,"sources":1,"winddirection":"NO","winddirectiondegrees":45,"windspeedms":2.58,"visibility":28600,"precipitation":0,"beaufort":2,"humidity":49,"sunshine":0,"hour":18,"pollenindex":6,"windspeed":9,"sunshinepower":398,"sunpower":398},{"datetime":"2020-07-23T19:00:00","datetimeutc":"2020-07-23T17:00:00","timetype":"Hour","precipitationmm":0.0,"temperature":20.9,"feeltemperature":20.9,"cloudcover":97,"iconcode":"c","iconid":22,"sources":1,"winddirection":"NO","winddirectiondegrees":28,"windspeedms":2.85,"visibility":29000,"precipitation":0,"beaufort":2,"humidity":53,"sunshine":0,"hour":19,"pollenindex":6,"windspeed":10,"sunshinepower":276,"sunpower":276},{"datetime":"2020-07-23T20:00:00","datetimeutc":"2020-07-23T18:00:00","timetype":"Hour","precipitationmm":0.0,"temperature":20.0,"feeltemperature":20.0,"cloudcover":96,"iconcode":"c","iconid":22,"sources":1,"winddirection":"N","winddirectiondegrees":21,"windspeedms":3.22,"visibility":25400,"precipitation":0,"beaufort":2,"humidity":59,"sunshine":0,"hour":20,"pollenindex":5,"windspeed":12,"sunshinepower":151,"sunpower":151},{"datetime":"2020-07-23T21:00:00","datetimeutc":"2020-07-23T19:00:00","timetype":"Hour","precipitationmm":0.0,"temperature":18.9,"feeltemperature":18.9,"cloudcover":100,"iconcode":"c","iconid":19,"sources":1,"winddirection":"N","winddirectiondegrees":17,"windspeedms":2.98,"visibility":20010,"precipitation":0,"beaufort":2,"humidity":65,"sunshine":0,"hour":21,"pollenindex":5,"windspeed":11,"sunshinepower":47,"sunpower":47},{"datetime":"2020-07-23T22:00:00","datetimeutc":"2020-07-23T20:00:00","timetype":"Hour","precipitationmm":0.0,"temperature":18.0,"feeltemperature":18.0,"cloudcover":100,"iconcode":"cc","iconid":19,"sources":1,"winddirection":"N","winddirectiondegrees":14,"windspeedms":2.76,"visibility":17410,"precipitation":0,"beaufort":2,"humidity":68,"sunshine":0,"hour":22,"pollenindex":5,"windspeed":10,"sunshinepower":0,"sunpower":0},{"datetime":"2020-07-23T23:00:00","datetimeutc":"2020-07-23T21:00:00","timetype":"Hour","precipitationmm":0.0,"temperature":17.1,"feeltemperature":17.1,"cloudcover":100,"iconcode":"cc","iconid":22,"sources":1,"winddirection":"N","winddirectiondegrees":22,"windspeedms":2.69,"visibility":15810,"precipitation":0,"beaufort":2,"humidity":73,"sunshine":0,"hour":23,"pollenindex":4,"windspeed":10,"sunshinepower":0,"sunpower":0}],"datetime":"2020-07-23T00:00:00","datetimeutc":"2020-07-22T22:00:00","timetype":"Day","precipitationmm":0.0,"mintemperature":11.6,"maxtemperature":22.1,"cloudcover":75,"iconcode":"r","iconid":3,"sources":1,"winddirection":"ZO","winddirectiondegrees":135,"windspeedms":2.5,"precipitation":0,"beaufort":2,"uvindex":6,"bbqindex":8,"mosquitoindex":7,"pollenindex":5,"icescrapeindex":1,"mintemp":11.6,"maxtemp":22.1,"windspeed":2},{"date":"2020-07-24T00:00:00","sunrise":"2020-07-24T05:49:27","sunset":"2020-07-24T21:43:38","hours":[{"datetime":"2020-07-24T00:00:00","datetimeutc":"2020-07-23T22:00:00","timetype":"Hour","precipitationmm":0.0,"temperature":16.4,"feeltemperature":16.4,"cloudcover":100,"iconcode":"cc","iconid":22,"sources":1,"winddirection":"NO","winddirectiondegrees":28,"windspeedms":2.6,"visibility":14220,"precipitation":0,"beaufort":2,"humidity":77,"sunshine":0,"hour":0,"pollenindex":4,"windspeed":9,"sunshinepower":0,"sunpower":0},{"datetime":"2020-07-24T01:00:00","datetimeutc":"2020-07-23T23:00:00","timetype":"Hour","precipitationmm":0.0,"temperature":16.0,"feeltemperature":16.0,"cloudcover":100,"iconcode":"cc","iconid":22,"sources":1,"winddirection":"NO","winddirectiondegrees":32,"windspeedms":2.45,"visibility":13020,"precipitation":0,"beaufort":2,"humidity":80,"sunshine":0,"hour":1,"pollenindex":4,"windspeed":9,"sunshinepower":0,"sunpower":0},{"datetime":"2020-07-24T02:00:00","datetimeutc":"2020-07-24T00:00:00","timetype":"Hour","precipitationmm":0.0,"temperature":15.6,"feeltemperature":15.6,"cloudcover":98,"iconcode":"cc","iconid":22,"sources":1,"winddirection":"NO","winddirectiondegrees":24,"windspeedms":2.27,"visibility":12820,"precipitation":0,"beaufort":2,"humidity":82,"sunshine":0,"hour":2,"pollenindex":4,"windspeed":8,"sunshinepower":0,"sunpower":0},{"datetime":"2020-07-24T03:00:00","datetimeutc":"2020-07-24T01:00:00","timetype":"Hour","precipitationmm":0.0,"temperature":15.3,"feeltemperature":15.3,"cloudcover":100,"iconcode":"cc","iconid":22,"sources":1,"winddirection":"N","winddirectiondegrees":10,"windspeedms":2.26,"visibility":12810,"precipitation":0,"beaufort":2,"humidity":82,"sunshine":0,"hour":3,"pollenindex":4,"windspeed":8,"sunshinepower":0,"sunpower":0},{"datetime":"2020-07-24T04:00:00","datetimeutc":"2020-07-24T02:00:00","timetype":"Hour","precipitationmm":0.0,"temperature":15.1,"feeltemperature":15.1,"cloudcover":100,"iconcode":"cc","iconid":20,"sources":1,"winddirection":"N","winddirectiondegrees":358,"windspeedms":2.31,"visibility":12810,"precipitation":0,"beaufort":2,"humidity":82,"sunshine":0,"hour":4,"pollenindex":4,"windspeed":8,"sunshinepower":0,"sunpower":0},{"datetime":"2020-07-24T05:00:00","datetimeutc":"2020-07-24T03:00:00","timetype":"Hour","precipitationmm":0.0,"temperature":15.1,"feeltemperature":15.1,"cloudcover":100,"iconcode":"cc","iconid":20,"sources":1,"winddirection":"N","winddirectiondegrees":342,"windspeedms":2.29,"visibility":12610,"precipitation":0,"beaufort":2,"humidity":81,"sunshine":0,"hour":5,"pollenindex":4,"windspeed":8,"sunshinepower":0,"sunpower":0},{"datetime":"2020-07-24T06:00:00","datetimeutc":"2020-07-24T04:00:00","timetype":"Hour","precipitationmm":0.0,"temperature":15.5,"feeltemperature":15.5,"cloudcover":99,"iconcode":"c","iconid":22,"sources":1,"winddirection":"NW","winddirectiondegrees":335,"windspeedms":2.3,"visibility":12400,"precipitation":0,"beaufort":2,"humidity":80,"sunshine":0,"hour":6,"pollenindex":4,"windspeed":8,"sunshinepower":7,"sunpower":7},{"datetime":"2020-07-24T07:00:00","datetimeutc":"2020-07-24T05:00:00","timetype":"Hour","precipitationmm":0.0,"temperature":16.2,"feeltemperature":16.2,"cloudcover":90,"iconcode":"c","iconid":22,"sources":1,"winddirection":"NW","winddirectiondegrees":331,"windspeedms":2.13,"visibility":12400,"precipitation":0,"beaufort":2,"humidity":80,"sunshine":0,"hour":7,"pollenindex":4,"windspeed":8,"sunshinepower":68,"sunpower":68},{"datetime":"2020-07-24T08:00:00","datetimeutc":"2020-07-24T06:00:00","timetype":"Hour","precipitationmm":0.0,"temperature":17.2,"feeltemperature":17.2,"cloudcover":78,"iconcode":"r","iconid":22,"sources":1,"winddirection":"NW","winddirectiondegrees":329,"windspeedms":2.31,"visibility":14600,"precipitation":1,"beaufort":2,"humidity":79,"sunshine":5,"hour":8,"pollenindex":4,"windspeed":8,"sunshinepower":177,"sunpower":177},{"datetime":"2020-07-24T09:00:00","datetimeutc":"2020-07-24T07:00:00","timetype":"Hour","precipitationmm":0.0,"temperature":18.3,"feeltemperature":18.3,"cloudcover":75,"iconcode":"r","iconid":22,"sources":1,"winddirection":"NW","winddirectiondegrees":327,"windspeedms":2.62,"visibility":21400,"precipitation":1,"beaufort":2,"humidity":72,"sunshine":16,"hour":9,"pollenindex":4,"windspeed":9,"sunshinepower":302,"sunpower":302},{"datetime":"2020-07-24T10:00:00","datetimeutc":"2020-07-24T08:00:00","timetype":"Hour","precipitationmm":0.0,"temperature":19.4,"feeltemperature":19.4,"cloudcover":77,"iconcode":"r","iconid":22,"sources":1,"winddirection":"NW","winddirectiondegrees":318,"windspeedms":2.66,"visibility":23600,"precipitation":1,"beaufort":2,"humidity":65,"sunshine":20,"hour":10,"pollenindex":5,"windspeed":10,"sunshinepower":426,"sunpower":426},{"datetime":"2020-07-24T11:00:00","datetimeutc":"2020-07-24T09:00:00","timetype":"Hour","precipitationmm":0.0,"temperature":20.4,"feeltemperature":20.4,"cloudcover":77,"iconcode":"r","iconid":21,"sources":1,"winddirection":"NW","winddirectiondegrees":311,"windspeedms":2.85,"visibility":24800,"precipitation":1,"beaufort":2,"humidity":60,"sunshine":18,"hour":11,"pollenindex":5,"windspeed":10,"sunshinepower":533,"sunpower":533},{"datetime":"2020-07-24T12:00:00","datetimeutc":"2020-07-24T10:00:00","timetype":"Hour","precipitationmm":0.0,"temperature":21.2,"feeltemperature":21.2,"cloudcover":71,"iconcode":"r","iconid":20,"sources":1,"winddirection":"NW","winddirectiondegrees":305,"windspeedms":3.22,"visibility":25600,"precipitation":1,"beaufort":2,"humidity":57,"sunshine":18,"hour":12,"pollenindex":5,"windspeed":12,"sunshinepower":656,"sunpower":656},{"datetime":"2020-07-24T13:00:00","datetimeutc":"2020-07-24T11:00:00","timetype":"Hour","precipitationmm":0.0,"temperature":21.9,"feeltemperature":21.9,"cloudcover":67,"iconcode":"b","iconid":19,"sources":1,"winddirection":"NW","winddirectiondegrees":302,"windspeedms":3.29,"visibility":25400,"precipitation":1,"beaufort":2,"humidity":53,"sunshine":25,"hour":13,"pollenindex":6,"windspeed":12,"sunshinepower":498,"sunpower":498},{"datetime":"2020-07-24T14:00:00","datetimeutc":"2020-07-24T12:00:00","timetype":"Hour","precipitationmm":0.0,"temperature":22.5,"feeltemperature":25.2,"cloudcover":67,"iconcode":"b","iconid":7,"sources":1,"winddirection":"NW","winddirectiondegrees":296,"windspeedms":3.35,"visibility":26200,"precipitation":1,"beaufort":2,"humidity":51,"sunshine":28,"hour":14,"pollenindex":6,"windspeed":12,"sunshinepower":0,"sunpower":0}],"datetime":"2020-07-24T00:00:00","datetimeutc":"2020-07-23T22:00:00","timetype":"Day","precipitationmm":0.0,"mintemperature":15.1,"maxtemperature":22.5,"cloudcover":25,"iconcode":"j","iconid":2,"sources":1,"winddirection":"NW","winddirectiondegrees":315,"windspeedms":1.9,"precipitation":1,"beaufort":1,"mosquitoindex":8,"pollenindex":5,"icescrapeindex":1,"mintemp":15.1,"maxtemp":22.5,"windspeed":2},{"date":"2020-07-25T00:00:00","sunrise":"2020-07-25T05:50:55","sunset":"2020-07-25T21:42:10","datetime":"2020-07-25T00:00:00","datetimeutc":"2020-07-24T22:00:00","timetype":"Day","precipitationmm":2.5,"mintemperature":16.6,"maxtemperature":21.8,"cloudcover":90,"iconcode":"m","iconid":12,"sources":1,"winddirection":"ZW","winddirectiondegrees":225,"windspeedms":2.49,"precipitation":62,"beaufort":2,"pollenindex":5,"mintemp":16.6,"maxtemp":21.8,"windspeed":2},{"date":"2020-07-26T00:00:00","sunrise":"2020-07-26T05:52:24","sunset":"2020-07-26T21:40:39","datetime":"2020-07-26T00:00:00","datetimeutc":"2020-07-25T22:00:00","timetype":"Day","precipitationmm":4.0,"mintemperature":17.1,"maxtemperature":20.5,"cloudcover":25,"iconcode":"f","iconid":16,"sources":1,"winddirection":"W","winddirectiondegrees":270,"windspeedms":4.01,"precipitation":76,"beaufort":3,"pollenindex":5,"mintemp":17.1,"maxtemp":20.5,"windspeed":4},{"date":"2020-07-27T00:00:00","sunrise":"2020-07-27T05:53:54","sunset":"2020-07-27T21:39:07","datetime":"2020-07-27T00:00:00","datetimeutc":"2020-07-26T22:00:00","timetype":"Day","precipitationmm":4.2,"mintemperature":16.3,"maxtemperature":20.3,"cloudcover":25,"iconcode":"f","iconid":16,"sources":1,"winddirection":"W","winddirectiondegrees":270,"windspeedms":2.79,"precipitation":72,"beaufort":2,"pollenindex":5,"mintemp":16.3,"maxtemp":20.3,"windspeed":3},{"date":"2020-07-28T00:00:00","sunrise":"2020-07-28T05:55:25","sunset":"2020-07-28T21:37:32","datetime":"2020-07-28T00:00:00","datetimeutc":"2020-07-27T22:00:00","timetype":"Day","precipitationmm":2.6,"mintemperature":16.1,"maxtemperature":20.2,"cloudcover":25,"iconcode":"f","iconid":16,"sources":1,"winddirection":"W","winddirectiondegrees":270,"windspeedms":2.55,"precipitation":61,"beaufort":2,"pollenindex":5,"mintemp":16.1,"maxtemp":20.2,"windspeed":3},{"date":"2020-07-29T00:00:00","sunrise":"2020-07-29T05:56:57","sunset":"2020-07-29T21:35:56","datetime":"2020-07-29T00:00:00","datetimeutc":"2020-07-28T22:00:00","timetype":"Day","precipitationmm":1.7,"mintemperature":15.9,"maxtemperature":20.3,"cloudcover":25,"iconcode":"f","iconid":16,"sources":1,"winddirection":"W","winddirectiondegrees":270,"windspeedms":2.88,"precipitation":58,"beaufort":2,"pollenindex":5,"mintemp":15.9,"maxtemp":20.3,"windspeed":3},{"date":"2020-07-30T00:00:00","sunrise":"2020-07-30T05:58:29","sunset":"2020-07-30T21:34:17","datetime":"2020-07-30T00:00:00","datetimeutc":"2020-07-29T22:00:00","timetype":"Day","precipitationmm":0.0,"mintemperature":15.7,"maxtemperature":20.6,"cloudcover":25,"iconcode":"j","iconid":2,"sources":1,"winddirection":"W","winddirectiondegrees":270,"windspeedms":2.59,"precipitation":2,"beaufort":2,"pollenindex":5,"mintemp":15.7,"maxtemp":20.6,"windspeed":3},{"date":"2020-07-31T00:00:00","sunrise":"2020-07-31T06:00:02","sunset":"2020-07-31T21:32:37","datetime":"2020-07-31T00:00:00","datetimeutc":"2020-07-30T22:00:00","timetype":"Day","precipitationmm":0.0,"mintemperature":16.6,"maxtemperature":20.8,"cloudcover":25,"iconcode":"j","iconid":2,"sources":1,"winddirection":"W","winddirectiondegrees":270,"windspeedms":2.95,"precipitation":2,"beaufort":2,"pollenindex":5,"mintemp":16.6,"maxtemp":20.8,"windspeed":3},{"date":"2020-08-01T00:00:00","sunrise":"2020-08-01T06:01:36","sunset":"2020-08-01T21:30:55","datetime":"2020-08-01T00:00:00","datetimeutc":"2020-07-31T22:00:00","timetype":"Day","precipitationmm":2.8,"mintemperature":16.6,"maxtemperature":20.9,"cloudcover":50,"iconcode":"g","iconid":8,"sources":1,"winddirection":"W","winddirectiondegrees":270,"windspeedms":3.0,"precipitation":61,"beaufort":2,"pollenindex":5,"mintemp":16.6,"maxtemp":20.9,"windspeed":3}]}