{"location":{"lat":52.37,"lon":4.89},"timeOffset":2.0,"timestamp":"2020-07-23T11:50:58","altitude":0,"elevation":0,"machinename":"None","elapsedms":0,"pollenindexNowDay":5,"pollenindexNowHour":4,"nowrelevant":{"values":[{"type":"pollenindex","value":5},{"type":"uvindex","value":6}]},"days":[{"date":"2020-07-23T00:00:00","sunrise":"2020-07-23T05:48:00","sunset":"2020-07-23T21:45:04","afternoon":{"datetime":"2020-07-23T14:00:00","datetimeutc":"2020-07-23T12:00:00","timetype":"Afternoon","precipitationmm":0.0,"mintemperature":22.3,"maxtemperature":23.3,"cloudcover":40,"iconcode":"j","iconid":7,"sources":1,"winddirection":"W","winddirectiondegrees":258,"windspeedms":6.1,"visibility":20670,"precipitation":0,"beaufort":4,"humidity":51,"sunshine":56,"hour":14,"mintemp":22.3,"maxtemp":23.3,"windspeed":22,"sunshinepower":579,"sunpower":579},"evening":{"datetime":"2020-07-23T18:00:00","datetimeutc":"2020-07-23T16:00:00","timetype":"Evening","precipitationmm":0.0,"mintemperature":18.9,"maxtemperature":22.8,"cloudcover":86,"iconcode":"r","iconid":20,"sources":1,"winddirection":"W","winddirectiondegrees":250,"windspeedms":4.0,"visibility":21661,"precipitation":0,"beaufort":3,"humidity":55,"sunshine":22,"hour":18,"mintemp":18.9,"maxtemp":22.8,"windspeed":14,"sunshinepower":143,"sunpower":143},"hours":[{"datetime":"2020-07-23T14:00:00","datetimeutc":"2020-07-23T12:00:00","timetype":"Hour","precipitationmm":0.0,"temperature":22.3,"feeltemperature":25.1,"cloudcover":30,"iconcode":"j","iconid":7,"sources":3,"winddirection":"W","winddirectiondegrees":256,"windspeedms":6.2,"visibility":19820,"precipitation":0,"beaufort":4,"humidity":52,"sunshine":68,"hour":14,"pollenindex":5,"windspeed":22,"sunshinepower":650,"sunpower":650},{"datetime":"2020-07-23T15:00:00","datetimeutc":"2020-07-23T13:00:00","timetype":"Hour","precipitationmm":0.0,"temperature":22.8,"feeltemperature":25.2,"cloudcover":72,"iconcode":"r","iconid":8,"sources":3,"winddirection":"W","winddirectiondegrees":259,"windspeedms":6.2,"visibility":20020,"precipitation":0,"beaufort":4,"humidity":52,"sunshine":68,"hour":15,"pollenindex":5,"windspeed":22,"sunshinepower":581,"sunpower":581},{"datetime":"2020-07-23T16:00:00","datetimeutc":"2020-07-23T14:00:00","timetype":"Hour","precipitationmm":0.0,"temperature":23.1,"feeltemperature":25.3,"cloudcover":30,"iconcode":"j","iconid":8,"sources":2,"winddirection":"W","winddirectiondegrees":258,"windspeedms":6.0,"visibility":20420,"precipitation":0,"beaufort":4,"humidity":53,"sunshine":23,"hour":16,"pollenindex":5,"windspeed":22,"sunshinepower":563,"sunpower":563},{"datetime":"2020-07-23T17:00:00","datetimeutc":"2020-07-23T15:00:00","timetype":"Hour","precipitationmm":0.0,"temperature":23.3,"feeltemperature":25.4,"cloudcover":30,"iconcode":"j","iconid":20,"sources":2,"winddirection":"W","winddirectiondegrees":260,"windspeedms":6.1,"visibility":22420,"precipitation":0,"beaufort":4,"humidity":50,"sunshine":68,"hour":17,"pollenindex":5,"windspeed":22,"sunshinepower":522,"sunpower":522},{"datetime":"2020-07-23T18:00:00","datetimeutc":"2020-07-23T16:00:00","timetype":"Hour","precipitationmm":0.0,"temperature":22.8,"feeltemperature":25.3,"cloudcover":30,"iconcode":"j","iconid":20,"sources":2,"winddirection":"W","winddirectiondegrees":261,"windspeedms":5.6,"visibility":25220,"precipitation":0,"beaufort":3,"humidity":50,"sunshine":68,"hour":18,"pollenindex":5,"windspeed":20,"sunshinepower":414,"sunpower":414},{"datetime":"2020-07-23T19:00:00","datetimeutc":"2020-07-23T17:00:00","timetype":"Hour","precipitationmm":0.0,"temperature":22.1,"feeltemperature":25.1,"cloudcover":94,"iconcode":"c","iconid":22,"sources":2,"winddirection":"W","winddirectiondegrees":259,"windspeedms":4.8,"visibility":24020,"precipitation":0,"beaufort":3,"humidity":51,"sunshine":68,"hour":19,"pollenindex":5,"windspeed":17,"sunshinepower":267,"sunpower":267},{"datetime":"2020-07-23T20:00:00","datetimeutc":"2020-07-23T18:00:00","timetype":"Hour","precipitationmm":0.0,"temperature":21.1,"feeltemperature":21.1,"cloudcover":98,"iconcode":"c","iconid":22,"sources":2,"winddirection":"W","winddirectiondegrees":255,"windspeedms":4.2,"visibility":21820,"precipitation":0,"beaufort":3,"humidity":54,"sunshine":0,"hour":20,"pollenindex":5,"windspeed":15,"sunshinepower":140,"sunpower":140},{"datetime":"2020-07-23T21:00:00","datetimeutc":"2020-07-23T19:00:00","timetype":"Hour","precipitationmm":0.0,"temperature":20.2,"feeltemperature":20.2,"cloudcover":99,"iconcode":"c","iconid":22,"sources":2,"winddirection":"W","winddirectiondegrees":253,"windspeedms":3.5,"visibility":20620,"precipitation":0,"beaufort":2,"humidity":57,"sunshine":0,"hour":21,"pollenindex":5,"windspeed":13,"sunshinepower":40,"sunpower":40},{"datetime":"2020-07-23T22:00:00","datetimeutc":"2020-07-23T20:00:00","timetype":"Hour","precipitationmm":0.0,"temperature":19.5,"feeltemperature":19.5,"cloudcover":100,"iconcode":"cc","iconid":22,"sources":2,"winddirection":"ZW","winddirectiondegrees":244,"windspeedms":3.0,"visibility":19430,"precipitation":0,"beaufort":2,"humidity":59,"sunshine":0,"hour":22,"pollenindex":5,"windspeed":11,"sunshinepower":0,"sunpower":0},{"datetime":"2020-07-23T23:00:00","datetimeutc":"2020-07-23T21:00:00","timetype":"Hour","precipitationmm":0.0,"temperature":18.9,"feeltemperature":18.9,"cloudcover":100,"iconcode":"cc","iconid":20,"sources":2,"winddirection":"ZW","winddirectiondegrees":232,"windspeedms":3.0,"visibility":18860,"precipitation":0,"beaufort":2,"humidity":62,"sunshine":0,"hour":23,"pollenindex":5,"windspeed":11,"sunshinepower":0,"sunpower":0}],"datetime":"2020-07-23T00:00:00","datetimeutc":"2020-07-22T22:00:00","timetype":"Day","precipitationmm":0.0,"mintemperature":18.9,"maxtemperature":23.3,"cloudcover":68,"iconcode":"b","iconid":3,"sources":2,"winddirection":"W","winddirectiondegrees":270,"windspeedms":4.9,"visibility":21265,"precipitation":0,"beaufort":3,"humidity":54,"sunshine":36,"uvindex":6,"bbqindex":7,"mosquitoindex":6,"pollenindex":5,"mintemp":18.9,"maxtemp":23.3,"windspeed":5,"sunshinepower":317,"sunpower":317},{"date":"2020-07-24T00:00:00","sunrise":"2020-07-24T05:49:27","sunset":"2020-07-24T21:43:38","morning":{"datetime":"2020-07-24T07:00:00","datetimeutc":"2020-07-24T05:00:00","timetype":"Morning","precipitationmm":3.0,"mintemperature":18.0,"maxtemperature":19.6,"cloudcover":96,"iconcode":"m","iconid":19,"sources":1,"winddirection":"W","winddirectiondegrees":281,"windspeedms":4.1,"visibility":12540,"precipitation":64,"beaufort":3,"humidity":79,"sunshine":15,"hour":7,"mintemp":18.0,"maxtemp":19.6,"windspeed":15,"sunshinepower":205,"sunpower":205},"afternoon":{"datetime":"2020-07-24T12:00:00","datetimeutc":"2020-07-24T10:00:00","timetype":"Afternoon","precipitationmm":0.0,"mintemperature":20.0,"maxtemperature":21.3,"cloudcover":92,"iconcode":"c","iconid":19,"sources":1,"winddirection":"W","winddirectiondegrees":278,"windspeedms":5.7,"visibility":14380,"precipitation":1,"beaufort":3,"humidity":68,"sunshine":1,"hour":12,"mintemp":20.0,"maxtemp":21.3,"windspeed":21,"sunshinepower":518,"sunpower":518},"evening":{"datetime":"2020-07-24T18:00:00","datetimeutc":"2020-07-24T16:00:00","timetype":"Evening","precipitationmm":0.0,"mintemperature":16.9,"maxtemperature":20.9,"cloudcover":57,"iconcode":"b","iconid":7,"sources":1,"winddirection":"W","winddirectiondegrees":263,"windspeedms":3.2,"visibility":11463,"precipitation":0,"beaufort":2,"humidity":74,"sunshine":27,"hour":18,"mintemp":16.9,"maxtemp":20.9,"windspeed":12,"sunshinepower":161,"sunpower":161},"night":{"datetime":"2020-07-24T00:00:00","datetimeutc":"2020-07-23T22:00:00","timetype":"Night","precipitationmm":0.0,"mintemperature":17.1,"maxtemperature":18.5,"cloudcover":85,"iconcode":"r","iconid":22,"sources":1,"winddirection":"ZW","winddirectiondegrees":232,"windspeedms":3.7,"visibility":13791,"precipitation":0,"beaufort":2,"humidity":71,"sunshine":0,"hour":0,"mintemp":17.1,"maxtemp":18.5,"windspeed":13,"sunshinepower":1,"sunpower":1},"hours":[{"datetime":"2020-07-24T00:00:00","datetimeutc":"2020-07-23T22:00:00","timetype":"Hour","precipitationmm":0.0,"temperature":18.5,"feeltemperature":18.5,"cloudcover":100,"iconcode":"cc","iconid":22,"sources":2,"winddirection":"ZW","winddirectiondegrees":225,"windspeedms":3.2,"visibility":17660,"precipitation":0,"beaufort":2,"humidity":64,"sunshine":0,"hour":0,"pollenindex":5,"windspeed":12,"sunshinepower":0,"sunpower":0},{"datetime":"2020-07-24T01:00:00","datetimeutc":"2020-07-23T23:00:00","timetype":"Hour","precipitationmm":0.0,"temperature":18.0,"feeltemperature":18.0,"cloudcover":91,"iconcode":"cc","iconid":22,"sources":2,"winddirection":"ZW","winddirectiondegrees":223,"windspeedms":3.3,"visibility":16860,"precipitation":0,"beaufort":2,"humidity":66,"sunshine":0,"hour":1,"pollenindex":5,"windspeed":12,"sunshinepower":0,"sunpower":0},{"datetime":"2020-07-24T02:00:00","datetimeutc":"2020-07-24T00:00:00","timetype":"Hour","precipitationmm":0.0,"temperature":17.7,"feeltemperature":17.7,"cloudcover":85,"iconcode":"rr","iconid":22,"sources":2,"winddirection":"ZW","winddirectiondegrees":223,"windspeedms":3.6,"visibility":16060,"precipitation":0,"beaufort":2,"humidity":68,"sunshine":0,"hour":2,"pollenindex":5,"windspeed":13,"sunshinepower":0,"sunpower":0},{"datetime":"2020-07-24T03:00:00","datetimeutc":"2020-07-24T01:00:00","timetype":"Hour","precipitationmm":0.0,"temperature":17.4,"feeltemperature":17.4,"cloudcover":91,"iconcode":"cc","iconid":22,"sources":2,"winddirection":"ZW","winddirectiondegrees":227,"windspeedms":4.0,"visibility":14250,"precipitation":0,"beaufort":3,"humidity":71,"sunshine":0,"hour":3,"pollenindex":4,"windspeed":14,"sunshinepower":0,"sunpower":0},{"datetime":"2020-07-24T04:00:00","datetimeutc":"2020-07-24T02:00:00","timetype":"Hour","precipitationmm":0.0,"temperature":17.2,"feeltemperature":17.2,"cloudcover":100,"iconcode":"cc","iconid":22,"sources":2,"winddirection":"ZW","winddirectiondegrees":237,"windspeedms":4.2,"visibility":11650,"precipitation":0,"beaufort":3,"humidity":75,"sunshine":0,"hour":4,"pollenindex":4,"windspeed":15,"sunshinepower":0,"sunpower":0},{"datetime":"2020-07-24T05:00:00","datetimeutc":"2020-07-24T03:00:00","timetype":"Hour","precipitationmm":0.0,"temperature":17.1,"feeltemperature":17.1,"cloudcover":100,"iconcode":"cc","iconid":19,"sources":2,"winddirection":"ZW","winddirectiondegrees":243,"windspeedms":4.0,"visibility":10040,"precipitation":0,"beaufort":3,"humidity":78,"sunshine":0,"hour":5,"pollenindex":4,"windspeed":14,"sunshinepower":0,"sunpower":0},{"datetime":"2020-07-24T06:00:00","datetimeutc":"2020-07-24T04:00:00","timetype":"Hour","precipitationmm":0.0,"temperature":17.4,"feeltemperature":17.4,"cloudcover":30,"iconcode":"j","iconid":19,"sources":2,"winddirection":"W","winddirectiondegrees":251,"windspeedms":3.4,"visibility":10020,"precipitation":0,"beaufort":2,"humidity":80,"sunshine":0,"hour":6,"pollenindex":4,"windspeed":12,"sunshinepower":7,"sunpower":7},{"datetime":"2020-07-24T07:00:00","datetimeutc":"2020-07-24T05:00:00","timetype":"Hour","precipitationmm":0.0,"temperature":18.0,"feeltemperature":18.0,"cloudcover":100,"iconcode":"c","iconid":19,"sources":2,"winddirection":"W","winddirectiondegrees":270,"windspeedms":3.2,"visibility":9620,"precipitation":1,"beaufort":2,"humidity":83,"sunshine":68,"hour":7,"pollenindex":4,"windspeed":12,"sunshinepower":64,"sunpower":64},{"datetime":"2020-07-24T08:00:00","datetimeutc":"2020-07-24T06:00:00","timetype":"Hour","precipitationmm":0.7,"temperature":18.6,"feeltemperature":18.6,"cloudcover":100,"iconcode":"m","iconid":20,"sources":2,"winddirection":"NW","winddirectiondegrees":294,"windspeedms":3.6,"visibility":12620,"precipitation":82,"beaufort":2,"humidity":81,"sunshine":0,"hour":8,"pollenindex":4,"windspeed":13,"sunshinepower":150,"sunpower":150},{"datetime":"2020-07-24T09:00:00","datetimeutc":"2020-07-24T07:00:00","timetype":"Hour","precipitationmm":2.0,"temperature":19.0,"feeltemperature":19.0,"cloudcover":84,"iconcode":"m","iconid":19,"sources":2,"winddirection":"W","winddirectiondegrees":286,"windspeedms":4.1,"visibility":13220,"precipitation":77,"beaufort":3,"humidity":79,"sunshine":0,"hour":9,"pollenindex":4,"windspeed":15,"sunshinepower":218,"sunpower":218},{"datetime":"2020-07-24T10:00:00","datetimeutc":"2020-07-24T08:00:00","timetype":"Hour","precipitationmm":0.2,"temperature":19.3,"feeltemperature":19.3,"cloudcover":100,"iconcode":"m","iconid":19,"sources":2,"winddirection":"W","winddirectiondegrees":281,"windspeedms":4.6,"visibility":13220,"precipitation":75,"beaufort":3,"humidity":78,"sunshine":10,"hour":10,"pollenindex":4,"windspeed":17,"sunshinepower":263,"sunpower":263},{"datetime":"2020-07-24T11:00:00","datetimeutc":"2020-07-24T09:00:00","timetype":"Hour","precipitationmm":0.1,"temperature":19.6,"feeltemperature":19.6,"cloudcover":98,"iconcode":"m","iconid":19,"sources":2,"winddirection":"W","winddirectiondegrees":276,"windspeedms":5.2,"visibility":14020,"precipitation":75,"beaufort":3,"humidity":75,"sunshine":0,"hour":11,"pollenindex":4,"windspeed":19,"sunshinepower":332,"sunpower":332},{"datetime":"2020-07-24T12:00:00","datetimeutc":"2020-07-24T10:00:00","timetype":"Hour","precipitationmm":0.0,"temperature":20.0,"feeltemperature":20.0,"cloudcover":98,"iconcode":"c","iconid":19,"sources":2,"winddirection":"W","winddirectiondegrees":283,"windspeedms":5.4,"visibility":14810,"precipitation":1,"beaufort":3,"humidity":72,"sunshine":0,"hour":12,"pollenindex":4,"windspeed":19,"sunshinepower":420,"sunpower":420},{"datetime":"2020-07-24T13:00:00","datetimeutc":"2020-07-24T11:00:00","timetype":"Hour","precipitationmm":0.0,"temperature":20.3,"feeltemperature":20.3,"cloudcover":94,"iconcode":"c","iconid":19,"sources":2,"winddirection":"W","winddirectiondegrees":282,"windspeedms":5.6,"visibility":14010,"precipitation":1,"beaufort":3,"humidity":69,"sunshine":0,"hour":13,"pollenindex":4,"windspeed":20,"sunshinepower":493,"sunpower":493},{"datetime":"2020-07-24T14:00:00","datetimeutc":"2020-07-24T12:00:00","timetype":"Hour","precipitationmm":0.0,"temperature":20.6,"feeltemperature":20.6,"cloudcover":90,"iconcode":"c","iconid":19,"sources":2,"winddirection":"W","winddirectiondegrees":275,"windspeedms":5.8,"visibility":13420,"precipitation":1,"beaufort":3,"humidity":68,"sunshine":0,"hour":14,"pollenindex":4,"windspeed":21,"sunshinepower":547,"sunpower":547},{"datetime":"2020-07-24T15:00:00","datetimeutc":"2020-07-24T13:00:00","timetype":"Hour","precipitationmm":0.0,"temperature":21.0,"feeltemperature":21.0,"cloudcover":91,"iconcode":"c","iconid":19,"sources":2,"winddirection":"W","winddirectiondegrees":274,"windspeedms":6.0,"visibility":15010,"precipitation":0,"beaufort":4,"humidity":67,"sunshine":5,"hour":15,"pollenindex":4,"windspeed":22,"sunshinepower":573,"sunpower":573},{"datetime":"2020-07-24T16:00:00","datetimeutc":"2020-07-24T14:00:00","timetype":"Hour","precipitationmm":0.0,"temperature":21.2,"feeltemperature":21.2,"cloudcover":92,"iconcode":"c","iconid":19,"sources":2,"winddirection":"W","winddirectiondegrees":279,"windspeedms":5.8,"visibility":14610,"precipitation":0,"beaufort":3,"humidity":67,"sunshine":3,"hour":16,"pollenindex":5,"windspeed":21,"sunshinepower":563,"sunpower":563},{"datetime":"2020-07-24T17:00:00","datetimeutc":"2020-07-24T15:00:00","timetype":"Hour","precipitationmm":0.0,"temperature":21.3,"feeltemperature":21.3,"cloudcover":89,"iconcode":"r","iconid":19,"sources":2,"winddirection":"W","winddirectiondegrees":276,"windspeedms":5.4,"visibility":14420,"precipitation":0,"beaufort":3,"humidity":65,"sunshine":1,"hour":17,"pollenindex":5,"windspeed":19,"sunshinepower":512,"sunpower":512},{"datetime":"2020-07-24T18:00:00","datetimeutc":"2020-07-24T16:00:00","timetype":"Hour","precipitationmm":0.0,"temperature":20.9,"feeltemperature":20.9,"cloudcover":73,"iconcode":"r","iconid":7,"sources":2,"winddirection":"W","winddirectiondegrees":273,"windspeedms":5.2,"visibility":14220,"precipitation":0,"beaufort":3,"humidity":65,"sunshine":5,"hour":18,"pollenindex":5,"windspeed":19,"sunshinepower":426,"sunpower":426},{"datetime":"2020-07-24T19:00:00","datetimeutc":"2020-07-24T17:00:00","timetype":"Hour","precipitationmm":0.0,"temperature":20.2,"feeltemperature":20.2,"cloudcover":51,"iconcode":"b","iconid":7,"sources":2,"winddirection":"W","winddirectiondegrees":273,"windspeedms":4.8,"visibility":12020,"precipitation":0,"beaufort":3,"humidity":67,"sunshine":23,"hour":19,"pollenindex":5,"windspeed":17,"sunshinepower":311,"sunpower":311},{"datetime":"2020-07-24T20:00:00","datetimeutc":"2020-07-24T18:00:00","timetype":"Hour","precipitationmm":0.0,"temperature":19.3,"feeltemperature":19.3,"cloudcover":45,"iconcode":"j","iconid":4,"sources":2,"winddirection":"W","winddirectiondegrees":277,"windspeedms":3.7,"visibility":11220,"precipitation":0,"beaufort":2,"humidity":71,"sunshine":45,"hour":20,"pollenindex":4,"windspeed":13,"sunshinepower":176,"sunpower":176},{"datetime":"2020-07-24T21:00:00","datetimeutc":"2020-07-24T19:00:00","timetype":"Hour","precipitationmm":0.0,"temperature":18.4,"feeltemperature":18.4,"cloudcover":45,"iconcode":"j","iconid":7,"sources":2,"winddirection":"W","winddirectiondegrees":277,"windspeedms":2.6,"visibility":11220,"precipitation":0,"beaufort":2,"humidity":76,"sunshine":51,"hour":21,"pollenindex":4,"windspeed":9,"sunshinepower":53,"sunpower":53},{"datetime":"2020-07-24T22:00:00","datetimeutc":"2020-07-24T20:00:00","timetype":"Hour","precipitationmm":0.0,"temperature":17.6,"feeltemperature":17.6,"cloudcover":60,"iconcode":"bb","iconid":7,"sources":2,"winddirection":"W","winddirectiondegrees":259,"windspeedms":1.6,"visibility":10440,"precipitation":0,"beaufort":1,"humidity":80,"sunshine":40,"hour":22,"pollenindex":4,"windspeed":6,"sunshinepower":0,"sunpower":0},{"datetime":"2020-07-24T23:00:00","datetimeutc":"2020-07-24T21:00:00","timetype":"Hour","precipitationmm":0.0,"temperature":16.9,"feeltemperature":16.9,"cloudcover":72,"iconcode":"rr","iconid":8,"sources":2,"winddirection":"ZW","winddirectiondegrees":214,"windspeedms":1.4,"visibility":9660,"precipitation":0,"beaufort":1,"humidity":85,"sunshine":0,"hour":23,"pollenindex":4,"windspeed":5,"sunshinepower":0,"sunpower":0}],"datetime":"2020-07-24T00:00:00","datetimeutc":"2020-07-23T22:00:00","timetype":"Day","precipitationmm":0.0,"mintemperature":16.9,"maxtemperature":21.3,"cloudcover":82,"iconcode":"r","iconid":3,"sources":2,"winddirection":"W","winddirectiondegrees":270,"windspeedms":4.2,"visibility":13095,"precipitation":1,"beaufort":3,"humidity":72,"sunshine":10,"uvindex":5,"bbqindex":7,"mosquitoindex":6,"pollenindex":5,"icescrapeindex":1,"mintemp":16.9,"maxtemp":21.3,"windspeed":4,"sunshinepower":212,"sunpower":212},{"date":"2020-07-25T00:00:00","sunrise":"2020-07-25T05:50:55","sunset":"2020-07-25T21:42:10","morning":{"datetime":"2020-07-25T08:00:00","datetimeutc":"2020-07-25T06:00:00","timetype":"Morning","precipitationmm":0.0,"mintemperature":17.3,"maxtemperature":19.6,"cloudcover":92,"iconcode":"d","iconid":22,"sources":1,"winddirection":"ZW","winddirectiondegrees":231,"windspeedms":5.2,"visibility":7698,"precipitation":0,"beaufort":3,"humidity":80,"sunshine":1,"hour":8,"mintemp":17.3,"maxtemp":19.6,"windspeed":19,"sunshinepower":216,"sunpower":216},"afternoon":{"datetime":"2020-07-25T12:00:00","datetimeutc":"2020-07-25T10:00:00","timetype":"Afternoon","precipitationmm":2.0,"mintemperature":19.9,"maxtemperature":22.4,"cloudcover":99,"iconcode":"m","iconid":22,"sources":1,"winddirection":"ZW","winddirectiondegrees":243,"windspeedms":6.4,"visibility":13418,"precipitation":44,"beaufort":4,"humidity":73,"sunshine":0,"hour":12,"mintemp":19.9,"maxtemp":22.4,"windspeed":23,"sunshinepower":308,"sunpower":308},"evening":{"datetime":"2020-07-25T18:00:00","datetimeutc":"2020-07-25T16:00:00","timetype":"Evening","precipitationmm":0.0,"mintemperature":19.4,"maxtemperature":22.1,"cloudcover":94,"iconcode":"c","iconid":21,"sources":1,"winddirection":"ZW","winddirectiondegrees":234,"windspeedms":5.3,"visibility":14796,"precipitation":1,"beaufort":3,"humidity":75,"sunshine":1,"hour":18,"mintemp":19.4,"maxtemp":22.1,"windspeed":19,"sunshinepower":87,"sunpower":87},"night":{"datetime":"2020-07-25T00:00:00","datetimeutc":"2020-07-24T22:00:00","timetype":"Night","precipitationmm":0.0,"mintemperature":16.0,"maxtemperature":16.7,"cloudcover":92,"iconcode":"c","iconid":8,"sources":1,"winddirection":"ZW","winddirectiondegrees":206,"windspeedms":3.0,"visibility":8764,"precipitation":0,"beaufort":2,"humidity":88,"sunshine":0,"hour":0,"mintemp":16.0,"maxtemp":16.7,"windspeed":11,"sunshinepower":1,"sunpower":1},"hours":[{"datetime":"2020-07-25T00:00:00","datetimeutc":"2020-07-24T22:00:00","timetype":"Hour","precipitationmm":0.0,"temperature":16.4,"feeltemperature":16.4,"cloudcover":79,"iconcode":"rr","iconid":8,"sources":2,"winddirection":"Z","winddirectiondegrees":197,"windspeedms":1.9,"visibility":9060,"precipitation":0,"beaufort":1,"humidity":88,"sunshine":0,"hour":0,"pollenindex":3,"windspeed":7,"sunshinepower":0,"sunpower":0},{"datetime":"2020-07-25T01:00:00","datetimeutc":"2020-07-24T23:00:00","timetype":"Hour","precipitationmm":0.0,"temperature":16.2,"feeltemperature":16.2,"cloudcover":83,"iconcode":"rr","iconid":20,"sources":2,"winddirection":"Z","winddirectiondegrees":193,"windspeedms":2.4,"visibility":10060,"precipitation":0,"beaufort":2,"humidity":88,"sunshine":0,"hour":1,"pollenindex":3,"windspeed":9,"sunshinepower":0,"sunpower":0},{"datetime":"2020-07-25T02:00:00","datetimeutc":"2020-07-25T00:00:00","timetype":"Hour","precipitationmm":0.0,"temperature":16.1,"feeltemperature":16.1,"cloudcover":86,"iconcode":"rr","iconid":20,"sources":2,"winddirection":"ZW","winddirectiondegrees":205,"windspeedms":2.9,"visibility":10060,"precipitation":0,"beaufort":2,"humidity":89,"sunshine":0,"hour":2,"pollenindex":3,"windspeed":10,"sunshinepower":0,"sunpower":0},{"datetime":"2020-07-25T03:00:00","datetimeutc":"2020-07-25T01:00:00","timetype":"Hour","precipitationmm":0.0,"temperature":16.0,"feeltemperature":16.0,"cloudcover":99,"iconcode":"cc","iconid":20,"sources":2,"winddirection":"ZW","winddirectiondegrees":217,"windspeedms":3.1,"visibility":10060,"precipitation":0,"beaufort":2,"humidity":89,"sunshine":0,"hour":3,"pollenindex":3,"windspeed":11,"sunshinepower":0,"sunpower":0},{"datetime":"2020-07-25T04:00:00","datetimeutc":"2020-07-25T02:00:00","timetype":"Hour","precipitationmm":0.0,"temperature":16.1,"feeltemperature":16.1,"cloudcover":100,"iconcode":"cc","iconid":22,"sources":2,"winddirection":"ZW","winddirectiondegrees":208,"windspeedms":3.3,"visibility":10050,"precipitation":0,"beaufort":2,"humidity":90,"sunshine":0,"hour":4,"pollenindex":3,"windspeed":12,"sunshinepower":0,"sunpower":0},{"datetime":"2020-07-25T05:00:00","datetimeutc":"2020-07-25T03:00:00","timetype":"Hour","precipitationmm":0.0,"temperature":16.2,"feeltemperature":16.2,"cloudcover":100,"iconcode":"cc","iconid":22,"sources":2,"winddirection":"ZW","winddirectiondegrees":210,"windspeedms":3.6,"visibility":6450,"precipitation":0,"beaufort":2,"humidity":89,"sunshine":0,"hour":5,"pollenindex":3,"windspeed":13,"sunshinepower":0,"sunpower":0},{"datetime":"2020-07-25T06:00:00","datetimeutc":"2020-07-25T04:00:00","timetype":"Hour","precipitationmm":0.0,"temperature":16.7,"feeltemperature":16.7,"cloudcover":100,"iconcode":"c","iconid":22,"sources":2,"winddirection":"ZW","winddirectiondegrees":216,"windspeedms":3.8,"visibility":5610,"precipitation":0,"beaufort":2,"humidity":88,"sunshine":0,"hour":6,"pollenindex":3,"windspeed":14,"sunshinepower":7,"sunpower":7},{"datetime":"2020-07-25T07:00:00","datetimeutc":"2020-07-25T05:00:00","timetype":"Hour","precipitationmm":0.0,"temperature":17.3,"feeltemperature":17.3,"cloudcover":95,"iconcode":"d","iconid":22,"sources":2,"winddirection":"ZW","winddirectiondegrees":222,"windspeedms":4.2,"visibility":420,"precipitation":0,"beaufort":3,"humidity":86,"sunshine":0,"hour":7,"pollenindex":3,"windspeed":15,"sunshinepower":61,"sunpower":61},{"datetime":"2020-07-25T08:00:00","datetimeutc":"2020-07-25T06:00:00","timetype":"Hour","precipitationmm":0.0,"temperature":18.0,"feeltemperature":18.0,"cloudcover":90,"iconcode":"c","iconid":22,"sources":1,"winddirection":"ZW","winddirectiondegrees":230,"windspeedms":4.7,"visibility":8610,"precipitation":0,"beaufort":3,"humidity":83,"sunshine":0,"hour":8,"pollenindex":4,"windspeed":17,"sunshinepower":152,"sunpower":152},{"datetime":"2020-07-25T09:00:00","datetimeutc":"2020-07-25T07:00:00","timetype":"Hour","precipitationmm":0.0,"temperature":18.6,"feeltemperature":18.6,"cloudcover":91,"iconcode":"c","iconid":22,"sources":1,"winddirection":"ZW","winddirectiondegrees":235,"windspeedms":5.25,"visibility":9620,"precipitation":0,"beaufort":3,"humidity":80,"sunshine":5,"hour":9,"pollenindex":4,"windspeed":19,"sunshinepower":241,"sunpower":241},{"datetime":"2020-07-25T10:00:00","datetimeutc":"2020-07-25T08:00:00","timetype":"Hour","precipitationmm":0.0,"temperature":19.2,"feeltemperature":19.2,"cloudcover":93,"iconcode":"c","iconid":22,"sources":1,"winddirection":"ZW","winddirectiondegrees":233,"windspeedms":5.8,"visibility":10220,"precipitation":1,"beaufort":3,"humidity":77,"sunshine":3,"hour":10,"pollenindex":4,"windspeed":21,"sunshinepower":303,"sunpower":303},{"datetime":"2020-07-25T11:00:00","datetimeutc":"2020-07-25T09:00:00","timetype":"Hour","precipitationmm":0.0,"temperature":19.6,"feeltemperature":19.6,"cloudcover":95,"iconcode":"c","iconid":22,"sources":1,"winddirection":"ZW","winddirectiondegrees":236,"windspeedms":6.05,"visibility":9620,"precipitation":1,"beaufort":4,"humidity":75,"sunshine":0,"hour":11,"pollenindex":4,"windspeed":22,"sunshinepower":323,"sunpower":323},{"datetime":"2020-07-25T12:00:00","datetimeutc":"2020-07-25T10:00:00","timetype":"Hour","precipitationmm":0.0,"temperature":19.9,"feeltemperature":19.9,"cloudcover":99,"iconcode":"c","iconid":22,"sources":1,"winddirection":"ZW","winddirectiondegrees":234,"windspeedms":6.01,"visibility":10020,"precipitation":2,"beaufort":4,"humidity":74,"sunshine":0,"hour":12,"pollenindex":4,"windspeed":22,"sunshinepower":313,"sunpower":313},{"datetime":"2020-07-25T13:00:00","datetimeutc":"2020-07-25T11:00:00","timetype":"Hour","precipitationmm":0.6,"temperature":20.2,"feeltemperature":20.2,"cloudcover":100,"iconcode":"m","iconid":33,"sources":1,"winddirection":"ZW","winddirectiondegrees":241,"windspeedms":6.21,"visibility":12820,"precipitation":53,"beaufort":4,"humidity":75,"sunshine":0,"hour":13,"pollenindex":4,"windspeed":22,"sunshinepower":294,"sunpower":294},{"datetime":"2020-07-25T14:00:00","datetimeutc":"2020-07-25T12:00:00","timetype":"Hour","precipitationmm":0.7,"temperature":20.7,"feeltemperature":20.7,"cloudcover":100,"iconcode":"m","iconid":33,"sources":1,"winddirection":"ZW","winddirectiondegrees":244,"windspeedms":6.39,"visibility":13620,"precipitation":50,"beaufort":4,"humidity":75,"sunshine":0,"hour":14,"pollenindex":4,"windspeed":23,"sunshinepower":304,"sunpower":304},{"datetime":"2020-07-25T15:00:00","datetimeutc":"2020-07-25T13:00:00","timetype":"Hour","precipitationmm":0.7,"temperature":21.4,"feeltemperature":21.4,"cloudcover":100,"iconcode":"m","iconid":33,"sources":1,"winddirection":"W","winddirectiondegrees":249,"windspeedms":6.49,"visibility":14610,"precipitation":50,"beaufort":4,"humidity":74,"sunshine":0,"hour":15,"pollenindex":4,"windspeed":23,"sunshinepower":330,"sunpower":330},{"datetime":"2020-07-25T16:00:00","datetimeutc":"2020-07-25T14:00:00","timetype":"Hour","precipitationmm":0.0,"temperature":22.1,"feeltemperature":23.7,"cloudcover":100,"iconcode":"c","iconid":21,"sources":1,"winddirection":"W","winddirectiondegrees":248,"windspeedms":6.66,"visibility":14420,"precipitation":2,"beaufort":4,"humidity":72,"sunshine":0,"hour":16,"pollenindex":4,"windspeed":24,"sunshinepower":324,"sunpower":324},{"datetime":"2020-07-25T17:00:00","datetimeutc":"2020-07-25T15:00:00","timetype":"Hour","precipitationmm":0.0,"temperature":22.4,"feeltemperature":24.1,"cloudcover":99,"iconcode":"c","iconid":21,"sources":1,"winddirection":"ZW","winddirectiondegrees":244,"windspeedms":6.69,"visibility":15020,"precipitation":2,"beaufort":4,"humidity":70,"sunshine":0,"hour":17,"pollenindex":4,"windspeed":24,"sunshinepower":286,"sunpower":286},{"datetime":"2020-07-25T18:00:00","datetimeutc":"2020-07-25T16:00:00","timetype":"Hour","precipitationmm":0.0,"temperature":22.1,"feeltemperature":23.9,"cloudcover":98,"iconcode":"c","iconid":21,"sources":1,"winddirection":"ZW","winddirectiondegrees":244,"windspeedms":6.43,"visibility":16220,"precipitation":2,"beaufort":4,"humidity":70,"sunshine":0,"hour":18,"pollenindex":4,"windspeed":23,"sunshinepower":229,"sunpower":229},{"datetime":"2020-07-25T19:00:00","datetimeutc":"2020-07-25T17:00:00","timetype":"Hour","precipitationmm":0.0,"temperature":21.5,"feeltemperature":21.5,"cloudcover":98,"iconcode":"c","iconid":22,"sources":1,"winddirection":"ZW","winddirectiondegrees":239,"windspeedms":5.56,"visibility":15820,"precipitation":2,"beaufort":3,"humidity":72,"sunshine":0,"hour":19,"pollenindex":4,"windspeed":20,"sunshinepower":169,"sunpower":169},{"datetime":"2020-07-25T20:00:00","datetimeutc":"2020-07-25T18:00:00","timetype":"Hour","precipitationmm":0.0,"temperature":20.8,"feeltemperature":20.8,"cloudcover":95,"iconcode":"c","iconid":22,"sources":1,"winddirection":"ZW","winddirectiondegrees":235,"windspeedms":5.39,"visibility":15420,"precipitation":1,"beaufort":3,"humidity":75,"sunshine":0,"hour":20,"pollenindex":4,"windspeed":19,"sunshinepower":99,"sunpower":99},{"datetime":"2020-07-25T21:00:00","datetimeutc":"2020-07-25T19:00:00","timetype":"Hour","precipitationmm":0.0,"temperature":20.2,"feeltemperature":20.2,"cloudcover":86,"iconcode":"r","iconid":22,"sources":1,"winddirection":"ZW","winddirectiondegrees":234,"windspeedms":4.91,"visibility":14220,"precipitation":1,"beaufort":3,"humidity":77,"sunshine":0,"hour":21,"pollenindex":4,"windspeed":18,"sunshinepower":30,"sunpower":30},{"datetime":"2020-07-25T22:00:00","datetimeutc":"2020-07-25T20:00:00","timetype":"Hour","precipitationmm":0.0,"temperature":19.7,"feeltemperature":19.7,"cloudcover":90,"iconcode":"cc","iconid":22,"sources":1,"winddirection":"ZW","winddirectiondegrees":230,"windspeedms":4.7,"visibility":13640,"precipitation":1,"beaufort":3,"humidity":78,"sunshine":6,"hour":22,"pollenindex":4,"windspeed":17,"sunshinepower":0,"sunpower":0},{"datetime":"2020-07-25T23:00:00","datetimeutc":"2020-07-25T21:00:00","timetype":"Hour","precipitationmm":0.0,"temperature":19.4,"feeltemperature":19.4,"cloudcover":100,"iconcode":"cc","iconid":22,"sources":1,"winddirection":"ZW","winddirectiondegrees":222,"windspeedms":4.58,"visibility":13460,"precipitation":1,"beaufort":3,"humidity":80,"sunshine":0,"hour":23,"pollenindex":4,"windspeed":16,"sunshinepower":0,"sunpower":0}],"datetime":"2020-07-25T00:00:00","datetimeutc":"2020-07-24T22:00:00","timetype":"Day","precipitationmm":2.0,"mintemperature":16.0,"maxtemperature":22.4,"cloudcover":94,"iconcode":"m","iconid":12,"sources":2,"winddirection":"ZW","winddirectiondegrees":225,"windspeedms":4.9,"visibility":11213,"precipitation":20,"beaufort":3,"humidity":79,"sunshine":0,"uvindex":4,"bbqindex":6,"mosquitoindex":6,"pollenindex":5,"icescrapeindex":1,"mintemp":16.0,"maxtemp":22.4,"windspeed":5,"sunshinepower":144,"sunpower":144},{"date":"2020-07-26T00:00:00","sunrise":"2020-07-26T05:52:24","sunset":"2020-07-26T21:40:39","hours":[{"datetime":"2020-07-26T00:00:00","datetimeutc":"2020-07-25T22:00:00","timetype":"Hour","precipitationmm":0.0,"temperature":19.0,"feeltemperature":19.0,"cloudcover":91,"iconcode":"cc","iconid":22,"sources":1,"winddirection":"ZW","winddirectiondegrees":217,"windspeedms":4.8,"visibility":13050,"precipitation":1,"beaufort":3,"humidity":83,"sunshine":0,"hour":0,"pollenindex":4,"windspeed":17,"sunshinepower":0,"sunpower":0},{"datetime":"2020-07-26T01:00:00","datetimeutc":"2020-07-25T23:00:00","timetype":"Hour","precipitationmm":0.0,"temperature":18.7,"feeltemperature":18.7,"cloudcover":83,"iconcode":"rr","iconid":22,"sources":1,"winddirection":"ZW","winddirectiondegrees":218,"windspeedms":5.05,"visibility":12660,"precipitation":1,"beaufort":3,"humidity":85,"sunshine":0,"hour":1,"pollenindex":3,"windspeed":18,"sunshinepower":0,"sunpower":0},{"datetime":"2020-07-26T02:00:00","datetimeutc":"2020-07-26T00:00:00","timetype":"Hour","precipitationmm":0.7,"temperature":18.4,"feeltemperature":18.4,"cloudcover":90,"iconcode":"mm","iconid":33,"sources":1,"winddirection":"ZW","winddirectiondegrees":227,"windspeedms":4.93,"visibility":12260,"precipitation":42,"beaufort":3,"humidity":88,"sunshine":0,"hour":2,"pollenindex":3,"windspeed":18,"sunshinepower":0,"sunpower":0},{"datetime":"2020-07-26T03:00:00","datetimeutc":"2020-07-26T01:00:00","timetype":"Hour","precipitationmm":0.0,"temperature":18.0,"feeltemperature":18.0,"cloudcover":95,"iconcode":"cc","iconid":22,"sources":1,"winddirection":"ZW","winddirectiondegrees":227,"windspeedms":4.95,"visibility":11020,"precipitation":2,"beaufort":3,"humidity":90,"sunshine":0,"hour":3,"pollenindex":3,"windspeed":18,"sunshinepower":0,"sunpower":0},{"datetime":"2020-07-26T04:00:00","datetimeutc":"2020-07-26T02:00:00","timetype":"Hour","precipitationmm":0.0,"temperature":17.6,"feeltemperature":17.6,"cloudcover":92,"iconcode":"cc","iconid":19,"sources":1,"winddirection":"ZW","winddirectiondegrees":234,"windspeedms":4.82,"visibility":10210,"precipitation":2,"beaufort":3,"humidity":91,"sunshine":0,"hour":4,"pollenindex":3,"windspeed":17,"sunshinepower":0,"sunpower":0},{"datetime":"2020-07-26T05:00:00","datetimeutc":"2020-07-26T03:00:00","timetype":"Hour","precipitationmm":3.2,"temperature":17.5,"feeltemperature":17.5,"cloudcover":85,"iconcode":"mm","iconid":23,"sources":1,"winddirection":"ZW","winddirectiondegrees":229,"windspeedms":4.45,"visibility":9010,"precipitation":62,"beaufort":3,"humidity":92,"sunshine":0,"hour":5,"pollenindex":3,"windspeed":16,"sunshinepower":0,"sunpower":0},{"datetime":"2020-07-26T06:00:00","datetimeutc":"2020-07-26T04:00:00","timetype":"Hour","precipitationmm":0.0,"temperature":17.7,"feeltemperature":17.7,"cloudcover":81,"iconcode":"r","iconid":22,"sources":1,"winddirection":"ZW","winddirectiondegrees":211,"windspeedms":4.37,"visibility":8610,"precipitation":2,"beaufort":3,"humidity":90,"sunshine":1,"hour":6,"pollenindex":3,"windspeed":16,"sunshinepower":3,"sunpower":3},{"datetime":"2020-07-26T07:00:00","datetimeutc":"2020-07-26T05:00:00","timetype":"Hour","precipitationmm":0.0,"temperature":18.2,"feeltemperature":18.2,"cloudcover":72,"iconcode":"r","iconid":7,"sources":1,"winddirection":"ZW","winddirectiondegrees":208,"windspeedms":4.75,"visibility":8010,"precipitation":3,"beaufort":3,"humidity":89,"sunshine":13,"hour":7,"pollenindex":3,"windspeed":17,"sunshinepower":41,"sunpower":41},{"datetime":"2020-07-26T08:00:00","datetimeutc":"2020-07-26T06:00:00","timetype":"Hour","precipitationmm":1.7,"temperature":18.7,"feeltemperature":18.7,"cloudcover":67,"iconcode":"g","iconid":28,"sources":1,"winddirection":"ZW","winddirectiondegrees":218,"windspeedms":4.74,"visibility":600,"precipitation":66,"beaufort":3,"humidity":86,"sunshine":23,"hour":8,"pollenindex":3,"windspeed":17,"sunshinepower":102,"sunpower":102},{"datetime":"2020-07-26T09:00:00","datetimeutc":"2020-07-26T07:00:00","timetype":"Hour","precipitationmm":1.8,"temperature":19.0,"feeltemperature":19.0,"cloudcover":74,"iconcode":"g","iconid":28,"sources":1,"winddirection":"ZW","winddirectiondegrees":232,"windspeedms":4.66,"visibility":200,"precipitation":73,"beaufort":3,"humidity":83,"sunshine":28,"hour":9,"pollenindex":4,"windspeed":17,"sunshinepower":159,"sunpower":159},{"datetime":"2020-07-26T10:00:00","datetimeutc":"2020-07-26T08:00:00","timetype":"Hour","precipitationmm":0.0,"temperature":19.3,"feeltemperature":19.3,"cloudcover":88,"iconcode":"r","iconid":19,"sources":1,"winddirection":"W","winddirectiondegrees":258,"windspeedms":5.45,"visibility":6010,"precipitation":2,"beaufort":3,"humidity":79,"sunshine":21,"hour":10,"pollenindex":4,"windspeed":20,"sunshinepower":214,"sunpower":214},{"datetime":"2020-07-26T11:00:00","datetimeutc":"2020-07-26T09:00:00","timetype":"Hour","precipitationmm":0.0,"temperature":19.6,"feeltemperature":19.6,"cloudcover":94,"iconcode":"c","iconid":19,"sources":1,"winddirection":"W","winddirectiondegrees":276,"windspeedms":5.64,"visibility":8600,"precipitation":2,"beaufort":3,"humidity":74,"sunshine":6,"hour":11,"pollenindex":4,"windspeed":20,"sunshinepower":309,"sunpower":309},{"datetime":"2020-07-26T12:00:00","datetimeutc":"2020-07-26T10:00:00","timetype":"Hour","precipitationmm":0.0,"temperature":20.0,"feeltemperature":20.0,"cloudcover":90,"iconcode":"c","iconid":19,"sources":1,"winddirection":"W","winddirectiondegrees":272,"windspeedms":5.86,"visibility":9800,"precipitation":2,"beaufort":3,"humidity":71,"sunshine":0,"hour":12,"pollenindex":4,"windspeed":21,"sunshinepower":427,"sunpower":427},{"datetime":"2020-07-26T13:00:00","datetimeutc":"2020-07-26T11:00:00","timetype":"Hour","precipitationmm":0.0,"temperature":20.5,"feeltemperature":20.5,"cloudcover":80,"iconcode":"r","iconid":7,"sources":1,"winddirection":"W","winddirectiondegrees":269,"windspeedms":6.73,"visibility":11000,"precipitation":1,"beaufort":4,"humidity":67,"sunshine":5,"hour":13,"pollenindex":5,"windspeed":24,"sunshinepower":512,"sunpower":512},{"datetime":"2020-07-26T14:00:00","datetimeutc":"2020-07-26T12:00:00","timetype":"Hour","precipitationmm":0.0,"temperature":20.6,"feeltemperature":20.6,"cloudcover":69,"iconcode":"b","iconid":7,"sources":1,"winddirection":"W","winddirectiondegrees":271,"windspeedms":6.89,"visibility":10600,"precipitation":2,"beaufort":4,"humidity":68,"sunshine":15,"hour":14,"pollenindex":4,"windspeed":25,"sunshinepower":563,"sunpower":563},{"datetime":"2020-07-26T15:00:00","datetimeutc":"2020-07-26T13:00:00","timetype":"Hour","precipitationmm":0.0,"temperature":20.6,"feeltemperature":20.6,"cloudcover":61,"iconcode":"b","iconid":7,"sources":1,"winddirection":"W","winddirectiondegrees":273,"windspeedms":6.81,"visibility":10200,"precipitation":2,"beaufort":4,"humidity":69,"sunshine":26,"hour":15,"pollenindex":4,"windspeed":25,"sunshinepower":590,"sunpower":590},{"datetime":"2020-07-26T16:00:00","datetimeutc":"2020-07-26T14:00:00","timetype":"Hour","precipitationmm":0.0,"temperature":20.4,"feeltemperature":20.4,"cloudcover":56,"iconcode":"b","iconid":19,"sources":1,"winddirection":"W","winddirectiondegrees":274,"windspeedms":6.74,"visibility":10400,"precipitation":1,"beaufort":4,"humidity":70,"sunshine":35,"hour":16,"pollenindex":4,"windspeed":24,"sunshinepower":582,"sunpower":582},{"datetime":"2020-07-26T17:00:00","datetimeutc":"2020-07-26T15:00:00","timetype":"Hour","precipitationmm":0.0,"temperature":20.3,"feeltemperature":20.3,"cloudcover":46,"iconcode":"j","iconid":4,"sources":1,"winddirection":"W","winddirectiondegrees":275,"windspeedms":6.42,"visibility":11000,"precipitation":1,"beaufort":4,"humidity":69,"sunshine":40,"hour":17,"pollenindex":4,"windspeed":23,"sunshinepower":532,"sunpower":532},{"datetime":"2020-07-26T18:00:00","datetimeutc":"2020-07-26T16:00:00","timetype":"Hour","precipitationmm":0.0,"temperature":20.0,"feeltemperature":20.0,"cloudcover":45,"iconcode":"j","iconid":5,"sources":1,"winddirection":"W","winddirectiondegrees":280,"windspeedms":6.17,"visibility":12800,"precipitation":1,"beaufort":4,"humidity":70,"sunshine":51,"hour":18,"pollenindex":4,"windspeed":22,"sunshinepower":447,"sunpower":447},{"datetime":"2020-07-26T19:00:00","datetimeutc":"2020-07-26T17:00:00","timetype":"Hour","precipitationmm":0.0,"temperature":19.6,"feeltemperature":19.6,"cloudcover":43,"iconcode":"j","iconid":5,"sources":1,"winddirection":"W","winddirectiondegrees":285,"windspeedms":5.73,"visibility":13600,"precipitation":0,"beaufort":3,"humidity":70,"sunshine":53,"hour":19,"pollenindex":4,"windspeed":21,"sunshinepower":322,"sunpower":322},{"datetime":"2020-07-26T20:00:00","datetimeutc":"2020-07-26T18:00:00","timetype":"Hour","precipitationmm":0.0,"temperature":19.0,"feeltemperature":19.0,"cloudcover":39,"iconcode":"j","iconid":13,"sources":1,"winddirection":"W","winddirectiondegrees":285,"windspeedms":5.29,"visibility":13000,"precipitation":0,"beaufort":3,"humidity":73,"sunshine":55,"hour":20,"pollenindex":4,"windspeed":19,"sunshinepower":175,"sunpower":175},{"datetime":"2020-07-26T21:00:00","datetimeutc":"2020-07-26T19:00:00","timetype":"Hour","precipitationmm":0.0,"temperature":18.2,"feeltemperature":18.2,"cloudcover":40,"iconcode":"j","iconid":8,"sources":1,"winddirection":"W","winddirectiondegrees":283,"windspeedms":4.5,"visibility":11400,"precipitation":0,"beaufort":3,"humidity":75,"sunshine":58,"hour":21,"pollenindex":4,"windspeed":16,"sunshinepower":51,"sunpower":51},{"datetime":"2020-07-26T22:00:00","datetimeutc":"2020-07-26T20:00:00","timetype":"Hour","precipitationmm":0.0,"temperature":17.6,"feeltemperature":17.6,"cloudcover":29,"iconcode":"jj","iconid":6,"sources":1,"winddirection":"W","winddirectiondegrees":277,"windspeedms":3.67,"visibility":9410,"precipitation":0,"beaufort":2,"humidity":75,"sunshine":41,"hour":22,"pollenindex":4,"windspeed":13,"sunshinepower":0,"sunpower":0},{"datetime":"2020-07-26T23:00:00","datetimeutc":"2020-07-26T21:00:00","timetype":"Hour","precipitationmm":0.0,"temperature":17.1,"feeltemperature":17.1,"cloudcover":45,"iconcode":"jj","iconid":9,"sources":1,"winddirection":"W","winddirectiondegrees":268,"windspeedms":3.44,"visibility":8610,"precipitation":0,"beaufort":2,"humidity":77,"sunshine":0,"hour":23,"pollenindex":4,"windspeed":12,"sunshinepower":0,"sunpower":0}],"datetime":"2020-07-26T00:00:00","datetimeutc":"2020-07-25T22:00:00","timetype":"Day","precipitationmm":7.4,"mintemperature":17.1,"maxtemperature":20.6,"cloudcover":50,"iconcode":"g","iconid":8,"sources":1,"winddirection":"W","winddirectiondegrees":270,"windspeedms":5.29,"precipitation":73,"beaufort":3,"uvindex":5,"bbqindex":7,"mosquitoindex":6,"pollenindex":5,"icescrapeindex":1,"mintemp":17.1,"maxtemp":20.6,"windspeed":5},{"date":"2020-07-27T00:00:00","sunrise":"2020-07-27T05:53:54","sunset":"2020-07-27T21:39:07","hours":[{"datetime":"2020-07-27T00:00:00","datetimeutc":"2020-07-26T22:00:00","timetype":"Hour","precipitationmm":0.0,"temperature":16.8,"feeltemperature":16.8,"cloudcover":69,"iconcode":"bb","iconid":9,"sources":1,"winddirection":"W","winddirectiondegrees":258,"windspeedms":3.25,"visibility":8210,"precipitation":0,"beaufort":2,"humidity":79,"sunshine":0,"hour":0,"pollenindex":4,"windspeed":12,"sunshinepower":0,"sunpower":0},{"datetime":"2020-07-27T01:00:00","datetimeutc":"2020-07-26T23:00:00","timetype":"Hour","precipitationmm":0.0,"temperature":16.5,"feeltemperature":16.5,"cloudcover":96,"iconcode":"dd","iconid":21,"sources":1,"winddirection":"ZW","winddirectiondegrees":241,"windspeedms":3.08,"visibility":430,"precipitation":0,"beaufort":2,"humidity":81,"sunshine":0,"hour":1,"pollenindex":4,"windspeed":11,"sunshinepower":0,"sunpower":0},{"datetime":"2020-07-27T02:00:00","datetimeutc":"2020-07-27T00:00:00","timetype":"Hour","precipitationmm":0.0,"temperature":16.2,"feeltemperature":16.2,"cloudcover":100,"iconcode":"dd","iconid":21,"sources":1,"winddirection":"ZW","winddirectiondegrees":210,"windspeedms":2.99,"visibility":220,"precipitation":0,"beaufort":2,"humidity":82,"sunshine":0,"hour":2,"pollenindex":4,"windspeed":11,"sunshinepower":0,"sunpower":0},{"datetime":"2020-07-27T03:00:00","datetimeutc":"2020-07-27T01:00:00","timetype":"Hour","precipitationmm":0.0,"temperature":16.0,"feeltemperature":16.0,"cloudcover":100,"iconcode":"dd","iconid":20,"sources":1,"winddirection":"Z","winddirectiondegrees":192,"windspeedms":2.94,"visibility":210,"precipitation":0,"beaufort":2,"humidity":85,"sunshine":0,"hour":3,"pollenindex":4,"windspeed":11,"sunshinepower":0,"sunpower":0},{"datetime":"2020-07-27T04:00:00","datetimeutc":"2020-07-27T02:00:00","timetype":"Hour","precipitationmm":0.0,"temperature":15.8,"feeltemperature":15.8,"cloudcover":87,"iconcode":"dd","iconid":20,"sources":1,"winddirection":"Z","winddirectiondegrees":194,"windspeedms":2.89,"visibility":210,"precipitation":0,"beaufort":2,"humidity":87,"sunshine":0,"hour":4,"pollenindex":3,"windspeed":10,"sunshinepower":0,"sunpower":0},{"datetime":"2020-07-27T05:00:00","datetimeutc":"2020-07-27T03:00:00","timetype":"Hour","precipitationmm":0.0,"temperature":15.6,"feeltemperature":15.6,"cloudcover":74,"iconcode":"nn","iconid":7,"sources":1,"winddirection":"Z","winddirectiondegrees":200,"windspeedms":2.99,"visibility":400,"precipitation":1,"beaufort":2,"humidity":88,"sunshine":0,"hour":5,"pollenindex":3,"windspeed":11,"sunshinepower":0,"sunpower":0},{"datetime":"2020-07-27T06:00:00","datetimeutc":"2020-07-27T04:00:00","timetype":"Hour","precipitationmm":0.0,"temperature":16.0,"feeltemperature":16.0,"cloudcover":78,"iconcode":"n","iconid":19,"sources":1,"winddirection":"Z","winddirectiondegrees":201,"windspeedms":2.98,"visibility":210,"precipitation":1,"beaufort":2,"humidity":87,"sunshine":3,"hour":6,"pollenindex":3,"windspeed":11,"sunshinepower":0,"sunpower":0},{"datetime":"2020-07-27T07:00:00","datetimeutc":"2020-07-27T05:00:00","timetype":"Hour","precipitationmm":0.0,"temperature":16.7,"feeltemperature":16.7,"cloudcover":88,"iconcode":"d","iconid":19,"sources":1,"winddirection":"ZW","winddirectiondegrees":207,"windspeedms":3.28,"visibility":10,"precipitation":0,"beaufort":2,"humidity":87,"sunshine":16,"hour":7,"pollenindex":3,"windspeed":12,"sunshinepower":63,"sunpower":63},{"datetime":"2020-07-27T08:00:00","datetimeutc":"2020-07-27T06:00:00","timetype":"Hour","precipitationmm":0.0,"temperature":17.5,"feeltemperature":17.5,"cloudcover":89,"iconcode":"d","iconid":16,"sources":1,"winddirection":"ZW","winddirectiondegrees":217,"windspeedms":3.57,"visibility":10,"precipitation":0,"beaufort":2,"humidity":84,"sunshine":6,"hour":8,"pollenindex":4,"windspeed":13,"sunshinepower":171,"sunpower":171},{"datetime":"2020-07-27T09:00:00","datetimeutc":"2020-07-27T07:00:00","timetype":"Hour","precipitationmm":0.0,"temperature":18.1,"feeltemperature":18.1,"cloudcover":73,"iconcode":"n","iconid":10,"sources":1,"winddirection":"ZW","winddirectiondegrees":226,"windspeedms":4.16,"visibility":200,"precipitation":1,"beaufort":3,"humidity":81,"sunshine":5,"hour":9,"pollenindex":4,"windspeed":15,"sunshinepower":291,"sunpower":291},{"datetime":"2020-07-27T10:00:00","datetimeutc":"2020-07-27T08:00:00","timetype":"Hour","precipitationmm":1.1,"temperature":18.7,"feeltemperature":18.7,"cloudcover":61,"iconcode":"f","iconid":33,"sources":1,"winddirection":"ZW","winddirectiondegrees":245,"windspeedms":4.8,"visibility":11600,"precipitation":44,"beaufort":3,"humidity":77,"sunshine":21,"hour":10,"pollenindex":4,"windspeed":17,"sunshinepower":409,"sunpower":409},{"datetime":"2020-07-27T11:00:00","datetimeutc":"2020-07-27T09:00:00","timetype":"Hour","precipitationmm":0.0,"temperature":19.2,"feeltemperature":19.2,"cloudcover":61,"iconcode":"b","iconid":7,"sources":1,"winddirection":"W","winddirectiondegrees":263,"windspeedms":5.3,"visibility":15000,"precipitation":2,"beaufort":3,"humidity":71,"sunshine":35,"hour":11,"pollenindex":4,"windspeed":19,"sunshinepower":525,"sunpower":525},{"datetime":"2020-07-27T12:00:00","datetimeutc":"2020-07-27T10:00:00","timetype":"Hour","precipitationmm":0.0,"temperature":19.7,"feeltemperature":19.7,"cloudcover":62,"iconcode":"b","iconid":7,"sources":1,"winddirection":"W","winddirectiondegrees":266,"windspeedms":5.75,"visibility":15200,"precipitation":2,"beaufort":3,"humidity":67,"sunshine":35,"hour":12,"pollenindex":5,"windspeed":21,"sunshinepower":626,"sunpower":626},{"datetime":"2020-07-27T13:00:00","datetimeutc":"2020-07-27T11:00:00","timetype":"Hour","precipitationmm":0.0,"temperature":20.2,"feeltemperature":20.2,"cloudcover":64,"iconcode":"b","iconid":7,"sources":1,"winddirection":"W","winddirectiondegrees":266,"windspeedms":6.25,"visibility":15000,"precipitation":2,"beaufort":4,"humidity":63,"sunshine":33,"hour":13,"pollenindex":5,"windspeed":22,"sunshinepower":715,"sunpower":715},{"datetime":"2020-07-27T14:00:00","datetimeutc":"2020-07-27T12:00:00","timetype":"Hour","precipitationmm":0.8,"temperature":20.6,"feeltemperature":20.6,"cloudcover":63,"iconcode":"f","iconid":33,"sources":1,"winddirection":"W","winddirectiondegrees":264,"windspeedms":6.55,"visibility":17600,"precipitation":45,"beaufort":4,"humidity":61,"sunshine":31,"hour":14,"pollenindex":5,"windspeed":24,"sunshinepower":771,"sunpower":771},{"datetime":"2020-07-27T15:00:00","datetimeutc":"2020-07-27T13:00:00","timetype":"Hour","precipitationmm":0.0,"temperature":20.8,"feeltemperature":20.8,"cloudcover":60,"iconcode":"b","iconid":7,"sources":1,"winddirection":"W","winddirectiondegrees":267,"windspeedms":6.82,"visibility":17600,"precipitation":2,"beaufort":4,"humidity":61,"sunshine":33,"hour":15,"pollenindex":5,"windspeed":25,"sunshinepower":759,"sunpower":759},{"datetime":"2020-07-27T16:00:00","datetimeutc":"2020-07-27T14:00:00","timetype":"Hour","precipitationmm":0.0,"temperature":20.8,"feeltemperature":20.8,"cloudcover":54,"iconcode":"b","iconid":7,"sources":1,"winddirection":"W","winddirectiondegrees":269,"windspeedms":6.7,"visibility":16000,"precipitation":1,"beaufort":4,"humidity":63,"sunshine":36,"hour":16,"pollenindex":5,"windspeed":24,"sunshinepower":683,"sunpower":683},{"datetime":"2020-07-27T17:00:00","datetimeutc":"2020-07-27T15:00:00","timetype":"Hour","precipitationmm":0.0,"temperature":20.7,"feeltemperature":20.7,"cloudcover":46,"iconcode":"j","iconid":7,"sources":1,"winddirection":"W","winddirectiondegrees":266,"windspeedms":6.31,"visibility":15800,"precipitation":1,"beaufort":4,"humidity":63,"sunshine":43,"hour":17,"pollenindex":5,"windspeed":23,"sunshinepower":572,"sunpower":572},{"datetime":"2020-07-27T18:00:00","datetimeutc":"2020-07-27T16:00:00","timetype":"Hour","precipitationmm":0.0,"temperature":20.3,"feeltemperature":20.3,"cloudcover":41,"iconcode":"j","iconid":4,"sources":1,"winddirection":"W","winddirectiondegrees":266,"windspeedms":5.7,"visibility":15800,"precipitation":1,"beaufort":3,"humidity":63,"sunshine":51,"hour":18,"pollenindex":5,"windspeed":21,"sunshinepower":447,"sunpower":447},{"datetime":"2020-07-27T19:00:00","datetimeutc":"2020-07-27T17:00:00","timetype":"Hour","precipitationmm":0.0,"temperature":19.8,"feeltemperature":19.8,"cloudcover":30,"iconcode":"j","iconid":7,"sources":1,"winddirection":"W","winddirectiondegrees":264,"windspeedms":4.96,"visibility":15600,"precipitation":1,"beaufort":3,"humidity":64,"sunshine":56,"hour":19,"pollenindex":5,"windspeed":18,"sunshinepower":313,"sunpower":313},{"datetime":"2020-07-27T20:00:00","datetimeutc":"2020-07-27T18:00:00","timetype":"Hour","precipitationmm":0.0,"temperature":19.0,"feeltemperature":19.0,"cloudcover":30,"iconcode":"j","iconid":19,"sources":1,"winddirection":"W","winddirectiondegrees":259,"windspeedms":4.14,"visibility":15600,"precipitation":0,"beaufort":3,"humidity":66,"sunshine":68,"hour":20,"pollenindex":5,"windspeed":15,"sunshinepower":170,"sunpower":170},{"datetime":"2020-07-27T21:00:00","datetimeutc":"2020-07-27T19:00:00","timetype":"Hour","precipitationmm":0.0,"temperature":18.1,"feeltemperature":18.1,"cloudcover":30,"iconcode":"j","iconid":19,"sources":1,"winddirection":"W","winddirectiondegrees":251,"windspeedms":3.02,"visibility":14200,"precipitation":0,"beaufort":2,"humidity":70,"sunshine":68,"hour":21,"pollenindex":4,"windspeed":11,"sunshinepower":48,"sunpower":48},{"datetime":"2020-07-27T22:00:00","datetimeutc":"2020-07-27T20:00:00","timetype":"Hour","precipitationmm":0.0,"temperature":17.3,"feeltemperature":17.3,"cloudcover":30,"iconcode":"jj","iconid":4,"sources":1,"winddirection":"ZW","winddirectiondegrees":233,"windspeedms":2.42,"visibility":12210,"precipitation":0,"beaufort":2,"humidity":73,"sunshine":46,"hour":22,"pollenindex":4,"windspeed":9,"sunshinepower":0,"sunpower":0},{"datetime":"2020-07-27T23:00:00","datetimeutc":"2020-07-27T21:00:00","timetype":"Hour","precipitationmm":0.0,"temperature":16.7,"feeltemperature":16.7,"cloudcover":16,"iconcode":"jj","iconid":4,"sources":1,"winddirection":"ZW","winddirectiondegrees":208,"windspeedms":2.34,"visibility":11410,"precipitation":0,"beaufort":2,"humidity":76,"sunshine":0,"hour":23,"pollenindex":4,"windspeed":8,"sunshinepower":0,"sunpower":0}],"datetime":"2020-07-27T00:00:00","datetimeutc":"2020-07-26T22:00:00","timetype":"Day","precipitationmm":1.9,"mintemperature":15.6,"maxtemperature":20.8,"cloudcover":25,"iconcode":"f","iconid":16,"sources":1,"winddirection":"W","winddirectiondegrees":270,"windspeedms":4.3,"precipitation":51,"beaufort":3,"uvindex":6,"bbqindex":8,"mosquitoindex":6,"pollenindex":5,"icescrapeindex":1,"mintemp":15.6,"maxtemp":20.8,"windspeed":4},{"date":"2020-07-28T00:00:00","sunrise":"2020-07-28T05:55:25","sunset":"2020-07-28T21:37:32","hours":[{"datetime":"2020-07-28T00:00:00","datetimeutc":"2020-07-27T22:00:00","timetype":"Hour","precipitationmm":0.0,"temperature":16.4,"feeltemperature":16.4,"cloudcover":33,"iconcode":"jj","iconid":5,"sources":1,"winddirection":"Z","winddirectiondegrees":193,"windspeedms":2.5,"visibility":10610,"precipitation":0,"beaufort":2,"humidity":78,"sunshine":0,"hour":0,"pollenindex":4,"windspeed":9,"sunshinepower":0,"sunpower":0},{"datetime":"2020-07-28T01:00:00","datetimeutc":"2020-07-27T23:00:00","timetype":"Hour","precipitationmm":0.0,"temperature":16.1,"feeltemperature":16.1,"cloudcover":68,"iconcode":"bb","iconid":22,"sources":1,"winddirection":"Z","winddirectiondegrees":191,"windspeedms":2.76,"visibility":9830,"precipitation":0,"beaufort":2,"humidity":79,"sunshine":0,"hour":1,"pollenindex":4,"windspeed":10,"sunshinepower":0,"sunpower":0},{"datetime":"2020-07-28T02:00:00","datetimeutc":"2020-07-28T00:00:00","timetype":"Hour","precipitationmm":0.0,"temperature":15.9,"feeltemperature":15.9,"cloudcover":86,"iconcode":"rr","iconid":22,"sources":1,"winddirection":"Z","winddirectiondegrees":195,"windspeedms":3.09,"visibility":9820,"precipitation":1,"beaufort":2,"humidity":82,"sunshine":0,"hour":2,"pollenindex":4,"windspeed":11,"sunshinepower":0,"sunpower":0},{"datetime":"2020-07-28T03:00:00","datetimeutc":"2020-07-28T01:00:00","timetype":"Hour","precipitationmm":0.0,"temperature":15.6,"feeltemperature":15.6,"cloudcover":94,"iconcode":"cc","iconid":22,"sources":1,"winddirection":"ZW","winddirectiondegrees":207,"windspeedms":3.72,"visibility":10010,"precipitation":1,"beaufort":2,"humidity":87,"sunshine":0,"hour":3,"pollenindex":3,"windspeed":13,"sunshinepower":0,"sunpower":0},{"datetime":"2020-07-28T04:00:00","datetimeutc":"2020-07-28T02:00:00","timetype":"Hour","precipitationmm":0.0,"temperature":15.5,"feeltemperature":15.5,"cloudcover":99,"iconcode":"cc","iconid":20,"sources":1,"winddirection":"ZW","winddirectiondegrees":219,"windspeedms":4.0,"visibility":9800,"precipitation":1,"beaufort":3,"humidity":89,"sunshine":0,"hour":4,"pollenindex":3,"windspeed":14,"sunshinepower":0,"sunpower":0},{"datetime":"2020-07-28T05:00:00","datetimeutc":"2020-07-28T03:00:00","timetype":"Hour","precipitationmm":0.0,"temperature":15.5,"feeltemperature":15.5,"cloudcover":100,"iconcode":"cc","iconid":20,"sources":1,"winddirection":"ZW","winddirectiondegrees":211,"windspeedms":3.84,"visibility":8410,"precipitation":1,"beaufort":2,"humidity":89,"sunshine":0,"hour":5,"pollenindex":3,"windspeed":14,"sunshinepower":0,"sunpower":0},{"datetime":"2020-07-28T06:00:00","datetimeutc":"2020-07-28T04:00:00","timetype":"Hour","precipitationmm":0.0,"temperature":15.9,"feeltemperature":15.9,"cloudcover":100,"iconcode":"c","iconid":20,"sources":1,"winddirection":"ZW","winddirectiondegrees":215,"windspeedms":3.85,"visibility":8210,"precipitation":1,"beaufort":2,"humidity":89,"sunshine":0,"hour":6,"pollenindex":3,"windspeed":14,"sunshinepower":0,"sunpower":0},{"datetime":"2020-07-28T07:00:00","datetimeutc":"2020-07-28T05:00:00","timetype":"Hour","precipitationmm":0.0,"temperature":16.4,"feeltemperature":16.4,"cloudcover":100,"iconcode":"c","iconid":21,"sources":1,"winddirection":"ZW","winddirectiondegrees":212,"windspeedms":3.63,"visibility":8210,"precipitation":2,"beaufort":2,"humidity":89,"sunshine":0,"hour":7,"pollenindex":3,"windspeed":13,"sunshinepower":15,"sunpower":15},{"datetime":"2020-07-28T08:00:00","datetimeutc":"2020-07-28T06:00:00","timetype":"Hour","precipitationmm":0.0,"temperature":16.8,"feeltemperature":16.8,"cloudcover":100,"iconcode":"c","iconid":21,"sources":1,"winddirection":"ZW","winddirectiondegrees":213,"windspeedms":3.66,"visibility":7400,"precipitation":2,"beaufort":2,"humidity":88,"sunshine":0,"hour":8,"pollenindex":3,"windspeed":13,"sunshinepower":41,"sunpower":41},{"datetime":"2020-07-28T09:00:00","datetimeutc":"2020-07-28T07:00:00","timetype":"Hour","precipitationmm":1.2,"temperature":17.0,"feeltemperature":17.0,"cloudcover":100,"iconcode":"m","iconid":33,"sources":1,"winddirection":"ZW","winddirectiondegrees":205,"windspeedms":3.55,"visibility":8200,"precipitation":52,"beaufort":2,"humidity":89,"sunshine":0,"hour":9,"pollenindex":3,"windspeed":13,"sunshinepower":68,"sunpower":68},{"datetime":"2020-07-28T10:00:00","datetimeutc":"2020-07-28T08:00:00","timetype":"Hour","precipitationmm":0.0,"temperature":17.3,"feeltemperature":17.3,"cloudcover":100,"iconcode":"d","iconid":20,"sources":1,"winddirection":"Z","winddirectiondegrees":197,"windspeedms":3.5,"visibility":600,"precipitation":2,"beaufort":2,"humidity":89,"sunshine":0,"hour":10,"pollenindex":3,"windspeed":13,"sunshinepower":76,"sunpower":76},{"datetime":"2020-07-28T11:00:00","datetimeutc":"2020-07-28T09:00:00","timetype":"Hour","precipitationmm":1.1,"temperature":17.6,"feeltemperature":17.6,"cloudcover":100,"iconcode":"m","iconid":33,"sources":1,"winddirection":"Z","winddirectiondegrees":182,"windspeedms":3.89,"visibility":1410,"precipitation":55,"beaufort":2,"humidity":88,"sunshine":0,"hour":11,"pollenindex":3,"windspeed":14,"sunshinepower":94,"sunpower":94},{"datetime":"2020-07-28T12:00:00","datetimeutc":"2020-07-28T10:00:00","timetype":"Hour","precipitationmm":1.1,"temperature":18.1,"feeltemperature":18.1,"cloudcover":100,"iconcode":"m","iconid":33,"sources":1,"winddirection":"Z","winddirectiondegrees":168,"windspeedms":4.12,"visibility":1600,"precipitation":64,"beaufort":3,"humidity":85,"sunshine":0,"hour":12,"pollenindex":3,"windspeed":15,"sunshinepower":138,"sunpower":138},{"datetime":"2020-07-28T13:00:00","datetimeutc":"2020-07-28T11:00:00","timetype":"Hour","precipitationmm":1.1,"temperature":18.7,"feeltemperature":18.7,"cloudcover":100,"iconcode":"m","iconid":33,"sources":1,"winddirection":"Z","winddirectiondegrees":175,"windspeedms":4.45,"visibility":1200,"precipitation":63,"beaufort":3,"humidity":83,"sunshine":0,"hour":13,"pollenindex":4,"windspeed":16,"sunshinepower":190,"sunpower":190},{"datetime":"2020-07-28T14:00:00","datetimeutc":"2020-07-28T12:00:00","timetype":"Hour","precipitationmm":0.8,"temperature":19.3,"feeltemperature":19.3,"cloudcover":98,"iconcode":"m","iconid":33,"sources":1,"winddirection":"Z","winddirectiondegrees":198,"windspeedms":5.09,"visibility":8600,"precipitation":67,"beaufort":3,"humidity":82,"sunshine":0,"hour":14,"pollenindex":4,"windspeed":18,"sunshinepower":262,"sunpower":262},{"datetime":"2020-07-28T15:00:00","datetimeutc":"2020-07-28T13:00:00","timetype":"Hour","precipitationmm":1.1,"temperature":20.0,"feeltemperature":20.0,"cloudcover":99,"iconcode":"m","iconid":33,"sources":1,"winddirection":"ZW","winddirectiondegrees":215,"windspeedms":4.91,"visibility":9200,"precipitation":57,"beaufort":3,"humidity":81,"sunshine":0,"hour":15,"pollenindex":4,"windspeed":18,"sunshinepower":329,"sunpower":329},{"datetime":"2020-07-28T16:00:00","datetimeutc":"2020-07-28T14:00:00","timetype":"Hour","precipitationmm":0.0,"temperature":20.5,"feeltemperature":20.5,"cloudcover":100,"iconcode":"c","iconid":22,"sources":1,"winddirection":"ZW","winddirectiondegrees":235,"windspeedms":5.07,"visibility":10600,"precipitation":2,"beaufort":3,"humidity":80,"sunshine":0,"hour":16,"pollenindex":4,"windspeed":18,"sunshinepower":365,"sunpower":365},{"datetime":"2020-07-28T17:00:00","datetimeutc":"2020-07-28T15:00:00","timetype":"Hour","precipitationmm":0.0,"temperature":20.6,"feeltemperature":20.6,"cloudcover":100,"iconcode":"c","iconid":20,"sources":1,"winddirection":"ZW","winddirectiondegrees":246,"windspeedms":5.25,"visibility":12000,"precipitation":2,"beaufort":3,"humidity":77,"sunshine":0,"hour":17,"pollenindex":4,"windspeed":19,"sunshinepower":320,"sunpower":320},{"datetime":"2020-07-28T18:00:00","datetimeutc":"2020-07-28T16:00:00","timetype":"Hour","precipitationmm":0.0,"temperature":20.2,"feeltemperature":20.2,"cloudcover":97,"iconcode":"c","iconid":21,"sources":1,"winddirection":"W","winddirectiondegrees":257,"windspeedms":5.18,"visibility":14200,"precipitation":2,"beaufort":3,"humidity":77,"sunshine":0,"hour":18,"pollenindex":4,"windspeed":19,"sunshinepower":213,"sunpower":213},{"datetime":"2020-07-28T19:00:00","datetimeutc":"2020-07-28T17:00:00","timetype":"Hour","precipitationmm":0.0,"temperature":19.6,"feeltemperature":19.6,"cloudcover":99,"iconcode":"c","iconid":22,"sources":1,"winddirection":"W","winddirectiondegrees":262,"windspeedms":4.61,"visibility":14600,"precipitation":2,"beaufort":3,"humidity":78,"sunshine":0,"hour":19,"pollenindex":4,"windspeed":17,"sunshinepower":120,"sunpower":120},{"datetime":"2020-07-28T20:00:00","datetimeutc":"2020-07-28T18:00:00","timetype":"Hour","precipitationmm":0.0,"temperature":18.9,"feeltemperature":18.9,"cloudcover":100,"iconcode":"c","iconid":22,"sources":1,"winddirection":"W","winddirectiondegrees":267,"windspeedms":4.14,"visibility":13000,"precipitation":2,"beaufort":3,"humidity":79,"sunshine":0,"hour":20,"pollenindex":4,"windspeed":15,"sunshinepower":55,"sunpower":55},{"datetime":"2020-07-28T21:00:00","datetimeutc":"2020-07-28T19:00:00","timetype":"Hour","precipitationmm":0.0,"temperature":18.3,"feeltemperature":18.3,"cloudcover":100,"iconcode":"c","iconid":22,"sources":1,"winddirection":"W","winddirectiondegrees":265,"windspeedms":3.56,"visibility":10800,"precipitation":2,"beaufort":2,"humidity":81,"sunshine":0,"hour":21,"pollenindex":4,"windspeed":13,"sunshinepower":16,"sunpower":16},{"datetime":"2020-07-28T22:00:00","datetimeutc":"2020-07-28T20:00:00","timetype":"Hour","precipitationmm":0.0,"temperature":17.9,"feeltemperature":17.9,"cloudcover":92,"iconcode":"cc","iconid":22,"sources":1,"winddirection":"W","winddirectiondegrees":252,"windspeedms":3.0,"visibility":9810,"precipitation":2,"beaufort":2,"humidity":84,"sunshine":0,"hour":22,"pollenindex":4,"windspeed":11,"sunshinepower":0,"sunpower":0},{"datetime":"2020-07-28T23:00:00","datetimeutc":"2020-07-28T21:00:00","timetype":"Hour","precipitationmm":0.0,"temperature":17.5,"feeltemperature":17.5,"cloudcover":81,"iconcode":"rr","iconid":22,"sources":1,"winddirection":"ZW","winddirectiondegrees":240,"windspeedms":2.95,"visibility":8810,"precipitation":1,"beaufort":2,"humidity":87,"sunshine":0,"hour":23,"pollenindex":3,"windspeed":11,"sunshinepower":0,"sunpower":0}],"datetime":"2020-07-28T00:00:00","datetimeutc":"2020-07-27T22:00:00","timetype":"Day","precipitationmm":6.4,"mintemperature":15.5,"maxtemperature":20.6,"cloudcover":90,"iconcode":"q","iconid":12,"sources":1,"winddirection":"ZW","winddirectiondegrees":225,"windspeedms":3.93,"precipitation":67,"beaufort":2,"uvindex":4,"bbqindex":7,"mosquitoindex":7,"pollenindex":5,"icescrapeindex":1,"mintemp":15.5,"maxtemp":20.6,"windspeed":4},{"date":"2020-07-29T00:00:00","sunrise":"2020-07-29T05:56:57","sunset":"2020-07-29T21:35:56","hours":[{"datetime":"2020-07-29T00:00:00","datetimeutc":"2020-07-28T22:00:00","timetype":"Hour","precipitationmm":0.0,"temperature":17.2,"feeltemperature":17.2,"cloudcover":85,"iconcode":"rr","iconid":22,"sources":1,"winddirection":"ZW","winddirectiondegrees":236,"windspeedms":3.11,"visibility":8410,"precipitation":1,"beaufort":2,"humidity":89,"sunshine":0,"hour":0,"pollenindex":3,"windspeed":11,"sunshinepower":0,"sunpower":0},{"datetime":"2020-07-29T01:00:00","datetimeutc":"2020-07-28T23:00:00","timetype":"Hour","precipitationmm":0.0,"temperature":16.8,"feeltemperature":16.8,"cloudcover":95,"iconcode":"cc","iconid":22,"sources":1,"winddirection":"W","winddirectiondegrees":249,"windspeedms":3.33,"visibility":8620,"precipitation":1,"beaufort":2,"humidity":89,"sunshine":0,"hour":1,"pollenindex":3,"windspeed":12,"sunshinepower":0,"sunpower":0},{"datetime":"2020-07-29T02:00:00","datetimeutc":"2020-07-29T00:00:00","timetype":"Hour","precipitationmm":0.3,"temperature":16.5,"feeltemperature":16.5,"cloudcover":95,"iconcode":"mm","iconid":33,"sources":1,"winddirection":"W","winddirectiondegrees":264,"windspeedms":3.28,"visibility":1020,"precipitation":33,"beaufort":2,"humidity":90,"sunshine":0,"hour":2,"pollenindex":3,"windspeed":12,"sunshinepower":0,"sunpower":0},{"datetime":"2020-07-29T03:00:00","datetimeutc":"2020-07-29T01:00:00","timetype":"Hour","precipitationmm":0.0,"temperature":16.4,"feeltemperature":16.4,"cloudcover":100,"iconcode":"cc","iconid":22,"sources":1,"winddirection":"W","winddirectiondegrees":281,"windspeedms":3.62,"visibility":8210,"precipitation":1,"beaufort":2,"humidity":91,"sunshine":0,"hour":3,"pollenindex":3,"windspeed":13,"sunshinepower":0,"sunpower":0},{"datetime":"2020-07-29T04:00:00","datetimeutc":"2020-07-29T02:00:00","timetype":"Hour","precipitationmm":0.0,"temperature":16.2,"feeltemperature":16.2,"cloudcover":100,"iconcode":"cc","iconid":22,"sources":1,"winddirection":"NW","winddirectiondegrees":307,"windspeedms":3.82,"visibility":8610,"precipitation":1,"beaufort":2,"humidity":91,"sunshine":0,"hour":4,"pollenindex":3,"windspeed":14,"sunshinepower":0,"sunpower":0},{"datetime":"2020-07-29T05:00:00","datetimeutc":"2020-07-29T03:00:00","timetype":"Hour","precipitationmm":0.0,"temperature":15.9,"feeltemperature":15.9,"cloudcover":100,"iconcode":"cc","iconid":22,"sources":1,"winddirection":"NW","winddirectiondegrees":319,"windspeedms":3.87,"visibility":8410,"precipitation":0,"beaufort":2,"humidity":91,"sunshine":0,"hour":5,"pollenindex":3,"windspeed":14,"sunshinepower":0,"sunpower":0},{"datetime":"2020-07-29T06:00:00","datetimeutc":"2020-07-29T04:00:00","timetype":"Hour","precipitationmm":0.0,"temperature":15.9,"feeltemperature":15.9,"cloudcover":95,"iconcode":"d","iconid":22,"sources":1,"winddirection":"NW","winddirectiondegrees":325,"windspeedms":3.77,"visibility":600,"precipitation":0,"beaufort":2,"humidity":91,"sunshine":0,"hour":6,"pollenindex":3,"windspeed":14,"sunshinepower":0,"sunpower":0},{"datetime":"2020-07-29T07:00:00","datetimeutc":"2020-07-29T05:00:00","timetype":"Hour","precipitationmm":0.0,"temperature":16.1,"feeltemperature":16.1,"cloudcover":78,"iconcode":"r","iconid":22,"sources":1,"winddirection":"NW","winddirectiondegrees":332,"windspeedms":3.67,"visibility":8400,"precipitation":1,"beaufort":2,"humidity":89,"sunshine":0,"hour":7,"pollenindex":3,"windspeed":13,"sunshinepower":53,"sunpower":53},{"datetime":"2020-07-29T08:00:00","datetimeutc":"2020-07-29T06:00:00","timetype":"Hour","precipitationmm":0.0,"temperature":16.6,"feeltemperature":16.6,"cloudcover":67,"iconcode":"b","iconid":22,"sources":1,"winddirection":"N","winddirectiondegrees":339,"windspeedms":4.02,"visibility":9200,"precipitation":1,"beaufort":3,"humidity":86,"sunshine":16,"hour":8,"pollenindex":3,"windspeed":14,"sunshinepower":151,"sunpower":151},{"datetime":"2020-07-29T09:00:00","datetimeutc":"2020-07-29T07:00:00","timetype":"Hour","precipitationmm":0.0,"temperature":17.1,"feeltemperature":17.1,"cloudcover":65,"iconcode":"b","iconid":22,"sources":1,"winddirection":"N","winddirectiondegrees":340,"windspeedms":4.1,"visibility":10000,"precipitation":1,"beaufort":3,"humidity":81,"sunshine":28,"hour":9,"pollenindex":4,"windspeed":15,"sunshinepower":260,"sunpower":260},{"datetime":"2020-07-29T10:00:00","datetimeutc":"2020-07-29T08:00:00","timetype":"Hour","precipitationmm":0.0,"temperature":17.8,"feeltemperature":17.8,"cloudcover":69,"iconcode":"b","iconid":22,"sources":1,"winddirection":"NW","winddirectiondegrees":333,"windspeedms":4.35,"visibility":11800,"precipitation":1,"beaufort":3,"humidity":75,"sunshine":30,"hour":10,"pollenindex":4,"windspeed":16,"sunshinepower":369,"sunpower":369},{"datetime":"2020-07-29T11:00:00","datetimeutc":"2020-07-29T09:00:00","timetype":"Hour","precipitationmm":0.0,"temperature":18.6,"feeltemperature":18.6,"cloudcover":71,"iconcode":"r","iconid":19,"sources":1,"winddirection":"NW","winddirectiondegrees":326,"windspeedms":4.53,"visibility":14000,"precipitation":1,"beaufort":3,"humidity":68,"sunshine":26,"hour":11,"pollenindex":5,"windspeed":16,"sunshinepower":472,"sunpower":472},{"datetime":"2020-07-29T12:00:00","datetimeutc":"2020-07-29T10:00:00","timetype":"Hour","precipitationmm":0.0,"temperature":19.3,"feeltemperature":19.3,"cloudcover":75,"iconcode":"r","iconid":19,"sources":1,"winddirection":"NW","winddirectiondegrees":319,"windspeedms":5.02,"visibility":15600,"precipitation":1,"beaufort":3,"humidity":62,"sunshine":25,"hour":12,"pollenindex":5,"windspeed":18,"sunshinepower":567,"sunpower":567},{"datetime":"2020-07-29T13:00:00","datetimeutc":"2020-07-29T11:00:00","timetype":"Hour","precipitationmm":0.0,"temperature":19.7,"feeltemperature":19.7,"cloudcover":85,"iconcode":"r","iconid":22,"sources":1,"winddirection":"NW","winddirectiondegrees":312,"windspeedms":5.38,"visibility":15600,"precipitation":1,"beaufort":3,"humidity":61,"sunshine":20,"hour":13,"pollenindex":5,"windspeed":19,"sunshinepower":635,"sunpower":635},{"datetime":"2020-07-29T14:00:00","datetimeutc":"2020-07-29T12:00:00","timetype":"Hour","precipitationmm":0.0,"temperature":19.6,"feeltemperature":19.6,"cloudcover":88,"iconcode":"r","iconid":19,"sources":1,"winddirection":"NW","winddirectiondegrees":304,"windspeedms":5.65,"visibility":16600,"precipitation":1,"beaufort":3,"humidity":61,"sunshine":10,"hour":14,"pollenindex":5,"windspeed":20,"sunshinepower":660,"sunpower":660},{"datetime":"2020-07-29T15:00:00","datetimeutc":"2020-07-29T13:00:00","timetype":"Hour","precipitationmm":0.0,"temperature":19.5,"feeltemperature":19.5,"cloudcover":80,"iconcode":"r","iconid":19,"sources":1,"winddirection":"NW","winddirectiondegrees":300,"windspeedms":5.79,"visibility":17200,"precipitation":1,"beaufort":3,"humidity":62,"sunshine":6,"hour":15,"pollenindex":5,"windspeed":21,"sunshinepower":646,"sunpower":646},{"datetime":"2020-07-29T16:00:00","datetimeutc":"2020-07-29T14:00:00","timetype":"Hour","precipitationmm":0.0,"temperature":19.2,"feeltemperature":19.2,"cloudcover":66,"iconcode":"b","iconid":19,"sources":1,"winddirection":"NW","winddirectiondegrees":297,"windspeedms":5.82,"visibility":17400,"precipitation":1,"beaufort":3,"humidity":63,"sunshine":15,"hour":16,"pollenindex":5,"windspeed":21,"sunshinepower":585,"sunpower":585},{"datetime":"2020-07-29T17:00:00","datetimeutc":"2020-07-29T15:00:00","timetype":"Hour","precipitationmm":0.0,"temperature":18.9,"feeltemperature":18.9,"cloudcover":50,"iconcode":"b","iconid":19,"sources":1,"winddirection":"NW","winddirectiondegrees":296,"windspeedms":5.73,"visibility":16600,"precipitation":1,"beaufort":3,"humidity":63,"sunshine":30,"hour":17,"pollenindex":5,"windspeed":21,"sunshinepower":494,"sunpower":494},{"datetime":"2020-07-29T18:00:00","datetimeutc":"2020-07-29T16:00:00","timetype":"Hour","precipitationmm":0.0,"temperature":18.4,"feeltemperature":18.4,"cloudcover":48,"iconcode":"j","iconid":19,"sources":1,"winddirection":"NW","winddirectiondegrees":298,"windspeedms":5.48,"visibility":16000,"precipitation":1,"beaufort":3,"humidity":64,"sunshine":46,"hour":18,"pollenindex":5,"windspeed":20,"sunshinepower":392,"sunpower":392},{"datetime":"2020-07-29T19:00:00","datetimeutc":"2020-07-29T17:00:00","timetype":"Hour","precipitationmm":0.0,"temperature":17.8,"feeltemperature":17.8,"cloudcover":20,"iconcode":"j","iconid":4,"sources":1,"winddirection":"NW","winddirectiondegrees":296,"windspeedms":5.12,"visibility":16000,"precipitation":1,"beaufort":3,"humidity":66,"sunshine":48,"hour":19,"pollenindex":5,"windspeed":18,"sunshinepower":274,"sunpower":274},{"datetime":"2020-07-29T20:00:00","datetimeutc":"2020-07-29T18:00:00","timetype":"Hour","precipitationmm":0.0,"temperature":16.9,"feeltemperature":16.9,"cloudcover":46,"iconcode":"j","iconid":4,"sources":1,"winddirection":"W","winddirectiondegrees":290,"windspeedms":4.6,"visibility":16200,"precipitation":1,"beaufort":3,"humidity":70,"sunshine":78,"hour":20,"pollenindex":4,"windspeed":17,"sunshinepower":149,"sunpower":149},{"datetime":"2020-07-29T21:00:00","datetimeutc":"2020-07-29T19:00:00","timetype":"Hour","precipitationmm":0.0,"temperature":15.9,"feeltemperature":15.9,"cloudcover":37,"iconcode":"j","iconid":4,"sources":1,"winddirection":"W","winddirectiondegrees":281,"windspeedms":3.78,"visibility":15000,"precipitation":1,"beaufort":2,"humidity":73,"sunshine":51,"hour":21,"pollenindex":4,"windspeed":14,"sunshinepower":41,"sunpower":41},{"datetime":"2020-07-29T22:00:00","datetimeutc":"2020-07-29T20:00:00","timetype":"Hour","precipitationmm":0.0,"temperature":15.0,"feeltemperature":15.0,"cloudcover":41,"iconcode":"jj","iconid":19,"sources":1,"winddirection":"W","winddirectiondegrees":266,"windspeedms":2.91,"visibility":12800,"precipitation":0,"beaufort":2,"humidity":76,"sunshine":40,"hour":22,"pollenindex":4,"windspeed":10,"sunshinepower":0,"sunpower":0},{"datetime":"2020-07-29T23:00:00","datetimeutc":"2020-07-29T21:00:00","timetype":"Hour","precipitationmm":0.0,"temperature":14.5,"feeltemperature":14.5,"cloudcover":58,"iconcode":"bb","iconid":7,"sources":1,"winddirection":"ZW","winddirectiondegrees":244,"windspeedms":2.82,"visibility":12400,"precipitation":0,"beaufort":2,"humidity":78,"sunshine":0,"hour":23,"pollenindex":4,"windspeed":10,"sunshinepower":0,"sunpower":0}],"datetime":"2020-07-29T00:00:00","datetimeutc":"2020-07-28T22:00:00","timetype":"Day","precipitationmm":0.3,"mintemperature":14.5,"maxtemperature":19.7,"cloudcover":25,"iconcode":"f","iconid":16,"sources":1,"winddirection":"NW","winddirectiondegrees":315,"windspeedms":4.32,"precipitation":28,"beaufort":3,"uvindex":6,"bbqindex":8,"mosquitoindex":6,"pollenindex":5,"icescrapeindex":1,"mintemp":14.5,"maxtemp":19.7,"windspeed":4},{"date":"2020-07-30T00:00:00","sunrise":"2020-07-30T05:58:29","sunset":"2020-07-30T21:34:17","hours":[{"datetime":"2020-07-30T00:00:00","datetimeutc":"2020-07-29T22:00:00","timetype":"Hour","precipitationmm":0.0,"temperature":14.1,"feeltemperature":14.1,"cloudcover":30,"iconcode":"jj","iconid":8,"sources":1,"winddirection":"ZW","winddirectiondegrees":235,"windspeedms":2.86,"visibility":13810,"precipitation":0,"beaufort":2,"humidity":81,"sunshine":0,"hour":0,"pollenindex":4,"windspeed":10,"sunshinepower":0,"sunpower":0},{"datetime":"2020-07-30T01:00:00","datetimeutc":"2020-07-29T23:00:00","timetype":"Hour","precipitationmm":0.0,"temperature":13.8,"feeltemperature":13.8,"cloudcover":30,"iconcode":"jj","iconid":8,"sources":1,"winddirection":"ZW","winddirectiondegrees":231,"windspeedms":2.81,"visibility":11430,"precipitation":0,"beaufort":2,"humidity":81,"sunshine":0,"hour":1,"pollenindex":4,"windspeed":10,"sunshinepower":0,"sunpower":0},{"datetime":"2020-07-30T02:00:00","datetimeutc":"2020-07-30T00:00:00","timetype":"Hour","precipitationmm":0.0,"temperature":13.4,"feeltemperature":13.4,"cloudcover":30,"iconcode":"jj","iconid":6,"sources":1,"winddirection":"ZW","winddirectiondegrees":234,"windspeedms":2.92,"visibility":10030,"precipitation":0,"beaufort":2,"humidity":84,"sunshine":0,"hour":2,"pollenindex":4,"windspeed":11,"sunshinepower":0,"sunpower":0},{"datetime":"2020-07-30T03:00:00","datetimeutc":"2020-07-30T01:00:00","timetype":"Hour","precipitationmm":0.0,"temperature":13.4,"feeltemperature":13.4,"cloudcover":43,"iconcode":"jj","iconid":19,"sources":1,"winddirection":"ZW","winddirectiondegrees":243,"windspeedms":2.74,"visibility":10610,"precipitation":0,"beaufort":2,"humidity":84,"sunshine":0,"hour":3,"pollenindex":4,"windspeed":10,"sunshinepower":0,"sunpower":0},{"datetime":"2020-07-30T04:00:00","datetimeutc":"2020-07-30T02:00:00","timetype":"Hour","precipitationmm":0.0,"temperature":13.3,"feeltemperature":13.3,"cloudcover":43,"iconcode":"jj","iconid":7,"sources":1,"winddirection":"W","winddirectiondegrees":253,"windspeedms":2.79,"visibility":12400,"precipitation":0,"beaufort":2,"humidity":85,"sunshine":0,"hour":4,"pollenindex":4,"windspeed":10,"sunshinepower":0,"sunpower":0},{"datetime":"2020-07-30T05:00:00","datetimeutc":"2020-07-30T03:00:00","timetype":"Hour","precipitationmm":0.0,"temperature":13.5,"feeltemperature":13.5,"cloudcover":43,"iconcode":"jj","iconid":13,"sources":1,"winddirection":"W","winddirectiondegrees":260,"windspeedms":2.96,"visibility":13800,"precipitation":0,"beaufort":2,"humidity":83,"sunshine":0,"hour":5,"pollenindex":4,"windspeed":11,"sunshinepower":0,"sunpower":0},{"datetime":"2020-07-30T06:00:00","datetimeutc":"2020-07-30T04:00:00","timetype":"Hour","precipitationmm":0.0,"temperature":13.7,"feeltemperature":13.7,"cloudcover":43,"iconcode":"j","iconid":13,"sources":1,"winddirection":"W","winddirectiondegrees":265,"windspeedms":2.93,"visibility":13800,"precipitation":0,"beaufort":2,"humidity":82,"sunshine":3,"hour":6,"pollenindex":4,"windspeed":11,"sunshinepower":0,"sunpower":0},{"datetime":"2020-07-30T07:00:00","datetimeutc":"2020-07-30T05:00:00","timetype":"Hour","precipitationmm":0.0,"temperature":14.2,"feeltemperature":14.2,"cloudcover":21,"iconcode":"j","iconid":13,"sources":1,"winddirection":"W","winddirectiondegrees":260,"windspeedms":3.11,"visibility":12200,"precipitation":1,"beaufort":2,"humidity":82,"sunshine":53,"hour":7,"pollenindex":4,"windspeed":11,"sunshinepower":65,"sunpower":65},{"datetime":"2020-07-30T08:00:00","datetimeutc":"2020-07-30T06:00:00","timetype":"Hour","precipitationmm":0.0,"temperature":14.8,"feeltemperature":13.9,"cloudcover":48,"iconcode":"j","iconid":13,"sources":1,"winddirection":"W","winddirectiondegrees":267,"windspeedms":3.97,"visibility":13600,"precipitation":0,"beaufort":2,"humidity":80,"sunshine":78,"hour":8,"pollenindex":4,"windspeed":14,"sunshinepower":187,"sunpower":187},{"datetime":"2020-07-30T09:00:00","datetimeutc":"2020-07-30T07:00:00","timetype":"Hour","precipitationmm":0.0,"temperature":15.6,"feeltemperature":15.6,"cloudcover":48,"iconcode":"j","iconid":5,"sources":1,"winddirection":"W","winddirectiondegrees":268,"windspeedms":4.74,"visibility":15200,"precipitation":1,"beaufort":3,"humidity":76,"sunshine":48,"hour":9,"pollenindex":4,"windspeed":17,"sunshinepower":328,"sunpower":328},{"datetime":"2020-07-30T10:00:00","datetimeutc":"2020-07-30T08:00:00","timetype":"Hour","precipitationmm":0.0,"temperature":16.4,"feeltemperature":16.4,"cloudcover":47,"iconcode":"j","iconid":8,"sources":1,"winddirection":"W","winddirectiondegrees":265,"windspeedms":5.16,"visibility":15600,"precipitation":1,"beaufort":3,"humidity":71,"sunshine":48,"hour":10,"pollenindex":4,"windspeed":19,"sunshinepower":443,"sunpower":443},{"datetime":"2020-07-30T11:00:00","datetimeutc":"2020-07-30T09:00:00","timetype":"Hour","precipitationmm":0.0,"temperature":17.1,"feeltemperature":17.1,"cloudcover":63,"iconcode":"b","iconid":7,"sources":1,"winddirection":"W","winddirectiondegrees":263,"windspeedms":5.43,"visibility":15800,"precipitation":1,"beaufort":3,"humidity":68,"sunshine":50,"hour":11,"pollenindex":5,"windspeed":20,"sunshinepower":534,"sunpower":534},{"datetime":"2020-07-30T12:00:00","datetimeutc":"2020-07-30T10:00:00","timetype":"Hour","precipitationmm":0.0,"temperature":17.7,"feeltemperature":17.7,"cloudcover":56,"iconcode":"b","iconid":7,"sources":1,"winddirection":"W","winddirectiondegrees":264,"windspeedms":5.73,"visibility":16000,"precipitation":1,"beaufort":3,"humidity":65,"sunshine":33,"hour":12,"pollenindex":5,"windspeed":21,"sunshinepower":655,"sunpower":655},{"datetime":"2020-07-30T13:00:00","datetimeutc":"2020-07-30T11:00:00","timetype":"Hour","precipitationmm":0.0,"temperature":18.3,"feeltemperature":18.3,"cloudcover":46,"iconcode":"j","iconid":5,"sources":1,"winddirection":"W","winddirectiondegrees":266,"windspeedms":5.98,"visibility":16000,"precipitation":1,"beaufort":3,"humidity":62,"sunshine":40,"hour":13,"pollenindex":5,"windspeed":22,"sunshinepower":460,"sunpower":460},{"datetime":"2020-07-30T14:00:00","datetimeutc":"2020-07-30T12:00:00","timetype":"Hour","precipitationmm":0.0,"temperature":18.9,"feeltemperature":18.9,"cloudcover":46,"iconcode":"j","iconid":19,"sources":1,"winddirection":"W","winddirectiondegrees":266,"windspeedms":6.1,"visibility":16400,"precipitation":1,"beaufort":4,"humidity":60,"sunshine":51,"hour":14,"pollenindex":5,"windspeed":22,"sunshinepower":0,"sunpower":0}],"datetime":"2020-07-30T00:00:00","datetimeutc":"2020-07-29T22:00:00","timetype":"Day","precipitationmm":0.4,"mintemperature":13.3,"maxtemperature":19.3,"cloudcover":25,"iconcode":"f","iconid":16,"sources":1,"winddirection":"W","winddirectiondegrees":270,"windspeedms":4.01,"precipitation":38,"beaufort":3,"mosquitoindex":6,"pollenindex":5,"icescrapeindex":1,"mintemp":13.3,"maxtemp":19.3,"windspeed":4},{"date":"2020-07-31T00:00:00","sunrise":"2020-07-31T06:00:02","sunset":"2020-07-31T21:32:37","datetime":"2020-07-31T00:00:00","datetimeutc":"2020-07-30T22:00:00","timetype":"Day","precipitationmm":0.0,"mintemperature":14.6,"maxtemperature":20.8,"cloudcover":75,"iconcode":"r","iconid":3,"sources":1,"winddirection":"W","winddirectiondegrees":270,"windspeedms":1.97,"precipitation":1,"beaufort":1,"pollenindex":5,"mintemp":14.6,"maxtemp":20.8,"windspeed":2},{"date":"2020-08-01T00:00:00","sunrise":"2020-08-01T06:01:36","sunset":"2020-08-01T21:30:55","datetime":"2020-08-01T00:00:00","datetimeutc":"2020-07-31T22:00:00","timetype":"Day","precipitationmm":0.0,"mintemperature":16.4,"maxtemperature":23.0,"cloudcover":0,"iconcode":"a","iconid":1,"sources":1,"winddirection":"ZW","winddirectiondegrees":225,"windspeedms":1.63,"precipitation":0,"beaufort":1,"pollenindex":5,"mintemp":16.4,"maxtemp":23.0,"windspeed":2},{"date":"2020-08-02T00:00:00","sunrise":"2020-08-02T06:03:11","sunset":"2020-08-02T21:29:10","datetime":"2020-08-02T00:00:00","datetimeutc":"2020-08-01T22:00:00","timetype":"Day","precipitationmm":0.0,"mintemperature":17.5,"maxtemperature":21.2,"cloudcover":25,"iconcode":"j","iconid":2,"sources":1,"winddirection":"W","winddirectiondegrees":270,"windspeedms":3.35,"precipitation":2,"beaufort":2,"pollenindex":5,"mintemp":17.5,"maxtemp":21.2,"windspeed":3},{"date":"2020-08-03T00:00:00","sunrise":"2020-08-03T06:04:46","sunset":"2020-08-03T21:27:25","datetime":"2020-08-03T00:00:00","datetimeutc":"2020-08-02T22:00:00","timetype":"Day","precipitationmm":5.0,"mintemperature":16.7,"maxtemperature":20.7,"cloudcover":25,"iconcode":"f","iconid":16,"sources":1,"winddirection":"ZW","winddirectiondegrees":225,"windspeedms":3.43,"precipitation":76,"beaufort":2,"pollenindex":5,"mintemp":16.7,"maxtemp":20.7,"windspeed":3},{"date":"2020-08-04T00:00:00","sunrise":"2020-08-04T06:06:21","sunset":"2020-08-04T21:25:37","datetime":"2020-08-04T00:00:00","datetimeutc":"2020-08-03T22:00:00","timetype":"Day","precipitationmm":3.3,"mintemperature":16.7,"maxtemperature":20.9,"cloudcover":25,"iconcode":"f","iconid":16,"sources":1,"winddirection":"W","winddirectiondegrees":270,"windspeedms":3.74,"precipitation":76,"beaufort":2,"pollenindex":5,"mintemp":16.7,"maxtemp":20.9,"windspeed":4},{"date":"2020-08-05T00:00:00","sunrise":"2020-08-05T06:07:58","sunset":"2020-08-05T21:23:48","datetime":"2020-08-05T00:00:00","datetimeutc":"2020-08-04T22:00:00","timetype":"Day","precipitationmm":1.8,"mintemperature":16.7,"maxtemperature":21.7,"cloudcover":90,"iconcode":"m","iconid":12,"sources":1,"winddirection":"ZW","winddirectiondegrees":225,"windspeedms":2.42,"precipitation":57,"beaufort":2,"pollenindex":5,"mintemp":16.7,"maxtemp":21.7,"windspeed":2},{"date":"2020-08-06T00:00:00","sunrise":"2020-08-06T06:09:34","sunset":"2020-08-06T21:21:57","datetime":"2020-08-06T00:00:00","datetimeutc":"2020-08-05T22:00:00","timetype":"Day","precipitationmm":2.1,"mintemperature":17.0,"maxtemperature":21.5,"cloudcover":50,"iconcode":"g","iconid":8,"sources":1,"winddirection":"W","winddirectiondegrees":270,"windspeedms":2.0,"precipitation":57,"beaufort":2,"pollenindex":5,"mintemp":17.0,"maxtemp":21.5,"windspeed":2},{"date":"2020-08-07T00:00:00","sunrise":"2020-08-07T06:11:11","sunset":"2020-08-07T21:20:05","datetime":"2020-08-07T00:00:00","datetimeutc":"2020-08-06T22:00:00","timetype":"Day","precipitationmm":0.0,"mintemperature":16.4,"maxtemperature":20.8,"cloudcover":25,"iconcode":"j","iconid":2,"sources":1,"winddirection":"W","winddirectiondegrees":270,"windspeedms":2.7,"precipitation":2,"beaufort":2,"pollenindex":5,"mintemp":16.4,"maxtemp":20.8,"windspeed":3}]}