{"location":{"lat":52.37,"lon":4.89},"timeOffset":2.0,"timestamp":"2020-07-08T20:41:05","altitude":0,"elevation":0,"machinename":"None","elapsedms":0,"pollenindexNowDay":5,"pollenindexNowHour":3,"nowrelevant":{"values":[{"type":"pollenindex","value":5},{"type":"maxtemperature","value":14.9}]},"days":[{"date":"2020-07-08T00:00:00","sunrise":"2020-07-08T05:29:13","sunset":"2020-07-08T22:01:29","evening":{"datetime":"2020-07-08T23:00:00","datetimeutc":"2020-07-08T21:00:00","timetype":"Evening","precipitationmm":0.1,"mintemperature":14.9,"maxtemperature":14.9,"cloudcover":100,"iconcode":"m","iconid":22,"sources":1,"winddirection":"O","winddirectiondegrees":80,"windspeedms":1.6,"visibility":8650,"precipitation":5,"beaufort":1,"humidity":90,"sunshine":0,"hour":23,"mintemp":14.9,"maxtemp":14.9,"windspeed":6,"sunshinepower":0,"sunpower":0},"hours":[{"datetime":"2020-07-08T23:00:00","datetimeutc":"2020-07-08T21:00:00","timetype":"Hour","precipitationmm":0.1,"temperature":14.9,"feeltemperature":14.9,"cloudcover":100,"iconcode":"mm","iconid":22,"sources":3,"winddirection":"O","winddirectiondegrees":80,"windspeedms":1.6,"visibility":8650,"precipitation":5,"beaufort":1,"humidity":90,"sunshine":0,"hour":23,"pollenindex":3,"windspeed":6,"sunshinepower":0,"sunpower":0}],"datetime":"2020-07-08T00:00:00","datetimeutc":"2020-07-07T22:00:00","timetype":"Day","precipitationmm":3.3,"mintemperature":14.9,"maxtemperature":14.9,"cloudcover":100,"iconcode":"m","iconid":12,"sources":2,"winddirection":"ZW","winddirectiondegrees":225,"windspeedms":1.6,"visibility":8650,"precipitation":5,"beaufort":1,"humidity":90,"sunshine":0,"uvindex":4,"pollenindex":5,"mintemp":14.9,"maxtemp":14.9,"windspeed":2,"sunshinepower":0,"sunpower":0},{"date":"2020-07-09T00:00:00","sunrise":"2020-07-09T05:30:15","sunset":"2020-07-09T22:00:42","morning":{"datetime":"2020-07-09T07:00:00","datetimeutc":"2020-07-09T05:00:00","timetype":"Morning","precipitationmm":2.7,"mintemperature":16.0,"maxtemperature":17.3,"cloudcover":100,"iconcode":"m","iconid":33,"sources":1,"winddirection":"ZW","winddirectiondegrees":217,"windspeedms":5.3,"visibility":1976,"precipitation":76,"beaufort":3,"humidity":94,"sunshine":0,"hour":7,"mintemp":16.0,"maxtemp":17.3,"windspeed":19,"sunshinepower":56,"sunpower":56},"afternoon":{"datetime":"2020-07-09T12:00:00","datetimeutc":"2020-07-09T10:00:00","timetype":"Afternoon","precipitationmm":0.7,"mintemperature":17.2,"maxtemperature":17.8,"cloudcover":100,"iconcode":"c","iconid":22,"sources":1,"winddirection":"W","winddirectiondegrees":251,"windspeedms":6.9,"visibility":10081,"precipitation":70,"beaufort":4,"humidity":89,"sunshine":0,"hour":12,"mintemp":17.2,"maxtemp":17.8,"windspeed":25,"sunshinepower":130,"sunpower":130},"evening":{"datetime":"2020-07-09T18:00:00","datetimeutc":"2020-07-09T16:00:00","timetype":"Evening","precipitationmm":1.1,"mintemperature":15.8,"maxtemperature":16.9,"cloudcover":100,"iconcode":"m","iconid":22,"sources":1,"winddirection":"W","winddirectiondegrees":262,"windspeedms":4.1,"visibility":9058,"precipitation":66,"beaufort":3,"humidity":92,"sunshine":0,"hour":18,"mintemp":15.8,"maxtemp":16.9,"windspeed":15,"sunshinepower":42,"sunpower":42},"night":{"datetime":"2020-07-09T00:00:00","datetimeutc":"2020-07-08T22:00:00","timetype":"Night","precipitationmm":3.6,"mintemperature":14.9,"maxtemperature":15.7,"cloudcover":100,"iconcode":"m","iconid":22,"sources":1,"winddirection":"ZO","winddirectiondegrees":138,"windspeedms":2.0,"visibility":5302,"precipitation":62,"beaufort":2,"humidity":93,"sunshine":0,"hour":0,"mintemp":14.9,"maxtemp":15.7,"windspeed":7,"sunshinepower":0,"sunpower":0},"hours":[{"datetime":"2020-07-09T00:00:00","datetimeutc":"2020-07-08T22:00:00","timetype":"Hour","precipitationmm":0.9,"temperature":14.9,"feeltemperature":14.9,"cloudcover":100,"iconcode":"mm","iconid":22,"sources":3,"winddirection":"O","winddirectiondegrees":90,"windspeedms":1.6,"visibility":8250,"precipitation":9,"beaufort":1,"humidity":91,"sunshine":0,"hour":0,"pollenindex":3,"windspeed":6,"sunshinepower":0,"sunpower":0},{"datetime":"2020-07-09T01:00:00","datetimeutc":"2020-07-08T23:00:00","timetype":"Hour","precipitationmm":0.0,"temperature":14.9,"feeltemperature":14.9,"cloudcover":100,"iconcode":"cc","iconid":18,"sources":2,"winddirection":"O","winddirectiondegrees":94,"windspeedms":1.4,"visibility":8250,"precipitation":1,"beaufort":1,"humidity":92,"sunshine":0,"hour":1,"pollenindex":3,"windspeed":5,"sunshinepower":0,"sunpower":0},{"datetime":"2020-07-09T02:00:00","datetimeutc":"2020-07-09T00:00:00","timetype":"Hour","precipitationmm":0.3,"temperature":15.0,"feeltemperature":15.0,"cloudcover":100,"iconcode":"mm","iconid":22,"sources":2,"winddirection":"ZO","winddirectiondegrees":122,"windspeedms":1.6,"visibility":8050,"precipitation":83,"beaufort":1,"humidity":93,"sunshine":0,"hour":2,"pollenindex":2,"windspeed":6,"sunshinepower":0,"sunpower":0},{"datetime":"2020-07-09T03:00:00","datetimeutc":"2020-07-09T01:00:00","timetype":"Hour","precipitationmm":0.2,"temperature":15.1,"feeltemperature":15.1,"cloudcover":100,"iconcode":"mm","iconid":22,"sources":2,"winddirection":"ZO","winddirectiondegrees":141,"windspeedms":1.9,"visibility":8050,"precipitation":82,"beaufort":1,"humidity":94,"sunshine":0,"hour":3,"pollenindex":2,"windspeed":7,"sunshinepower":0,"sunpower":0},{"datetime":"2020-07-09T04:00:00","datetimeutc":"2020-07-09T02:00:00","timetype":"Hour","precipitationmm":0.7,"temperature":15.2,"feeltemperature":15.2,"cloudcover":100,"iconcode":"mm","iconid":17,"sources":2,"winddirection":"Z","winddirectiondegrees":163,"windspeedms":1.9,"visibility":4050,"precipitation":75,"beaufort":1,"humidity":95,"sunshine":0,"hour":4,"pollenindex":2,"windspeed":7,"sunshinepower":0,"sunpower":0},{"datetime":"2020-07-09T05:00:00","datetimeutc":"2020-07-09T03:00:00","timetype":"Hour","precipitationmm":1.5,"temperature":15.4,"feeltemperature":15.4,"cloudcover":100,"iconcode":"mm","iconid":33,"sources":2,"winddirection":"Z","winddirectiondegrees":188,"windspeedms":2.2,"visibility":250,"precipitation":84,"beaufort":2,"humidity":96,"sunshine":0,"hour":5,"pollenindex":2,"windspeed":8,"sunshinepower":0,"sunpower":0},{"datetime":"2020-07-09T06:00:00","datetimeutc":"2020-07-09T04:00:00","timetype":"Hour","precipitationmm":0.0,"temperature":15.7,"feeltemperature":15.7,"cloudcover":100,"iconcode":"d","iconid":33,"sources":2,"winddirection":"Z","winddirectiondegrees":167,"windspeedms":3.1,"visibility":220,"precipitation":4,"beaufort":2,"humidity":96,"sunshine":0,"hour":6,"pollenindex":2,"windspeed":11,"sunshinepower":3,"sunpower":3},{"datetime":"2020-07-09T07:00:00","datetimeutc":"2020-07-09T05:00:00","timetype":"Hour","precipitationmm":0.7,"temperature":16.0,"feeltemperature":16.0,"cloudcover":100,"iconcode":"m","iconid":33,"sources":2,"winddirection":"Z","winddirectiondegrees":176,"windspeedms":4.0,"visibility":220,"precipitation":75,"beaufort":3,"humidity":96,"sunshine":0,"hour":7,"pollenindex":2,"windspeed":14,"sunshinepower":13,"sunpower":13},{"datetime":"2020-07-09T08:00:00","datetimeutc":"2020-07-09T06:00:00","timetype":"Hour","precipitationmm":2.0,"temperature":16.3,"feeltemperature":16.3,"cloudcover":100,"iconcode":"m","iconid":33,"sources":2,"winddirection":"ZW","winddirectiondegrees":229,"windspeedms":4.9,"visibility":210,"precipitation":78,"beaufort":3,"humidity":96,"sunshine":0,"hour":8,"pollenindex":2,"windspeed":18,"sunshinepower":30,"sunpower":30},{"datetime":"2020-07-09T09:00:00","datetimeutc":"2020-07-09T07:00:00","timetype":"Hour","precipitationmm":0.0,"temperature":16.6,"feeltemperature":16.6,"cloudcover":100,"iconcode":"d","iconid":33,"sources":2,"winddirection":"ZW","winddirectiondegrees":234,"windspeedms":5.3,"visibility":220,"precipitation":4,"beaufort":3,"humidity":95,"sunshine":0,"hour":9,"pollenindex":2,"windspeed":19,"sunshinepower":56,"sunpower":56},{"datetime":"2020-07-09T10:00:00","datetimeutc":"2020-07-09T08:00:00","timetype":"Hour","precipitationmm":0.0,"temperature":17.0,"feeltemperature":17.0,"cloudcover":100,"iconcode":"d","iconid":33,"sources":2,"winddirection":"ZW","winddirectiondegrees":223,"windspeedms":5.9,"visibility":410,"precipitation":4,"beaufort":3,"humidity":93,"sunshine":0,"hour":10,"pollenindex":2,"windspeed":21,"sunshinepower":79,"sunpower":79},{"datetime":"2020-07-09T11:00:00","datetimeutc":"2020-07-09T09:00:00","timetype":"Hour","precipitationmm":0.0,"temperature":17.3,"feeltemperature":17.3,"cloudcover":100,"iconcode":"c","iconid":22,"sources":2,"winddirection":"ZW","winddirectiondegrees":222,"windspeedms":6.5,"visibility":8820,"precipitation":3,"beaufort":4,"humidity":92,"sunshine":0,"hour":11,"pollenindex":3,"windspeed":23,"sunshinepower":102,"sunpower":102},{"datetime":"2020-07-09T12:00:00","datetimeutc":"2020-07-09T10:00:00","timetype":"Hour","precipitationmm":0.0,"temperature":17.5,"feeltemperature":17.5,"cloudcover":100,"iconcode":"c","iconid":22,"sources":2,"winddirection":"ZW","winddirectiondegrees":240,"windspeedms":7.3,"visibility":11010,"precipitation":3,"beaufort":4,"humidity":90,"sunshine":0,"hour":12,"pollenindex":3,"windspeed":26,"sunshinepower":131,"sunpower":131},{"datetime":"2020-07-09T13:00:00","datetimeutc":"2020-07-09T11:00:00","timetype":"Hour","precipitationmm":0.0,"temperature":17.8,"feeltemperature":17.8,"cloudcover":100,"iconcode":"c","iconid":19,"sources":2,"winddirection":"W","winddirectiondegrees":249,"windspeedms":7.5,"visibility":10020,"precipitation":3,"beaufort":4,"humidity":89,"sunshine":0,"hour":13,"pollenindex":3,"windspeed":27,"sunshinepower":141,"sunpower":141},{"datetime":"2020-07-09T14:00:00","datetimeutc":"2020-07-09T12:00:00","timetype":"Hour","precipitationmm":0.1,"temperature":17.8,"feeltemperature":17.8,"cloudcover":100,"iconcode":"m","iconid":22,"sources":2,"winddirection":"W","winddirectiondegrees":252,"windspeedms":7.4,"visibility":9820,"precipitation":77,"beaufort":4,"humidity":89,"sunshine":0,"hour":14,"pollenindex":3,"windspeed":27,"sunshinepower":132,"sunpower":132},{"datetime":"2020-07-09T15:00:00","datetimeutc":"2020-07-09T13:00:00","timetype":"Hour","precipitationmm":0.1,"temperature":17.8,"feeltemperature":17.8,"cloudcover":100,"iconcode":"m","iconid":33,"sources":2,"winddirection":"W","winddirectiondegrees":254,"windspeedms":7.0,"visibility":10010,"precipitation":77,"beaufort":4,"humidity":89,"sunshine":0,"hour":15,"pollenindex":3,"windspeed":25,"sunshinepower":130,"sunpower":130},{"datetime":"2020-07-09T16:00:00","datetimeutc":"2020-07-09T14:00:00","timetype":"Hour","precipitationmm":0.2,"temperature":17.5,"feeltemperature":17.5,"cloudcover":100,"iconcode":"m","iconid":22,"sources":2,"winddirection":"W","winddirectiondegrees":256,"windspeedms":6.3,"visibility":9820,"precipitation":77,"beaufort":4,"humidity":90,"sunshine":0,"hour":16,"pollenindex":3,"windspeed":23,"sunshinepower":127,"sunpower":127},{"datetime":"2020-07-09T17:00:00","datetimeutc":"2020-07-09T15:00:00","timetype":"Hour","precipitationmm":0.3,"temperature":17.2,"feeltemperature":17.2,"cloudcover":100,"iconcode":"m","iconid":22,"sources":2,"winddirection":"W","winddirectiondegrees":256,"windspeedms":5.9,"visibility":9810,"precipitation":81,"beaufort":3,"humidity":90,"sunshine":0,"hour":17,"pollenindex":3,"windspeed":21,"sunshinepower":121,"sunpower":121},{"datetime":"2020-07-09T18:00:00","datetimeutc":"2020-07-09T16:00:00","timetype":"Hour","precipitationmm":0.5,"temperature":16.9,"feeltemperature":16.9,"cloudcover":100,"iconcode":"m","iconid":22,"sources":2,"winddirection":"W","winddirectiondegrees":254,"windspeedms":5.5,"visibility":9810,"precipitation":78,"beaufort":3,"humidity":91,"sunshine":0,"hour":18,"pollenindex":3,"windspeed":20,"sunshinepower":106,"sunpower":106},{"datetime":"2020-07-09T19:00:00","datetimeutc":"2020-07-09T17:00:00","timetype":"Hour","precipitationmm":0.3,"temperature":16.7,"feeltemperature":16.7,"cloudcover":100,"iconcode":"m","iconid":20,"sources":2,"winddirection":"W","winddirectiondegrees":250,"windspeedms":5.0,"visibility":9610,"precipitation":81,"beaufort":3,"humidity":92,"sunshine":0,"hour":19,"pollenindex":3,"windspeed":18,"sunshinepower":79,"sunpower":79},{"datetime":"2020-07-09T20:00:00","datetimeutc":"2020-07-09T18:00:00","timetype":"Hour","precipitationmm":0.2,"temperature":16.4,"feeltemperature":16.4,"cloudcover":100,"iconcode":"m","iconid":21,"sources":2,"winddirection":"W","winddirectiondegrees":254,"windspeedms":4.5,"visibility":9410,"precipitation":78,"beaufort":3,"humidity":93,"sunshine":0,"hour":20,"pollenindex":2,"windspeed":16,"sunshinepower":49,"sunpower":49},{"datetime":"2020-07-09T21:00:00","datetimeutc":"2020-07-09T19:00:00","timetype":"Hour","precipitationmm":0.1,"temperature":16.2,"feeltemperature":16.2,"cloudcover":100,"iconcode":"m","iconid":33,"sources":2,"winddirection":"W","winddirectiondegrees":262,"windspeedms":3.8,"visibility":8810,"precipitation":75,"beaufort":2,"humidity":93,"sunshine":0,"hour":21,"pollenindex":2,"windspeed":14,"sunshinepower":20,"sunpower":20},{"datetime":"2020-07-09T22:00:00","datetimeutc":"2020-07-09T20:00:00","timetype":"Hour","precipitationmm":0.0,"temperature":16.0,"feeltemperature":16.0,"cloudcover":100,"iconcode":"c","iconid":22,"sources":2,"winddirection":"W","winddirectiondegrees":269,"windspeedms":3.2,"visibility":8250,"precipitation":2,"beaufort":2,"humidity":93,"sunshine":0,"hour":22,"pollenindex":2,"windspeed":12,"sunshinepower":0,"sunpower":0},{"datetime":"2020-07-09T23:00:00","datetimeutc":"2020-07-09T21:00:00","timetype":"Hour","precipitationmm":0.0,"temperature":15.8,"feeltemperature":15.8,"cloudcover":100,"iconcode":"cc","iconid":22,"sources":2,"winddirection":"W","winddirectiondegrees":288,"windspeedms":2.7,"visibility":8460,"precipitation":2,"beaufort":2,"humidity":94,"sunshine":0,"hour":23,"pollenindex":2,"windspeed":10,"sunshinepower":0,"sunpower":0}],"datetime":"2020-07-09T00:00:00","datetimeutc":"2020-07-08T22:00:00","timetype":"Day","precipitationmm":10.1,"mintemperature":14.9,"maxtemperature":17.8,"cloudcover":100,"iconcode":"q","iconid":12,"sources":2,"winddirection":"W","winddirectiondegrees":270,"windspeedms":4.4,"visibility":6743,"precipitation":68,"beaufort":3,"humidity":92,"sunshine":0,"uvindex":2,"bbqindex":3,"mosquitoindex":6,"pollenindex":4,"icescrapeindex":1,"mintemp":14.9,"maxtemp":17.8,"windspeed":4,"sunshinepower":54,"sunpower":54},{"date":"2020-07-10T00:00:00","sunrise":"2020-07-10T05:31:20","sunset":"2020-07-10T21:59:53","morning":{"datetime":"2020-07-10T07:00:00","datetimeutc":"2020-07-10T05:00:00","timetype":"Morning","precipitationmm":4.4,"mintemperature":14.0,"maxtemperature":14.4,"cloudcover":99,"iconcode":"m","iconid":23,"sources":1,"winddirection":"N","winddirectiondegrees":9,"windspeedms":4.4,"visibility":11418,"precipitation":75,"beaufort":3,"humidity":90,"sunshine":0,"hour":7,"mintemp":14.0,"maxtemp":14.4,"windspeed":16,"sunshinepower":127,"sunpower":127},"afternoon":{"datetime":"2020-07-10T14:00:00","datetimeutc":"2020-07-10T12:00:00","timetype":"Afternoon","precipitationmm":2.8,"mintemperature":14.8,"maxtemperature":16.2,"cloudcover":67,"iconcode":"m","iconid":7,"sources":1,"winddirection":"N","winddirectiondegrees":345,"windspeedms":5.0,"visibility":20585,"precipitation":55,"beaufort":3,"humidity":73,"sunshine":20,"hour":14,"mintemp":14.8,"maxtemp":16.2,"windspeed":18,"sunshinepower":503,"sunpower":503},"evening":{"datetime":"2020-07-10T18:00:00","datetimeutc":"2020-07-10T16:00:00","timetype":"Evening","precipitationmm":0.0,"mintemperature":12.7,"maxtemperature":16.1,"cloudcover":20,"iconcode":"j","iconid":7,"sources":1,"winddirection":"NW","winddirectiondegrees":321,"windspeedms":3.4,"visibility":18855,"precipitation":1,"beaufort":2,"humidity":71,"sunshine":54,"hour":18,"mintemp":12.7,"maxtemp":16.1,"windspeed":12,"sunshinepower":183,"sunpower":183},"night":{"datetime":"2020-07-10T00:00:00","datetimeutc":"2020-07-09T22:00:00","timetype":"Night","precipitationmm":1.7,"mintemperature":14.6,"maxtemperature":15.6,"cloudcover":100,"iconcode":"m","iconid":33,"sources":1,"winddirection":"N","winddirectiondegrees":17,"windspeedms":3.5,"visibility":6478,"precipitation":73,"beaufort":2,"humidity":92,"sunshine":0,"hour":0,"mintemp":14.6,"maxtemp":15.6,"windspeed":13,"sunshinepower":0,"sunpower":0},"hours":[{"datetime":"2020-07-10T00:00:00","datetimeutc":"2020-07-09T22:00:00","timetype":"Hour","precipitationmm":0.0,"temperature":15.6,"feeltemperature":15.6,"cloudcover":100,"iconcode":"cc","iconid":33,"sources":2,"winddirection":"NW","winddirectiondegrees":320,"windspeedms":2.3,"visibility":8650,"precipitation":3,"beaufort":2,"humidity":94,"sunshine":0,"hour":0,"pollenindex":2,"windspeed":8,"sunshinepower":0,"sunpower":0},{"datetime":"2020-07-10T01:00:00","datetimeutc":"2020-07-09T23:00:00","timetype":"Hour","precipitationmm":0.2,"temperature":15.5,"feeltemperature":15.5,"cloudcover":100,"iconcode":"mm","iconid":16,"sources":2,"winddirection":"N","winddirectiondegrees":4,"windspeedms":2.8,"visibility":860,"precipitation":76,"beaufort":2,"humidity":93,"sunshine":0,"hour":1,"pollenindex":3,"windspeed":10,"sunshinepower":0,"sunpower":0},{"datetime":"2020-07-10T02:00:00","datetimeutc":"2020-07-10T00:00:00","timetype":"Hour","precipitationmm":0.1,"temperature":15.4,"feeltemperature":15.4,"cloudcover":100,"iconcode":"mm","iconid":22,"sources":2,"winddirection":"NO","winddirectiondegrees":30,"windspeedms":3.9,"visibility":860,"precipitation":86,"beaufort":2,"humidity":93,"sunshine":0,"hour":2,"pollenindex":3,"windspeed":14,"sunshinepower":0,"sunpower":0},{"datetime":"2020-07-10T03:00:00","datetimeutc":"2020-07-10T01:00:00","timetype":"Hour","precipitationmm":0.5,"temperature":15.2,"feeltemperature":15.2,"cloudcover":100,"iconcode":"mm","iconid":22,"sources":2,"winddirection":"NO","winddirectiondegrees":33,"windspeedms":3.8,"visibility":8250,"precipitation":77,"beaufort":2,"humidity":92,"sunshine":0,"hour":3,"pollenindex":3,"windspeed":14,"sunshinepower":0,"sunpower":0},{"datetime":"2020-07-10T04:00:00","datetimeutc":"2020-07-10T02:00:00","timetype":"Hour","precipitationmm":0.2,"temperature":15.0,"feeltemperature":15.0,"cloudcover":100,"iconcode":"mm","iconid":22,"sources":2,"winddirection":"NO","winddirectiondegrees":31,"windspeedms":3.8,"visibility":8450,"precipitation":82,"beaufort":2,"humidity":92,"sunshine":0,"hour":4,"pollenindex":3,"windspeed":14,"sunshinepower":0,"sunpower":0},{"datetime":"2020-07-10T05:00:00","datetimeutc":"2020-07-10T03:00:00","timetype":"Hour","precipitationmm":0.0,"temperature":14.8,"feeltemperature":13.9,"cloudcover":100,"iconcode":"cc","iconid":22,"sources":2,"winddirection":"NO","winddirectiondegrees":30,"windspeedms":3.9,"visibility":8850,"precipitation":2,"beaufort":2,"humidity":91,"sunshine":0,"hour":5,"pollenindex":3,"windspeed":14,"sunshinepower":0,"sunpower":0},{"datetime":"2020-07-10T06:00:00","datetimeutc":"2020-07-10T04:00:00","timetype":"Hour","precipitationmm":0.7,"temperature":14.6,"feeltemperature":13.7,"cloudcover":100,"iconcode":"m","iconid":22,"sources":2,"winddirection":"NO","winddirectiondegrees":23,"windspeedms":3.9,"visibility":9430,"precipitation":85,"beaufort":2,"humidity":91,"sunshine":0,"hour":6,"pollenindex":3,"windspeed":14,"sunshinepower":6,"sunpower":6},{"datetime":"2020-07-10T07:00:00","datetimeutc":"2020-07-10T05:00:00","timetype":"Hour","precipitationmm":0.0,"temperature":14.4,"feeltemperature":13.4,"cloudcover":100,"iconcode":"c","iconid":23,"sources":2,"winddirection":"N","winddirectiondegrees":16,"windspeedms":4.0,"visibility":9420,"precipitation":3,"beaufort":3,"humidity":91,"sunshine":0,"hour":7,"pollenindex":3,"windspeed":14,"sunshinepower":33,"sunpower":33},{"datetime":"2020-07-10T08:00:00","datetimeutc":"2020-07-10T06:00:00","timetype":"Hour","precipitationmm":0.1,"temperature":14.2,"feeltemperature":13.0,"cloudcover":97,"iconcode":"m","iconid":33,"sources":2,"winddirection":"N","winddirectiondegrees":14,"windspeedms":4.4,"visibility":10020,"precipitation":75,"beaufort":3,"humidity":92,"sunshine":0,"hour":8,"pollenindex":3,"windspeed":16,"sunshinepower":74,"sunpower":74},{"datetime":"2020-07-10T09:00:00","datetimeutc":"2020-07-10T07:00:00","timetype":"Hour","precipitationmm":3.6,"temperature":14.0,"feeltemperature":12.7,"cloudcover":100,"iconcode":"m","iconid":33,"sources":2,"winddirection":"N","winddirectiondegrees":4,"windspeedms":4.5,"visibility":10610,"precipitation":79,"beaufort":3,"humidity":92,"sunshine":0,"hour":9,"pollenindex":3,"windspeed":16,"sunshinepower":119,"sunpower":119},{"datetime":"2020-07-10T10:00:00","datetimeutc":"2020-07-10T08:00:00","timetype":"Hour","precipitationmm":0.5,"temperature":14.1,"feeltemperature":12.8,"cloudcover":100,"iconcode":"m","iconid":33,"sources":2,"winddirection":"N","winddirectiondegrees":9,"windspeedms":4.6,"visibility":12220,"precipitation":79,"beaufort":3,"humidity":90,"sunshine":0,"hour":10,"pollenindex":3,"windspeed":17,"sunshinepower":167,"sunpower":167},{"datetime":"2020-07-10T11:00:00","datetimeutc":"2020-07-10T09:00:00","timetype":"Hour","precipitationmm":0.2,"temperature":14.4,"feeltemperature":13.2,"cloudcover":100,"iconcode":"m","iconid":22,"sources":2,"winddirection":"N","winddirectiondegrees":7,"windspeedms":4.5,"visibility":14820,"precipitation":81,"beaufort":3,"humidity":86,"sunshine":0,"hour":11,"pollenindex":3,"windspeed":16,"sunshinepower":246,"sunpower":246},{"datetime":"2020-07-10T12:00:00","datetimeutc":"2020-07-10T10:00:00","timetype":"Hour","precipitationmm":0.1,"temperature":14.8,"feeltemperature":13.7,"cloudcover":100,"iconcode":"m","iconid":19,"sources":2,"winddirection":"N","winddirectiondegrees":3,"windspeedms":4.6,"visibility":17620,"precipitation":82,"beaufort":3,"humidity":82,"sunshine":0,"hour":12,"pollenindex":3,"windspeed":17,"sunshinepower":353,"sunpower":353},{"datetime":"2020-07-10T13:00:00","datetimeutc":"2020-07-10T11:00:00","timetype":"Hour","precipitationmm":1.5,"temperature":15.2,"feeltemperature":15.2,"cloudcover":82,"iconcode":"m","iconid":22,"sources":2,"winddirection":"N","winddirectiondegrees":351,"windspeedms":4.7,"visibility":22020,"precipitation":81,"beaufort":3,"humidity":78,"sunshine":0,"hour":13,"pollenindex":4,"windspeed":17,"sunshinepower":443,"sunpower":443},{"datetime":"2020-07-10T14:00:00","datetimeutc":"2020-07-10T12:00:00","timetype":"Hour","precipitationmm":0.0,"temperature":15.6,"feeltemperature":15.6,"cloudcover":64,"iconcode":"b","iconid":7,"sources":1,"winddirection":"N","winddirectiondegrees":348,"windspeedms":5.16,"visibility":23820,"precipitation":2,"beaufort":3,"humidity":74,"sunshine":11,"hour":14,"pollenindex":4,"windspeed":19,"sunshinepower":513,"sunpower":513},{"datetime":"2020-07-10T15:00:00","datetimeutc":"2020-07-10T13:00:00","timetype":"Hour","precipitationmm":1.2,"temperature":16.0,"feeltemperature":16.0,"cloudcover":57,"iconcode":"f","iconid":33,"sources":1,"winddirection":"N","winddirectiondegrees":343,"windspeedms":5.16,"visibility":21220,"precipitation":52,"beaufort":3,"humidity":71,"sunshine":31,"hour":15,"pollenindex":4,"windspeed":19,"sunshinepower":569,"sunpower":569},{"datetime":"2020-07-10T16:00:00","datetimeutc":"2020-07-10T14:00:00","timetype":"Hour","precipitationmm":0.0,"temperature":16.2,"feeltemperature":16.2,"cloudcover":54,"iconcode":"b","iconid":7,"sources":1,"winddirection":"N","winddirectiondegrees":339,"windspeedms":5.06,"visibility":18620,"precipitation":2,"beaufort":3,"humidity":68,"sunshine":40,"hour":16,"pollenindex":4,"windspeed":18,"sunshinepower":592,"sunpower":592},{"datetime":"2020-07-10T17:00:00","datetimeutc":"2020-07-10T15:00:00","timetype":"Hour","precipitationmm":0.0,"temperature":16.2,"feeltemperature":16.2,"cloudcover":50,"iconcode":"b","iconid":7,"sources":1,"winddirection":"NW","winddirectiondegrees":330,"windspeedms":5.14,"visibility":20210,"precipitation":2,"beaufort":3,"humidity":66,"sunshine":43,"hour":17,"pollenindex":4,"windspeed":19,"sunshinepower":551,"sunpower":551},{"datetime":"2020-07-10T18:00:00","datetimeutc":"2020-07-10T16:00:00","timetype":"Hour","precipitationmm":0.0,"temperature":16.1,"feeltemperature":16.1,"cloudcover":42,"iconcode":"j","iconid":7,"sources":1,"winddirection":"NW","winddirectiondegrees":328,"windspeedms":4.97,"visibility":24410,"precipitation":1,"beaufort":3,"humidity":65,"sunshine":46,"hour":18,"pollenindex":4,"windspeed":18,"sunshinepower":463,"sunpower":463},{"datetime":"2020-07-10T19:00:00","datetimeutc":"2020-07-10T17:00:00","timetype":"Hour","precipitationmm":0.0,"temperature":15.8,"feeltemperature":15.8,"cloudcover":33,"iconcode":"j","iconid":4,"sources":1,"winddirection":"NW","winddirectiondegrees":332,"windspeedms":4.46,"visibility":22610,"precipitation":1,"beaufort":3,"humidity":67,"sunshine":55,"hour":19,"pollenindex":4,"windspeed":16,"sunshinepower":348,"sunpower":348},{"datetime":"2020-07-10T20:00:00","datetimeutc":"2020-07-10T18:00:00","timetype":"Hour","precipitationmm":0.0,"temperature":15.2,"feeltemperature":15.2,"cloudcover":24,"iconcode":"j","iconid":4,"sources":1,"winddirection":"NW","winddirectiondegrees":329,"windspeedms":4.11,"visibility":19210,"precipitation":1,"beaufort":3,"humidity":69,"sunshine":65,"hour":20,"pollenindex":4,"windspeed":15,"sunshinepower":209,"sunpower":209},{"datetime":"2020-07-10T21:00:00","datetimeutc":"2020-07-10T19:00:00","timetype":"Hour","precipitationmm":0.0,"temperature":14.4,"feeltemperature":14.4,"cloudcover":16,"iconcode":"j","iconid":4,"sources":1,"winddirection":"NW","winddirectiondegrees":325,"windspeedms":3.3,"visibility":17210,"precipitation":1,"beaufort":2,"humidity":73,"sunshine":75,"hour":21,"pollenindex":4,"windspeed":12,"sunshinepower":78,"sunpower":78},{"datetime":"2020-07-10T22:00:00","datetimeutc":"2020-07-10T20:00:00","timetype":"Hour","precipitationmm":0.0,"temperature":13.5,"feeltemperature":13.5,"cloudcover":6,"iconcode":"aa","iconid":1,"sources":1,"winddirection":"NW","winddirectiondegrees":316,"windspeedms":2.21,"visibility":15830,"precipitation":1,"beaufort":2,"humidity":76,"sunshine":83,"hour":22,"pollenindex":4,"windspeed":8,"sunshinepower":0,"sunpower":0},{"datetime":"2020-07-10T23:00:00","datetimeutc":"2020-07-10T21:00:00","timetype":"Hour","precipitationmm":0.0,"temperature":12.7,"feeltemperature":12.7,"cloudcover":3,"iconcode":"aa","iconid":1,"sources":1,"winddirection":"NW","winddirectiondegrees":298,"windspeedms":1.62,"visibility":13860,"precipitation":0,"beaufort":1,"humidity":80,"sunshine":3,"hour":23,"pollenindex":3,"windspeed":6,"sunshinepower":0,"sunpower":0}],"datetime":"2020-07-10T00:00:00","datetimeutc":"2020-07-09T22:00:00","timetype":"Day","precipitationmm":10.4,"mintemperature":12.7,"maxtemperature":16.2,"cloudcover":72,"iconcode":"q","iconid":14,"sources":2,"winddirection":"N","winddirectiondegrees":0,"windspeedms":4.0,"visibility":14128,"precipitation":55,"beaufort":3,"humidity":81,"sunshine":18,"uvindex":3,"bbqindex":6,"mosquitoindex":6,"pollenindex":4,"icescrapeindex":1,"mintemp":12.7,"maxtemp":16.2,"windspeed":4,"sunshinepower":198,"sunpower":198},{"date":"2020-07-11T00:00:00","sunrise":"2020-07-11T05:32:26","sunset":"2020-07-11T21:59:01","hours":[{"datetime":"2020-07-11T00:00:00","datetimeutc":"2020-07-10T22:00:00","timetype":"Hour","precipitationmm":0.0,"temperature":12.0,"feeltemperature":12.0,"cloudcover":9,"iconcode":"aa","iconid":1,"sources":1,"winddirection":"W","winddirectiondegrees":270,"windspeedms":1.53,"visibility":13460,"precipitation":0,"beaufort":1,"humidity":83,"sunshine":0,"hour":0,"pollenindex":3,"windspeed":6,"sunshinepower":0,"sunpower":0},{"datetime":"2020-07-11T01:00:00","datetimeutc":"2020-07-10T23:00:00","timetype":"Hour","precipitationmm":0.0,"temperature":11.4,"feeltemperature":11.4,"cloudcover":16,"iconcode":"jj","iconid":4,"sources":1,"winddirection":"W","winddirectiondegrees":261,"windspeedms":1.4,"visibility":12050,"precipitation":0,"beaufort":1,"humidity":85,"sunshine":0,"hour":1,"pollenindex":3,"windspeed":5,"sunshinepower":0,"sunpower":0},{"datetime":"2020-07-11T02:00:00","datetimeutc":"2020-07-11T00:00:00","timetype":"Hour","precipitationmm":0.0,"temperature":11.0,"feeltemperature":11.0,"cloudcover":20,"iconcode":"jj","iconid":22,"sources":1,"winddirection":"W","winddirectiondegrees":287,"windspeedms":1.78,"visibility":12050,"precipitation":0,"beaufort":1,"humidity":87,"sunshine":0,"hour":2,"pollenindex":3,"windspeed":6,"sunshinepower":0,"sunpower":0},{"datetime":"2020-07-11T03:00:00","datetimeutc":"2020-07-11T01:00:00","timetype":"Hour","precipitationmm":0.0,"temperature":10.6,"feeltemperature":10.6,"cloudcover":21,"iconcode":"jj","iconid":22,"sources":1,"winddirection":"NW","winddirectiondegrees":299,"windspeedms":2.14,"visibility":12050,"precipitation":0,"beaufort":2,"humidity":89,"sunshine":0,"hour":3,"pollenindex":3,"windspeed":8,"sunshinepower":0,"sunpower":0},{"datetime":"2020-07-11T04:00:00","datetimeutc":"2020-07-11T02:00:00","timetype":"Hour","precipitationmm":0.0,"temperature":10.6,"feeltemperature":10.6,"cloudcover":44,"iconcode":"jj","iconid":22,"sources":1,"winddirection":"NW","winddirectiondegrees":297,"windspeedms":2.04,"visibility":11850,"precipitation":0,"beaufort":2,"humidity":90,"sunshine":0,"hour":4,"pollenindex":3,"windspeed":7,"sunshinepower":0,"sunpower":0},{"datetime":"2020-07-11T05:00:00","datetimeutc":"2020-07-11T03:00:00","timetype":"Hour","precipitationmm":0.0,"temperature":10.9,"feeltemperature":10.9,"cloudcover":61,"iconcode":"bb","iconid":22,"sources":1,"winddirection":"NW","winddirectiondegrees":307,"windspeedms":1.89,"visibility":11840,"precipitation":0,"beaufort":1,"humidity":90,"sunshine":0,"hour":5,"pollenindex":3,"windspeed":7,"sunshinepower":0,"sunpower":0},{"datetime":"2020-07-11T06:00:00","datetimeutc":"2020-07-11T04:00:00","timetype":"Hour","precipitationmm":0.0,"temperature":11.5,"feeltemperature":11.5,"cloudcover":66,"iconcode":"b","iconid":7,"sources":1,"winddirection":"NW","winddirectiondegrees":329,"windspeedms":1.76,"visibility":11810,"precipitation":0,"beaufort":1,"humidity":88,"sunshine":16,"hour":6,"pollenindex":3,"windspeed":6,"sunshinepower":19,"sunpower":19},{"datetime":"2020-07-11T07:00:00","datetimeutc":"2020-07-11T05:00:00","timetype":"Hour","precipitationmm":0.0,"temperature":12.4,"feeltemperature":12.4,"cloudcover":63,"iconcode":"b","iconid":7,"sources":1,"winddirection":"N","winddirectiondegrees":340,"windspeedms":1.67,"visibility":10810,"precipitation":0,"beaufort":1,"humidity":86,"sunshine":30,"hour":7,"pollenindex":3,"windspeed":6,"sunshinepower":108,"sunpower":108},{"datetime":"2020-07-11T08:00:00","datetimeutc":"2020-07-11T06:00:00","timetype":"Hour","precipitationmm":0.0,"temperature":13.5,"feeltemperature":13.5,"cloudcover":61,"iconcode":"b","iconid":7,"sources":1,"winddirection":"N","winddirectiondegrees":350,"windspeedms":2.07,"visibility":12020,"precipitation":0,"beaufort":2,"humidity":83,"sunshine":33,"hour":8,"pollenindex":3,"windspeed":7,"sunshinepower":240,"sunpower":240},{"datetime":"2020-07-11T09:00:00","datetimeutc":"2020-07-11T07:00:00","timetype":"Hour","precipitationmm":0.0,"temperature":14.6,"feeltemperature":14.6,"cloudcover":63,"iconcode":"b","iconid":7,"sources":1,"winddirection":"N","winddirectiondegrees":345,"windspeedms":2.35,"visibility":15010,"precipitation":0,"beaufort":2,"humidity":78,"sunshine":35,"hour":9,"pollenindex":4,"windspeed":8,"sunshinepower":376,"sunpower":376},{"datetime":"2020-07-11T10:00:00","datetimeutc":"2020-07-11T08:00:00","timetype":"Hour","precipitationmm":0.0,"temperature":15.6,"feeltemperature":15.6,"cloudcover":65,"iconcode":"b","iconid":19,"sources":1,"winddirection":"NW","winddirectiondegrees":335,"windspeedms":2.52,"visibility":17410,"precipitation":0,"beaufort":2,"humidity":72,"sunshine":33,"hour":10,"pollenindex":4,"windspeed":9,"sunshinepower":482,"sunpower":482},{"datetime":"2020-07-11T11:00:00","datetimeutc":"2020-07-11T09:00:00","timetype":"Hour","precipitationmm":0.0,"temperature":16.5,"feeltemperature":16.5,"cloudcover":63,"iconcode":"b","iconid":19,"sources":1,"winddirection":"NW","winddirectiondegrees":327,"windspeedms":2.86,"visibility":19610,"precipitation":0,"beaufort":2,"humidity":67,"sunshine":31,"hour":11,"pollenindex":4,"windspeed":10,"sunshinepower":559,"sunpower":559},{"datetime":"2020-07-11T12:00:00","datetimeutc":"2020-07-11T10:00:00","timetype":"Hour","precipitationmm":0.0,"temperature":17.3,"feeltemperature":17.3,"cloudcover":56,"iconcode":"b","iconid":22,"sources":1,"winddirection":"NW","winddirectiondegrees":321,"windspeedms":3.28,"visibility":20810,"precipitation":0,"beaufort":2,"humidity":63,"sunshine":33,"hour":12,"pollenindex":5,"windspeed":12,"sunshinepower":633,"sunpower":633},{"datetime":"2020-07-11T13:00:00","datetimeutc":"2020-07-11T11:00:00","timetype":"Hour","precipitationmm":0.0,"temperature":17.9,"feeltemperature":17.9,"cloudcover":45,"iconcode":"j","iconid":22,"sources":1,"winddirection":"NW","winddirectiondegrees":319,"windspeedms":3.81,"visibility":21810,"precipitation":1,"beaufort":2,"humidity":61,"sunshine":40,"hour":13,"pollenindex":5,"windspeed":14,"sunshinepower":691,"sunpower":691},{"datetime":"2020-07-11T14:00:00","datetimeutc":"2020-07-11T12:00:00","timetype":"Hour","precipitationmm":0.0,"temperature":18.2,"feeltemperature":18.2,"cloudcover":46,"iconcode":"j","iconid":19,"sources":1,"winddirection":"NW","winddirectiondegrees":315,"windspeedms":4.29,"visibility":21810,"precipitation":1,"beaufort":3,"humidity":60,"sunshine":51,"hour":14,"pollenindex":5,"windspeed":15,"sunshinepower":719,"sunpower":719},{"datetime":"2020-07-11T15:00:00","datetimeutc":"2020-07-11T13:00:00","timetype":"Hour","precipitationmm":0.0,"temperature":18.2,"feeltemperature":18.2,"cloudcover":44,"iconcode":"j","iconid":4,"sources":1,"winddirection":"NW","winddirectiondegrees":306,"windspeedms":4.69,"visibility":16610,"precipitation":1,"beaufort":3,"humidity":60,"sunshine":50,"hour":15,"pollenindex":5,"windspeed":17,"sunshinepower":699,"sunpower":699},{"datetime":"2020-07-11T16:00:00","datetimeutc":"2020-07-11T14:00:00","timetype":"Hour","precipitationmm":0.0,"temperature":18.1,"feeltemperature":18.1,"cloudcover":46,"iconcode":"j","iconid":4,"sources":1,"winddirection":"NW","winddirectiondegrees":305,"windspeedms":4.83,"visibility":15800,"precipitation":0,"beaufort":3,"humidity":60,"sunshine":53,"hour":16,"pollenindex":5,"windspeed":17,"sunshinepower":641,"sunpower":641},{"datetime":"2020-07-11T17:00:00","datetimeutc":"2020-07-11T15:00:00","timetype":"Hour","precipitationmm":0.0,"temperature":17.7,"feeltemperature":17.7,"cloudcover":46,"iconcode":"j","iconid":4,"sources":1,"winddirection":"NW","winddirectiondegrees":306,"windspeedms":4.84,"visibility":15400,"precipitation":0,"beaufort":3,"humidity":62,"sunshine":50,"hour":17,"pollenindex":5,"windspeed":17,"sunshinepower":558,"sunpower":558},{"datetime":"2020-07-11T18:00:00","datetimeutc":"2020-07-11T16:00:00","timetype":"Hour","precipitationmm":0.0,"temperature":17.2,"feeltemperature":17.2,"cloudcover":46,"iconcode":"j","iconid":4,"sources":1,"winddirection":"NW","winddirectiondegrees":312,"windspeedms":4.63,"visibility":15600,"precipitation":0,"beaufort":3,"humidity":63,"sunshine":50,"hour":18,"pollenindex":5,"windspeed":17,"sunshinepower":454,"sunpower":454},{"datetime":"2020-07-11T19:00:00","datetimeutc":"2020-07-11T17:00:00","timetype":"Hour","precipitationmm":0.0,"temperature":16.6,"feeltemperature":16.6,"cloudcover":36,"iconcode":"j","iconid":4,"sources":1,"winddirection":"NW","winddirectiondegrees":315,"windspeedms":4.22,"visibility":15410,"precipitation":0,"beaufort":3,"humidity":66,"sunshine":50,"hour":19,"pollenindex":4,"windspeed":15,"sunshinepower":336,"sunpower":336},{"datetime":"2020-07-11T20:00:00","datetimeutc":"2020-07-11T18:00:00","timetype":"Hour","precipitationmm":0.0,"temperature":15.8,"feeltemperature":15.8,"cloudcover":38,"iconcode":"j","iconid":4,"sources":1,"winddirection":"NW","winddirectiondegrees":319,"windspeedms":3.77,"visibility":15410,"precipitation":0,"beaufort":2,"humidity":70,"sunshine":61,"hour":20,"pollenindex":4,"windspeed":14,"sunshinepower":202,"sunpower":202},{"datetime":"2020-07-11T21:00:00","datetimeutc":"2020-07-11T19:00:00","timetype":"Hour","precipitationmm":0.0,"temperature":15.0,"feeltemperature":15.0,"cloudcover":31,"iconcode":"j","iconid":4,"sources":1,"winddirection":"NW","winddirectiondegrees":326,"windspeedms":2.97,"visibility":15210,"precipitation":0,"beaufort":2,"humidity":73,"sunshine":60,"hour":21,"pollenindex":4,"windspeed":11,"sunshinepower":74,"sunpower":74},{"datetime":"2020-07-11T22:00:00","datetimeutc":"2020-07-11T20:00:00","timetype":"Hour","precipitationmm":0.0,"temperature":14.1,"feeltemperature":14.1,"cloudcover":37,"iconcode":"jj","iconid":4,"sources":1,"winddirection":"NW","winddirectiondegrees":332,"windspeedms":2.01,"visibility":15010,"precipitation":0,"beaufort":2,"humidity":77,"sunshine":66,"hour":22,"pollenindex":4,"windspeed":7,"sunshinepower":0,"sunpower":0},{"datetime":"2020-07-11T23:00:00","datetimeutc":"2020-07-11T21:00:00","timetype":"Hour","precipitationmm":0.0,"temperature":13.2,"feeltemperature":13.2,"cloudcover":37,"iconcode":"jj","iconid":4,"sources":1,"winddirection":"NW","winddirectiondegrees":335,"windspeedms":1.5,"visibility":14610,"precipitation":0,"beaufort":1,"humidity":81,"sunshine":1,"hour":23,"pollenindex":3,"windspeed":5,"sunshinepower":0,"sunpower":0}],"datetime":"2020-07-11T00:00:00","datetimeutc":"2020-07-10T22:00:00","timetype":"Day","precipitationmm":0.0,"mintemperature":10.6,"maxtemperature":18.2,"cloudcover":75,"iconcode":"r","iconid":3,"sources":1,"winddirection":"NW","winddirectiondegrees":315,"windspeedms":2.87,"precipitation":1,"beaufort":2,"uvindex":5,"bbqindex":6,"mosquitoindex":6,"pollenindex":5,"icescrapeindex":1,"mintemp":10.6,"maxtemp":18.2,"windspeed":3},{"date":"2020-07-12T00:00:00","sunrise":"2020-07-12T05:33:35","sunset":"2020-07-12T21:58:06","hours":[{"datetime":"2020-07-12T00:00:00","datetimeutc":"2020-07-11T22:00:00","timetype":"Hour","precipitationmm":0.0,"temperature":12.5,"feeltemperature":12.5,"cloudcover":37,"iconcode":"jj","iconid":4,"sources":1,"winddirection":"NW","winddirectiondegrees":336,"windspeedms":1.28,"visibility":14210,"precipitation":0,"beaufort":1,"humidity":84,"sunshine":0,"hour":0,"pollenindex":3,"windspeed":5,"sunshinepower":0,"sunpower":0},{"datetime":"2020-07-12T01:00:00","datetimeutc":"2020-07-11T23:00:00","timetype":"Hour","precipitationmm":0.0,"temperature":11.8,"feeltemperature":11.8,"cloudcover":37,"iconcode":"jj","iconid":4,"sources":1,"winddirection":"N","winddirectiondegrees":343,"windspeedms":1.29,"visibility":13610,"precipitation":0,"beaufort":1,"humidity":86,"sunshine":0,"hour":1,"pollenindex":3,"windspeed":5,"sunshinepower":0,"sunpower":0},{"datetime":"2020-07-12T02:00:00","datetimeutc":"2020-07-12T00:00:00","timetype":"Hour","precipitationmm":0.0,"temperature":11.3,"feeltemperature":11.3,"cloudcover":37,"iconcode":"jj","iconid":4,"sources":1,"winddirection":"N","winddirectiondegrees":347,"windspeedms":1.29,"visibility":13010,"precipitation":0,"beaufort":1,"humidity":88,"sunshine":0,"hour":2,"pollenindex":3,"windspeed":5,"sunshinepower":0,"sunpower":0},{"datetime":"2020-07-12T03:00:00","datetimeutc":"2020-07-12T01:00:00","timetype":"Hour","precipitationmm":0.0,"temperature":10.9,"feeltemperature":10.9,"cloudcover":37,"iconcode":"jj","iconid":4,"sources":1,"winddirection":"N","winddirectiondegrees":348,"windspeedms":1.24,"visibility":12210,"precipitation":0,"beaufort":1,"humidity":89,"sunshine":0,"hour":3,"pollenindex":3,"windspeed":4,"sunshinepower":0,"sunpower":0},{"datetime":"2020-07-12T04:00:00","datetimeutc":"2020-07-12T02:00:00","timetype":"Hour","precipitationmm":0.0,"temperature":10.7,"feeltemperature":10.7,"cloudcover":37,"iconcode":"jj","iconid":4,"sources":1,"winddirection":"N","winddirectiondegrees":353,"windspeedms":1.29,"visibility":11610,"precipitation":0,"beaufort":1,"humidity":90,"sunshine":0,"hour":4,"pollenindex":3,"windspeed":5,"sunshinepower":0,"sunpower":0},{"datetime":"2020-07-12T05:00:00","datetimeutc":"2020-07-12T03:00:00","timetype":"Hour","precipitationmm":0.0,"temperature":10.8,"feeltemperature":10.8,"cloudcover":39,"iconcode":"jj","iconid":4,"sources":1,"winddirection":"N","winddirectiondegrees":360,"windspeedms":1.3,"visibility":11200,"precipitation":0,"beaufort":1,"humidity":90,"sunshine":0,"hour":5,"pollenindex":3,"windspeed":5,"sunshinepower":0,"sunpower":0},{"datetime":"2020-07-12T06:00:00","datetimeutc":"2020-07-12T04:00:00","timetype":"Hour","precipitationmm":0.0,"temperature":11.3,"feeltemperature":11.3,"cloudcover":39,"iconcode":"j","iconid":4,"sources":1,"winddirection":"N","winddirectiondegrees":8,"windspeedms":1.35,"visibility":11000,"precipitation":0,"beaufort":1,"humidity":88,"sunshine":28,"hour":6,"pollenindex":3,"windspeed":5,"sunshinepower":16,"sunpower":16},{"datetime":"2020-07-12T07:00:00","datetimeutc":"2020-07-12T05:00:00","timetype":"Hour","precipitationmm":0.0,"temperature":12.1,"feeltemperature":12.1,"cloudcover":41,"iconcode":"j","iconid":7,"sources":1,"winddirection":"NO","winddirectiondegrees":23,"windspeedms":1.42,"visibility":12400,"precipitation":0,"beaufort":1,"humidity":85,"sunshine":58,"hour":7,"pollenindex":3,"windspeed":5,"sunshinepower":95,"sunpower":95},{"datetime":"2020-07-12T08:00:00","datetimeutc":"2020-07-12T06:00:00","timetype":"Hour","precipitationmm":0.0,"temperature":13.1,"feeltemperature":13.1,"cloudcover":47,"iconcode":"j","iconid":7,"sources":1,"winddirection":"NO","winddirectiondegrees":30,"windspeedms":1.33,"visibility":12800,"precipitation":0,"beaufort":1,"humidity":81,"sunshine":56,"hour":8,"pollenindex":3,"windspeed":5,"sunshinepower":214,"sunpower":214},{"datetime":"2020-07-12T09:00:00","datetimeutc":"2020-07-12T07:00:00","timetype":"Hour","precipitationmm":0.0,"temperature":14.3,"feeltemperature":14.3,"cloudcover":50,"iconcode":"b","iconid":19,"sources":1,"winddirection":"NO","winddirectiondegrees":39,"windspeedms":1.32,"visibility":13600,"precipitation":0,"beaufort":1,"humidity":77,"sunshine":50,"hour":9,"pollenindex":4,"windspeed":5,"sunshinepower":338,"sunpower":338},{"datetime":"2020-07-12T10:00:00","datetimeutc":"2020-07-12T08:00:00","timetype":"Hour","precipitationmm":0.0,"temperature":15.6,"feeltemperature":15.6,"cloudcover":50,"iconcode":"b","iconid":19,"sources":1,"winddirection":"NO","winddirectiondegrees":49,"windspeedms":1.22,"visibility":14600,"precipitation":0,"beaufort":1,"humidity":71,"sunshine":46,"hour":10,"pollenindex":4,"windspeed":4,"sunshinepower":456,"sunpower":456},{"datetime":"2020-07-12T11:00:00","datetimeutc":"2020-07-12T09:00:00","timetype":"Hour","precipitationmm":0.0,"temperature":16.8,"feeltemperature":16.8,"cloudcover":52,"iconcode":"b","iconid":19,"sources":1,"winddirection":"NO","winddirectiondegrees":45,"windspeedms":1.25,"visibility":15200,"precipitation":0,"beaufort":1,"humidity":66,"sunshine":46,"hour":11,"pollenindex":5,"windspeed":4,"sunshinepower":577,"sunpower":577},{"datetime":"2020-07-12T12:00:00","datetimeutc":"2020-07-12T10:00:00","timetype":"Hour","precipitationmm":0.0,"temperature":17.9,"feeltemperature":17.9,"cloudcover":60,"iconcode":"b","iconid":7,"sources":1,"winddirection":"NO","winddirectiondegrees":38,"windspeedms":1.51,"visibility":16200,"precipitation":0,"beaufort":1,"humidity":60,"sunshine":45,"hour":12,"pollenindex":5,"windspeed":5,"sunshinepower":697,"sunpower":697},{"datetime":"2020-07-12T13:00:00","datetimeutc":"2020-07-12T11:00:00","timetype":"Hour","precipitationmm":0.0,"temperature":18.6,"feeltemperature":18.6,"cloudcover":69,"iconcode":"b","iconid":7,"sources":1,"winddirection":"NO","winddirectiondegrees":38,"windspeedms":2.09,"visibility":18200,"precipitation":0,"beaufort":2,"humidity":57,"sunshine":36,"hour":13,"pollenindex":5,"windspeed":8,"sunshinepower":779,"sunpower":779},{"datetime":"2020-07-12T14:00:00","datetimeutc":"2020-07-12T12:00:00","timetype":"Hour","precipitationmm":0.0,"temperature":18.9,"feeltemperature":18.9,"cloudcover":71,"iconcode":"r","iconid":7,"sources":1,"winddirection":"NO","winddirectiondegrees":39,"windspeedms":2.62,"visibility":19800,"precipitation":0,"beaufort":2,"humidity":56,"sunshine":26,"hour":14,"pollenindex":5,"windspeed":9,"sunshinepower":792,"sunpower":792},{"datetime":"2020-07-12T15:00:00","datetimeutc":"2020-07-12T13:00:00","timetype":"Hour","precipitationmm":0.0,"temperature":19.0,"feeltemperature":19.0,"cloudcover":59,"iconcode":"b","iconid":7,"sources":1,"winddirection":"NO","winddirectiondegrees":48,"windspeedms":2.98,"visibility":20000,"precipitation":0,"beaufort":2,"humidity":55,"sunshine":25,"hour":15,"pollenindex":5,"windspeed":11,"sunshinepower":772,"sunpower":772},{"datetime":"2020-07-12T16:00:00","datetimeutc":"2020-07-12T14:00:00","timetype":"Hour","precipitationmm":0.0,"temperature":19.0,"feeltemperature":19.0,"cloudcover":41,"iconcode":"j","iconid":7,"sources":1,"winddirection":"NO","winddirectiondegrees":47,"windspeedms":3.45,"visibility":20200,"precipitation":0,"beaufort":2,"humidity":55,"sunshine":36,"hour":16,"pollenindex":5,"windspeed":12,"sunshinepower":733,"sunpower":733},{"datetime":"2020-07-12T17:00:00","datetimeutc":"2020-07-12T15:00:00","timetype":"Hour","precipitationmm":0.0,"temperature":18.9,"feeltemperature":18.9,"cloudcover":32,"iconcode":"j","iconid":7,"sources":1,"winddirection":"NO","winddirectiondegrees":50,"windspeedms":3.62,"visibility":20600,"precipitation":0,"beaufort":2,"humidity":56,"sunshine":56,"hour":17,"pollenindex":5,"windspeed":13,"sunshinepower":644,"sunpower":644},{"datetime":"2020-07-12T18:00:00","datetimeutc":"2020-07-12T16:00:00","timetype":"Hour","precipitationmm":0.0,"temperature":18.5,"feeltemperature":18.5,"cloudcover":32,"iconcode":"j","iconid":4,"sources":1,"winddirection":"NO","winddirectiondegrees":54,"windspeedms":3.54,"visibility":20000,"precipitation":0,"beaufort":2,"humidity":58,"sunshine":66,"hour":18,"pollenindex":5,"windspeed":13,"sunshinepower":514,"sunpower":514},{"datetime":"2020-07-12T19:00:00","datetimeutc":"2020-07-12T17:00:00","timetype":"Hour","precipitationmm":0.0,"temperature":17.9,"feeltemperature":17.9,"cloudcover":32,"iconcode":"j","iconid":4,"sources":1,"winddirection":"NO","winddirectiondegrees":55,"windspeedms":3.31,"visibility":19400,"precipitation":0,"beaufort":2,"humidity":60,"sunshine":66,"hour":19,"pollenindex":5,"windspeed":12,"sunshinepower":364,"sunpower":364},{"datetime":"2020-07-12T20:00:00","datetimeutc":"2020-07-12T18:00:00","timetype":"Hour","precipitationmm":0.0,"temperature":17.2,"feeltemperature":17.2,"cloudcover":1,"iconcode":"a","iconid":13,"sources":1,"winddirection":"NO","winddirectiondegrees":51,"windspeedms":3.08,"visibility":18210,"precipitation":0,"beaufort":2,"humidity":63,"sunshine":66,"hour":20,"pollenindex":5,"windspeed":11,"sunshinepower":214,"sunpower":214},{"datetime":"2020-07-12T21:00:00","datetimeutc":"2020-07-12T19:00:00","timetype":"Hour","precipitationmm":0.0,"temperature":16.4,"feeltemperature":16.4,"cloudcover":29,"iconcode":"j","iconid":5,"sources":1,"winddirection":"NO","winddirectiondegrees":46,"windspeedms":2.75,"visibility":16210,"precipitation":0,"beaufort":2,"humidity":67,"sunshine":100,"hour":21,"pollenindex":4,"windspeed":10,"sunshinepower":80,"sunpower":80},{"datetime":"2020-07-12T22:00:00","datetimeutc":"2020-07-12T20:00:00","timetype":"Hour","precipitationmm":0.0,"temperature":15.5,"feeltemperature":15.5,"cloudcover":30,"iconcode":"jj","iconid":8,"sources":1,"winddirection":"NO","winddirectiondegrees":47,"windspeedms":2.34,"visibility":13610,"precipitation":0,"beaufort":2,"humidity":71,"sunshine":70,"hour":22,"pollenindex":4,"windspeed":8,"sunshinepower":0,"sunpower":0},{"datetime":"2020-07-12T23:00:00","datetimeutc":"2020-07-12T21:00:00","timetype":"Hour","precipitationmm":0.0,"temperature":14.7,"feeltemperature":14.7,"cloudcover":30,"iconcode":"jj","iconid":21,"sources":1,"winddirection":"NO","winddirectiondegrees":57,"windspeedms":2.21,"visibility":12610,"precipitation":0,"beaufort":2,"humidity":76,"sunshine":0,"hour":23,"pollenindex":4,"windspeed":8,"sunshinepower":0,"sunpower":0}],"datetime":"2020-07-12T00:00:00","datetimeutc":"2020-07-11T22:00:00","timetype":"Day","precipitationmm":0.0,"mintemperature":10.7,"maxtemperature":19.0,"cloudcover":25,"iconcode":"j","iconid":2,"sources":1,"winddirection":"NO","winddirectiondegrees":45,"windspeedms":2.05,"precipitation":0,"beaufort":2,"uvindex":6,"bbqindex":9,"mosquitoindex":7,"pollenindex":5,"icescrapeindex":1,"mintemp":10.7,"maxtemp":19.0,"windspeed":2},{"date":"2020-07-13T00:00:00","sunrise":"2020-07-13T05:34:45","sunset":"2020-07-13T21:57:08","hours":[{"datetime":"2020-07-13T00:00:00","datetimeutc":"2020-07-12T22:00:00","timetype":"Hour","precipitationmm":0.0,"temperature":14.0,"feeltemperature":14.0,"cloudcover":30,"iconcode":"jj","iconid":21,"sources":1,"winddirection":"O","winddirectiondegrees":76,"windspeedms":2.03,"visibility":13020,"precipitation":0,"beaufort":2,"humidity":80,"sunshine":0,"hour":0,"pollenindex":3,"windspeed":7,"sunshinepower":0,"sunpower":0},{"datetime":"2020-07-13T01:00:00","datetimeutc":"2020-07-12T23:00:00","timetype":"Hour","precipitationmm":0.0,"temperature":13.4,"feeltemperature":13.4,"cloudcover":30,"iconcode":"jj","iconid":21,"sources":1,"winddirection":"O","winddirectiondegrees":97,"windspeedms":2.11,"visibility":13020,"precipitation":0,"beaufort":2,"humidity":83,"sunshine":0,"hour":1,"pollenindex":3,"windspeed":8,"sunshinepower":0,"sunpower":0},{"datetime":"2020-07-13T02:00:00","datetimeutc":"2020-07-13T00:00:00","timetype":"Hour","precipitationmm":0.0,"temperature":13.0,"feeltemperature":13.0,"cloudcover":30,"iconcode":"jj","iconid":21,"sources":1,"winddirection":"O","winddirectiondegrees":112,"windspeedms":2.21,"visibility":12620,"precipitation":0,"beaufort":2,"humidity":85,"sunshine":0,"hour":2,"pollenindex":3,"windspeed":8,"sunshinepower":0,"sunpower":0},{"datetime":"2020-07-13T03:00:00","datetimeutc":"2020-07-13T01:00:00","timetype":"Hour","precipitationmm":0.0,"temperature":12.6,"feeltemperature":12.6,"cloudcover":30,"iconcode":"jj","iconid":20,"sources":1,"winddirection":"ZO","winddirectiondegrees":122,"windspeedms":2.16,"visibility":11420,"precipitation":0,"beaufort":2,"humidity":87,"sunshine":0,"hour":3,"pollenindex":3,"windspeed":8,"sunshinepower":0,"sunpower":0},{"datetime":"2020-07-13T04:00:00","datetimeutc":"2020-07-13T02:00:00","timetype":"Hour","precipitationmm":0.0,"temperature":12.4,"feeltemperature":12.4,"cloudcover":90,"iconcode":"cc","iconid":20,"sources":1,"winddirection":"ZO","winddirectiondegrees":130,"windspeedms":2.05,"visibility":10210,"precipitation":0,"beaufort":2,"humidity":88,"sunshine":0,"hour":4,"pollenindex":3,"windspeed":7,"sunshinepower":0,"sunpower":0},{"datetime":"2020-07-13T05:00:00","datetimeutc":"2020-07-13T03:00:00","timetype":"Hour","precipitationmm":0.0,"temperature":12.6,"feeltemperature":12.6,"cloudcover":89,"iconcode":"rr","iconid":21,"sources":1,"winddirection":"ZO","winddirectiondegrees":138,"windspeedms":2.02,"visibility":9400,"precipitation":0,"beaufort":2,"humidity":87,"sunshine":0,"hour":5,"pollenindex":3,"windspeed":7,"sunshinepower":0,"sunpower":0},{"datetime":"2020-07-13T06:00:00","datetimeutc":"2020-07-13T04:00:00","timetype":"Hour","precipitationmm":0.0,"temperature":13.1,"feeltemperature":13.1,"cloudcover":95,"iconcode":"c","iconid":22,"sources":1,"winddirection":"ZO","winddirectiondegrees":142,"windspeedms":2.15,"visibility":9200,"precipitation":0,"beaufort":2,"humidity":84,"sunshine":3,"hour":6,"pollenindex":3,"windspeed":8,"sunshinepower":19,"sunpower":19},{"datetime":"2020-07-13T07:00:00","datetimeutc":"2020-07-13T05:00:00","timetype":"Hour","precipitationmm":0.0,"temperature":14.0,"feeltemperature":14.0,"cloudcover":100,"iconcode":"c","iconid":22,"sources":1,"winddirection":"ZO","winddirectiondegrees":151,"windspeedms":2.0,"visibility":10600,"precipitation":0,"beaufort":2,"humidity":80,"sunshine":0,"hour":7,"pollenindex":3,"windspeed":7,"sunshinepower":102,"sunpower":102},{"datetime":"2020-07-13T08:00:00","datetimeutc":"2020-07-13T06:00:00","timetype":"Hour","precipitationmm":0.0,"temperature":15.2,"feeltemperature":15.2,"cloudcover":100,"iconcode":"c","iconid":22,"sources":1,"winddirection":"ZO","winddirectiondegrees":157,"windspeedms":2.29,"visibility":14600,"precipitation":0,"beaufort":2,"humidity":76,"sunshine":0,"hour":8,"pollenindex":4,"windspeed":8,"sunshinepower":219,"sunpower":219},{"datetime":"2020-07-13T09:00:00","datetimeutc":"2020-07-13T07:00:00","timetype":"Hour","precipitationmm":0.0,"temperature":16.6,"feeltemperature":16.6,"cloudcover":100,"iconcode":"c","iconid":22,"sources":1,"winddirection":"Z","winddirectiondegrees":161,"windspeedms":2.37,"visibility":17000,"precipitation":0,"beaufort":2,"humidity":70,"sunshine":0,"hour":9,"pollenindex":4,"windspeed":9,"sunshinepower":337,"sunpower":337},{"datetime":"2020-07-13T10:00:00","datetimeutc":"2020-07-13T08:00:00","timetype":"Hour","precipitationmm":0.0,"temperature":18.0,"feeltemperature":18.0,"cloudcover":95,"iconcode":"c","iconid":22,"sources":1,"winddirection":"Z","winddirectiondegrees":161,"windspeedms":2.3,"visibility":20600,"precipitation":0,"beaufort":2,"humidity":64,"sunshine":0,"hour":10,"pollenindex":4,"windspeed":8,"sunshinepower":442,"sunpower":442},{"datetime":"2020-07-13T11:00:00","datetimeutc":"2020-07-13T09:00:00","timetype":"Hour","precipitationmm":0.0,"temperature":19.4,"feeltemperature":19.4,"cloudcover":87,"iconcode":"r","iconid":22,"sources":1,"winddirection":"ZO","winddirectiondegrees":149,"windspeedms":2.16,"visibility":22000,"precipitation":0,"beaufort":2,"humidity":59,"sunshine":0,"hour":11,"pollenindex":5,"windspeed":8,"sunshinepower":547,"sunpower":547},{"datetime":"2020-07-13T12:00:00","datetimeutc":"2020-07-13T10:00:00","timetype":"Hour","precipitationmm":0.0,"temperature":20.5,"feeltemperature":20.5,"cloudcover":78,"iconcode":"r","iconid":22,"sources":1,"winddirection":"ZO","winddirectiondegrees":144,"windspeedms":2.07,"visibility":24200,"precipitation":0,"beaufort":2,"humidity":54,"sunshine":6,"hour":12,"pollenindex":5,"windspeed":7,"sunshinepower":649,"sunpower":649},{"datetime":"2020-07-13T13:00:00","datetimeutc":"2020-07-13T11:00:00","timetype":"Hour","precipitationmm":0.0,"temperature":21.4,"feeltemperature":21.4,"cloudcover":69,"iconcode":"b","iconid":22,"sources":1,"winddirection":"ZO","winddirectiondegrees":139,"windspeedms":2.37,"visibility":26600,"precipitation":0,"beaufort":2,"humidity":51,"sunshine":16,"hour":13,"pollenindex":5,"windspeed":9,"sunshinepower":724,"sunpower":724},{"datetime":"2020-07-13T14:00:00","datetimeutc":"2020-07-13T12:00:00","timetype":"Hour","precipitationmm":0.0,"temperature":21.9,"feeltemperature":21.9,"cloudcover":65,"iconcode":"b","iconid":22,"sources":1,"winddirection":"ZO","winddirectiondegrees":132,"windspeedms":2.34,"visibility":27800,"precipitation":0,"beaufort":2,"humidity":49,"sunshine":26,"hour":14,"pollenindex":5,"windspeed":8,"sunshinepower":741,"sunpower":741},{"datetime":"2020-07-13T15:00:00","datetimeutc":"2020-07-13T13:00:00","timetype":"Hour","precipitationmm":0.0,"temperature":22.3,"feeltemperature":25.2,"cloudcover":74,"iconcode":"r","iconid":22,"sources":1,"winddirection":"ZO","winddirectiondegrees":128,"windspeedms":2.06,"visibility":29400,"precipitation":0,"beaufort":2,"humidity":48,"sunshine":30,"hour":15,"pollenindex":5,"windspeed":7,"sunshinepower":696,"sunpower":696},{"datetime":"2020-07-13T16:00:00","datetimeutc":"2020-07-13T14:00:00","timetype":"Hour","precipitationmm":0.0,"temperature":22.4,"feeltemperature":25.2,"cloudcover":87,"iconcode":"r","iconid":22,"sources":1,"winddirection":"O","winddirectiondegrees":90,"windspeedms":1.81,"visibility":29800,"precipitation":0,"beaufort":1,"humidity":48,"sunshine":21,"hour":16,"pollenindex":5,"windspeed":7,"sunshinepower":614,"sunpower":614},{"datetime":"2020-07-13T17:00:00","datetimeutc":"2020-07-13T15:00:00","timetype":"Hour","precipitationmm":0.0,"temperature":22.2,"feeltemperature":25.2,"cloudcover":90,"iconcode":"c","iconid":22,"sources":1,"winddirection":"NO","winddirectiondegrees":42,"windspeedms":2.04,"visibility":29200,"precipitation":0,"beaufort":2,"humidity":49,"sunshine":6,"hour":17,"pollenindex":5,"windspeed":7,"sunshinepower":506,"sunpower":506},{"datetime":"2020-07-13T18:00:00","datetimeutc":"2020-07-13T16:00:00","timetype":"Hour","precipitationmm":0.0,"temperature":21.8,"feeltemperature":21.8,"cloudcover":68,"iconcode":"b","iconid":22,"sources":1,"winddirection":"NO","winddirectiondegrees":36,"windspeedms":2.37,"visibility":27600,"precipitation":0,"beaufort":2,"humidity":52,"sunshine":5,"hour":18,"pollenindex":5,"windspeed":9,"sunshinepower":393,"sunpower":393},{"datetime":"2020-07-13T19:00:00","datetimeutc":"2020-07-13T17:00:00","timetype":"Hour","precipitationmm":0.0,"temperature":21.1,"feeltemperature":21.1,"cloudcover":34,"iconcode":"j","iconid":20,"sources":1,"winddirection":"NO","winddirectiondegrees":40,"windspeedms":2.73,"visibility":25000,"precipitation":0,"beaufort":2,"humidity":56,"sunshine":28,"hour":19,"pollenindex":5,"windspeed":10,"sunshinepower":277,"sunpower":277},{"datetime":"2020-07-13T20:00:00","datetimeutc":"2020-07-13T18:00:00","timetype":"Hour","precipitationmm":0.0,"temperature":20.3,"feeltemperature":20.3,"cloudcover":16,"iconcode":"j","iconid":20,"sources":1,"winddirection":"NO","winddirectiondegrees":37,"windspeedms":2.78,"visibility":21400,"precipitation":0,"beaufort":2,"humidity":60,"sunshine":63,"hour":20,"pollenindex":5,"windspeed":10,"sunshinepower":159,"sunpower":159},{"datetime":"2020-07-13T21:00:00","datetimeutc":"2020-07-13T19:00:00","timetype":"Hour","precipitationmm":0.0,"temperature":19.3,"feeltemperature":19.3,"cloudcover":30,"iconcode":"j","iconid":22,"sources":1,"winddirection":"NO","winddirectiondegrees":31,"windspeedms":2.49,"visibility":19200,"precipitation":0,"beaufort":2,"humidity":65,"sunshine":83,"hour":21,"pollenindex":4,"windspeed":9,"sunshinepower":56,"sunpower":56},{"datetime":"2020-07-13T22:00:00","datetimeutc":"2020-07-13T20:00:00","timetype":"Hour","precipitationmm":0.0,"temperature":18.4,"feeltemperature":18.4,"cloudcover":60,"iconcode":"bb","iconid":22,"sources":1,"winddirection":"NO","winddirectiondegrees":30,"windspeedms":2.23,"visibility":17600,"precipitation":0,"beaufort":2,"humidity":69,"sunshine":66,"hour":22,"pollenindex":4,"windspeed":8,"sunshinepower":0,"sunpower":0},{"datetime":"2020-07-13T23:00:00","datetimeutc":"2020-07-13T21:00:00","timetype":"Hour","precipitationmm":0.0,"temperature":17.7,"feeltemperature":17.7,"cloudcover":82,"iconcode":"rr","iconid":22,"sources":1,"winddirection":"NO","winddirectiondegrees":32,"windspeedms":2.03,"visibility":16600,"precipitation":0,"beaufort":2,"humidity":72,"sunshine":0,"hour":23,"pollenindex":4,"windspeed":7,"sunshinepower":0,"sunpower":0}],"datetime":"2020-07-13T00:00:00","datetimeutc":"2020-07-12T22:00:00","timetype":"Day","precipitationmm":0.0,"mintemperature":12.4,"maxtemperature":22.4,"cloudcover":75,"iconcode":"r","iconid":3,"sources":1,"winddirection":"ZO","winddirectiondegrees":135,"windspeedms":2.22,"precipitation":0,"beaufort":2,"uvindex":7,"bbqindex":9,"mosquitoindex":7,"pollenindex":5,"icescrapeindex":1,"mintemp":12.4,"maxtemp":22.4,"windspeed":2},{"date":"2020-07-14T00:00:00","sunrise":"2020-07-14T05:35:58","sunset":"2020-07-14T21:56:08","hours":[{"datetime":"2020-07-14T00:00:00","datetimeutc":"2020-07-13T22:00:00","timetype":"Hour","precipitationmm":0.0,"temperature":17.1,"feeltemperature":17.1,"cloudcover":88,"iconcode":"rr","iconid":22,"sources":1,"winddirection":"NO","winddirectiondegrees":38,"windspeedms":2.06,"visibility":15820,"precipitation":0,"beaufort":2,"humidity":75,"sunshine":0,"hour":0,"pollenindex":4,"windspeed":7,"sunshinepower":0,"sunpower":0},{"datetime":"2020-07-14T01:00:00","datetimeutc":"2020-07-13T23:00:00","timetype":"Hour","precipitationmm":0.0,"temperature":16.6,"feeltemperature":16.6,"cloudcover":86,"iconcode":"rr","iconid":22,"sources":1,"winddirection":"NO","winddirectiondegrees":45,"windspeedms":1.95,"visibility":15220,"precipitation":0,"beaufort":1,"humidity":77,"sunshine":0,"hour":1,"pollenindex":4,"windspeed":7,"sunshinepower":0,"sunpower":0},{"datetime":"2020-07-14T02:00:00","datetimeutc":"2020-07-14T00:00:00","timetype":"Hour","precipitationmm":0.0,"temperature":16.3,"feeltemperature":16.3,"cloudcover":86,"iconcode":"rr","iconid":22,"sources":1,"winddirection":"NO","winddirectiondegrees":48,"windspeedms":1.87,"visibility":15010,"precipitation":0,"beaufort":1,"humidity":78,"sunshine":0,"hour":2,"pollenindex":4,"windspeed":7,"sunshinepower":0,"sunpower":0},{"datetime":"2020-07-14T03:00:00","datetimeutc":"2020-07-14T01:00:00","timetype":"Hour","precipitationmm":0.0,"temperature":16.0,"feeltemperature":16.0,"cloudcover":92,"iconcode":"cc","iconid":22,"sources":1,"winddirection":"NO","winddirectiondegrees":33,"windspeedms":1.7,"visibility":15210,"precipitation":0,"beaufort":1,"humidity":80,"sunshine":0,"hour":3,"pollenindex":3,"windspeed":6,"sunshinepower":0,"sunpower":0},{"datetime":"2020-07-14T04:00:00","datetimeutc":"2020-07-14T02:00:00","timetype":"Hour","precipitationmm":0.0,"temperature":15.7,"feeltemperature":15.7,"cloudcover":95,"iconcode":"cc","iconid":22,"sources":1,"winddirection":"N","winddirectiondegrees":3,"windspeedms":1.6,"visibility":14410,"precipitation":0,"beaufort":1,"humidity":81,"sunshine":0,"hour":4,"pollenindex":3,"windspeed":6,"sunshinepower":0,"sunpower":0},{"datetime":"2020-07-14T05:00:00","datetimeutc":"2020-07-14T03:00:00","timetype":"Hour","precipitationmm":0.0,"temperature":15.7,"feeltemperature":15.7,"cloudcover":97,"iconcode":"cc","iconid":21,"sources":1,"winddirection":"N","winddirectiondegrees":343,"windspeedms":1.76,"visibility":12600,"precipitation":0,"beaufort":1,"humidity":81,"sunshine":0,"hour":5,"pollenindex":3,"windspeed":6,"sunshinepower":0,"sunpower":0},{"datetime":"2020-07-14T06:00:00","datetimeutc":"2020-07-14T04:00:00","timetype":"Hour","precipitationmm":0.0,"temperature":16.0,"feeltemperature":16.0,"cloudcover":41,"iconcode":"j","iconid":19,"sources":1,"winddirection":"NW","winddirectiondegrees":335,"windspeedms":1.91,"visibility":10400,"precipitation":0,"beaufort":1,"humidity":81,"sunshine":0,"hour":6,"pollenindex":3,"windspeed":7,"sunshinepower":16,"sunpower":16},{"datetime":"2020-07-14T07:00:00","datetimeutc":"2020-07-14T05:00:00","timetype":"Hour","precipitationmm":0.0,"temperature":16.5,"feeltemperature":16.5,"cloudcover":42,"iconcode":"j","iconid":19,"sources":1,"winddirection":"NW","winddirectiondegrees":332,"windspeedms":2.22,"visibility":9600,"precipitation":0,"beaufort":2,"humidity":79,"sunshine":56,"hour":7,"pollenindex":3,"windspeed":8,"sunshinepower":82,"sunpower":82},{"datetime":"2020-07-14T08:00:00","datetimeutc":"2020-07-14T06:00:00","timetype":"Hour","precipitationmm":0.0,"temperature":17.3,"feeltemperature":17.3,"cloudcover":39,"iconcode":"j","iconid":19,"sources":1,"winddirection":"N","winddirectiondegrees":347,"windspeedms":2.73,"visibility":13600,"precipitation":0,"beaufort":2,"humidity":77,"sunshine":55,"hour":8,"pollenindex":4,"windspeed":10,"sunshinepower":177,"sunpower":177},{"datetime":"2020-07-14T09:00:00","datetimeutc":"2020-07-14T07:00:00","timetype":"Hour","precipitationmm":0.0,"temperature":18.1,"feeltemperature":18.1,"cloudcover":30,"iconcode":"j","iconid":7,"sources":1,"winddirection":"N","winddirectiondegrees":354,"windspeedms":2.86,"visibility":19600,"precipitation":1,"beaufort":2,"humidity":74,"sunshine":58,"hour":9,"pollenindex":4,"windspeed":10,"sunshinepower":280,"sunpower":280},{"datetime":"2020-07-14T10:00:00","datetimeutc":"2020-07-14T08:00:00","timetype":"Hour","precipitationmm":0.0,"temperature":19.0,"feeltemperature":19.0,"cloudcover":51,"iconcode":"b","iconid":19,"sources":1,"winddirection":"N","winddirectiondegrees":356,"windspeedms":2.71,"visibility":23800,"precipitation":1,"beaufort":2,"humidity":69,"sunshine":68,"hour":10,"pollenindex":4,"windspeed":10,"sunshinepower":384,"sunpower":384},{"datetime":"2020-07-14T11:00:00","datetimeutc":"2020-07-14T09:00:00","timetype":"Hour","precipitationmm":0.0,"temperature":20.0,"feeltemperature":20.0,"cloudcover":30,"iconcode":"j","iconid":19,"sources":1,"winddirection":"N","winddirectiondegrees":345,"windspeedms":2.78,"visibility":27200,"precipitation":1,"beaufort":2,"humidity":64,"sunshine":46,"hour":11,"pollenindex":4,"windspeed":10,"sunshinepower":484,"sunpower":484},{"datetime":"2020-07-14T12:00:00","datetimeutc":"2020-07-14T10:00:00","timetype":"Hour","precipitationmm":0.0,"temperature":20.8,"feeltemperature":20.8,"cloudcover":30,"iconcode":"j","iconid":5,"sources":1,"winddirection":"NW","winddirectiondegrees":327,"windspeedms":3.09,"visibility":29000,"precipitation":1,"beaufort":2,"humidity":59,"sunshine":68,"hour":12,"pollenindex":5,"windspeed":11,"sunshinepower":567,"sunpower":567},{"datetime":"2020-07-14T13:00:00","datetimeutc":"2020-07-14T11:00:00","timetype":"Hour","precipitationmm":0.0,"temperature":21.6,"feeltemperature":21.6,"cloudcover":41,"iconcode":"j","iconid":8,"sources":1,"winddirection":"NW","winddirectiondegrees":316,"windspeedms":3.23,"visibility":29400,"precipitation":1,"beaufort":2,"humidity":54,"sunshine":68,"hour":13,"pollenindex":5,"windspeed":12,"sunshinepower":614,"sunpower":614},{"datetime":"2020-07-14T14:00:00","datetimeutc":"2020-07-14T12:00:00","timetype":"Hour","precipitationmm":0.0,"temperature":22.2,"feeltemperature":25.1,"cloudcover":56,"iconcode":"b","iconid":9,"sources":1,"winddirection":"NW","winddirectiondegrees":312,"windspeedms":3.4,"visibility":29000,"precipitation":1,"beaufort":2,"humidity":52,"sunshine":56,"hour":14,"pollenindex":5,"windspeed":12,"sunshinepower":630,"sunpower":630},{"datetime":"2020-07-14T15:00:00","datetimeutc":"2020-07-14T13:00:00","timetype":"Hour","precipitationmm":0.0,"temperature":22.6,"feeltemperature":25.2,"cloudcover":47,"iconcode":"j","iconid":21,"sources":1,"winddirection":"NW","winddirectiondegrees":310,"windspeedms":3.39,"visibility":27800,"precipitation":1,"beaufort":2,"humidity":50,"sunshine":40,"hour":15,"pollenindex":5,"windspeed":12,"sunshinepower":617,"sunpower":617},{"datetime":"2020-07-14T16:00:00","datetimeutc":"2020-07-14T14:00:00","timetype":"Hour","precipitationmm":0.0,"temperature":22.6,"feeltemperature":25.2,"cloudcover":30,"iconcode":"j","iconid":21,"sources":1,"winddirection":"NW","winddirectiondegrees":304,"windspeedms":3.65,"visibility":27200,"precipitation":1,"beaufort":2,"humidity":50,"sunshine":50,"hour":16,"pollenindex":5,"windspeed":13,"sunshinepower":573,"sunpower":573},{"datetime":"2020-07-14T17:00:00","datetimeutc":"2020-07-14T15:00:00","timetype":"Hour","precipitationmm":0.0,"temperature":22.4,"feeltemperature":25.2,"cloudcover":34,"iconcode":"j","iconid":21,"sources":1,"winddirection":"NW","winddirectiondegrees":297,"windspeedms":3.77,"visibility":26600,"precipitation":1,"beaufort":2,"humidity":51,"sunshine":68,"hour":17,"pollenindex":5,"windspeed":14,"sunshinepower":500,"sunpower":500},{"datetime":"2020-07-14T18:00:00","datetimeutc":"2020-07-14T16:00:00","timetype":"Hour","precipitationmm":0.0,"temperature":21.9,"feeltemperature":21.9,"cloudcover":38,"iconcode":"j","iconid":20,"sources":1,"winddirection":"W","winddirectiondegrees":289,"windspeedms":3.77,"visibility":25600,"precipitation":1,"beaufort":2,"humidity":53,"sunshine":63,"hour":18,"pollenindex":5,"windspeed":14,"sunshinepower":401,"sunpower":401},{"datetime":"2020-07-14T19:00:00","datetimeutc":"2020-07-14T17:00:00","timetype":"Hour","precipitationmm":0.0,"temperature":21.1,"feeltemperature":21.1,"cloudcover":48,"iconcode":"j","iconid":20,"sources":1,"winddirection":"W","winddirectiondegrees":278,"windspeedms":3.72,"visibility":24610,"precipitation":1,"beaufort":2,"humidity":57,"sunshine":60,"hour":19,"pollenindex":5,"windspeed":13,"sunshinepower":291,"sunpower":291},{"datetime":"2020-07-14T20:00:00","datetimeutc":"2020-07-14T18:00:00","timetype":"Hour","precipitationmm":0.0,"temperature":20.3,"feeltemperature":20.3,"cloudcover":66,"iconcode":"b","iconid":20,"sources":1,"winddirection":"W","winddirectiondegrees":273,"windspeedms":3.67,"visibility":23610,"precipitation":1,"beaufort":2,"humidity":62,"sunshine":48,"hour":20,"pollenindex":4,"windspeed":13,"sunshinepower":175,"sunpower":175},{"datetime":"2020-07-14T21:00:00","datetimeutc":"2020-07-14T19:00:00","timetype":"Hour","precipitationmm":0.0,"temperature":19.4,"feeltemperature":19.4,"cloudcover":76,"iconcode":"r","iconid":19,"sources":1,"winddirection":"W","winddirectiondegrees":272,"windspeedms":3.29,"visibility":21410,"precipitation":0,"beaufort":2,"humidity":67,"sunshine":30,"hour":21,"pollenindex":4,"windspeed":12,"sunshinepower":65,"sunpower":65},{"datetime":"2020-07-14T22:00:00","datetimeutc":"2020-07-14T20:00:00","timetype":"Hour","precipitationmm":0.0,"temperature":18.6,"feeltemperature":18.6,"cloudcover":83,"iconcode":"rr","iconid":19,"sources":1,"winddirection":"W","winddirectiondegrees":268,"windspeedms":2.83,"visibility":18210,"precipitation":0,"beaufort":2,"humidity":71,"sunshine":18,"hour":22,"pollenindex":4,"windspeed":10,"sunshinepower":0,"sunpower":0},{"datetime":"2020-07-14T23:00:00","datetimeutc":"2020-07-14T21:00:00","timetype":"Hour","precipitationmm":0.0,"temperature":17.9,"feeltemperature":17.9,"cloudcover":89,"iconcode":"rr","iconid":20,"sources":1,"winddirection":"W","winddirectiondegrees":254,"windspeedms":2.52,"visibility":16610,"precipitation":0,"beaufort":2,"humidity":75,"sunshine":0,"hour":23,"pollenindex":4,"windspeed":9,"sunshinepower":0,"sunpower":0}],"datetime":"2020-07-14T00:00:00","datetimeutc":"2020-07-13T22:00:00","timetype":"Day","precipitationmm":0.0,"mintemperature":15.7,"maxtemperature":22.6,"cloudcover":25,"iconcode":"j","iconid":2,"sources":1,"winddirection":"NW","winddirectiondegrees":315,"windspeedms":2.77,"precipitation":1,"beaufort":2,"uvindex":5,"bbqindex":9,"mosquitoindex":6,"pollenindex":5,"icescrapeindex":1,"mintemp":15.7,"maxtemp":22.6,"windspeed":3},{"date":"2020-07-15T00:00:00","sunrise":"2020-07-15T05:37:12","sunset":"2020-07-15T21:55:04","hours":[{"datetime":"2020-07-15T00:00:00","datetimeutc":"2020-07-14T22:00:00","timetype":"Hour","precipitationmm":0.0,"temperature":17.2,"feeltemperature":17.2,"cloudcover":94,"iconcode":"cc","iconid":19,"sources":1,"winddirection":"ZW","winddirectiondegrees":236,"windspeedms":2.57,"visibility":15410,"precipitation":0,"beaufort":2,"humidity":79,"sunshine":0,"hour":0,"pollenindex":3,"windspeed":9,"sunshinepower":0,"sunpower":0},{"datetime":"2020-07-15T01:00:00","datetimeutc":"2020-07-14T23:00:00","timetype":"Hour","precipitationmm":0.0,"temperature":16.6,"feeltemperature":16.6,"cloudcover":98,"iconcode":"cc","iconid":19,"sources":1,"winddirection":"ZW","winddirectiondegrees":218,"windspeedms":2.8,"visibility":13820,"precipitation":0,"beaufort":2,"humidity":82,"sunshine":0,"hour":1,"pollenindex":3,"windspeed":10,"sunshinepower":0,"sunpower":0},{"datetime":"2020-07-15T02:00:00","datetimeutc":"2020-07-15T00:00:00","timetype":"Hour","precipitationmm":0.0,"temperature":16.0,"feeltemperature":16.0,"cloudcover":99,"iconcode":"cc","iconid":22,"sources":1,"winddirection":"ZW","winddirectiondegrees":211,"windspeedms":3.03,"visibility":12620,"precipitation":0,"beaufort":2,"humidity":85,"sunshine":0,"hour":2,"pollenindex":3,"windspeed":11,"sunshinepower":0,"sunpower":0},{"datetime":"2020-07-15T03:00:00","datetimeutc":"2020-07-15T01:00:00","timetype":"Hour","precipitationmm":0.0,"temperature":15.5,"feeltemperature":15.5,"cloudcover":100,"iconcode":"cc","iconid":19,"sources":1,"winddirection":"ZW","winddirectiondegrees":219,"windspeedms":3.13,"visibility":10610,"precipitation":0,"beaufort":2,"humidity":88,"sunshine":0,"hour":3,"pollenindex":3,"windspeed":11,"sunshinepower":0,"sunpower":0},{"datetime":"2020-07-15T04:00:00","datetimeutc":"2020-07-15T02:00:00","timetype":"Hour","precipitationmm":0.0,"temperature":15.1,"feeltemperature":15.1,"cloudcover":100,"iconcode":"cc","iconid":19,"sources":1,"winddirection":"ZW","winddirectiondegrees":227,"windspeedms":3.03,"visibility":9810,"precipitation":0,"beaufort":2,"humidity":90,"sunshine":0,"hour":4,"pollenindex":3,"windspeed":11,"sunshinepower":0,"sunpower":0},{"datetime":"2020-07-15T05:00:00","datetimeutc":"2020-07-15T03:00:00","timetype":"Hour","precipitationmm":0.0,"temperature":15.0,"feeltemperature":15.0,"cloudcover":100,"iconcode":"cc","iconid":20,"sources":1,"winddirection":"ZW","winddirectiondegrees":228,"windspeedms":2.97,"visibility":9600,"precipitation":0,"beaufort":2,"humidity":91,"sunshine":0,"hour":5,"pollenindex":3,"windspeed":11,"sunshinepower":0,"sunpower":0},{"datetime":"2020-07-15T06:00:00","datetimeutc":"2020-07-15T04:00:00","timetype":"Hour","precipitationmm":0.0,"temperature":15.3,"feeltemperature":15.3,"cloudcover":100,"iconcode":"d","iconid":20,"sources":1,"winddirection":"ZW","winddirectiondegrees":233,"windspeedms":2.98,"visibility":800,"precipitation":0,"beaufort":2,"humidity":90,"sunshine":0,"hour":6,"pollenindex":3,"windspeed":11,"sunshinepower":16,"sunpower":16},{"datetime":"2020-07-15T07:00:00","datetimeutc":"2020-07-15T05:00:00","timetype":"Hour","precipitationmm":0.0,"temperature":16.0,"feeltemperature":16.0,"cloudcover":100,"iconcode":"d","iconid":19,"sources":1,"winddirection":"ZW","winddirectiondegrees":238,"windspeedms":3.14,"visibility":600,"precipitation":0,"beaufort":2,"humidity":87,"sunshine":0,"hour":7,"pollenindex":3,"windspeed":11,"sunshinepower":83,"sunpower":83},{"datetime":"2020-07-15T08:00:00","datetimeutc":"2020-07-15T06:00:00","timetype":"Hour","precipitationmm":0.0,"temperature":17.0,"feeltemperature":17.0,"cloudcover":100,"iconcode":"c","iconid":22,"sources":1,"winddirection":"ZW","winddirectiondegrees":243,"windspeedms":3.57,"visibility":9000,"precipitation":1,"beaufort":2,"humidity":83,"sunshine":0,"hour":8,"pollenindex":3,"windspeed":13,"sunshinepower":184,"sunpower":184},{"datetime":"2020-07-15T09:00:00","datetimeutc":"2020-07-15T07:00:00","timetype":"Hour","precipitationmm":0.0,"temperature":18.0,"feeltemperature":18.0,"cloudcover":91,"iconcode":"c","iconid":20,"sources":1,"winddirection":"W","winddirectiondegrees":251,"windspeedms":3.66,"visibility":13400,"precipitation":1,"beaufort":2,"humidity":78,"sunshine":0,"hour":9,"pollenindex":3,"windspeed":13,"sunshinepower":307,"sunpower":307},{"datetime":"2020-07-15T10:00:00","datetimeutc":"2020-07-15T08:00:00","timetype":"Hour","precipitationmm":0.0,"temperature":18.9,"feeltemperature":18.9,"cloudcover":74,"iconcode":"r","iconid":7,"sources":1,"winddirection":"W","winddirectiondegrees":252,"windspeedms":3.98,"visibility":15200,"precipitation":0,"beaufort":2,"humidity":72,"sunshine":3,"hour":10,"pollenindex":4,"windspeed":14,"sunshinepower":442,"sunpower":442},{"datetime":"2020-07-15T11:00:00","datetimeutc":"2020-07-15T09:00:00","timetype":"Hour","precipitationmm":0.0,"temperature":19.7,"feeltemperature":19.7,"cloudcover":62,"iconcode":"b","iconid":7,"sources":1,"winddirection":"W","winddirectiondegrees":254,"windspeedms":4.33,"visibility":16600,"precipitation":0,"beaufort":3,"humidity":67,"sunshine":20,"hour":11,"pollenindex":4,"windspeed":16,"sunshinepower":570,"sunpower":570},{"datetime":"2020-07-15T12:00:00","datetimeutc":"2020-07-15T10:00:00","timetype":"Hour","precipitationmm":0.0,"temperature":20.3,"feeltemperature":20.3,"cloudcover":57,"iconcode":"b","iconid":7,"sources":1,"winddirection":"W","winddirectiondegrees":259,"windspeedms":5.01,"visibility":17600,"precipitation":1,"beaufort":3,"humidity":63,"sunshine":35,"hour":12,"pollenindex":4,"windspeed":18,"sunshinepower":675,"sunpower":675},{"datetime":"2020-07-15T13:00:00","datetimeutc":"2020-07-15T11:00:00","timetype":"Hour","precipitationmm":0.0,"temperature":20.7,"feeltemperature":20.7,"cloudcover":57,"iconcode":"b","iconid":7,"sources":1,"winddirection":"W","winddirectiondegrees":265,"windspeedms":5.6,"visibility":17200,"precipitation":1,"beaufort":3,"humidity":61,"sunshine":38,"hour":13,"pollenindex":4,"windspeed":20,"sunshinepower":751,"sunpower":751},{"datetime":"2020-07-15T14:00:00","datetimeutc":"2020-07-15T12:00:00","timetype":"Hour","precipitationmm":0.0,"temperature":21.0,"feeltemperature":21.0,"cloudcover":55,"iconcode":"b","iconid":7,"sources":1,"winddirection":"W","winddirectiondegrees":265,"windspeedms":5.9,"visibility":18400,"precipitation":1,"beaufort":3,"humidity":59,"sunshine":40,"hour":14,"pollenindex":5,"windspeed":21,"sunshinepower":779,"sunpower":779},{"datetime":"2020-07-15T15:00:00","datetimeutc":"2020-07-15T13:00:00","timetype":"Hour","precipitationmm":0.0,"temperature":21.1,"feeltemperature":21.1,"cloudcover":49,"iconcode":"j","iconid":7,"sources":1,"winddirection":"W","winddirectiondegrees":267,"windspeedms":6.47,"visibility":18400,"precipitation":1,"beaufort":4,"humidity":58,"sunshine":41,"hour":15,"pollenindex":5,"windspeed":23,"sunshinepower":760,"sunpower":760},{"datetime":"2020-07-15T16:00:00","datetimeutc":"2020-07-15T14:00:00","timetype":"Hour","precipitationmm":0.0,"temperature":21.0,"feeltemperature":21.0,"cloudcover":42,"iconcode":"j","iconid":7,"sources":1,"winddirection":"W","winddirectiondegrees":273,"windspeedms":6.36,"visibility":16200,"precipitation":1,"beaufort":4,"humidity":58,"sunshine":48,"hour":16,"pollenindex":5,"windspeed":23,"sunshinepower":708,"sunpower":708},{"datetime":"2020-07-15T17:00:00","datetimeutc":"2020-07-15T15:00:00","timetype":"Hour","precipitationmm":0.0,"temperature":20.7,"feeltemperature":20.7,"cloudcover":36,"iconcode":"j","iconid":7,"sources":1,"winddirection":"W","winddirectiondegrees":279,"windspeedms":6.15,"visibility":14000,"precipitation":1,"beaufort":4,"humidity":59,"sunshine":55,"hour":17,"pollenindex":4,"windspeed":22,"sunshinepower":604,"sunpower":604},{"datetime":"2020-07-15T18:00:00","datetimeutc":"2020-07-15T16:00:00","timetype":"Hour","precipitationmm":0.0,"temperature":20.2,"feeltemperature":20.2,"cloudcover":32,"iconcode":"j","iconid":7,"sources":1,"winddirection":"W","winddirectiondegrees":282,"windspeedms":5.6,"visibility":12800,"precipitation":1,"beaufort":3,"humidity":60,"sunshine":61,"hour":18,"pollenindex":4,"windspeed":20,"sunshinepower":464,"sunpower":464},{"datetime":"2020-07-15T19:00:00","datetimeutc":"2020-07-15T17:00:00","timetype":"Hour","precipitationmm":0.0,"temperature":19.6,"feeltemperature":19.6,"cloudcover":41,"iconcode":"j","iconid":7,"sources":1,"winddirection":"W","winddirectiondegrees":283,"windspeedms":4.95,"visibility":12400,"precipitation":1,"beaufort":3,"humidity":63,"sunshine":65,"hour":19,"pollenindex":4,"windspeed":18,"sunshinepower":321,"sunpower":321},{"datetime":"2020-07-15T20:00:00","datetimeutc":"2020-07-15T18:00:00","timetype":"Hour","precipitationmm":0.0,"temperature":18.9,"feeltemperature":18.9,"cloudcover":42,"iconcode":"j","iconid":7,"sources":1,"winddirection":"W","winddirectiondegrees":285,"windspeedms":4.3,"visibility":11000,"precipitation":1,"beaufort":3,"humidity":67,"sunshine":56,"hour":20,"pollenindex":4,"windspeed":15,"sunshinepower":184,"sunpower":184},{"datetime":"2020-07-15T21:00:00","datetimeutc":"2020-07-15T19:00:00","timetype":"Hour","precipitationmm":0.0,"temperature":18.2,"feeltemperature":18.2,"cloudcover":61,"iconcode":"b","iconid":7,"sources":1,"winddirection":"W","winddirectiondegrees":284,"windspeedms":3.56,"visibility":9810,"precipitation":2,"beaufort":2,"humidity":72,"sunshine":55,"hour":21,"pollenindex":4,"windspeed":13,"sunshinepower":66,"sunpower":66},{"datetime":"2020-07-15T22:00:00","datetimeutc":"2020-07-15T20:00:00","timetype":"Hour","precipitationmm":1.0,"temperature":17.5,"feeltemperature":17.5,"cloudcover":86,"iconcode":"mm","iconid":33,"sources":1,"winddirection":"W","winddirectiondegrees":281,"windspeedms":2.78,"visibility":9210,"precipitation":47,"beaufort":2,"humidity":76,"sunshine":35,"hour":22,"pollenindex":4,"windspeed":10,"sunshinepower":0,"sunpower":0},{"datetime":"2020-07-15T23:00:00","datetimeutc":"2020-07-15T21:00:00","timetype":"Hour","precipitationmm":0.8,"temperature":16.9,"feeltemperature":16.9,"cloudcover":99,"iconcode":"mm","iconid":33,"sources":1,"winddirection":"W","winddirectiondegrees":265,"windspeedms":2.16,"visibility":8610,"precipitation":46,"beaufort":2,"humidity":80,"sunshine":0,"hour":23,"pollenindex":3,"windspeed":8,"sunshinepower":0,"sunpower":0}],"datetime":"2020-07-15T00:00:00","datetimeutc":"2020-07-14T22:00:00","timetype":"Day","precipitationmm":1.8,"mintemperature":15.0,"maxtemperature":21.1,"cloudcover":25,"iconcode":"f","iconid":16,"sources":1,"winddirection":"W","winddirectiondegrees":270,"windspeedms":4.08,"precipitation":47,"beaufort":3,"uvindex":6,"bbqindex":6,"mosquitoindex":6,"pollenindex":5,"icescrapeindex":1,"mintemp":15.0,"maxtemp":21.1,"windspeed":4},{"date":"2020-07-16T00:00:00","sunrise":"2020-07-16T05:38:28","sunset":"2020-07-16T21:53:58","hours":[{"datetime":"2020-07-16T00:00:00","datetimeutc":"2020-07-15T22:00:00","timetype":"Hour","precipitationmm":0.0,"temperature":16.6,"feeltemperature":16.6,"cloudcover":97,"iconcode":"cc","iconid":19,"sources":1,"winddirection":"ZW","winddirectiondegrees":217,"windspeedms":2.13,"visibility":8210,"precipitation":1,"beaufort":2,"humidity":83,"sunshine":0,"hour":0,"pollenindex":3,"windspeed":8,"sunshinepower":0,"sunpower":0},{"datetime":"2020-07-16T01:00:00","datetimeutc":"2020-07-15T23:00:00","timetype":"Hour","precipitationmm":0.0,"temperature":16.3,"feeltemperature":16.3,"cloudcover":100,"iconcode":"cc","iconid":20,"sources":1,"winddirection":"Z","winddirectiondegrees":190,"windspeedms":2.5,"visibility":2030,"precipitation":0,"beaufort":2,"humidity":85,"sunshine":0,"hour":1,"pollenindex":3,"windspeed":9,"sunshinepower":0,"sunpower":0},{"datetime":"2020-07-16T02:00:00","datetimeutc":"2020-07-16T00:00:00","timetype":"Hour","precipitationmm":0.0,"temperature":16.1,"feeltemperature":16.1,"cloudcover":100,"iconcode":"cc","iconid":22,"sources":1,"winddirection":"Z","winddirectiondegrees":184,"windspeedms":2.86,"visibility":8020,"precipitation":0,"beaufort":2,"humidity":86,"sunshine":0,"hour":2,"pollenindex":3,"windspeed":10,"sunshinepower":0,"sunpower":0}],"datetime":"2020-07-16T00:00:00","datetimeutc":"2020-07-15T22:00:00","timetype":"Day","precipitationmm":0.0,"mintemperature":14.8,"maxtemperature":20.0,"cloudcover":25,"iconcode":"j","iconid":2,"sources":1,"winddirection":"W","winddirectiondegrees":270,"windspeedms":2.69,"precipitation":2,"beaufort":2,"pollenindex":5,"icescrapeindex":1,"mintemp":14.8,"maxtemp":20.0,"windspeed":3},{"date":"2020-07-17T00:00:00","sunrise":"2020-07-17T05:39:45","sunset":"2020-07-17T21:52:49","datetime":"2020-07-17T00:00:00","datetimeutc":"2020-07-16T22:00:00","timetype":"Day","precipitationmm":0.0,"mintemperature":15.7,"maxtemperature":20.8,"cloudcover":0,"iconcode":"a","iconid":1,"sources":1,"winddirection":"W","winddirectiondegrees":270,"windspeedms":1.66,"precipitation":1,"beaufort":1,"pollenindex":5,"mintemp":15.7,"maxtemp":20.8,"windspeed":2},{"date":"2020-07-18T00:00:00","sunrise":"2020-07-18T05:41:04","sunset":"2020-07-18T21:51:38","datetime":"2020-07-18T00:00:00","datetimeutc":"2020-07-17T22:00:00","timetype":"Day","precipitationmm":0.0,"mintemperature":15.9,"maxtemperature":21.4,"cloudcover":0,"iconcode":"a","iconid":1,"sources":1,"winddirection":"NO","winddirectiondegrees":45,"windspeedms":0.9,"precipitation":1,"beaufort":0,"pollenindex":5,"mintemp":15.9,"maxtemp":21.4,"windspeed":1},{"date":"2020-07-19T00:00:00","sunrise":"2020-07-19T05:42:25","sunset":"2020-07-19T21:50:24","datetime":"2020-07-19T00:00:00","datetimeutc":"2020-07-18T22:00:00","timetype":"Day","precipitationmm":0.0,"mintemperature":16.3,"maxtemperature":21.2,"cloudcover":25,"iconcode":"j","iconid":2,"sources":1,"winddirection":"W","winddirectiondegrees":270,"windspeedms":1.22,"precipitation":2,"beaufort":1,"pollenindex":5,"mintemp":16.3,"maxtemp":21.2,"windspeed":1},{"date":"2020-07-20T00:00:00","sunrise":"2020-07-20T05:43:46","sunset":"2020-07-20T21:49:07","datetime":"2020-07-20T00:00:00","datetimeutc":"2020-07-19T22:00:00","timetype":"Day","precipitationmm":0.0,"mintemperature":15.7,"maxtemperature":20.8,"cloudcover":25,"iconcode":"j","iconid":2,"sources":1,"winddirection":"ZW","winddirectiondegrees":225,"windspeedms":1.31,"precipitation":2,"beaufort":1,"pollenindex":5,"mintemp":15.7,"maxtemp":20.8,"windspeed":1},{"date":"2020-07-21T00:00:00","sunrise":"2020-07-21T05:45:10","sunset":"2020-07-21T21:47:49","datetime":"2020-07-21T00:00:00","datetimeutc":"2020-07-20T22:00:00","timetype":"Day","precipitationmm":0.0,"mintemperature":15.8,"maxtemperature":21.0,"cloudcover":25,"iconcode":"j","iconid":2,"sources":1,"winddirection":"W","winddirectiondegrees":270,"windspeedms":1.47,"precipitation":2,"beaufort":1,"pollenindex":5,"mintemp":15.8,"maxtemp":21.0,"windspeed":1},{"date":"2020-07-22T00:00:00","sunrise":"2020-07-22T05:46:34","sunset":"2020-07-22T21:46:27","datetime":"2020-07-22T00:00:00","datetimeutc":"2020-07-21T22:00:00","timetype":"Day","precipitationmm":4.0,"mintemperature":16.0,"maxtemperature":20.2,"cloudcover":25,"iconcode":"f","iconid":16,"sources":1,"winddirection":"W","winddirectiondegrees":270,"windspeedms":1.94,"precipitation":57,"beaufort":1,"pollenindex":5,"mintemp":16.0,"maxtemp":20.2,"windspeed":2},{"date":"2020-07-23T00:00:00","sunrise":"2020-07-23T05:48:00","sunset":"2020-07-23T21:45:04","datetime":"2020-07-23T00:00:00","datetimeutc":"2020-07-22T22:00:00","timetype":"Day","precipitationmm":3.1,"mintemperature":15.6,"maxtemperature":20.3,"cloudcover":50,"iconcode":"g","iconid":8,"sources":1,"winddirection":"NW","winddirectiondegrees":315,"windspeedms":2.0,"precipitation":57,"beaufort":2,"pollenindex":5,"mintemp":15.6,"maxtemp":20.3,"windspeed":2}]}