{"location":{"lat":52.37,"lon":4.89},"timeOffset":2.0,"timestamp":"2020-06-21T11:36:33","altitude":0,"elevation":0,"machinename":"None","elapsedms":0,"pollenindexNowDay":6,"pollenindexNowHour":5,"nowrelevant":{"values":[{"type":"pollenindex","value":6},{"type":"maxtemperature","value":25.0}]},"days":[{"date":"2020-06-21T00:00:00","sunrise":"2020-06-21T05:18:06","sunset":"2020-06-21T22:06:32","afternoon":{"datetime":"2020-06-21T14:00:00","datetimeutc":"2020-06-21T12:00:00","timetype":"Afternoon","precipitationmm":0.0,"mintemperature":22.1,"maxtemperature":25.0,"cloudcover":85,"iconcode":"r","iconid":19,"sources":1,"winddirection":"ZW","winddirectiondegrees":229,"windspeedms":5.8,"visibility":22020,"precipitation":1,"beaufort":3,"humidity":52,"sunshine":15,"hour":14,"mintemp":22.1,"maxtemp":25.0,"windspeed":21,"sunshinepower":511,"sunpower":511},"evening":{"datetime":"2020-06-21T18:00:00","datetimeutc":"2020-06-21T16:00:00","timetype":"Evening","precipitationmm":0.7,"mintemperature":16.3,"maxtemperature":20.5,"cloudcover":61,"iconcode":"b","iconid":33,"sources":1,"winddirection":"ZW","winddirectiondegrees":246,"windspeedms":4.9,"visibility":15528,"precipitation":26,"beaufort":3,"humidity":74,"sunshine":17,"hour":18,"mintemp":16.3,"maxtemp":20.5,"windspeed":18,"sunshinepower":81,"sunpower":81},"hours":[{"datetime":"2020-06-21T14:00:00","datetimeutc":"2020-06-21T12:00:00","timetype":"Hour","precipitationmm":0.0,"temperature":25.0,"feeltemperature":26.1,"cloudcover":43,"iconcode":"j","iconid":19,"sources":3,"winddirection":"ZW","winddirectiondegrees":203,"windspeedms":5.6,"visibility":23620,"precipitation":0,"beaufort":3,"humidity":48,"sunshine":5,"hour":14,"pollenindex":8,"windspeed":20,"sunshinepower":710,"sunpower":710},{"datetime":"2020-06-21T15:00:00","datetimeutc":"2020-06-21T13:00:00","timetype":"Hour","precipitationmm":0.0,"temperature":24.6,"feeltemperature":25.9,"cloudcover":98,"iconcode":"c","iconid":22,"sources":3,"winddirection":"ZW","winddirectiondegrees":209,"windspeedms":5.7,"visibility":24420,"precipitation":1,"beaufort":3,"humidity":50,"sunshine":55,"hour":15,"pollenindex":8,"windspeed":21,"sunshinepower":588,"sunpower":588},{"datetime":"2020-06-21T16:00:00","datetimeutc":"2020-06-21T14:00:00","timetype":"Hour","precipitationmm":0.0,"temperature":23.5,"feeltemperature":25.4,"cloudcover":100,"iconcode":"c","iconid":22,"sources":2,"winddirection":"ZW","winddirectiondegrees":235,"windspeedms":6.1,"visibility":23620,"precipitation":0,"beaufort":4,"humidity":54,"sunshine":0,"hour":16,"pollenindex":8,"windspeed":22,"sunshinepower":445,"sunpower":445},{"datetime":"2020-06-21T17:00:00","datetimeutc":"2020-06-21T15:00:00","timetype":"Hour","precipitationmm":0.0,"temperature":22.1,"feeltemperature":24.8,"cloudcover":100,"iconcode":"c","iconid":22,"sources":2,"winddirection":"W","winddirectiondegrees":276,"windspeedms":5.6,"visibility":16420,"precipitation":1,"beaufort":3,"humidity":59,"sunshine":0,"hour":17,"pollenindex":7,"windspeed":20,"sunshinepower":304,"sunpower":304},{"datetime":"2020-06-21T18:00:00","datetimeutc":"2020-06-21T16:00:00","timetype":"Hour","precipitationmm":0.7,"temperature":20.5,"feeltemperature":20.5,"cloudcover":100,"iconcode":"m","iconid":33,"sources":2,"winddirection":"W","winddirectiondegrees":267,"windspeedms":5.3,"visibility":14020,"precipitation":81,"beaufort":3,"humidity":66,"sunshine":0,"hour":18,"pollenindex":7,"windspeed":19,"sunshinepower":194,"sunpower":194},{"datetime":"2020-06-21T19:00:00","datetimeutc":"2020-06-21T17:00:00","timetype":"Hour","precipitationmm":0.0,"temperature":19.4,"feeltemperature":19.4,"cloudcover":100,"iconcode":"c","iconid":22,"sources":2,"winddirection":"ZW","winddirectiondegrees":247,"windspeedms":5.0,"visibility":12620,"precipitation":1,"beaufort":3,"humidity":73,"sunshine":0,"hour":19,"pollenindex":5,"windspeed":18,"sunshinepower":147,"sunpower":147},{"datetime":"2020-06-21T20:00:00","datetimeutc":"2020-06-21T18:00:00","timetype":"Hour","precipitationmm":0.0,"temperature":18.6,"feeltemperature":18.6,"cloudcover":51,"iconcode":"b","iconid":19,"sources":2,"winddirection":"ZW","winddirectiondegrees":245,"windspeedms":5.3,"visibility":13220,"precipitation":1,"beaufort":3,"humidity":77,"sunshine":0,"hour":20,"pollenindex":5,"windspeed":19,"sunshinepower":97,"sunpower":97},{"datetime":"2020-06-21T21:00:00","datetimeutc":"2020-06-21T19:00:00","timetype":"Hour","precipitationmm":0.0,"temperature":17.8,"feeltemperature":17.8,"cloudcover":47,"iconcode":"j","iconid":19,"sources":2,"winddirection":"W","winddirectiondegrees":253,"windspeedms":5.2,"visibility":16010,"precipitation":1,"beaufort":3,"humidity":77,"sunshine":45,"hour":21,"pollenindex":5,"windspeed":19,"sunshinepower":53,"sunpower":53},{"datetime":"2020-06-21T22:00:00","datetimeutc":"2020-06-21T20:00:00","timetype":"Hour","precipitationmm":0.0,"temperature":17.0,"feeltemperature":17.0,"cloudcover":37,"iconcode":"j","iconid":7,"sources":2,"winddirection":"ZW","winddirectiondegrees":240,"windspeedms":4.4,"visibility":19450,"precipitation":0,"beaufort":3,"humidity":77,"sunshine":50,"hour":22,"pollenindex":5,"windspeed":16,"sunshinepower":0,"sunpower":0},{"datetime":"2020-06-21T23:00:00","datetimeutc":"2020-06-21T21:00:00","timetype":"Hour","precipitationmm":0.0,"temperature":16.3,"feeltemperature":16.3,"cloudcover":31,"iconcode":"jj","iconid":4,"sources":2,"winddirection":"ZW","winddirectiondegrees":230,"windspeedms":3.9,"visibility":17850,"precipitation":0,"beaufort":2,"humidity":78,"sunshine":8,"hour":23,"pollenindex":5,"windspeed":14,"sunshinepower":0,"sunpower":0}],"datetime":"2020-06-21T00:00:00","datetimeutc":"2020-06-20T22:00:00","timetype":"Day","precipitationmm":0.1,"mintemperature":16.3,"maxtemperature":25.0,"cloudcover":70,"iconcode":"m","iconid":16,"sources":2,"winddirection":"Z","winddirectiondegrees":180,"windspeedms":5.2,"visibility":18125,"precipitation":20,"beaufort":3,"humidity":65,"sunshine":16,"uvindex":4,"bbqindex":4,"mosquitoindex":7,"pollenindex":6,"mintemp":16.3,"maxtemp":25.0,"windspeed":5,"sunshinepower":253,"sunpower":253},{"date":"2020-06-22T00:00:00","sunrise":"2020-06-22T05:18:23","sunset":"2020-06-22T22:06:40","morning":{"datetime":"2020-06-22T07:00:00","datetimeutc":"2020-06-22T05:00:00","timetype":"Morning","precipitationmm":0.0,"mintemperature":15.9,"maxtemperature":19.8,"cloudcover":24,"iconcode":"n","iconid":4,"sources":1,"winddirection":"W","winddirectiondegrees":283,"windspeedms":2.5,"visibility":12852,"precipitation":0,"beaufort":2,"humidity":70,"sunshine":81,"hour":7,"mintemp":15.9,"maxtemp":19.8,"windspeed":9,"sunshinepower":426,"sunpower":426},"afternoon":{"datetime":"2020-06-22T12:00:00","datetimeutc":"2020-06-22T10:00:00","timetype":"Afternoon","precipitationmm":0.0,"mintemperature":20.6,"maxtemperature":21.7,"cloudcover":21,"iconcode":"j","iconid":4,"sources":1,"winddirection":"W","winddirectiondegrees":290,"windspeedms":4.6,"visibility":24951,"precipitation":0,"beaufort":3,"humidity":47,"sunshine":70,"hour":12,"mintemp":20.6,"maxtemp":21.7,"windspeed":17,"sunshinepower":783,"sunpower":783},"evening":{"datetime":"2020-06-22T18:00:00","datetimeutc":"2020-06-22T16:00:00","timetype":"Evening","precipitationmm":0.0,"mintemperature":15.5,"maxtemperature":20.8,"cloudcover":0,"iconcode":"a","iconid":1,"sources":1,"winddirection":"NW","winddirectiondegrees":312,"windspeedms":2.2,"visibility":26553,"precipitation":0,"beaufort":2,"humidity":54,"sunshine":85,"hour":18,"mintemp":15.5,"maxtemp":20.8,"windspeed":8,"sunshinepower":205,"sunpower":205},"night":{"datetime":"2020-06-22T00:00:00","datetimeutc":"2020-06-21T22:00:00","timetype":"Night","precipitationmm":0.0,"mintemperature":14.9,"maxtemperature":15.9,"cloudcover":28,"iconcode":"n","iconid":4,"sources":1,"winddirection":"W","winddirectiondegrees":266,"windspeedms":2.8,"visibility":3420,"precipitation":0,"beaufort":2,"humidity":86,"sunshine":10,"hour":0,"mintemp":14.9,"maxtemp":15.9,"windspeed":10,"sunshinepower":4,"sunpower":4},"hours":[{"datetime":"2020-06-22T00:00:00","datetimeutc":"2020-06-21T22:00:00","timetype":"Hour","precipitationmm":0.0,"temperature":15.9,"feeltemperature":15.9,"cloudcover":37,"iconcode":"jj","iconid":4,"sources":2,"winddirection":"W","winddirectiondegrees":249,"windspeedms":3.8,"visibility":11250,"precipitation":0,"beaufort":2,"humidity":81,"sunshine":0,"hour":0,"pollenindex":5,"windspeed":14,"sunshinepower":0,"sunpower":0},{"datetime":"2020-06-22T01:00:00","datetimeutc":"2020-06-21T23:00:00","timetype":"Hour","precipitationmm":0.0,"temperature":15.6,"feeltemperature":15.6,"cloudcover":47,"iconcode":"nn","iconid":19,"sources":2,"winddirection":"W","winddirectiondegrees":261,"windspeedms":3.9,"visibility":260,"precipitation":0,"beaufort":2,"humidity":85,"sunshine":0,"hour":1,"pollenindex":4,"windspeed":14,"sunshinepower":0,"sunpower":0},{"datetime":"2020-06-22T02:00:00","datetimeutc":"2020-06-22T00:00:00","timetype":"Hour","precipitationmm":0.0,"temperature":15.3,"feeltemperature":15.3,"cloudcover":50,"iconcode":"bb","iconid":7,"sources":2,"winddirection":"W","winddirectiondegrees":272,"windspeedms":3.0,"visibility":10060,"precipitation":0,"beaufort":2,"humidity":88,"sunshine":0,"hour":2,"pollenindex":4,"windspeed":11,"sunshinepower":0,"sunpower":0},{"datetime":"2020-06-22T03:00:00","datetimeutc":"2020-06-22T01:00:00","timetype":"Hour","precipitationmm":0.0,"temperature":15.0,"feeltemperature":15.0,"cloudcover":38,"iconcode":"jj","iconid":4,"sources":2,"winddirection":"W","winddirectiondegrees":270,"windspeedms":2.5,"visibility":1860,"precipitation":0,"beaufort":2,"humidity":89,"sunshine":0,"hour":3,"pollenindex":4,"windspeed":9,"sunshinepower":0,"sunpower":0},{"datetime":"2020-06-22T04:00:00","datetimeutc":"2020-06-22T02:00:00","timetype":"Hour","precipitationmm":0.0,"temperature":14.9,"feeltemperature":14.9,"cloudcover":19,"iconcode":"nn","iconid":4,"sources":2,"winddirection":"W","winddirectiondegrees":270,"windspeedms":2.3,"visibility":260,"precipitation":0,"beaufort":2,"humidity":89,"sunshine":0,"hour":4,"pollenindex":4,"windspeed":8,"sunshinepower":0,"sunpower":0},{"datetime":"2020-06-22T05:00:00","datetimeutc":"2020-06-22T03:00:00","timetype":"Hour","precipitationmm":0.0,"temperature":15.0,"feeltemperature":15.0,"cloudcover":4,"iconcode":"nn","iconid":4,"sources":2,"winddirection":"W","winddirectiondegrees":270,"windspeedms":2.2,"visibility":230,"precipitation":0,"beaufort":2,"humidity":88,"sunshine":0,"hour":5,"pollenindex":4,"windspeed":8,"sunshinepower":0,"sunpower":0},{"datetime":"2020-06-22T06:00:00","datetimeutc":"2020-06-22T04:00:00","timetype":"Hour","precipitationmm":0.0,"temperature":15.2,"feeltemperature":15.2,"cloudcover":1,"iconcode":"n","iconid":4,"sources":2,"winddirection":"W","winddirectiondegrees":270,"windspeedms":2.0,"visibility":20,"precipitation":0,"beaufort":2,"humidity":86,"sunshine":70,"hour":6,"pollenindex":4,"windspeed":7,"sunshinepower":33,"sunpower":33},{"datetime":"2020-06-22T07:00:00","datetimeutc":"2020-06-22T05:00:00","timetype":"Hour","precipitationmm":0.0,"temperature":15.9,"feeltemperature":15.9,"cloudcover":1,"iconcode":"n","iconid":4,"sources":2,"winddirection":"W","winddirectiondegrees":270,"windspeedms":1.8,"visibility":610,"precipitation":0,"beaufort":1,"humidity":84,"sunshine":98,"hour":7,"pollenindex":4,"windspeed":6,"sunshinepower":140,"sunpower":140},{"datetime":"2020-06-22T08:00:00","datetimeutc":"2020-06-22T06:00:00","timetype":"Hour","precipitationmm":0.0,"temperature":16.9,"feeltemperature":16.9,"cloudcover":0,"iconcode":"a","iconid":1,"sources":2,"winddirection":"NW","winddirectiondegrees":299,"windspeedms":2.1,"visibility":9210,"precipitation":0,"beaufort":2,"humidity":78,"sunshine":100,"hour":8,"pollenindex":5,"windspeed":8,"sunshinepower":285,"sunpower":285},{"datetime":"2020-06-22T09:00:00","datetimeutc":"2020-06-22T07:00:00","timetype":"Hour","precipitationmm":0.0,"temperature":18.0,"feeltemperature":18.0,"cloudcover":43,"iconcode":"j","iconid":13,"sources":2,"winddirection":"NW","winddirectiondegrees":300,"windspeedms":2.3,"visibility":15210,"precipitation":0,"beaufort":2,"humidity":71,"sunshine":100,"hour":9,"pollenindex":6,"windspeed":8,"sunshinepower":434,"sunpower":434},{"datetime":"2020-06-22T10:00:00","datetimeutc":"2020-06-22T08:00:00","timetype":"Hour","precipitationmm":0.0,"temperature":19.0,"feeltemperature":19.0,"cloudcover":41,"iconcode":"j","iconid":4,"sources":2,"winddirection":"W","winddirectiondegrees":273,"windspeedms":2.6,"visibility":18210,"precipitation":0,"beaufort":2,"humidity":63,"sunshine":53,"hour":10,"pollenindex":7,"windspeed":9,"sunshinepower":576,"sunpower":576},{"datetime":"2020-06-22T11:00:00","datetimeutc":"2020-06-22T09:00:00","timetype":"Hour","precipitationmm":0.0,"temperature":19.8,"feeltemperature":19.8,"cloudcover":39,"iconcode":"j","iconid":4,"sources":2,"winddirection":"W","winddirectiondegrees":277,"windspeedms":3.7,"visibility":21020,"precipitation":0,"beaufort":2,"humidity":58,"sunshine":56,"hour":11,"pollenindex":7,"windspeed":13,"sunshinepower":697,"sunpower":697},{"datetime":"2020-06-22T12:00:00","datetimeutc":"2020-06-22T10:00:00","timetype":"Hour","precipitationmm":0.0,"temperature":20.6,"feeltemperature":20.6,"cloudcover":36,"iconcode":"j","iconid":4,"sources":2,"winddirection":"W","winddirectiondegrees":282,"windspeedms":4.4,"visibility":23010,"precipitation":0,"beaufort":3,"humidity":53,"sunshine":58,"hour":12,"pollenindex":8,"windspeed":16,"sunshinepower":785,"sunpower":785},{"datetime":"2020-06-22T13:00:00","datetimeutc":"2020-06-22T11:00:00","timetype":"Hour","precipitationmm":0.0,"temperature":21.1,"feeltemperature":21.1,"cloudcover":29,"iconcode":"j","iconid":4,"sources":2,"winddirection":"W","winddirectiondegrees":285,"windspeedms":4.7,"visibility":24020,"precipitation":0,"beaufort":3,"humidity":49,"sunshine":61,"hour":13,"pollenindex":8,"windspeed":17,"sunshinepower":828,"sunpower":828},{"datetime":"2020-06-22T14:00:00","datetimeutc":"2020-06-22T12:00:00","timetype":"Hour","precipitationmm":0.0,"temperature":21.4,"feeltemperature":21.4,"cloudcover":29,"iconcode":"j","iconid":4,"sources":2,"winddirection":"W","winddirectiondegrees":291,"windspeedms":4.8,"visibility":23220,"precipitation":0,"beaufort":3,"humidity":47,"sunshine":70,"hour":14,"pollenindex":8,"windspeed":17,"sunshinepower":838,"sunpower":838},{"datetime":"2020-06-22T15:00:00","datetimeutc":"2020-06-22T13:00:00","timetype":"Hour","precipitationmm":0.0,"temperature":21.7,"feeltemperature":21.7,"cloudcover":29,"iconcode":"j","iconid":7,"sources":2,"winddirection":"NW","winddirectiondegrees":296,"windspeedms":4.8,"visibility":24420,"precipitation":0,"beaufort":3,"humidity":46,"sunshine":70,"hour":15,"pollenindex":8,"windspeed":17,"sunshinepower":822,"sunpower":822},{"datetime":"2020-06-22T16:00:00","datetimeutc":"2020-06-22T14:00:00","timetype":"Hour","precipitationmm":0.0,"temperature":21.7,"feeltemperature":21.7,"cloudcover":4,"iconcode":"a","iconid":1,"sources":2,"winddirection":"NW","winddirectiondegrees":297,"windspeedms":4.6,"visibility":26820,"precipitation":0,"beaufort":3,"humidity":45,"sunshine":70,"hour":16,"pollenindex":8,"windspeed":17,"sunshinepower":764,"sunpower":764},{"datetime":"2020-06-22T17:00:00","datetimeutc":"2020-06-22T15:00:00","timetype":"Hour","precipitationmm":0.0,"temperature":21.5,"feeltemperature":21.5,"cloudcover":0,"iconcode":"a","iconid":1,"sources":2,"winddirection":"NW","winddirectiondegrees":294,"windspeedms":4.1,"visibility":28220,"precipitation":0,"beaufort":3,"humidity":45,"sunshine":95,"hour":17,"pollenindex":8,"windspeed":15,"sunshinepower":664,"sunpower":664},{"datetime":"2020-06-22T18:00:00","datetimeutc":"2020-06-22T16:00:00","timetype":"Hour","precipitationmm":0.0,"temperature":20.8,"feeltemperature":20.8,"cloudcover":0,"iconcode":"a","iconid":1,"sources":2,"winddirection":"NW","winddirectiondegrees":294,"windspeedms":3.7,"visibility":28410,"precipitation":0,"beaufort":2,"humidity":46,"sunshine":100,"hour":18,"pollenindex":8,"windspeed":13,"sunshinepower":533,"sunpower":533},{"datetime":"2020-06-22T19:00:00","datetimeutc":"2020-06-22T17:00:00","timetype":"Hour","precipitationmm":0.0,"temperature":20.0,"feeltemperature":20.0,"cloudcover":0,"iconcode":"a","iconid":1,"sources":2,"winddirection":"NW","winddirectiondegrees":295,"windspeedms":3.1,"visibility":28210,"precipitation":0,"beaufort":2,"humidity":48,"sunshine":100,"hour":19,"pollenindex":7,"windspeed":11,"sunshinepower":383,"sunpower":383},{"datetime":"2020-06-22T20:00:00","datetimeutc":"2020-06-22T18:00:00","timetype":"Hour","precipitationmm":0.0,"temperature":19.0,"feeltemperature":19.0,"cloudcover":0,"iconcode":"a","iconid":1,"sources":2,"winddirection":"NW","winddirectiondegrees":296,"windspeedms":2.6,"visibility":27610,"precipitation":0,"beaufort":2,"humidity":51,"sunshine":100,"hour":20,"pollenindex":7,"windspeed":9,"sunshinepower":228,"sunpower":228},{"datetime":"2020-06-22T21:00:00","datetimeutc":"2020-06-22T19:00:00","timetype":"Hour","precipitationmm":0.0,"temperature":17.8,"feeltemperature":17.8,"cloudcover":0,"iconcode":"a","iconid":1,"sources":2,"winddirection":"NW","winddirectiondegrees":308,"windspeedms":1.8,"visibility":26420,"precipitation":0,"beaufort":1,"humidity":55,"sunshine":100,"hour":21,"pollenindex":7,"windspeed":6,"sunshinepower":90,"sunpower":90},{"datetime":"2020-06-22T22:00:00","datetimeutc":"2020-06-22T20:00:00","timetype":"Hour","precipitationmm":0.0,"temperature":16.6,"feeltemperature":16.6,"cloudcover":0,"iconcode":"a","iconid":1,"sources":2,"winddirection":"NW","winddirectiondegrees":328,"windspeedms":1.3,"visibility":25220,"precipitation":0,"beaufort":1,"humidity":60,"sunshine":100,"hour":22,"pollenindex":7,"windspeed":5,"sunshinepower":0,"sunpower":0},{"datetime":"2020-06-22T23:00:00","datetimeutc":"2020-06-22T21:00:00","timetype":"Hour","precipitationmm":0.0,"temperature":15.5,"feeltemperature":15.5,"cloudcover":0,"iconcode":"aa","iconid":1,"sources":2,"winddirection":"N","winddirectiondegrees":360,"windspeedms":0.8,"visibility":23450,"precipitation":0,"beaufort":0,"humidity":65,"sunshine":15,"hour":23,"pollenindex":6,"windspeed":3,"sunshinepower":0,"sunpower":0}],"datetime":"2020-06-22T00:00:00","datetimeutc":"2020-06-21T22:00:00","timetype":"Day","precipitationmm":0.0,"mintemperature":14.9,"maxtemperature":21.7,"cloudcover":18,"iconcode":"j","iconid":2,"sources":2,"winddirection":"W","winddirectiondegrees":270,"windspeedms":3.0,"visibility":16551,"precipitation":0,"beaufort":2,"humidity":65,"sunshine":59,"uvindex":7,"bbqindex":10,"mosquitoindex":7,"pollenindex":6,"icescrapeindex":1,"mintemp":14.9,"maxtemp":21.7,"windspeed":3,"sunshinepower":337,"sunpower":337},{"date":"2020-06-23T00:00:00","sunrise":"2020-06-23T05:18:42","sunset":"2020-06-23T22:06:45","morning":{"datetime":"2020-06-23T08:00:00","datetimeutc":"2020-06-23T06:00:00","timetype":"Morning","precipitationmm":0.0,"mintemperature":14.7,"maxtemperature":22.1,"cloudcover":0,"iconcode":"a","iconid":1,"sources":1,"winddirection":"Z","winddirectiondegrees":194,"windspeedms":1.2,"visibility":18852,"precipitation":0,"beaufort":1,"humidity":59,"sunshine":100,"hour":8,"mintemp":14.7,"maxtemp":22.1,"windspeed":4,"sunshinepower":432,"sunpower":432},"afternoon":{"datetime":"2020-06-23T12:00:00","datetimeutc":"2020-06-23T10:00:00","timetype":"Afternoon","precipitationmm":0.0,"mintemperature":23.5,"maxtemperature":26.2,"cloudcover":0,"iconcode":"a","iconid":1,"sources":1,"winddirection":"NO","winddirectiondegrees":35,"windspeedms":2.1,"visibility":31146,"precipitation":0,"beaufort":2,"humidity":39,"sunshine":99,"hour":12,"mintemp":23.5,"maxtemp":26.2,"windspeed":8,"sunshinepower":797,"sunpower":797},"evening":{"datetime":"2020-06-23T18:00:00","datetimeutc":"2020-06-23T16:00:00","timetype":"Evening","precipitationmm":0.0,"mintemperature":19.7,"maxtemperature":25.4,"cloudcover":0,"iconcode":"a","iconid":1,"sources":1,"winddirection":"NO","winddirectiondegrees":49,"windspeedms":3.5,"visibility":26560,"precipitation":0,"beaufort":2,"humidity":53,"sunshine":85,"hour":18,"mintemp":19.7,"maxtemp":25.4,"windspeed":13,"sunshinepower":202,"sunpower":202},"night":{"datetime":"2020-06-23T00:00:00","datetimeutc":"2020-06-22T22:00:00","timetype":"Night","precipitationmm":0.0,"mintemperature":13.0,"maxtemperature":14.6,"cloudcover":0,"iconcode":"a","iconid":1,"sources":1,"winddirection":"O","winddirectiondegrees":88,"windspeedms":1.2,"visibility":14500,"precipitation":0,"beaufort":1,"humidity":76,"sunshine":10,"hour":0,"mintemp":13.0,"maxtemp":14.6,"windspeed":4,"sunshinepower":5,"sunpower":5},"hours":[{"datetime":"2020-06-23T00:00:00","datetimeutc":"2020-06-22T22:00:00","timetype":"Hour","precipitationmm":0.0,"temperature":14.6,"feeltemperature":14.6,"cloudcover":0,"iconcode":"aa","iconid":1,"sources":2,"winddirection":"NO","winddirectiondegrees":29,"windspeedms":0.8,"visibility":20850,"precipitation":0,"beaufort":0,"humidity":70,"sunshine":0,"hour":0,"pollenindex":6,"windspeed":3,"sunshinepower":0,"sunpower":0},{"datetime":"2020-06-23T01:00:00","datetimeutc":"2020-06-22T23:00:00","timetype":"Hour","precipitationmm":0.0,"temperature":14.0,"feeltemperature":14.0,"cloudcover":0,"iconcode":"aa","iconid":1,"sources":2,"winddirection":"NO","winddirectiondegrees":60,"windspeedms":0.9,"visibility":17450,"precipitation":0,"beaufort":0,"humidity":73,"sunshine":0,"hour":1,"pollenindex":6,"windspeed":3,"sunshinepower":0,"sunpower":0},{"datetime":"2020-06-23T02:00:00","datetimeutc":"2020-06-23T00:00:00","timetype":"Hour","precipitationmm":0.0,"temperature":13.6,"feeltemperature":13.6,"cloudcover":0,"iconcode":"aa","iconid":1,"sources":2,"winddirection":"O","winddirectiondegrees":90,"windspeedms":1.1,"visibility":15260,"precipitation":0,"beaufort":1,"humidity":75,"sunshine":0,"hour":2,"pollenindex":5,"windspeed":4,"sunshinepower":0,"sunpower":0},{"datetime":"2020-06-23T03:00:00","datetimeutc":"2020-06-23T01:00:00","timetype":"Hour","precipitationmm":0.0,"temperature":13.3,"feeltemperature":13.3,"cloudcover":0,"iconcode":"aa","iconid":1,"sources":2,"winddirection":"O","winddirectiondegrees":103,"windspeedms":1.3,"visibility":14050,"precipitation":0,"beaufort":1,"humidity":77,"sunshine":0,"hour":3,"pollenindex":5,"windspeed":5,"sunshinepower":0,"sunpower":0},{"datetime":"2020-06-23T04:00:00","datetimeutc":"2020-06-23T02:00:00","timetype":"Hour","precipitationmm":0.0,"temperature":13.0,"feeltemperature":13.0,"cloudcover":0,"iconcode":"aa","iconid":1,"sources":2,"winddirection":"O","winddirectiondegrees":96,"windspeedms":1.5,"visibility":12450,"precipitation":0,"beaufort":1,"humidity":79,"sunshine":0,"hour":4,"pollenindex":5,"windspeed":5,"sunshinepower":0,"sunpower":0},{"datetime":"2020-06-23T05:00:00","datetimeutc":"2020-06-23T03:00:00","timetype":"Hour","precipitationmm":0.0,"temperature":13.0,"feeltemperature":13.0,"cloudcover":0,"iconcode":"aa","iconid":1,"sources":2,"winddirection":"O","winddirectiondegrees":106,"windspeedms":1.6,"visibility":11230,"precipitation":0,"beaufort":1,"humidity":80,"sunshine":0,"hour":5,"pollenindex":5,"windspeed":6,"sunshinepower":0,"sunpower":0},{"datetime":"2020-06-23T06:00:00","datetimeutc":"2020-06-23T04:00:00","timetype":"Hour","precipitationmm":0.0,"temperature":13.4,"feeltemperature":13.4,"cloudcover":0,"iconcode":"a","iconid":1,"sources":2,"winddirection":"ZO","winddirectiondegrees":128,"windspeedms":1.5,"visibility":10210,"precipitation":0,"beaufort":1,"humidity":79,"sunshine":73,"hour":6,"pollenindex":5,"windspeed":5,"sunshinepower":35,"sunpower":35},{"datetime":"2020-06-23T07:00:00","datetimeutc":"2020-06-23T05:00:00","timetype":"Hour","precipitationmm":0.0,"temperature":14.7,"feeltemperature":14.7,"cloudcover":0,"iconcode":"a","iconid":1,"sources":2,"winddirection":"ZO","winddirectiondegrees":151,"windspeedms":1.2,"visibility":10210,"precipitation":0,"beaufort":1,"humidity":75,"sunshine":100,"hour":7,"pollenindex":5,"windspeed":4,"sunshinepower":143,"sunpower":143},{"datetime":"2020-06-23T08:00:00","datetimeutc":"2020-06-23T06:00:00","timetype":"Hour","precipitationmm":0.0,"temperature":16.6,"feeltemperature":16.6,"cloudcover":0,"iconcode":"a","iconid":1,"sources":1,"winddirection":"Z","winddirectiondegrees":180,"windspeedms":1.39,"visibility":13210,"precipitation":0,"beaufort":1,"humidity":68,"sunshine":100,"hour":8,"pollenindex":6,"windspeed":5,"sunshinepower":289,"sunpower":289},{"datetime":"2020-06-23T09:00:00","datetimeutc":"2020-06-23T07:00:00","timetype":"Hour","precipitationmm":0.0,"temperature":18.6,"feeltemperature":18.6,"cloudcover":0,"iconcode":"a","iconid":1,"sources":1,"winddirection":"Z","winddirectiondegrees":189,"windspeedms":1.38,"visibility":20220,"precipitation":0,"beaufort":1,"humidity":59,"sunshine":100,"hour":9,"pollenindex":7,"windspeed":5,"sunshinepower":441,"sunpower":441},{"datetime":"2020-06-23T10:00:00","datetimeutc":"2020-06-23T08:00:00","timetype":"Hour","precipitationmm":0.0,"temperature":20.5,"feeltemperature":20.5,"cloudcover":0,"iconcode":"a","iconid":1,"sources":1,"winddirection":"Z","winddirectiondegrees":198,"windspeedms":1.06,"visibility":23810,"precipitation":0,"beaufort":1,"humidity":51,"sunshine":100,"hour":10,"pollenindex":8,"windspeed":4,"sunshinepower":584,"sunpower":584},{"datetime":"2020-06-23T11:00:00","datetimeutc":"2020-06-23T09:00:00","timetype":"Hour","precipitationmm":0.0,"temperature":22.1,"feeltemperature":25.2,"cloudcover":0,"iconcode":"a","iconid":1,"sources":1,"winddirection":"W","winddirectiondegrees":270,"windspeedms":0.77,"visibility":26810,"precipitation":0,"beaufort":0,"humidity":46,"sunshine":100,"hour":11,"pollenindex":8,"windspeed":3,"sunshinepower":706,"sunpower":706},{"datetime":"2020-06-23T12:00:00","datetimeutc":"2020-06-23T10:00:00","timetype":"Hour","precipitationmm":0.0,"temperature":23.5,"feeltemperature":25.4,"cloudcover":0,"iconcode":"a","iconid":1,"sources":1,"winddirection":"N","winddirectiondegrees":342,"windspeedms":1.05,"visibility":28410,"precipitation":0,"beaufort":1,"humidity":43,"sunshine":100,"hour":12,"pollenindex":8,"windspeed":4,"sunshinepower":798,"sunpower":798},{"datetime":"2020-06-23T13:00:00","datetimeutc":"2020-06-23T11:00:00","timetype":"Hour","precipitationmm":0.0,"temperature":24.5,"feeltemperature":25.7,"cloudcover":1,"iconcode":"a","iconid":1,"sources":1,"winddirection":"N","winddirectiondegrees":360,"windspeedms":1.12,"visibility":28810,"precipitation":0,"beaufort":1,"humidity":41,"sunshine":100,"hour":13,"pollenindex":8,"windspeed":4,"sunshinepower":853,"sunpower":853},{"datetime":"2020-06-23T14:00:00","datetimeutc":"2020-06-23T12:00:00","timetype":"Hour","precipitationmm":0.0,"temperature":25.3,"feeltemperature":26.0,"cloudcover":1,"iconcode":"a","iconid":1,"sources":1,"winddirection":"NO","winddirectiondegrees":34,"windspeedms":1.63,"visibility":29610,"precipitation":0,"beaufort":1,"humidity":39,"sunshine":98,"hour":14,"pollenindex":8,"windspeed":6,"sunshinepower":866,"sunpower":866},{"datetime":"2020-06-23T15:00:00","datetimeutc":"2020-06-23T13:00:00","timetype":"Hour","precipitationmm":0.0,"temperature":25.9,"feeltemperature":26.3,"cloudcover":1,"iconcode":"a","iconid":1,"sources":1,"winddirection":"NO","winddirectiondegrees":61,"windspeedms":2.34,"visibility":31020,"precipitation":0,"beaufort":2,"humidity":38,"sunshine":98,"hour":15,"pollenindex":8,"windspeed":8,"sunshinepower":837,"sunpower":837},{"datetime":"2020-06-23T16:00:00","datetimeutc":"2020-06-23T14:00:00","timetype":"Hour","precipitationmm":0.0,"temperature":26.2,"feeltemperature":26.4,"cloudcover":0,"iconcode":"a","iconid":1,"sources":1,"winddirection":"NO","winddirectiondegrees":66,"windspeedms":3.07,"visibility":31220,"precipitation":0,"beaufort":2,"humidity":37,"sunshine":98,"hour":16,"pollenindex":8,"windspeed":11,"sunshinepower":767,"sunpower":767},{"datetime":"2020-06-23T17:00:00","datetimeutc":"2020-06-23T15:00:00","timetype":"Hour","precipitationmm":0.0,"temperature":26.1,"feeltemperature":26.4,"cloudcover":0,"iconcode":"a","iconid":1,"sources":1,"winddirection":"NO","winddirectiondegrees":62,"windspeedms":3.53,"visibility":37810,"precipitation":0,"beaufort":2,"humidity":37,"sunshine":100,"hour":17,"pollenindex":8,"windspeed":13,"sunshinepower":661,"sunpower":661},{"datetime":"2020-06-23T18:00:00","datetimeutc":"2020-06-23T16:00:00","timetype":"Hour","precipitationmm":0.0,"temperature":25.4,"feeltemperature":26.1,"cloudcover":0,"iconcode":"a","iconid":1,"sources":1,"winddirection":"NO","winddirectiondegrees":62,"windspeedms":3.49,"visibility":43210,"precipitation":0,"beaufort":2,"humidity":40,"sunshine":100,"hour":18,"pollenindex":8,"windspeed":13,"sunshinepower":526,"sunpower":526},{"datetime":"2020-06-23T19:00:00","datetimeutc":"2020-06-23T17:00:00","timetype":"Hour","precipitationmm":0.0,"temperature":24.4,"feeltemperature":25.7,"cloudcover":0,"iconcode":"a","iconid":1,"sources":1,"winddirection":"NO","winddirectiondegrees":56,"windspeedms":3.78,"visibility":32220,"precipitation":0,"beaufort":2,"humidity":44,"sunshine":100,"hour":19,"pollenindex":7,"windspeed":14,"sunshinepower":376,"sunpower":376},{"datetime":"2020-06-23T20:00:00","datetimeutc":"2020-06-23T18:00:00","timetype":"Hour","precipitationmm":0.0,"temperature":23.2,"feeltemperature":25.4,"cloudcover":0,"iconcode":"a","iconid":1,"sources":1,"winddirection":"NO","winddirectiondegrees":44,"windspeedms":3.73,"visibility":26820,"precipitation":0,"beaufort":2,"humidity":49,"sunshine":100,"hour":20,"pollenindex":7,"windspeed":13,"sunshinepower":225,"sunpower":225},{"datetime":"2020-06-23T21:00:00","datetimeutc":"2020-06-23T19:00:00","timetype":"Hour","precipitationmm":0.0,"temperature":21.9,"feeltemperature":21.9,"cloudcover":0,"iconcode":"a","iconid":1,"sources":1,"winddirection":"NO","winddirectiondegrees":32,"windspeedms":3.46,"visibility":23020,"precipitation":0,"beaufort":2,"humidity":56,"sunshine":100,"hour":21,"pollenindex":7,"windspeed":12,"sunshinepower":89,"sunpower":89},{"datetime":"2020-06-23T22:00:00","datetimeutc":"2020-06-23T20:00:00","timetype":"Hour","precipitationmm":0.0,"temperature":20.6,"feeltemperature":20.6,"cloudcover":0,"iconcode":"a","iconid":1,"sources":1,"winddirection":"NO","winddirectiondegrees":37,"windspeedms":3.17,"visibility":19230,"precipitation":0,"beaufort":2,"humidity":63,"sunshine":100,"hour":22,"pollenindex":6,"windspeed":11,"sunshinepower":0,"sunpower":0},{"datetime":"2020-06-23T23:00:00","datetimeutc":"2020-06-23T21:00:00","timetype":"Hour","precipitationmm":0.0,"temperature":19.7,"feeltemperature":19.7,"cloudcover":0,"iconcode":"aa","iconid":1,"sources":1,"winddirection":"NO","winddirectiondegrees":65,"windspeedms":3.59,"visibility":14860,"precipitation":0,"beaufort":2,"humidity":68,"sunshine":15,"hour":23,"pollenindex":6,"windspeed":13,"sunshinepower":0,"sunpower":0}],"datetime":"2020-06-23T00:00:00","datetimeutc":"2020-06-22T22:00:00","timetype":"Day","precipitationmm":0.0,"mintemperature":13.0,"maxtemperature":26.2,"cloudcover":0,"iconcode":"a","iconid":1,"sources":2,"winddirection":"NO","winddirectiondegrees":45,"windspeedms":2.0,"visibility":22583,"precipitation":0,"beaufort":2,"humidity":57,"sunshine":70,"uvindex":7,"bbqindex":10,"mosquitoindex":8,"pollenindex":6,"icescrapeindex":1,"mintemp":13.0,"maxtemp":26.2,"windspeed":2,"sunshinepower":341,"sunpower":341},{"date":"2020-06-24T00:00:00","sunrise":"2020-06-24T05:19:04","sunset":"2020-06-24T22:06:46","hours":[{"datetime":"2020-06-24T00:00:00","datetimeutc":"2020-06-23T22:00:00","timetype":"Hour","precipitationmm":0.0,"temperature":19.2,"feeltemperature":19.2,"cloudcover":0,"iconcode":"aa","iconid":1,"sources":1,"winddirection":"O","winddirectiondegrees":76,"windspeedms":4.09,"visibility":16860,"precipitation":0,"beaufort":3,"humidity":72,"sunshine":0,"hour":0,"pollenindex":5,"windspeed":15,"sunshinepower":0,"sunpower":0},{"datetime":"2020-06-24T01:00:00","datetimeutc":"2020-06-23T23:00:00","timetype":"Hour","precipitationmm":0.0,"temperature":18.8,"feeltemperature":18.8,"cloudcover":0,"iconcode":"aa","iconid":1,"sources":1,"winddirection":"O","winddirectiondegrees":82,"windspeedms":4.0,"visibility":15260,"precipitation":0,"beaufort":3,"humidity":74,"sunshine":0,"hour":1,"pollenindex":5,"windspeed":14,"sunshinepower":0,"sunpower":0},{"datetime":"2020-06-24T02:00:00","datetimeutc":"2020-06-24T00:00:00","timetype":"Hour","precipitationmm":0.0,"temperature":18.1,"feeltemperature":18.1,"cloudcover":0,"iconcode":"aa","iconid":2,"sources":1,"winddirection":"O","winddirectiondegrees":90,"windspeedms":3.95,"visibility":13860,"precipitation":0,"beaufort":2,"humidity":76,"sunshine":0,"hour":2,"pollenindex":5,"windspeed":14,"sunshinepower":0,"sunpower":0},{"datetime":"2020-06-24T03:00:00","datetimeutc":"2020-06-24T01:00:00","timetype":"Hour","precipitationmm":0.0,"temperature":17.4,"feeltemperature":17.4,"cloudcover":0,"iconcode":"aa","iconid":1,"sources":1,"winddirection":"O","winddirectiondegrees":99,"windspeedms":3.78,"visibility":11020,"precipitation":0,"beaufort":2,"humidity":78,"sunshine":0,"hour":3,"pollenindex":5,"windspeed":14,"sunshinepower":0,"sunpower":0},{"datetime":"2020-06-24T04:00:00","datetimeutc":"2020-06-24T02:00:00","timetype":"Hour","precipitationmm":0.0,"temperature":16.9,"feeltemperature":16.9,"cloudcover":0,"iconcode":"aa","iconid":1,"sources":1,"winddirection":"O","winddirectiondegrees":101,"windspeedms":3.68,"visibility":10210,"precipitation":0,"beaufort":2,"humidity":79,"sunshine":0,"hour":4,"pollenindex":5,"windspeed":13,"sunshinepower":0,"sunpower":0},{"datetime":"2020-06-24T05:00:00","datetimeutc":"2020-06-24T03:00:00","timetype":"Hour","precipitationmm":0.0,"temperature":16.8,"feeltemperature":16.8,"cloudcover":0,"iconcode":"aa","iconid":1,"sources":1,"winddirection":"O","winddirectiondegrees":101,"windspeedms":3.7,"visibility":10000,"precipitation":0,"beaufort":2,"humidity":78,"sunshine":0,"hour":5,"pollenindex":5,"windspeed":13,"sunshinepower":0,"sunpower":0},{"datetime":"2020-06-24T06:00:00","datetimeutc":"2020-06-24T04:00:00","timetype":"Hour","precipitationmm":0.0,"temperature":17.2,"feeltemperature":17.2,"cloudcover":0,"iconcode":"a","iconid":1,"sources":1,"winddirection":"O","winddirectiondegrees":104,"windspeedms":3.7,"visibility":10000,"precipitation":0,"beaufort":2,"humidity":76,"sunshine":71,"hour":6,"pollenindex":5,"windspeed":13,"sunshinepower":36,"sunpower":36},{"datetime":"2020-06-24T07:00:00","datetimeutc":"2020-06-24T05:00:00","timetype":"Hour","precipitationmm":0.0,"temperature":18.2,"feeltemperature":18.2,"cloudcover":0,"iconcode":"a","iconid":1,"sources":1,"winddirection":"O","winddirectiondegrees":107,"windspeedms":3.64,"visibility":11400,"precipitation":0,"beaufort":2,"humidity":72,"sunshine":100,"hour":7,"pollenindex":6,"windspeed":13,"sunshinepower":144,"sunpower":144},{"datetime":"2020-06-24T08:00:00","datetimeutc":"2020-06-24T06:00:00","timetype":"Hour","precipitationmm":0.0,"temperature":19.8,"feeltemperature":19.8,"cloudcover":0,"iconcode":"a","iconid":1,"sources":1,"winddirection":"O","winddirectiondegrees":108,"windspeedms":3.73,"visibility":14400,"precipitation":0,"beaufort":2,"humidity":67,"sunshine":100,"hour":8,"pollenindex":6,"windspeed":13,"sunshinepower":289,"sunpower":289},{"datetime":"2020-06-24T09:00:00","datetimeutc":"2020-06-24T07:00:00","timetype":"Hour","precipitationmm":0.0,"temperature":21.5,"feeltemperature":21.5,"cloudcover":0,"iconcode":"a","iconid":1,"sources":1,"winddirection":"O","winddirectiondegrees":110,"windspeedms":3.93,"visibility":17800,"precipitation":0,"beaufort":2,"humidity":61,"sunshine":100,"hour":9,"pollenindex":6,"windspeed":14,"sunshinepower":439,"sunpower":439},{"datetime":"2020-06-24T10:00:00","datetimeutc":"2020-06-24T08:00:00","timetype":"Hour","precipitationmm":0.0,"temperature":23.3,"feeltemperature":25.3,"cloudcover":0,"iconcode":"a","iconid":1,"sources":1,"winddirection":"ZO","winddirectiondegrees":114,"windspeedms":4.33,"visibility":21800,"precipitation":0,"beaufort":3,"humidity":55,"sunshine":100,"hour":10,"pollenindex":8,"windspeed":16,"sunshinepower":582,"sunpower":582},{"datetime":"2020-06-24T11:00:00","datetimeutc":"2020-06-24T09:00:00","timetype":"Hour","precipitationmm":0.0,"temperature":24.7,"feeltemperature":26.0,"cloudcover":0,"iconcode":"a","iconid":1,"sources":1,"winddirection":"ZO","winddirectiondegrees":113,"windspeedms":4.74,"visibility":27000,"precipitation":0,"beaufort":3,"humidity":50,"sunshine":100,"hour":11,"pollenindex":8,"windspeed":17,"sunshinepower":703,"sunpower":703},{"datetime":"2020-06-24T12:00:00","datetimeutc":"2020-06-24T10:00:00","timetype":"Hour","precipitationmm":0.0,"temperature":26.0,"feeltemperature":26.6,"cloudcover":0,"iconcode":"a","iconid":2,"sources":1,"winddirection":"O","winddirectiondegrees":110,"windspeedms":4.99,"visibility":30200,"precipitation":0,"beaufort":3,"humidity":45,"sunshine":100,"hour":12,"pollenindex":8,"windspeed":18,"sunshinepower":793,"sunpower":793},{"datetime":"2020-06-24T13:00:00","datetimeutc":"2020-06-24T11:00:00","timetype":"Hour","precipitationmm":0.0,"temperature":27.0,"feeltemperature":27.2,"cloudcover":0,"iconcode":"a","iconid":2,"sources":1,"winddirection":"O","winddirectiondegrees":104,"windspeedms":5.19,"visibility":32600,"precipitation":0,"beaufort":3,"humidity":42,"sunshine":100,"hour":13,"pollenindex":8,"windspeed":19,"sunshinepower":847,"sunpower":847},{"datetime":"2020-06-24T14:00:00","datetimeutc":"2020-06-24T12:00:00","timetype":"Hour","precipitationmm":0.0,"temperature":27.9,"feeltemperature":27.8,"cloudcover":0,"iconcode":"a","iconid":2,"sources":1,"winddirection":"O","winddirectiondegrees":98,"windspeedms":5.36,"visibility":32400,"precipitation":0,"beaufort":3,"humidity":40,"sunshine":100,"hour":14,"pollenindex":8,"windspeed":19,"sunshinepower":862,"sunpower":862},{"datetime":"2020-06-24T15:00:00","datetimeutc":"2020-06-24T13:00:00","timetype":"Hour","precipitationmm":0.0,"temperature":28.7,"feeltemperature":28.3,"cloudcover":7,"iconcode":"a","iconid":1,"sources":1,"winddirection":"O","winddirectiondegrees":97,"windspeedms":5.61,"visibility":36800,"precipitation":0,"beaufort":3,"humidity":38,"sunshine":100,"hour":15,"pollenindex":8,"windspeed":20,"sunshinepower":834,"sunpower":834},{"datetime":"2020-06-24T16:00:00","datetimeutc":"2020-06-24T14:00:00","timetype":"Hour","precipitationmm":0.0,"temperature":29.2,"feeltemperature":28.8,"cloudcover":17,"iconcode":"j","iconid":1,"sources":1,"winddirection":"O","winddirectiondegrees":97,"windspeedms":5.69,"visibility":38000,"precipitation":0,"beaufort":3,"humidity":37,"sunshine":91,"hour":16,"pollenindex":8,"windspeed":20,"sunshinepower":767,"sunpower":767},{"datetime":"2020-06-24T17:00:00","datetimeutc":"2020-06-24T15:00:00","timetype":"Hour","precipitationmm":0.0,"temperature":29.4,"feeltemperature":28.9,"cloudcover":25,"iconcode":"j","iconid":1,"sources":1,"winddirection":"O","winddirectiondegrees":98,"windspeedms":5.74,"visibility":38600,"precipitation":0,"beaufort":3,"humidity":36,"sunshine":81,"hour":17,"pollenindex":8,"windspeed":21,"sunshinepower":662,"sunpower":662},{"datetime":"2020-06-24T18:00:00","datetimeutc":"2020-06-24T16:00:00","timetype":"Hour","precipitationmm":0.0,"temperature":29.1,"feeltemperature":28.6,"cloudcover":28,"iconcode":"j","iconid":1,"sources":1,"winddirection":"O","winddirectiondegrees":102,"windspeedms":5.72,"visibility":38200,"precipitation":0,"beaufort":3,"humidity":37,"sunshine":73,"hour":18,"pollenindex":8,"windspeed":21,"sunshinepower":527,"sunpower":527},{"datetime":"2020-06-24T19:00:00","datetimeutc":"2020-06-24T17:00:00","timetype":"Hour","precipitationmm":0.0,"temperature":28.3,"feeltemperature":28.0,"cloudcover":30,"iconcode":"j","iconid":1,"sources":1,"winddirection":"O","winddirectiondegrees":106,"windspeedms":5.5,"visibility":37400,"precipitation":0,"beaufort":3,"humidity":39,"sunshine":70,"hour":19,"pollenindex":7,"windspeed":20,"sunshinepower":377,"sunpower":377},{"datetime":"2020-06-24T20:00:00","datetimeutc":"2020-06-24T18:00:00","timetype":"Hour","precipitationmm":0.0,"temperature":27.1,"feeltemperature":27.2,"cloudcover":30,"iconcode":"j","iconid":1,"sources":1,"winddirection":"O","winddirectiondegrees":107,"windspeedms":5.13,"visibility":34000,"precipitation":0,"beaufort":3,"humidity":42,"sunshine":68,"hour":20,"pollenindex":7,"windspeed":18,"sunshinepower":225,"sunpower":225},{"datetime":"2020-06-24T21:00:00","datetimeutc":"2020-06-24T19:00:00","timetype":"Hour","precipitationmm":0.0,"temperature":25.5,"feeltemperature":26.3,"cloudcover":23,"iconcode":"j","iconid":1,"sources":1,"winddirection":"O","winddirectiondegrees":103,"windspeedms":4.49,"visibility":28400,"precipitation":0,"beaufort":3,"humidity":46,"sunshine":68,"hour":21,"pollenindex":7,"windspeed":16,"sunshinepower":89,"sunpower":89},{"datetime":"2020-06-24T22:00:00","datetimeutc":"2020-06-24T20:00:00","timetype":"Hour","precipitationmm":0.0,"temperature":24.0,"feeltemperature":25.6,"cloudcover":13,"iconcode":"a","iconid":1,"sources":1,"winddirection":"O","winddirectiondegrees":99,"windspeedms":4.22,"visibility":24600,"precipitation":0,"beaufort":3,"humidity":51,"sunshine":75,"hour":22,"pollenindex":7,"windspeed":15,"sunshinepower":0,"sunpower":0},{"datetime":"2020-06-24T23:00:00","datetimeutc":"2020-06-24T21:00:00","timetype":"Hour","precipitationmm":0.0,"temperature":22.7,"feeltemperature":25.1,"cloudcover":7,"iconcode":"aa","iconid":1,"sources":1,"winddirection":"O","winddirectiondegrees":99,"windspeedms":4.18,"visibility":21400,"precipitation":0,"beaufort":3,"humidity":55,"sunshine":13,"hour":23,"pollenindex":7,"windspeed":15,"sunshinepower":0,"sunpower":0}],"datetime":"2020-06-24T00:00:00","datetimeutc":"2020-06-23T22:00:00","timetype":"Day","precipitationmm":0.0,"mintemperature":16.8,"maxtemperature":29.4,"cloudcover":0,"iconcode":"a","iconid":1,"sources":1,"winddirection":"O","winddirectiondegrees":90,"windspeedms":4.55,"precipitation":0,"beaufort":3,"uvindex":7,"bbqindex":8,"mosquitoindex":7,"pollenindex":6,"icescrapeindex":1,"mintemp":16.8,"maxtemp":29.4,"windspeed":5},{"date":"2020-06-25T00:00:00","sunrise":"2020-06-25T05:19:30","sunset":"2020-06-25T22:06:45","hours":[{"datetime":"2020-06-25T00:00:00","datetimeutc":"2020-06-24T22:00:00","timetype":"Hour","precipitationmm":0.0,"temperature":21.8,"feeltemperature":21.8,"cloudcover":9,"iconcode":"aa","iconid":1,"sources":1,"winddirection":"O","winddirectiondegrees":99,"windspeedms":4.11,"visibility":17800,"precipitation":0,"beaufort":3,"humidity":59,"sunshine":0,"hour":0,"pollenindex":7,"windspeed":15,"sunshinepower":0,"sunpower":0},{"datetime":"2020-06-25T01:00:00","datetimeutc":"2020-06-24T23:00:00","timetype":"Hour","precipitationmm":0.0,"temperature":21.0,"feeltemperature":21.0,"cloudcover":15,"iconcode":"jj","iconid":1,"sources":1,"winddirection":"O","winddirectiondegrees":101,"windspeedms":4.09,"visibility":14800,"precipitation":0,"beaufort":3,"humidity":62,"sunshine":0,"hour":1,"pollenindex":6,"windspeed":15,"sunshinepower":0,"sunpower":0},{"datetime":"2020-06-25T02:00:00","datetimeutc":"2020-06-25T00:00:00","timetype":"Hour","precipitationmm":0.0,"temperature":19.9,"feeltemperature":19.9,"cloudcover":19,"iconcode":"jj","iconid":1,"sources":1,"winddirection":"O","winddirectiondegrees":106,"windspeedms":4.07,"visibility":12810,"precipitation":0,"beaufort":3,"humidity":67,"sunshine":0,"hour":2,"pollenindex":6,"windspeed":15,"sunshinepower":0,"sunpower":0},{"datetime":"2020-06-25T03:00:00","datetimeutc":"2020-06-25T01:00:00","timetype":"Hour","precipitationmm":0.0,"temperature":19.0,"feeltemperature":19.0,"cloudcover":19,"iconcode":"jj","iconid":1,"sources":1,"winddirection":"O","winddirectiondegrees":112,"windspeedms":3.77,"visibility":11410,"precipitation":0,"beaufort":2,"humidity":71,"sunshine":0,"hour":3,"pollenindex":6,"windspeed":14,"sunshinepower":0,"sunpower":0},{"datetime":"2020-06-25T04:00:00","datetimeutc":"2020-06-25T02:00:00","timetype":"Hour","precipitationmm":0.0,"temperature":18.2,"feeltemperature":18.2,"cloudcover":18,"iconcode":"jj","iconid":1,"sources":1,"winddirection":"O","winddirectiondegrees":110,"windspeedms":3.57,"visibility":10410,"precipitation":0,"beaufort":2,"humidity":75,"sunshine":0,"hour":4,"pollenindex":5,"windspeed":13,"sunshinepower":0,"sunpower":0},{"datetime":"2020-06-25T05:00:00","datetimeutc":"2020-06-25T03:00:00","timetype":"Hour","precipitationmm":0.0,"temperature":18.1,"feeltemperature":18.1,"cloudcover":16,"iconcode":"jj","iconid":1,"sources":1,"winddirection":"O","winddirectiondegrees":107,"windspeedms":3.49,"visibility":10000,"precipitation":0,"beaufort":2,"humidity":76,"sunshine":0,"hour":5,"pollenindex":5,"windspeed":13,"sunshinepower":0,"sunpower":0},{"datetime":"2020-06-25T06:00:00","datetimeutc":"2020-06-25T04:00:00","timetype":"Hour","precipitationmm":0.0,"temperature":18.5,"feeltemperature":18.5,"cloudcover":12,"iconcode":"a","iconid":1,"sources":1,"winddirection":"O","winddirectiondegrees":106,"windspeedms":3.64,"visibility":10000,"precipitation":0,"beaufort":2,"humidity":75,"sunshine":60,"hour":6,"pollenindex":5,"windspeed":13,"sunshinepower":34,"sunpower":34},{"datetime":"2020-06-25T07:00:00","datetimeutc":"2020-06-25T05:00:00","timetype":"Hour","precipitationmm":0.0,"temperature":19.6,"feeltemperature":19.6,"cloudcover":7,"iconcode":"a","iconid":1,"sources":1,"winddirection":"O","winddirectiondegrees":110,"windspeedms":3.76,"visibility":10810,"precipitation":0,"beaufort":2,"humidity":72,"sunshine":88,"hour":7,"pollenindex":5,"windspeed":14,"sunshinepower":142,"sunpower":142},{"datetime":"2020-06-25T08:00:00","datetimeutc":"2020-06-25T06:00:00","timetype":"Hour","precipitationmm":0.0,"temperature":21.3,"feeltemperature":21.3,"cloudcover":5,"iconcode":"a","iconid":1,"sources":1,"winddirection":"ZO","winddirectiondegrees":116,"windspeedms":3.98,"visibility":13410,"precipitation":0,"beaufort":2,"humidity":68,"sunshine":93,"hour":8,"pollenindex":6,"windspeed":14,"sunshinepower":287,"sunpower":287},{"datetime":"2020-06-25T09:00:00","datetimeutc":"2020-06-25T07:00:00","timetype":"Hour","precipitationmm":0.0,"temperature":23.1,"feeltemperature":25.0,"cloudcover":8,"iconcode":"a","iconid":1,"sources":1,"winddirection":"ZO","winddirectiondegrees":120,"windspeedms":4.29,"visibility":16210,"precipitation":0,"beaufort":3,"humidity":63,"sunshine":95,"hour":9,"pollenindex":6,"windspeed":15,"sunshinepower":438,"sunpower":438},{"datetime":"2020-06-25T10:00:00","datetimeutc":"2020-06-25T08:00:00","timetype":"Hour","precipitationmm":0.0,"temperature":24.9,"feeltemperature":26.2,"cloudcover":32,"iconcode":"j","iconid":13,"sources":1,"winddirection":"ZO","winddirectiondegrees":125,"windspeedms":4.65,"visibility":19210,"precipitation":0,"beaufort":3,"humidity":57,"sunshine":91,"hour":10,"pollenindex":7,"windspeed":17,"sunshinepower":578,"sunpower":578},{"datetime":"2020-06-25T11:00:00","datetimeutc":"2020-06-25T09:00:00","timetype":"Hour","precipitationmm":0.0,"temperature":26.3,"feeltemperature":27.2,"cloudcover":36,"iconcode":"j","iconid":13,"sources":1,"winddirection":"ZO","winddirectiondegrees":129,"windspeedms":5.31,"visibility":22600,"precipitation":0,"beaufort":3,"humidity":53,"sunshine":66,"hour":11,"pollenindex":8,"windspeed":19,"sunshinepower":697,"sunpower":697},{"datetime":"2020-06-25T12:00:00","datetimeutc":"2020-06-25T10:00:00","timetype":"Hour","precipitationmm":0.0,"temperature":27.4,"feeltemperature":27.9,"cloudcover":33,"iconcode":"j","iconid":13,"sources":1,"winddirection":"ZO","winddirectiondegrees":129,"windspeedms":5.57,"visibility":24000,"precipitation":0,"beaufort":3,"humidity":48,"sunshine":61,"hour":12,"pollenindex":8,"windspeed":20,"sunshinepower":788,"sunpower":788},{"datetime":"2020-06-25T13:00:00","datetimeutc":"2020-06-25T11:00:00","timetype":"Hour","precipitationmm":0.0,"temperature":28.2,"feeltemperature":28.5,"cloudcover":33,"iconcode":"j","iconid":13,"sources":1,"winddirection":"ZO","winddirectiondegrees":125,"windspeedms":5.72,"visibility":25200,"precipitation":0,"beaufort":3,"humidity":45,"sunshine":65,"hour":13,"pollenindex":8,"windspeed":21,"sunshinepower":842,"sunpower":842},{"datetime":"2020-06-25T14:00:00","datetimeutc":"2020-06-25T12:00:00","timetype":"Hour","precipitationmm":0.0,"temperature":29.0,"feeltemperature":29.1,"cloudcover":38,"iconcode":"j","iconid":13,"sources":1,"winddirection":"ZO","winddirectiondegrees":121,"windspeedms":5.84,"visibility":26800,"precipitation":0,"beaufort":3,"humidity":43,"sunshine":65,"hour":14,"pollenindex":8,"windspeed":21,"sunshinepower":854,"sunpower":854},{"datetime":"2020-06-25T15:00:00","datetimeutc":"2020-06-25T13:00:00","timetype":"Hour","precipitationmm":0.0,"temperature":29.7,"feeltemperature":29.7,"cloudcover":34,"iconcode":"j","iconid":13,"sources":1,"winddirection":"ZO","winddirectiondegrees":119,"windspeedms":5.92,"visibility":27800,"precipitation":0,"beaufort":3,"humidity":41,"sunshine":60,"hour":15,"pollenindex":8,"windspeed":21,"sunshinepower":823,"sunpower":823},{"datetime":"2020-06-25T16:00:00","datetimeutc":"2020-06-25T14:00:00","timetype":"Hour","precipitationmm":0.0,"temperature":30.2,"feeltemperature":30.1,"cloudcover":39,"iconcode":"j","iconid":13,"sources":1,"winddirection":"ZO","winddirectiondegrees":118,"windspeedms":5.92,"visibility":29200,"precipitation":0,"beaufort":3,"humidity":39,"sunshine":63,"hour":16,"pollenindex":8,"windspeed":21,"sunshinepower":754,"sunpower":754},{"datetime":"2020-06-25T17:00:00","datetimeutc":"2020-06-25T15:00:00","timetype":"Hour","precipitationmm":0.0,"temperature":30.5,"feeltemperature":30.2,"cloudcover":39,"iconcode":"j","iconid":13,"sources":1,"winddirection":"ZO","winddirectiondegrees":121,"windspeedms":5.76,"visibility":29800,"precipitation":0,"beaufort":3,"humidity":38,"sunshine":58,"hour":17,"pollenindex":8,"windspeed":21,"sunshinepower":651,"sunpower":651},{"datetime":"2020-06-25T18:00:00","datetimeutc":"2020-06-25T16:00:00","timetype":"Hour","precipitationmm":0.0,"temperature":30.2,"feeltemperature":30.2,"cloudcover":39,"iconcode":"j","iconid":13,"sources":1,"winddirection":"ZO","winddirectiondegrees":124,"windspeedms":5.6,"visibility":30600,"precipitation":0,"beaufort":3,"humidity":40,"sunshine":58,"hour":18,"pollenindex":8,"windspeed":20,"sunshinepower":521,"sunpower":521},{"datetime":"2020-06-25T19:00:00","datetimeutc":"2020-06-25T17:00:00","timetype":"Hour","precipitationmm":0.0,"temperature":29.6,"feeltemperature":29.7,"cloudcover":35,"iconcode":"j","iconid":13,"sources":1,"winddirection":"ZO","winddirectiondegrees":129,"windspeedms":5.29,"visibility":30800,"precipitation":0,"beaufort":3,"humidity":42,"sunshine":58,"hour":19,"pollenindex":7,"windspeed":19,"sunshinepower":375,"sunpower":375},{"datetime":"2020-06-25T20:00:00","datetimeutc":"2020-06-25T18:00:00","timetype":"Hour","precipitationmm":0.0,"temperature":28.5,"feeltemperature":28.9,"cloudcover":39,"iconcode":"j","iconid":13,"sources":1,"winddirection":"ZO","winddirectiondegrees":131,"windspeedms":4.73,"visibility":29400,"precipitation":0,"beaufort":3,"humidity":46,"sunshine":61,"hour":20,"pollenindex":7,"windspeed":17,"sunshinepower":225,"sunpower":225},{"datetime":"2020-06-25T21:00:00","datetimeutc":"2020-06-25T19:00:00","timetype":"Hour","precipitationmm":0.0,"temperature":27.0,"feeltemperature":27.7,"cloudcover":7,"iconcode":"a","iconid":2,"sources":1,"winddirection":"ZO","winddirectiondegrees":126,"windspeedms":4.0,"visibility":25000,"precipitation":0,"beaufort":3,"humidity":50,"sunshine":58,"hour":21,"pollenindex":7,"windspeed":14,"sunshinepower":89,"sunpower":89},{"datetime":"2020-06-25T22:00:00","datetimeutc":"2020-06-25T20:00:00","timetype":"Hour","precipitationmm":0.0,"temperature":25.6,"feeltemperature":26.7,"cloudcover":3,"iconcode":"a","iconid":2,"sources":1,"winddirection":"ZO","winddirectiondegrees":118,"windspeedms":3.86,"visibility":21400,"precipitation":0,"beaufort":2,"humidity":55,"sunshine":93,"hour":22,"pollenindex":7,"windspeed":14,"sunshinepower":0,"sunpower":0},{"datetime":"2020-06-25T23:00:00","datetimeutc":"2020-06-25T21:00:00","timetype":"Hour","precipitationmm":0.0,"temperature":24.4,"feeltemperature":25.8,"cloudcover":0,"iconcode":"aa","iconid":2,"sources":1,"winddirection":"ZO","winddirectiondegrees":113,"windspeedms":3.95,"visibility":18400,"precipitation":0,"beaufort":2,"humidity":60,"sunshine":15,"hour":23,"pollenindex":6,"windspeed":14,"sunshinepower":0,"sunpower":0}],"datetime":"2020-06-25T00:00:00","datetimeutc":"2020-06-24T22:00:00","timetype":"Day","precipitationmm":0.0,"mintemperature":18.1,"maxtemperature":30.5,"cloudcover":25,"iconcode":"j","iconid":2,"sources":1,"winddirection":"ZO","winddirectiondegrees":135,"windspeedms":4.62,"precipitation":0,"beaufort":3,"uvindex":7,"bbqindex":8,"mosquitoindex":7,"pollenindex":6,"icescrapeindex":1,"mintemp":18.1,"maxtemp":30.5,"windspeed":5},{"date":"2020-06-26T00:00:00","sunrise":"2020-06-26T05:19:58","sunset":"2020-06-26T22:06:40","hours":[{"datetime":"2020-06-26T00:00:00","datetimeutc":"2020-06-25T22:00:00","timetype":"Hour","precipitationmm":0.0,"temperature":23.6,"feeltemperature":25.2,"cloudcover":0,"iconcode":"aa","iconid":13,"sources":1,"winddirection":"ZO","winddirectiondegrees":115,"windspeedms":3.94,"visibility":16000,"precipitation":0,"beaufort":2,"humidity":64,"sunshine":0,"hour":0,"pollenindex":6,"windspeed":14,"sunshinepower":0,"sunpower":0},{"datetime":"2020-06-26T01:00:00","datetimeutc":"2020-06-25T23:00:00","timetype":"Hour","precipitationmm":0.0,"temperature":22.8,"feeltemperature":24.5,"cloudcover":39,"iconcode":"jj","iconid":13,"sources":1,"winddirection":"ZO","winddirectiondegrees":126,"windspeedms":3.79,"visibility":14410,"precipitation":0,"beaufort":2,"humidity":67,"sunshine":0,"hour":1,"pollenindex":6,"windspeed":14,"sunshinepower":0,"sunpower":0},{"datetime":"2020-06-26T02:00:00","datetimeutc":"2020-06-26T00:00:00","timetype":"Hour","precipitationmm":0.0,"temperature":22.0,"feeltemperature":22.0,"cloudcover":0,"iconcode":"aa","iconid":1,"sources":1,"winddirection":"ZO","winddirectiondegrees":132,"windspeedms":3.61,"visibility":13410,"precipitation":0,"beaufort":2,"humidity":71,"sunshine":0,"hour":2,"pollenindex":5,"windspeed":13,"sunshinepower":0,"sunpower":0},{"datetime":"2020-06-26T03:00:00","datetimeutc":"2020-06-26T01:00:00","timetype":"Hour","precipitationmm":0.0,"temperature":21.2,"feeltemperature":21.2,"cloudcover":0,"iconcode":"aa","iconid":1,"sources":1,"winddirection":"ZO","winddirectiondegrees":133,"windspeedms":3.46,"visibility":12410,"precipitation":0,"beaufort":2,"humidity":75,"sunshine":0,"hour":3,"pollenindex":5,"windspeed":12,"sunshinepower":0,"sunpower":0},{"datetime":"2020-06-26T04:00:00","datetimeutc":"2020-06-26T02:00:00","timetype":"Hour","precipitationmm":0.0,"temperature":20.6,"feeltemperature":20.6,"cloudcover":0,"iconcode":"aa","iconid":1,"sources":1,"winddirection":"ZO","winddirectiondegrees":131,"windspeedms":3.44,"visibility":11200,"precipitation":0,"beaufort":2,"humidity":78,"sunshine":0,"hour":4,"pollenindex":5,"windspeed":12,"sunshinepower":0,"sunpower":0},{"datetime":"2020-06-26T05:00:00","datetimeutc":"2020-06-26T03:00:00","timetype":"Hour","precipitationmm":0.0,"temperature":20.4,"feeltemperature":20.4,"cloudcover":0,"iconcode":"aa","iconid":1,"sources":1,"winddirection":"ZO","winddirectiondegrees":125,"windspeedms":3.39,"visibility":10200,"precipitation":0,"beaufort":2,"humidity":79,"sunshine":0,"hour":5,"pollenindex":5,"windspeed":12,"sunshinepower":0,"sunpower":0},{"datetime":"2020-06-26T06:00:00","datetimeutc":"2020-06-26T04:00:00","timetype":"Hour","precipitationmm":0.0,"temperature":20.8,"feeltemperature":20.8,"cloudcover":0,"iconcode":"a","iconid":1,"sources":1,"winddirection":"ZO","winddirectiondegrees":124,"windspeedms":3.58,"visibility":10000,"precipitation":0,"beaufort":2,"humidity":78,"sunshine":70,"hour":6,"pollenindex":5,"windspeed":13,"sunshinepower":33,"sunpower":33},{"datetime":"2020-06-26T07:00:00","datetimeutc":"2020-06-26T05:00:00","timetype":"Hour","precipitationmm":0.0,"temperature":21.8,"feeltemperature":21.8,"cloudcover":0,"iconcode":"a","iconid":1,"sources":1,"winddirection":"ZO","winddirectiondegrees":131,"windspeedms":3.7,"visibility":12200,"precipitation":0,"beaufort":2,"humidity":75,"sunshine":100,"hour":7,"pollenindex":5,"windspeed":13,"sunshinepower":140,"sunpower":140},{"datetime":"2020-06-26T08:00:00","datetimeutc":"2020-06-26T06:00:00","timetype":"Hour","precipitationmm":0.0,"temperature":23.3,"feeltemperature":24.7,"cloudcover":0,"iconcode":"a","iconid":1,"sources":1,"winddirection":"ZO","winddirectiondegrees":139,"windspeedms":4.09,"visibility":15200,"precipitation":0,"beaufort":3,"humidity":70,"sunshine":100,"hour":8,"pollenindex":5,"windspeed":15,"sunshinepower":284,"sunpower":284},{"datetime":"2020-06-26T09:00:00","datetimeutc":"2020-06-26T07:00:00","timetype":"Hour","precipitationmm":0.0,"temperature":24.9,"feeltemperature":26.2,"cloudcover":0,"iconcode":"a","iconid":1,"sources":1,"winddirection":"ZO","winddirectiondegrees":141,"windspeedms":4.36,"visibility":17800,"precipitation":0,"beaufort":3,"humidity":65,"sunshine":100,"hour":9,"pollenindex":6,"windspeed":16,"sunshinepower":436,"sunpower":436},{"datetime":"2020-06-26T10:00:00","datetimeutc":"2020-06-26T08:00:00","timetype":"Hour","precipitationmm":0.0,"temperature":26.4,"feeltemperature":27.6,"cloudcover":0,"iconcode":"a","iconid":13,"sources":1,"winddirection":"ZO","winddirectiondegrees":139,"windspeedms":4.83,"visibility":20200,"precipitation":0,"beaufort":3,"humidity":59,"sunshine":100,"hour":10,"pollenindex":7,"windspeed":17,"sunshinepower":576,"sunpower":576},{"datetime":"2020-06-26T11:00:00","datetimeutc":"2020-06-26T09:00:00","timetype":"Hour","precipitationmm":0.0,"temperature":27.6,"feeltemperature":28.6,"cloudcover":46,"iconcode":"j","iconid":13,"sources":1,"winddirection":"ZO","winddirectiondegrees":138,"windspeedms":5.56,"visibility":23800,"precipitation":0,"beaufort":3,"humidity":54,"sunshine":100,"hour":11,"pollenindex":8,"windspeed":20,"sunshinepower":696,"sunpower":696},{"datetime":"2020-06-26T12:00:00","datetimeutc":"2020-06-26T10:00:00","timetype":"Hour","precipitationmm":0.0,"temperature":28.6,"feeltemperature":29.3,"cloudcover":5,"iconcode":"a","iconid":13,"sources":1,"winddirection":"ZO","winddirectiondegrees":137,"windspeedms":6.0,"visibility":26000,"precipitation":0,"beaufort":4,"humidity":49,"sunshine":51,"hour":12,"pollenindex":8,"windspeed":22,"sunshinepower":791,"sunpower":791},{"datetime":"2020-06-26T13:00:00","datetimeutc":"2020-06-26T11:00:00","timetype":"Hour","precipitationmm":0.0,"temperature":29.3,"feeltemperature":29.8,"cloudcover":39,"iconcode":"j","iconid":4,"sources":1,"winddirection":"ZO","winddirectiondegrees":140,"windspeedms":6.12,"visibility":26800,"precipitation":0,"beaufort":4,"humidity":46,"sunshine":95,"hour":13,"pollenindex":8,"windspeed":22,"sunshinepower":846,"sunpower":846},{"datetime":"2020-06-26T14:00:00","datetimeutc":"2020-06-26T12:00:00","timetype":"Hour","precipitationmm":0.0,"temperature":30.0,"feeltemperature":30.3,"cloudcover":39,"iconcode":"j","iconid":4,"sources":1,"winddirection":"ZO","winddirectiondegrees":142,"windspeedms":6.27,"visibility":29000,"precipitation":0,"beaufort":4,"humidity":43,"sunshine":58,"hour":14,"pollenindex":8,"windspeed":23,"sunshinepower":855,"sunpower":855},{"datetime":"2020-06-26T15:00:00","datetimeutc":"2020-06-26T13:00:00","timetype":"Hour","precipitationmm":0.0,"temperature":30.6,"feeltemperature":30.7,"cloudcover":39,"iconcode":"j","iconid":4,"sources":1,"winddirection":"ZO","winddirectiondegrees":143,"windspeedms":6.25,"visibility":30000,"precipitation":0,"beaufort":4,"humidity":40,"sunshine":58,"hour":15,"pollenindex":8,"windspeed":22,"sunshinepower":824,"sunpower":824},{"datetime":"2020-06-26T16:00:00","datetimeutc":"2020-06-26T14:00:00","timetype":"Hour","precipitationmm":0.0,"temperature":31.2,"feeltemperature":31.2,"cloudcover":39,"iconcode":"j","iconid":10,"sources":1,"winddirection":"ZO","winddirectiondegrees":146,"windspeedms":5.86,"visibility":31200,"precipitation":0,"beaufort":3,"humidity":39,"sunshine":58,"hour":16,"pollenindex":8,"windspeed":21,"sunshinepower":756,"sunpower":756},{"datetime":"2020-06-26T17:00:00","datetimeutc":"2020-06-26T15:00:00","timetype":"Hour","precipitationmm":0.0,"temperature":31.2,"feeltemperature":31.2,"cloudcover":35,"iconcode":"j","iconid":13,"sources":1,"winddirection":"ZO","winddirectiondegrees":149,"windspeedms":5.64,"visibility":32000,"precipitation":0,"beaufort":3,"humidity":38,"sunshine":58,"hour":17,"pollenindex":8,"windspeed":20,"sunshinepower":644,"sunpower":644},{"datetime":"2020-06-26T18:00:00","datetimeutc":"2020-06-26T16:00:00","timetype":"Hour","precipitationmm":0.0,"temperature":30.7,"feeltemperature":30.7,"cloudcover":35,"iconcode":"j","iconid":10,"sources":1,"winddirection":"ZO","winddirectiondegrees":151,"windspeedms":5.49,"visibility":31600,"precipitation":0,"beaufort":3,"humidity":40,"sunshine":63,"hour":18,"pollenindex":8,"windspeed":20,"sunshinepower":501,"sunpower":501},{"datetime":"2020-06-26T19:00:00","datetimeutc":"2020-06-26T17:00:00","timetype":"Hour","precipitationmm":0.0,"temperature":29.7,"feeltemperature":30.0,"cloudcover":35,"iconcode":"j","iconid":10,"sources":1,"winddirection":"ZO","winddirectiondegrees":153,"windspeedms":5.12,"visibility":31400,"precipitation":0,"beaufort":3,"humidity":44,"sunshine":63,"hour":19,"pollenindex":7,"windspeed":18,"sunshinepower":350,"sunpower":350},{"datetime":"2020-06-26T20:00:00","datetimeutc":"2020-06-26T18:00:00","timetype":"Hour","precipitationmm":0.0,"temperature":28.4,"feeltemperature":29.1,"cloudcover":41,"iconcode":"j","iconid":10,"sources":1,"winddirection":"ZO","winddirectiondegrees":153,"windspeedms":4.61,"visibility":30600,"precipitation":0,"beaufort":3,"humidity":49,"sunshine":63,"hour":20,"pollenindex":7,"windspeed":17,"sunshinepower":203,"sunpower":203},{"datetime":"2020-06-26T21:00:00","datetimeutc":"2020-06-26T19:00:00","timetype":"Hour","precipitationmm":0.0,"temperature":27.1,"feeltemperature":28.1,"cloudcover":5,"iconcode":"a","iconid":2,"sources":1,"winddirection":"ZO","winddirectiondegrees":147,"windspeedms":3.64,"visibility":25800,"precipitation":0,"beaufort":2,"humidity":54,"sunshine":56,"hour":21,"pollenindex":7,"windspeed":13,"sunshinepower":77,"sunpower":77},{"datetime":"2020-06-26T22:00:00","datetimeutc":"2020-06-26T20:00:00","timetype":"Hour","precipitationmm":0.0,"temperature":25.8,"feeltemperature":27.0,"cloudcover":4,"iconcode":"a","iconid":1,"sources":1,"winddirection":"ZO","winddirectiondegrees":137,"windspeedms":3.8,"visibility":21600,"precipitation":1,"beaufort":2,"humidity":59,"sunshine":95,"hour":22,"pollenindex":6,"windspeed":14,"sunshinepower":0,"sunpower":0},{"datetime":"2020-06-26T23:00:00","datetimeutc":"2020-06-26T21:00:00","timetype":"Hour","precipitationmm":0.0,"temperature":24.7,"feeltemperature":26.0,"cloudcover":4,"iconcode":"aa","iconid":1,"sources":1,"winddirection":"ZO","winddirectiondegrees":132,"windspeedms":4.21,"visibility":19200,"precipitation":1,"beaufort":3,"humidity":63,"sunshine":15,"hour":23,"pollenindex":6,"windspeed":15,"sunshinepower":0,"sunpower":0}],"datetime":"2020-06-26T00:00:00","datetimeutc":"2020-06-25T22:00:00","timetype":"Day","precipitationmm":0.0,"mintemperature":20.4,"maxtemperature":31.2,"cloudcover":25,"iconcode":"j","iconid":2,"sources":1,"winddirection":"ZO","winddirectiondegrees":135,"windspeedms":4.61,"precipitation":1,"beaufort":3,"uvindex":7,"bbqindex":8,"mosquitoindex":7,"pollenindex":6,"icescrapeindex":1,"mintemp":20.4,"maxtemp":31.2,"windspeed":5},{"date":"2020-06-27T00:00:00","sunrise":"2020-06-27T05:20:29","sunset":"2020-06-27T22:06:31","hours":[{"datetime":"2020-06-27T00:00:00","datetimeutc":"2020-06-26T22:00:00","timetype":"Hour","precipitationmm":0.0,"temperature":23.7,"feeltemperature":25.1,"cloudcover":3,"iconcode":"aa","iconid":1,"sources":1,"winddirection":"ZO","winddirectiondegrees":134,"windspeedms":4.13,"visibility":18610,"precipitation":1,"beaufort":3,"humidity":67,"sunshine":0,"hour":0,"pollenindex":6,"windspeed":15,"sunshinepower":0,"sunpower":0},{"datetime":"2020-06-27T01:00:00","datetimeutc":"2020-06-26T23:00:00","timetype":"Hour","precipitationmm":0.0,"temperature":22.8,"feeltemperature":24.2,"cloudcover":5,"iconcode":"aa","iconid":1,"sources":1,"winddirection":"ZO","winddirectiondegrees":138,"windspeedms":3.97,"visibility":18610,"precipitation":1,"beaufort":2,"humidity":72,"sunshine":0,"hour":1,"pollenindex":5,"windspeed":14,"sunshinepower":0,"sunpower":0},{"datetime":"2020-06-27T02:00:00","datetimeutc":"2020-06-27T00:00:00","timetype":"Hour","precipitationmm":0.0,"temperature":22.3,"feeltemperature":23.6,"cloudcover":42,"iconcode":"jj","iconid":13,"sources":1,"winddirection":"ZO","winddirectiondegrees":143,"windspeedms":3.89,"visibility":18410,"precipitation":1,"beaufort":2,"humidity":74,"sunshine":0,"hour":2,"pollenindex":5,"windspeed":14,"sunshinepower":0,"sunpower":0},{"datetime":"2020-06-27T03:00:00","datetimeutc":"2020-06-27T01:00:00","timetype":"Hour","precipitationmm":0.0,"temperature":22.0,"feeltemperature":22.0,"cloudcover":4,"iconcode":"aa","iconid":13,"sources":1,"winddirection":"ZO","winddirectiondegrees":148,"windspeedms":3.78,"visibility":17210,"precipitation":1,"beaufort":2,"humidity":75,"sunshine":0,"hour":3,"pollenindex":5,"windspeed":14,"sunshinepower":0,"sunpower":0},{"datetime":"2020-06-27T04:00:00","datetimeutc":"2020-06-27T02:00:00","timetype":"Hour","precipitationmm":0.0,"temperature":21.7,"feeltemperature":21.7,"cloudcover":53,"iconcode":"bb","iconid":13,"sources":1,"winddirection":"ZO","winddirectiondegrees":153,"windspeedms":3.78,"visibility":16600,"precipitation":1,"beaufort":2,"humidity":76,"sunshine":0,"hour":4,"pollenindex":5,"windspeed":14,"sunshinepower":0,"sunpower":0},{"datetime":"2020-06-27T05:00:00","datetimeutc":"2020-06-27T03:00:00","timetype":"Hour","precipitationmm":0.0,"temperature":21.5,"feeltemperature":21.5,"cloudcover":59,"iconcode":"bb","iconid":13,"sources":1,"winddirection":"Z","winddirectiondegrees":163,"windspeedms":3.45,"visibility":15600,"precipitation":1,"beaufort":2,"humidity":76,"sunshine":0,"hour":5,"pollenindex":5,"windspeed":12,"sunshinepower":0,"sunpower":0},{"datetime":"2020-06-27T06:00:00","datetimeutc":"2020-06-27T04:00:00","timetype":"Hour","precipitationmm":0.0,"temperature":21.6,"feeltemperature":21.6,"cloudcover":61,"iconcode":"b","iconid":11,"sources":1,"winddirection":"Z","winddirectiondegrees":178,"windspeedms":3.1,"visibility":14200,"precipitation":1,"beaufort":2,"humidity":75,"sunshine":26,"hour":6,"pollenindex":5,"windspeed":11,"sunshinepower":22,"sunpower":22},{"datetime":"2020-06-27T07:00:00","datetimeutc":"2020-06-27T05:00:00","timetype":"Hour","precipitationmm":0.0,"temperature":22.2,"feeltemperature":23.8,"cloudcover":61,"iconcode":"b","iconid":11,"sources":1,"winddirection":"Z","winddirectiondegrees":180,"windspeedms":3.06,"visibility":13400,"precipitation":1,"beaufort":2,"humidity":72,"sunshine":35,"hour":7,"pollenindex":5,"windspeed":11,"sunshinepower":100,"sunpower":100},{"datetime":"2020-06-27T08:00:00","datetimeutc":"2020-06-27T06:00:00","timetype":"Hour","precipitationmm":0.0,"temperature":23.0,"feeltemperature":24.5,"cloudcover":61,"iconcode":"b","iconid":22,"sources":1,"winddirection":"Z","winddirectiondegrees":174,"windspeedms":2.76,"visibility":12400,"precipitation":1,"beaufort":2,"humidity":69,"sunshine":35,"hour":8,"pollenindex":6,"windspeed":10,"sunshinepower":194,"sunpower":194},{"datetime":"2020-06-27T09:00:00","datetimeutc":"2020-06-27T07:00:00","timetype":"Hour","precipitationmm":0.0,"temperature":23.9,"feeltemperature":25.3,"cloudcover":60,"iconcode":"b","iconid":9,"sources":1,"winddirection":"Z","winddirectiondegrees":187,"windspeedms":2.99,"visibility":11000,"precipitation":1,"beaufort":2,"humidity":67,"sunshine":35,"hour":9,"pollenindex":6,"windspeed":11,"sunshinepower":259,"sunpower":259},{"datetime":"2020-06-27T10:00:00","datetimeutc":"2020-06-27T08:00:00","timetype":"Hour","precipitationmm":0.0,"temperature":24.9,"feeltemperature":26.2,"cloudcover":58,"iconcode":"b","iconid":21,"sources":1,"winddirection":"ZW","winddirectiondegrees":219,"windspeedms":3.68,"visibility":10200,"precipitation":1,"beaufort":2,"humidity":64,"sunshine":36,"hour":10,"pollenindex":7,"windspeed":13,"sunshinepower":285,"sunpower":285},{"datetime":"2020-06-27T11:00:00","datetimeutc":"2020-06-27T09:00:00","timetype":"Hour","precipitationmm":0.0,"temperature":25.4,"feeltemperature":26.7,"cloudcover":99,"iconcode":"c","iconid":21,"sources":1,"winddirection":"W","winddirectiondegrees":250,"windspeedms":4.38,"visibility":10000,"precipitation":1,"beaufort":3,"humidity":62,"sunshine":38,"hour":11,"pollenindex":7,"windspeed":16,"sunshinepower":326,"sunpower":326},{"datetime":"2020-06-27T12:00:00","datetimeutc":"2020-06-27T10:00:00","timetype":"Hour","precipitationmm":0.0,"temperature":25.4,"feeltemperature":26.7,"cloudcover":100,"iconcode":"c","iconid":22,"sources":1,"winddirection":"W","winddirectiondegrees":272,"windspeedms":4.39,"visibility":10400,"precipitation":1,"beaufort":3,"humidity":61,"sunshine":0,"hour":12,"pollenindex":7,"windspeed":16,"sunshinepower":408,"sunpower":408},{"datetime":"2020-06-27T13:00:00","datetimeutc":"2020-06-27T11:00:00","timetype":"Hour","precipitationmm":0.8,"temperature":24.9,"feeltemperature":26.2,"cloudcover":98,"iconcode":"s","iconid":28,"sources":1,"winddirection":"W","winddirectiondegrees":264,"windspeedms":4.44,"visibility":10600,"precipitation":29,"beaufort":3,"humidity":62,"sunshine":0,"hour":13,"pollenindex":7,"windspeed":16,"sunshinepower":455,"sunpower":455},{"datetime":"2020-06-27T14:00:00","datetimeutc":"2020-06-27T12:00:00","timetype":"Hour","precipitationmm":0.8,"temperature":24.4,"feeltemperature":25.8,"cloudcover":96,"iconcode":"s","iconid":28,"sources":1,"winddirection":"W","winddirectiondegrees":251,"windspeedms":5.02,"visibility":11400,"precipitation":42,"beaufort":3,"humidity":61,"sunshine":0,"hour":14,"pollenindex":7,"windspeed":18,"sunshinepower":440,"sunpower":440},{"datetime":"2020-06-27T15:00:00","datetimeutc":"2020-06-27T13:00:00","timetype":"Hour","precipitationmm":0.0,"temperature":24.0,"feeltemperature":25.5,"cloudcover":99,"iconcode":"c","iconid":10,"sources":1,"winddirection":"W","winddirectiondegrees":256,"windspeedms":5.21,"visibility":15600,"precipitation":1,"beaufort":3,"humidity":60,"sunshine":0,"hour":15,"pollenindex":7,"windspeed":19,"sunshinepower":409,"sunpower":409},{"datetime":"2020-06-27T16:00:00","datetimeutc":"2020-06-27T14:00:00","timetype":"Hour","precipitationmm":0.0,"temperature":23.5,"feeltemperature":25.2,"cloudcover":100,"iconcode":"c","iconid":22,"sources":1,"winddirection":"W","winddirectiondegrees":261,"windspeedms":5.54,"visibility":19000,"precipitation":1,"beaufort":3,"humidity":60,"sunshine":0,"hour":16,"pollenindex":7,"windspeed":20,"sunshinepower":384,"sunpower":384},{"datetime":"2020-06-27T17:00:00","datetimeutc":"2020-06-27T15:00:00","timetype":"Hour","precipitationmm":0.0,"temperature":23.0,"feeltemperature":25.0,"cloudcover":100,"iconcode":"c","iconid":22,"sources":1,"winddirection":"W","winddirectiondegrees":261,"windspeedms":5.56,"visibility":15200,"precipitation":1,"beaufort":3,"humidity":61,"sunshine":0,"hour":17,"pollenindex":7,"windspeed":20,"sunshinepower":348,"sunpower":348},{"datetime":"2020-06-27T18:00:00","datetimeutc":"2020-06-27T16:00:00","timetype":"Hour","precipitationmm":0.0,"temperature":22.3,"feeltemperature":24.5,"cloudcover":100,"iconcode":"c","iconid":21,"sources":1,"winddirection":"W","winddirectiondegrees":258,"windspeedms":5.51,"visibility":14400,"precipitation":1,"beaufort":3,"humidity":64,"sunshine":0,"hour":18,"pollenindex":7,"windspeed":20,"sunshinepower":277,"sunpower":277},{"datetime":"2020-06-27T19:00:00","datetimeutc":"2020-06-27T17:00:00","timetype":"Hour","precipitationmm":0.0,"temperature":21.7,"feeltemperature":21.7,"cloudcover":100,"iconcode":"c","iconid":22,"sources":1,"winddirection":"W","winddirectiondegrees":255,"windspeedms":5.31,"visibility":16200,"precipitation":1,"beaufort":3,"humidity":67,"sunshine":0,"hour":19,"pollenindex":6,"windspeed":19,"sunshinepower":194,"sunpower":194},{"datetime":"2020-06-27T20:00:00","datetimeutc":"2020-06-27T18:00:00","timetype":"Hour","precipitationmm":0.0,"temperature":20.8,"feeltemperature":20.8,"cloudcover":100,"iconcode":"c","iconid":22,"sources":1,"winddirection":"W","winddirectiondegrees":257,"windspeedms":4.87,"visibility":14200,"precipitation":1,"beaufort":3,"humidity":70,"sunshine":0,"hour":20,"pollenindex":5,"windspeed":18,"sunshinepower":126,"sunpower":126},{"datetime":"2020-06-27T21:00:00","datetimeutc":"2020-06-27T19:00:00","timetype":"Hour","precipitationmm":0.0,"temperature":20.0,"feeltemperature":20.0,"cloudcover":100,"iconcode":"c","iconid":19,"sources":1,"winddirection":"W","winddirectiondegrees":259,"windspeedms":4.49,"visibility":13000,"precipitation":1,"beaufort":3,"humidity":72,"sunshine":0,"hour":21,"pollenindex":5,"windspeed":16,"sunshinepower":55,"sunpower":55},{"datetime":"2020-06-27T22:00:00","datetimeutc":"2020-06-27T20:00:00","timetype":"Hour","precipitationmm":0.0,"temperature":19.3,"feeltemperature":19.3,"cloudcover":99,"iconcode":"c","iconid":22,"sources":1,"winddirection":"W","winddirectiondegrees":256,"windspeedms":4.09,"visibility":13210,"precipitation":1,"beaufort":3,"humidity":73,"sunshine":0,"hour":22,"pollenindex":5,"windspeed":15,"sunshinepower":0,"sunpower":0},{"datetime":"2020-06-27T23:00:00","datetimeutc":"2020-06-27T21:00:00","timetype":"Hour","precipitationmm":0.0,"temperature":18.9,"feeltemperature":18.9,"cloudcover":96,"iconcode":"cc","iconid":22,"sources":1,"winddirection":"W","winddirectiondegrees":253,"windspeedms":4.65,"visibility":15010,"precipitation":1,"beaufort":3,"humidity":73,"sunshine":0,"hour":23,"pollenindex":5,"windspeed":17,"sunshinepower":0,"sunpower":0}],"datetime":"2020-06-27T00:00:00","datetimeutc":"2020-06-26T22:00:00","timetype":"Day","precipitationmm":1.6,"mintemperature":18.9,"maxtemperature":25.4,"cloudcover":50,"iconcode":"g","iconid":8,"sources":1,"winddirection":"W","winddirectiondegrees":270,"windspeedms":4.25,"precipitation":42,"beaufort":3,"uvindex":7,"bbqindex":7,"mosquitoindex":7,"pollenindex":6,"icescrapeindex":1,"mintemp":18.9,"maxtemp":25.4,"windspeed":4},{"date":"2020-06-28T00:00:00","sunrise":"2020-06-28T05:21:04","sunset":"2020-06-28T22:06:20","hours":[{"datetime":"2020-06-28T00:00:00","datetimeutc":"2020-06-27T22:00:00","timetype":"Hour","precipitationmm":0.0,"temperature":18.5,"feeltemperature":18.5,"cloudcover":99,"iconcode":"cc","iconid":22,"sources":1,"winddirection":"W","winddirectiondegrees":249,"windspeedms":5.02,"visibility":13210,"precipitation":1,"beaufort":3,"humidity":73,"sunshine":0,"hour":0,"pollenindex":5,"windspeed":18,"sunshinepower":0,"sunpower":0},{"datetime":"2020-06-28T01:00:00","datetimeutc":"2020-06-27T23:00:00","timetype":"Hour","precipitationmm":0.0,"temperature":17.9,"feeltemperature":17.9,"cloudcover":100,"iconcode":"cc","iconid":20,"sources":1,"winddirection":"ZW","winddirectiondegrees":237,"windspeedms":4.99,"visibility":8810,"precipitation":1,"beaufort":3,"humidity":75,"sunshine":0,"hour":1,"pollenindex":5,"windspeed":18,"sunshinepower":0,"sunpower":0},{"datetime":"2020-06-28T02:00:00","datetimeutc":"2020-06-28T00:00:00","timetype":"Hour","precipitationmm":0.0,"temperature":17.2,"feeltemperature":17.2,"cloudcover":100,"iconcode":"cc","iconid":19,"sources":1,"winddirection":"ZW","winddirectiondegrees":221,"windspeedms":4.32,"visibility":9610,"precipitation":1,"beaufort":3,"humidity":77,"sunshine":0,"hour":2,"pollenindex":5,"windspeed":16,"sunshinepower":0,"sunpower":0},{"datetime":"2020-06-28T03:00:00","datetimeutc":"2020-06-28T01:00:00","timetype":"Hour","precipitationmm":0.0,"temperature":16.7,"feeltemperature":16.7,"cloudcover":93,"iconcode":"cc","iconid":22,"sources":1,"winddirection":"ZW","winddirectiondegrees":218,"windspeedms":4.23,"visibility":10010,"precipitation":1,"beaufort":3,"humidity":80,"sunshine":0,"hour":3,"pollenindex":5,"windspeed":15,"sunshinepower":0,"sunpower":0},{"datetime":"2020-06-28T04:00:00","datetimeutc":"2020-06-28T02:00:00","timetype":"Hour","precipitationmm":0.0,"temperature":16.3,"feeltemperature":16.3,"cloudcover":67,"iconcode":"bb","iconid":19,"sources":1,"winddirection":"W","winddirectiondegrees":250,"windspeedms":3.97,"visibility":9200,"precipitation":1,"beaufort":2,"humidity":81,"sunshine":0,"hour":4,"pollenindex":5,"windspeed":14,"sunshinepower":0,"sunpower":0},{"datetime":"2020-06-28T05:00:00","datetimeutc":"2020-06-28T03:00:00","timetype":"Hour","precipitationmm":0.0,"temperature":16.2,"feeltemperature":16.2,"cloudcover":51,"iconcode":"bb","iconid":22,"sources":1,"winddirection":"W","winddirectiondegrees":291,"windspeedms":4.83,"visibility":11600,"precipitation":1,"beaufort":3,"humidity":82,"sunshine":0,"hour":5,"pollenindex":5,"windspeed":17,"sunshinepower":0,"sunpower":0},{"datetime":"2020-06-28T06:00:00","datetimeutc":"2020-06-28T04:00:00","timetype":"Hour","precipitationmm":0.0,"temperature":16.4,"feeltemperature":16.4,"cloudcover":62,"iconcode":"b","iconid":19,"sources":1,"winddirection":"W","winddirectiondegrees":277,"windspeedms":4.29,"visibility":10600,"precipitation":1,"beaufort":3,"humidity":82,"sunshine":31,"hour":6,"pollenindex":5,"windspeed":15,"sunshinepower":21,"sunpower":21},{"datetime":"2020-06-28T07:00:00","datetimeutc":"2020-06-28T05:00:00","timetype":"Hour","precipitationmm":0.0,"temperature":16.7,"feeltemperature":16.7,"cloudcover":86,"iconcode":"r","iconid":21,"sources":1,"winddirection":"W","winddirectiondegrees":260,"windspeedms":4.44,"visibility":10600,"precipitation":1,"beaufort":3,"humidity":81,"sunshine":33,"hour":7,"pollenindex":5,"windspeed":16,"sunshinepower":83,"sunpower":83},{"datetime":"2020-06-28T08:00:00","datetimeutc":"2020-06-28T06:00:00","timetype":"Hour","precipitationmm":0.0,"temperature":17.3,"feeltemperature":17.3,"cloudcover":62,"iconcode":"b","iconid":21,"sources":1,"winddirection":"W","winddirectiondegrees":270,"windspeedms":4.7,"visibility":11800,"precipitation":1,"beaufort":3,"humidity":79,"sunshine":8,"hour":8,"pollenindex":5,"windspeed":17,"sunshinepower":164,"sunpower":164},{"datetime":"2020-06-28T09:00:00","datetimeutc":"2020-06-28T07:00:00","timetype":"Hour","precipitationmm":0.0,"temperature":17.7,"feeltemperature":17.7,"cloudcover":100,"iconcode":"c","iconid":21,"sources":1,"winddirection":"W","winddirectiondegrees":266,"windspeedms":4.85,"visibility":12600,"precipitation":1,"beaufort":3,"humidity":76,"sunshine":33,"hour":9,"pollenindex":5,"windspeed":17,"sunshinepower":238,"sunpower":238},{"datetime":"2020-06-28T10:00:00","datetimeutc":"2020-06-28T08:00:00","timetype":"Hour","precipitationmm":0.0,"temperature":18.3,"feeltemperature":18.3,"cloudcover":84,"iconcode":"r","iconid":21,"sources":1,"winddirection":"W","winddirectiondegrees":260,"windspeedms":5.0,"visibility":13000,"precipitation":1,"beaufort":3,"humidity":72,"sunshine":0,"hour":10,"pollenindex":6,"windspeed":18,"sunshinepower":295,"sunpower":295},{"datetime":"2020-06-28T11:00:00","datetimeutc":"2020-06-28T09:00:00","timetype":"Hour","precipitationmm":0.0,"temperature":18.7,"feeltemperature":18.7,"cloudcover":91,"iconcode":"c","iconid":21,"sources":1,"winddirection":"W","winddirectiondegrees":257,"windspeedms":5.16,"visibility":13600,"precipitation":1,"beaufort":3,"humidity":70,"sunshine":11,"hour":11,"pollenindex":7,"windspeed":19,"sunshinepower":356,"sunpower":356},{"datetime":"2020-06-28T12:00:00","datetimeutc":"2020-06-28T10:00:00","timetype":"Hour","precipitationmm":0.0,"temperature":19.2,"feeltemperature":19.2,"cloudcover":100,"iconcode":"c","iconid":21,"sources":1,"winddirection":"W","winddirectiondegrees":254,"windspeedms":5.44,"visibility":14000,"precipitation":1,"beaufort":3,"humidity":67,"sunshine":3,"hour":12,"pollenindex":7,"windspeed":20,"sunshinepower":439,"sunpower":439},{"datetime":"2020-06-28T13:00:00","datetimeutc":"2020-06-28T11:00:00","timetype":"Hour","precipitationmm":0.0,"temperature":19.3,"feeltemperature":19.3,"cloudcover":100,"iconcode":"c","iconid":21,"sources":1,"winddirection":"W","winddirectiondegrees":252,"windspeedms":5.8,"visibility":14400,"precipitation":1,"beaufort":3,"humidity":67,"sunshine":0,"hour":13,"pollenindex":7,"windspeed":21,"sunshinepower":356,"sunpower":356},{"datetime":"2020-06-28T14:00:00","datetimeutc":"2020-06-28T12:00:00","timetype":"Hour","precipitationmm":0.0,"temperature":19.2,"feeltemperature":19.2,"cloudcover":97,"iconcode":"c","iconid":21,"sources":1,"winddirection":"W","winddirectiondegrees":249,"windspeedms":5.77,"visibility":15400,"precipitation":1,"beaufort":3,"humidity":66,"sunshine":0,"hour":14,"pollenindex":7,"windspeed":21,"sunshinepower":68,"sunpower":68}],"datetime":"2020-06-28T00:00:00","datetimeutc":"2020-06-27T22:00:00","timetype":"Day","precipitationmm":0.0,"mintemperature":16.2,"maxtemperature":21.7,"cloudcover":90,"iconcode":"c","iconid":4,"sources":1,"winddirection":"W","winddirectiondegrees":270,"windspeedms":5.12,"precipitation":2,"beaufort":3,"mosquitoindex":8,"pollenindex":6,"icescrapeindex":1,"mintemp":16.2,"maxtemp":21.7,"windspeed":5},{"date":"2020-06-29T00:00:00","sunrise":"2020-06-29T05:21:41","sunset":"2020-06-29T22:06:05","datetime":"2020-06-29T00:00:00","datetimeutc":"2020-06-28T22:00:00","timetype":"Day","precipitationmm":0.0,"mintemperature":16.3,"maxtemperature":21.9,"cloudcover":25,"iconcode":"j","iconid":2,"sources":1,"winddirection":"W","winddirectiondegrees":270,"windspeedms":4.38,"precipitation":2,"beaufort":3,"pollenindex":6,"mintemp":16.3,"maxtemp":21.9,"windspeed":4},{"date":"2020-06-30T00:00:00","sunrise":"2020-06-30T05:22:20","sunset":"2020-06-30T22:05:47","datetime":"2020-06-30T00:00:00","datetimeutc":"2020-06-29T22:00:00","timetype":"Day","precipitationmm":0.0,"mintemperature":16.4,"maxtemperature":21.6,"cloudcover":25,"iconcode":"j","iconid":2,"sources":1,"winddirection":"W","winddirectiondegrees":270,"windspeedms":4.6,"precipitation":2,"beaufort":3,"pollenindex":6,"mintemp":16.4,"maxtemp":21.6,"windspeed":5},{"date":"2020-07-01T00:00:00","sunrise":"2020-07-01T05:23:03","sunset":"2020-07-01T22:05:26","datetime":"2020-07-01T00:00:00","datetimeutc":"2020-06-30T22:00:00","timetype":"Day","precipitationmm":0.0,"mintemperature":16.6,"maxtemperature":22.3,"cloudcover":25,"iconcode":"j","iconid":2,"sources":1,"winddirection":"W","winddirectiondegrees":270,"windspeedms":4.34,"precipitation":2,"beaufort":3,"pollenindex":5,"mintemp":16.6,"maxtemp":22.3,"windspeed":4},{"date":"2020-07-02T00:00:00","sunrise":"2020-07-02T05:23:48","sunset":"2020-07-02T22:05:02","datetime":"2020-07-02T00:00:00","datetimeutc":"2020-07-01T22:00:00","timetype":"Day","precipitationmm":0.0,"mintemperature":16.4,"maxtemperature":21.9,"cloudcover":75,"iconcode":"r","iconid":3,"sources":1,"winddirection":"W","winddirectiondegrees":270,"windspeedms":4.04,"precipitation":2,"beaufort":3,"pollenindex":5,"mintemp":16.4,"maxtemp":21.9,"windspeed":4},{"date":"2020-07-03T00:00:00","sunrise":"2020-07-03T05:24:36","sunset":"2020-07-03T22:04:34","datetime":"2020-07-03T00:00:00","datetimeutc":"2020-07-02T22:00:00","timetype":"Day","precipitationmm":0.0,"mintemperature":16.6,"maxtemperature":22.1,"cloudcover":25,"iconcode":"j","iconid":2,"sources":1,"winddirection":"W","winddirectiondegrees":270,"windspeedms":3.16,"precipitation":2,"beaufort":2,"pollenindex":5,"mintemp":16.6,"maxtemp":22.1,"windspeed":3},{"date":"2020-07-04T00:00:00","sunrise":"2020-07-04T05:25:27","sunset":"2020-07-04T22:04:03","datetime":"2020-07-04T00:00:00","datetimeutc":"2020-07-03T22:00:00","timetype":"Day","precipitationmm":3.0,"mintemperature":16.6,"maxtemperature":21.3,"cloudcover":25,"iconcode":"f","iconid":16,"sources":1,"winddirection":"W","winddirectiondegrees":270,"windspeedms":3.88,"precipitation":66,"beaufort":2,"pollenindex":5,"mintemp":16.6,"maxtemp":21.3,"windspeed":4},{"date":"2020-07-05T00:00:00","sunrise":"2020-07-05T05:26:20","sunset":"2020-07-05T22:03:29","datetime":"2020-07-05T00:00:00","datetimeutc":"2020-07-04T22:00:00","timetype":"Day","precipitationmm":0.0,"mintemperature":15.9,"maxtemperature":21.3,"cloudcover":25,"iconcode":"j","iconid":2,"sources":1,"winddirection":"NW","winddirectiondegrees":315,"windspeedms":3.54,"precipitation":2,"beaufort":2,"pollenindex":5,"mintemp":15.9,"maxtemp":21.3,"windspeed":4},{"date":"2020-07-06T00:00:00","sunrise":"2020-07-06T05:27:15","sunset":"2020-07-06T22:02:52","datetime":"2020-07-06T00:00:00","datetimeutc":"2020-07-05T22:00:00","timetype":"Day","precipitationmm":1.6,"mintemperature":15.9,"maxtemperature":21.7,"cloudcover":25,"iconcode":"f","iconid":16,"sources":1,"winddirection":"NW","winddirectiondegrees":315,"windspeedms":3.28,"precipitation":57,"beaufort":2,"pollenindex":5,"mintemp":15.9,"maxtemp":21.7,"windspeed":3}]}